identificador de la publicación,Identificador de la cuenta,Nombre de usuario de la cuenta,Nombre de la cuenta,Descripción,Duración (segundos),Hora de publicación,Enlace permanente,Tipo de publicación,Comentario sobre los datos,Fecha,Visualizaciones,Alcance,Me gusta,Veces que se ha compartido,Seguidores,Comentarios,Veces guardado
18143641261476177,17841401871496039,360radioco,360 Radio Colombia,"👀 Así fue la llegada de #IvánCepeda (@IvanCepedaCast), candidato a la Presidencia de la República por el Pacto Histórico, a la Plaza de Bolívar en #Bogotá.",0,02/27/2026 18:45,https://www.instagram.com/reel/DVSQmnhDgrY/,Reel de Instagram,,Total,10198,6319,105,13,0,80,7
17904797892364408,17841401871496039,360radioco,360 Radio Colombia,"🗣️ “Las FARC prometieron entregar oro, propiedades, ganado, plata en efectivo y no cumplieron pero si recibieron curules gratis. No permitamos que el engaño se olvide”.

@danielbricen, candidato a la Cámara de Representantes por #Bogotá.",76,02/27/2026 18:30,https://www.instagram.com/reel/DVSO8gMDlgS/,Reel de Instagram,,Total,10184,8749,1318,36,2,16,13
18092319791004800,17841401871496039,360radioco,360 Radio Colombia,"🇨🇴 En el marco de la recta final en su campaña presidencial, el candidato Iván Cepeda se presentó en la plaza de Bolívar en donde miles de personas le mostraron su apoyo.",0,02/27/2026 18:26,https://www.instagram.com/reel/DVSOWTpDkPx/,Reel de Instagram,,Total,21692,11944,422,61,3,390,21
18207677398322261,17841401871496039,360radioco,360 Radio Colombia,"🇨🇴 En el marco de la recta final en su campaña presidencial, el candidato Iván Cepeda se presentó en la plaza de Bolívar en donde miles de personas le mostraron su apoyo.",0,02/27/2026 18:19,https://www.instagram.com/p/DVSNpFXDqmq/,Secuencia de Instagram,,Total,14432,6172,107,25,1,132,15
18132363904519593,17841401871496039,360radioco,360 Radio Colombia,"🗣️ “La primera medida del gobierno que firmaré aquí en esta plaza cuando sea elegido presidente, será rebajar mi salario y el de todos los funcionarios del alto gobierno”.

@IvanCepedaCast, candidato a la Presidencia de la República, en la Plaza de Bolívar de #Bogotá.",0,02/27/2026 18:13,https://www.instagram.com/reel/DVSMk7PjgaR/,Reel de Instagram,,Total,10986,7586,127,15,0,278,12
18140422048493268,17841401871496039,360radioco,360 Radio Colombia,"📌💸 Inyección económica para Medellín por avanzar en la Libertadores
La millonaria cifra que recibirá Medellín por avanzar en Copa Libertadores￼
Independiente Medellín no solo celebró su clasificación a la tercera fase previa de la Copa Libertadores 2026, sino también un importante premio de US 600.000 dólares (más de 2.200 millones de pesos) que entrega la CONMEBOL por superar esa ronda. ￼

📊🌍 Suma que fortalece sus finanzas
Este monto se suma a los US 500.000 que ya tenía asegurados por disputar la segunda fase previa, por lo que el club acumula US 1,1 millones antes de llegar a la fase de grupos, un impulso clave para sus finanzas en 2026. ￼

⚽💪 Más allá del dinero, sigue el sueño continental
Además de la recompensa económica, el paso a la tercera fase mantiene vivo el sueño de llegar a la fase de grupos de la “Gloria Eterna”, lo que podría traducirse en premios aún mayores si el DIM sigue avanzando en el torneo continental.",0,02/27/2026 18:05,https://www.instagram.com/p/DVSMDu4Dof7/,Imagen de Instagram,,Total,2393,1516,25,11,0,0,1
18303276589257617,17841401871496039,360radioco,360 Radio Colombia,"📌💰 El grupo cerró el año 2025 con una utilidad neta recurrente de COP 2,3 billones, superando las metas del mercado y mostrando un fuerte crecimiento del 39,9 % frente a 2024 gracias al buen desempeño de sus negocios en seguros, gestión de inversiones y banca. ￼

📈📊 Expansión sostenida y cifras clave
Además del incremento en las utilidades, la rentabilidad sobre patrimonio (ROE ajustado) se situó en 13,7 %, y la compañía ha propuesto un dividendo de COP 2.000 por acción para 2026, reflejando confianza en sus resultados y en la generación de valor para accionistas. ￼

📊🌍 Impulso en el mercado y proyecciones
Los ingresos sólidos y la performance de sus filiales principales (como Suramericana y Sura Asset Management) hicieron que los activos bajo administración crecieran y se consolidaran como pilares del desempeño, posicionando a Grupo SURA como un actor clave en la región financiera.",0,02/27/2026 17:30,https://www.instagram.com/p/DVSH_MSDt_1/,Imagen de Instagram,,Total,1472,963,15,0,0,0,1
17900947362384637,17841401871496039,360radioco,360 Radio Colombia,"🗣️ “Me honran con su amistad y el cariño de este testimonio”.

Andrés Pastrsna, expresidente de #Colombua, sobre la carta que lo defiende de las acusaciones sobre el caso #Epstein.",37,02/27/2026 16:40,https://www.instagram.com/reel/DVSCXGKjnc1/,Reel de Instagram,,Total,5138,3439,51,0,0,19,6
18104530633803173,17841401871496039,360radioco,360 Radio Colombia,"🚨 El Gobierno de #Ecuador anunció que elevará del 30 % al 50 % la “tasa de seguridad” aplicada a las importaciones provenientes de #Colombia, medida que entrará en vigor el próximo 1 de marzo y profundiza la disputa comercial entre ambos países vecinos.

📦 Desde Quito argumentan que la medida responde a temas de seguridad fronteriza  y falta de avances en cooperación. El aumento podría encarecer productos, frenar exportaciones y golpear a empresarios que dependen del intercambio entre las dos naciones.

🤝 El sector empresarial advierte sobre efectos negativos en empleo y economía, mientras crece la presión para abrir canales diplomáticos que eviten una escalada mayor. La relación comercial entre Colombia y Ecuador entra en un momento clave",0,02/27/2026 16:07,https://www.instagram.com/p/DVR-jvwEgbR/,Imagen de Instagram,,Total,909,550,10,0,0,0,1
17935418052169155,17841401871496039,360radioco,360 Radio Colombia,"🗣️ “#PalomaValencia seguramente ganará la Gran Consulta”.

Andrés Gaviria, candidato a la Cámara por Antioquia del #CentroDemocrático.",0,02/27/2026 15:19,https://www.instagram.com/reel/DVR3pR2joDf/,Reel de Instagram,,Total,2713,1943,74,2,1,13,0
18106335820771633,17841401871496039,360radioco,360 Radio Colombia,"#Minería | En el podcast #EntreVocesBy360 conversamos con Juan Camilo Nariño, presidente de la Asociación Colombiana de Minería, @acmineria_col sobre el presente y futuro del sector minero en el país.

🔎 ¿Hay garantías del Gobierno de Gustavo Petro para la industria?
⚡ ¿Está lista Colombia para una verdadera transición energética?
📈 ¿Por qué es urgente aumentar la exploración minera?
🇨🇴 ¿Qué espera el sector del próximo presidente?

Mira el capitulo completo en : https://www.youtube.com/channel/UCa5IiwQHHk0Gj8MfC6-XCmg",90,02/27/2026 13:37,https://www.instagram.com/reel/DVRtI4tgsrK/,Reel de Instagram,,Total,1226,1033,23,1,1,0,0
17977184090919264,17841401871496039,360radioco,360 Radio Colombia,"#Educación | La consolidación de programas de Derecho con altos estándares académicos sigue siendo clave para el fortalecimiento de la educación superior en Colombia ⚖️🇨🇴. En ese contexto, la Corporación Universitaria Americana, @americana.med , alcanza un nuevo hito que refuerza su posicionamiento en la formación jurídica a nivel nacional.

Este avance impacta directamente la calidad académica, la investigación y la proyección social del programa 📚🔍, al tiempo que amplía las posibilidades de acceso a la formación profesional en distintos territorios del país 🌍🎓.

Más allá del reconocimiento institucional, se trata de un paso relevante para el desarrollo de una formación jurídica con sentido público, visión crítica y compromiso social ⚖️✨

#Educación #academico #Derecho #abogados #Colombia #antioquia",0,02/27/2026 13:32,https://www.instagram.com/p/DVRs1p4DqcI/,Imagen de Instagram,,Total,4522,2161,35,6,1,1,5
17914032078316474,17841401871496039,360radioco,360 Radio Colombia,"👀 “Este mensaje es para ti, que crees que puedes destruir a Colombia. Con este pueblo lleno de ardentía y de pasión por la Patria, te voy a derrotar”.

#AbelardoDeLaEspriella a #IvánCepeda.",39,02/27/2026 10:10,https://www.instagram.com/reel/DVRVrnyjrlL/,Reel de Instagram,,Total,13965,8603,588,84,4,117,21
18039156299534629,17841401871496039,360radioco,360 Radio Colombia,⚽️ James Rodríguez debutaría este sábado con #MinesottaUnited. Así ha entrenado con el equipo.,21,02/27/2026 09:50,https://www.instagram.com/reel/DVRTbCXDl-H/,Reel de Instagram,,Total,1121,903,12,1,0,0,0
18087097097172606,17841401871496039,360radioco,360 Radio Colombia,📱 En video quedó registrado el rostro de dos ladrones que hurtaron el celular de un periodista que hacía el cubrimiento en vivo en la ciudad de #Ibagué.,0,02/27/2026 09:04,https://www.instagram.com/reel/DVRN8-aDvuO/,Reel de Instagram,,Total,6687,4090,110,12,0,8,0
17966557490881709,17841401871496039,360radioco,360 Radio Colombia,"🚨 Tasa de desempleo en Colombia bajó y se ubicó en 10.9% en enero de 2026, según el DANE.",0,02/27/2026 08:47,https://www.instagram.com/p/DVRMETMjjcs/,Imagen de Instagram,,Total,1786,1074,16,1,0,0,1
18086202883942128,17841401871496039,360radioco,360 Radio Colombia,"🗣️ “La canción que más nos representa es ‘No te veo’”.

@jowellyrandy, históricos cantantes de género urbano.",58,02/27/2026 08:30,https://www.instagram.com/reel/DVRKMx2Dkos/,Reel de Instagram,,Total,2455,2066,22,0,0,0,0
17908001871182710,17841401871496039,360radioco,360 Radio Colombia,"🥺 Un conductor grabó el momento en que, al parecer, dejaron abandonado a un perrito en la carretera que conecta el barrio La Graciela con la variante La Romelia–El Pollo, en #Pereira.",0,02/27/2026 07:59,https://www.instagram.com/reel/DVRGn4tjr2T/,Reel de Instagram,,Total,3911,2847,70,3,1,15,2
18115015642722494,17841401871496039,360radioco,360 Radio Colombia,"🎤 En el marco de su presentación en Bogotá, el próximo sábado 28 febrero, #JowellyRandy expusieron que mantienen contacto permanente con #JBalvin, pues ha sido profundamente importante para su carrera musical.",108,02/27/2026 07:30,https://www.instagram.com/reel/DVRDanCDpfT/,Reel de Instagram,,Total,1948,1464,31,0,0,0,2
17884581687350443,17841401871496039,360radioco,360 Radio Colombia,"🗣️ “Que digan lo que quieran las encuestas, con el favor de Dios, vamos a ganar la Gran Consulta”.

#VickyDavila, precandidata presidencial del Movimiento Valientes.",0,02/27/2026 06:47,https://www.instagram.com/reel/DVQ-Ilkjry3/,Reel de Instagram,,Total,2230,1677,24,0,1,1,0
17955566340076984,17841401871496039,360radioco,360 Radio Colombia,"📊 Así está la intención de voto para 2026, según nueva encuesta de GAD3: 

🗳️ Iván Cepeda lidera con 34%
🗳️ Abelardo de la Espriella lo sigue con 26%

Además, un 13% aún no sabe por quién votar y 6% votaría en blanco.

La carrera presidencial empieza a tomar forma y, por ahora, el escenario muestra una contienda marcada entre dos nombres. ¿Se mantendrá esta tendencia?",0,02/27/2026 06:14,https://www.instagram.com/p/DVQ6t1ADDX1/,Secuencia de Instagram,,Total,7732,3423,87,18,0,18,6
18106808632796075,17841401871496039,360radioco,360 Radio Colombia,"🇨🇴 “El #CentroDemocrático es un Partido útil. Yo quiero servirle a mi patria hasta el final de mis días”.

#ÁlvaroUribe, ex Presidente de la República y ahora candidato al Senado.",0,02/27/2026 06:11,https://www.instagram.com/reel/DVQ5UFaDh7J/,Reel de Instagram,,Total,3320,2525,133,12,2,34,2
18344053507211530,17841401871496039,360radioco,360 Radio Colombia,"🇨🇴 El presidente Gustavo Petro pidió al ministro de Salud, Guillermo Jaramillo, radicar un proyecto de ley para que propietarios de las EPS respondan con su patrimonio por deudas con el sistema y proveedores, evitando errores del gobierno Iván Duque.",0,02/27/2026 05:51,https://www.instagram.com/reel/DVQ205DDsu8/,Reel de Instagram,,Total,3574,2667,31,4,1,72,4
18087650461901746,17841401871496039,360radioco,360 Radio Colombia,"Colombia, mal frente al mundo🌎

El informe Global Organized Crime Index 2025, ubica al país como el segundo con mayor presencia de crimen organizado. 

El ranking evalúa 193 países y mide la fuerza de economías ilegales así como la capacidad del Estado para enfrentarlas.",0,02/27/2026 05:21,https://www.instagram.com/p/DVQ0mOpDFhA/,Imagen de Instagram,,Total,66163,41557,914,715,46,98,155
18094122347004446,17841401871496039,360radioco,360 Radio Colombia,"📊 Ecuador anunció que elevará al 50 % la “tasa de seguridad” sobre importaciones desde Colombia, una medida que empezará a regir desde el 1 de marzo y que ha encendido las alarmas comerciales entre ambos países.

El Gobierno ecuatoriano argumenta que el aumento de la tarifa responde a preocupaciones de seguridad fronteriza, mientras que sectores empresariales colombianos ven la decisión como un nuevo obstáculo para el comercio bilateral.

Esta medida promete impactar el flujo de productos entre las dos naciones y podría presionar a exportadores a buscar alternativas o renegociar acuerdos comerciales en las próximas semanas.",0,02/26/2026 12:56,https://www.instagram.com/p/DVPDkz-kWQd/,Imagen de Instagram,,Total,1369,832,8,0,0,0,0
18536770204065577,17841401871496039,360radioco,360 Radio Colombia,"🗳️ Así se movería la primera vuelta presidencial

La más reciente encuesta Invamer muestra un escenario fragmentado, con varios candidatos competitivos y con Iván Cepeda acercándose al 40%. 

¿Cree que algún candidato podrá ser Presidente en primera vuelta? 

#Colombia #Elecciones",0,02/26/2026 12:34,https://www.instagram.com/p/DVPBWkakWxL/,Secuencia de Instagram,,Total,13400,5769,130,23,0,52,6
18107034862698333,17841401871496039,360radioco,360 Radio Colombia,"📍 La Registraduría Nacional habilitó un nuevo puesto de votación en El Tesoro (Medellín) de cara a las elecciones del 8 de marzo, y muchos ciudadanos deben revisar si su centro de votación cambió 🗳️.

Este nuevo punto se creó para agilizar la jornada electoral y evitar aglomeraciones, así que es clave que verifique su lugar asignado antes del día de la votación 📲.

Si su cédula quedó en este nuevo puesto, ¡prepárese para votar allí! No dejes# que un cambio de sede le tome por sorpresa el día de las elecciones 🇨🇴.",0,02/26/2026 11:55,https://www.instagram.com/p/DVO8vwHkczD/,Imagen de Instagram,,Total,3594,2068,41,1,0,1,0
18101831182807337,17841401871496039,360radioco,360 Radio Colombia,"💰⚽ El delantero estaría ganando cerca de 576 millones de pesos mensuales, una cifra que lo pone en la cima de los sueldos del fútbol colombiano.

Su peso en Atlético Nacional no solo se siente en la cancha, sino también en las finanzas del club, que apostó fuerte por uno de los atacantes más determinantes del país.

Con ese contrato, Morelos no solo carga la responsabilidad de los goles, sino también la etiqueta de ser uno de los jugadores mejor pagos del FPC en 2026.",0,02/26/2026 10:30,https://www.instagram.com/p/DVOzINbjEIo/,Imagen de Instagram,,Total,156506,99979,2388,915,45,205,102
18565567141032060,17841401871496039,360radioco,360 Radio Colombia,"👊🏼 Un asalto cometido a plena luz del día en el casco urbano de Anapoima desató una persecución digna de película por parte de la Policía de Cundinamarca, que terminó con la detención en flagrancia de dos hombres conocidos como ‘Bebé’ y ‘Ojos’.

Según las autoridades, los implicados habrían arrebatado una cadena de oro, valorada en 14 millones de pesos, y cuando intentaban huir fueron alcanzados por los uniformados. En el procedimiento se les decomisó la motocicleta en la que se movilizaban, un arma de fuego, dos celulares y la joya sustraída en este municipio del suroccidente del departamento.",104,02/26/2026 10:00,https://www.instagram.com/reel/DVOvwnIDgWV/,Reel de Instagram,,Total,4350,2831,76,1,1,8,4
17925218493242643,17841401871496039,360radioco,360 Radio Colombia,"🤬 En medio del partido entre Independiente #SantaFe y #AtléticoNacional en el estadio El Campín de Bogotá, desadaptados disfrazados de hinchas enfrentaron al ESMAD. Al parecer, eran pertenecientes a la barra ‘Los del Sur’ y se enfrentaban a sus similares de ‘Los Piratas.",178,02/26/2026 09:00,https://www.instagram.com/reel/DVOo41GDgSs/,Reel de Instagram,,Total,5820,4795,52,13,5,9,3
18077967320455890,17841401871496039,360radioco,360 Radio Colombia,"🤔 Reflexiones sobre vicepresidente de la precandidata presidencial por el #CentroDemocrático, #PalomaValencia.",19,02/26/2026 08:30,https://www.instagram.com/reel/DVOlbxgDnVT/,Reel de Instagram,,Total,3000,1885,77,8,0,17,2
18066206714300609,17841401871496039,360radioco,360 Radio Colombia,"📈 Aprobación presidencial en febrero 2026

Petro registra 49,1% de aprobación y 46,1% de desaprobación, según Invamer.

El país sigue dividido, pero con ligera ventaja para el respaldo al Gobierno.",0,02/26/2026 07:58,https://www.instagram.com/p/DVOh02IEWLN/,Imagen de Instagram,,Total,3612,1772,31,4,0,23,1
18396747289183206,17841401871496039,360radioco,360 Radio Colombia,"🔎 Así se moverían las consultas del 8 de marzo

Según la más reciente encuesta Invamer, las tres consultas interpartidistas muestran liderazgos definidos y un alto porcentaje de indecisos. 

Paloma Valencia, Claudia López y Daniel Quintero lideran sus consultas. 

La disputa por quién llegará fortalecido a la primera vuelta ya comenzó.

#Colombia #Politica",0,02/26/2026 06:48,https://www.instagram.com/p/DVOZz-Cl_jh/,Secuencia de Instagram,,Total,21593,9866,275,36,3,18,13
17887162110330271,17841401871496039,360radioco,360 Radio Colombia,"🔎 Aprobación de Petro en febrero 2026

La más reciente encuesta Invamer muestra que el presidente registra 49,1% de aprobación. 

Números revelados en la última Encuesta Invamer. 

#Colombia",0,02/25/2026 18:26,https://www.instagram.com/p/DVNE4TMDJEj/,Imagen de Instagram,,Total,5308,2900,29,19,0,97,3
18309176512286543,17841401871496039,360radioco,360 Radio Colombia,🇨🇴 #Shakira se presentará en África después de 20 años de su última presentación en esa parte del mundo. Donde interpretan con este ritmo una de sus canciones: #WakaWaka.,12,02/25/2026 16:30,https://www.instagram.com/reel/DVM3lugkh_L/,Reel de Instagram,,Total,3956,2863,106,5,0,1,3
17906740863356880,17841401871496039,360radioco,360 Radio Colombia,"🤔 En video quedó registrado este saludo de Dayro Moreno, máximo goleador de la historia del fútbol en Colombia, al movimiento ‘Firmes por la Democracia, del candidato presidencial #AbelardoDeLaEspriella.",10,02/25/2026 16:00,https://www.instagram.com/reel/DVM0Lb7ki-7/,Reel de Instagram,,Total,7872,4469,221,19,0,16,2
18092779832099538,17841401871496039,360radioco,360 Radio Colombia,"✈️ Un avión de American Airlines que llegó a Colombia desde Estados Unidos fue encontrado con posibles impactos de bala en una de sus alas tras una inspección rutinaria. Aunque no hubo heridos ni emergencia en pleno vuelo, el hallazgo dejó a todos con la boca abierta y desató un fuerte debate sobre seguridad aérea.

📍 El avión había despegado sin contratiempos desde Estados Unidos y aterrizó normalmente en territorio colombiano, pero al realizar la revisión técnica, los mecánicos notaron los posibles impactos balísticos. Las autoridades ya investigan el caso y buscan determinar dónde y cómo ocurrieron estos daños, provocando preocupación y muchas preguntas.",0,02/25/2026 15:30,https://www.instagram.com/p/DVMwqsOD2xI/,Imagen de Instagram,,Total,4259,2460,28,15,0,0,2
18350701843230628,17841401871496039,360radioco,360 Radio Colombia,"😳 Y por ustedes, ¿qué han hecho? Esto pasó en TransMilenio, ciudad de #Bogotá.",57,02/25/2026 15:00,https://www.instagram.com/reel/DVMtTDtkpK7/,Reel de Instagram,,Total,11762,7243,142,158,2,15,22
18095331656294239,17841401871496039,360radioco,360 Radio Colombia,"🎉 #Bogotá tendrá su primer show 3D. Será de la mano de #JowellyRandy, dúo histórico del perreo, que se presentarán este sábado, 28 de marzo, en el Movistar Arena.",43,02/25/2026 14:30,https://www.instagram.com/reel/DVMp5Umkh3j/,Reel de Instagram,,Total,1041,751,10,0,0,0,2
18171492199389464,17841401871496039,360radioco,360 Radio Colombia,"🔥 En 360 Radio, conversamos con Juan Espinal, candidato al Senado por el #CentroDemocrático, sobre el panorama político de Colombia rumbo a las elecciones del 8 de marzo.

¿Qué le espera al nuevo Congreso?
¿Cuál será el papel del Senado frente al gobierno entrante?
¿Hacia dónde va el país en los próximos años?

Espinal analiza los grandes desafíos legislativos, las alianzas políticas y las prioridades que marcarán la agenda nacional.",76,02/25/2026 14:00,https://www.instagram.com/reel/DVMmbmRkvyQ/,Reel de Instagram,,Total,636,507,12,0,0,0,0
17856799872617367,17841401871496039,360radioco,360 Radio Colombia,"😳 Tres hombres que recientemente fueron captados en video saqueando un camión en Buenaventura aparecieron muertos tras ser atacados a tiros por personas aún sin identificar.

Las víctimas, conocidas con los alias de “Chinga” y “Coco Pelo”, además de Jhon Henrry Macilla, fueron halladas sin vida en plena vía pública.",110,02/25/2026 13:30,https://www.instagram.com/reel/DVMi8D8Eihl/,Reel de Instagram,,Total,18985,11833,349,21,3,57,17
18562607437016601,17841401871496039,360radioco,360 Radio Colombia,"🗣️ “No nos vengan a decir que tenemos una registraduría límpida y un sistema electoral incorruptible.  En 2014 hubo fraude contra el MIRA (16 mil votos) y en 2012 contra el Pacto Histórico (440 mil votos)”.

@wilsonariasc, Senador del @pactohistorico, sobre las acusaciones del Presidente #GustavoPetro.",120,02/25/2026 13:00,https://www.instagram.com/reel/DVMfibyktT7/,Reel de Instagram,,Total,3172,2046,17,1,0,93,2
18095797177971669,17841401871496039,360radioco,360 Radio Colombia,"🌍✨ ¡Shakira lo confirmó! La superestrella colombiana hará historia con un concierto en las Pirámides de Egipto como parte de su gira mundial 2026.

📅 La cita es en 2026, cuando la barranquillera lleve su energía, ritmo y éxito global a uno de los lugares más emblemáticos del planeta. Fans de todos los rincones del mundo ya están contando los días para vivir esta experiencia legendaria bajo la luz de las pirámides. 

💥 Imposible no emocionarse. Los detalles sobre boletería y fechas exactas están por confirmarse, pero la expectativa está en su punto más alto. ¡Este será uno de los conciertos más comentados del año y Colombia está lista para brillar en Egipto!",0,02/25/2026 12:30,https://www.instagram.com/p/DVMcEUBDECv/,Imagen de Instagram,,Total,3639,2279,53,0,0,0,3
17988401606937746,17841401871496039,360radioco,360 Radio Colombia,"“#Colpensiones sigue dilapidando los recursos de los colombianos. Vemos cómo se gastan más de 60.000 millones en contratos para RTVC, todo destinado a marketing y publicidad durante elecciones”.

#PalomaValencia, candidata presidencial, por el #CentroDemocrático.",35,02/25/2026 11:24,https://www.instagram.com/reel/DVMUfQpETCX/,Reel de Instagram,,Total,1120,914,26,1,0,6,1
17954313438082210,17841401871496039,360radioco,360 Radio Colombia,"🇨🇴 Durante el consejo de ministros que adelantó en Cartagena, el presidente #GustavoPetro firmó la solicitud para que se convoque a una Asamblea Nacional Constituyente, un camino que él ha impulsado ante las negativas que les han dado a algunas de sus iniciativas en el Congreso y los altos tribunales. Sus funcionarios hicieron lo propio con el objetivo de que se avance en la agenda reformista.",52,02/25/2026 10:00,https://www.instagram.com/reel/DVMK-qGjoRi/,Reel de Instagram,,Total,5436,3815,35,4,0,84,4
17963534073043745,17841401871496039,360radioco,360 Radio Colombia,"⚽ Independiente Medellín logró avanzar de ronda en la Copa Libertadores, asegurando así su continuidad en competencia internacional para este 2026, pues si pierde la serie en la Fase 3 de este torneo, quedará instalado en la fase de grupos de Copa Sudamericana, lo que ratifica el buen momento del equipo en el plano continental.",0,02/25/2026 09:30,https://www.instagram.com/p/DVMHeE3jjHi/,Imagen de Instagram,,Total,1540,958,11,0,0,0,0
18077490890080530,17841401871496039,360radioco,360 Radio Colombia,"✨ La noche del 28 de febrero Bogotá será historia del perreo con la llegada de Jowell & Randy y su show 3D al Movistar Arena: un espectáculo inmersivo que combina tecnología tridimensional, luces impactantes y más de 60 éxitos del reguetón clásico para vivir una experiencia única en Colombia.

🕶️ El concierto promete más de tres horas de música continua, donde el público no solo escucha, sino que se siente parte del show, con pantallas 3D, sonido envolvente y una puesta en escena pensada para bailar sin parar y recordar los grandes himnos urbanos.

🇨🇴🎤 Tras arrasar en otros países con su gira, Jowell & Randy regresan a nuestro país con toda la energía y nostalgia del perreo clásico, listos para encender el Movistar Arena en una noche que ya se perfila como una de las más comentadas del año.",0,02/25/2026 09:00,https://www.instagram.com/p/DVMEDkrjRxw/,Imagen de Instagram,,Total,839,485,4,1,0,0,0
17917018329123823,17841401871496039,360radioco,360 Radio Colombia,"📢 ¡Boom en el debate pensional! El Gobierno publicó un borrador de decreto que obligaría a las AFP a girar más de $25 billones pesos de los ahorros individuales al régimen público de Colpensiones, incluidos rendimientos financieros acumulados. Esto aplicaría a quienes ya se acogieron a la “ventana de traslado” habilitada por la reforma pensional.

🚨 Pero no todos están de acuerdo: Asofondos encendió alarmas, advirtiendo que la medida contraviene la Ley 2381 y podría afectar el ahorro pensional de más de 118.000 afiliados. Según el gremio, trasladar estos recursos en 15 días podría alterar el diseño financiero previsto y poner en riesgo la sostenibilidad de la reforma.

🤔 El presidente Gustavo Petro respondió que los traslados ya se venían haciendo desde antes y que la idea es que más personas accedan a mejores condiciones de pensión en Colpensiones, aunque el tema sigue generando cruce de opiniones y debate en el país.",0,02/25/2026 08:30,https://www.instagram.com/p/DVMAmmGjwbW/,Imagen de Instagram,,Total,4479,2591,42,10,1,14,3
17994272279919383,17841401871496039,360radioco,360 Radio Colombia,"⚽️🇨🇴 Si #LuisDíaz tuviera su propia película:

Actor: Piter Parker.
Mejor amigo: Daniel Muñoz.
Villano: Jhon Jader Durán. 
Director: Julio Amelino Comesaña.",0,02/25/2026 07:56,https://www.instagram.com/reel/DVL8XoMDsCe/,Reel de Instagram,,Total,4319,2980,64,6,1,1,4
17908662858347365,17841401871496039,360radioco,360 Radio Colombia,"🌱📊 Las empresas que lideran en sostenibilidad en Colombia ya tienen nombre propio.

El monitor Merco reveló el ranking de Responsabilidad ESG 2025, destacando a las 100 compañías más responsables en criterios ambientales, sociales y de gobierno corporativo.

📈 Más de 81.000 encuestas y 27 fuentes participaron en la medición que analiza reputación, impacto y coherencia empresarial. 

#Colombia #Empresas #Sostenibilidad",0,02/25/2026 07:34,https://www.instagram.com/p/DVL6NP3D5U7/,Imagen de Instagram,,Total,167626,94475,2365,224,193,106,406
18082238462202708,17841401871496039,360radioco,360 Radio Colombia,"🗣️ “Este Centro de Alojamiento para el Alto Rendimiento de la FCF es uno de los mejores del mundo, le dará la oportunidad a los niños,  niñas y Selecciones, enfocarse en el fútbol”

Gianni Infantino, Presidente de la #FIFA",0,02/24/2026 20:17,https://www.instagram.com/reel/DVKsKPVDsMi/,Reel de Instagram,,Total,2412,1938,54,6,0,0,0
18346452169238293,17841401871496039,360radioco,360 Radio Colombia,"🏦 Mario Pardo, presidente de #BBVA 
Evento the reinvention community de accenture 

Habla de que hay que seguir impulsado a B-breb y luchar contra el efectivo.",111,02/24/2026 19:35,https://www.instagram.com/reel/DVKn7-slzE1/,Reel de Instagram,,Total,1811,1251,37,1,0,2,3
18081382130022659,17841401871496039,360radioco,360 Radio Colombia,"⚠️Contenido sensible: una mujer de la tercera edad perdió la vida cuando se encontraba en un dispensario de Cafam, en el barrio Caobos de Cúcuta, gestionando la entrega de medicamentos para su hijo en condición de discapacidad física. La escena, que quedó registrada en video, ha provocado una fuerte ola de reacciones e indignación en redes sociales.",0,02/24/2026 18:40,https://www.instagram.com/reel/DVKhpYKDs4n/,Reel de Instagram,,Total,13267,7437,297,57,2,27,32
18005581067851036,17841401871496039,360radioco,360 Radio Colombia,"🥺 Tras hacerse viral en redes sociales por su gesto solidario durante una donatón escolar, José Gregorio, vendedor informal en Neiva, comenzó a recibir respaldo de distintas entidades. El hombre conmovió al país al entregar, sin esperar nada a cambio, un cuaderno y tres lápices para niños de bajos recursos.",74,02/24/2026 18:10,https://www.instagram.com/reel/DVKeQk4l1mY/,Reel de Instagram,,Total,10380,7712,631,39,0,24,13
18325641535300189,17841401871496039,360radioco,360 Radio Colombia,"👨‍💼 El Presidente de la Asociación Nacional de Empresarios en Colombia, Bruce Mac Master, expuso que Colombia debe entender que tiene que producir sus productos para mejorar la economía y generar mayor empleo.",97,02/24/2026 18:04,https://www.instagram.com/reel/DVKdOSFDqcM/,Reel de Instagram,,Total,859,702,23,0,0,0,0
18082538888600557,17841401871496039,360radioco,360 Radio Colombia,"🎺 Cuando murió Lavoe, #WillieColón lo despidió con una carta inolvidable que terminó con el estremecedor “Perdónanos, Héctor”.

Ayer, fue Rubén Blades quien honró a Willie con un mensaje igual de poderoso, cerrando con una frase que ya quedó para la historia: “Usted no está muerto, compadre. Ahora es que empieza a vivir”.",0,02/24/2026 17:35,https://www.instagram.com/reel/DVKaMoRjgTL/,Reel de Instagram,,Total,5556,4180,135,22,4,0,12
18057472373399211,17841401871496039,360radioco,360 Radio Colombia,"👀 En vídeo quedó registrada la seguridad a la que acudió un ciudadano en Cali para retirar de un cajero #Bancolombia, una vez reestablecido el servicio de la entidad bancaria.",0,02/24/2026 17:16,https://www.instagram.com/reel/DVKYDmzDqui/,Reel de Instagram,,Total,20965,12029,238,34,2,6,22
17973724955843876,17841401871496039,360radioco,360 Radio Colombia,"🇨🇴 En el marco de su campaña como candidato a la Presidencia de la República, #AbelardoDeLaEspriella estuvo hoy en Armenía, en donde fue recibido por cientos de ciudadanos.",0,02/24/2026 17:08,https://www.instagram.com/reel/DVKXGKwDjAC/,Reel de Instagram,,Total,6975,5140,731,14,0,80,10
18041683049754697,17841401871496039,360radioco,360 Radio Colombia,"🚕 La investigación determinó que Ospina fue víctima de un “paseo millonario”, una modalidad de hurto que ha generado repetidas alertas en Bogotá. La joven fue asaltada tras abordar un taxi luego de salir del bar, frente a la puerta de su vivienda, perdiendo en el ilícito una suma cercana a 50 millones de pesos.",0,02/24/2026 14:21,https://www.instagram.com/p/DVKD-otCrxM/,Imagen de Instagram,,Total,20041,12342,115,5,0,7,7
18088369973133675,17841401871496039,360radioco,360 Radio Colombia,"🌭 El perro caliente colombiano fue elegido como uno de los mejores del mundo. Las papas trituradas, el queso costeño, el suero, la piña y las salsas que mezclan dulce y ácido hicieron que esta preparación fuera reconocida por TasteAtlas como uno de los mejores del mundo.",0,02/24/2026 13:40,https://www.instagram.com/p/DVJ_R9-AJGl/,Imagen de Instagram,,Total,4025,2563,64,12,0,0,1
18058670543379473,17841401871496039,360radioco,360 Radio Colombia,"🌧 El municipio de Envigado activó medidas preventivas ante el pronóstico de lluvias persistentes asociado a un nuevo frente frío que impactará varias regiones del país entre el 22 y el 25 de febrero. La decisión se tomó luego del más reciente informe del Instituto de Hidrología, Meteorología y Estudios Ambientales (Ideam), que advierte un incremento considerable de las precipitaciones en las regiones Caribe, Pacífica y Andina.

Según el reporte, el fenómeno climático podría generar emergencias relacionadas con crecientes súbitas, inundaciones urbanas, deslizamientos en zonas de ladera y dificultades en la movilidad. Ante este panorama, el Sistema Municipal para la Gestión del Riesgo de Envigado anunció que mantiene activos sus protocolos de monitoreo y respuesta, con el fin de reaccionar de manera oportuna frente a cualquier eventualidad.

En caso de presentarse alguna situación de riesgo o emergencia, la ciudadanía puede comunicarse con la Línea Única de Emergencias de Envigado al (604) 276 6666. El municipio reiteró que mantendrá seguimiento constante a las condiciones meteorológicas y actualizará las medidas según evolucione el frente frío.",0,02/24/2026 13:19,https://www.instagram.com/p/DVJ84LLgAZK/,Imagen de Instagram,,Total,5466,3444,42,8,0,0,3
17861132451603053,17841401871496039,360radioco,360 Radio Colombia,"🚨 Están circulando en redes sociales publicaciones que utilizan sin autorización la imagen del padre Diego Jaramillo, director de la Corporación #MinutodeDios, para promocionar y comercializar colágeno. El sacerdote aclaró que se trataría de montajes elaborados con Inteligencia Artificial y advirtió que no tiene ninguna relación con ese producto.",44,02/24/2026 13:00,https://www.instagram.com/reel/DVJ6ydNDoKZ/,Reel de Instagram,,Total,4081,2851,76,28,0,3,6
18163182109410998,17841401871496039,360radioco,360 Radio Colombia,"⚽🇨🇴 Este martes 24 de febrero fue presentado oficialmente en Barranquilla el nuevo hotel de la Selección Colombia, ubicado en Alameda del Río. El complejo, de 4.000 metros cuadrados y 48 habitaciones entre sencillas y dobles, incluye terraza, espacios recreativos, área de fisioterapia, barbería y peluquería, todo integrado a los gimnasios, consultorios y zonas médicas de la sede deportiva.

Ramón Jesurún explicó que el proyecto no solo busca optimizar el rendimiento deportivo, sino también consolidar un museo que reúna la historia de más de cien años de la Federación. La obra tuvo un costo cercano a los $37.000 millones, financiados en su mayoría por la Federación Colombiana de Fútbol, con un aporte menor de Conmebol.",0,02/24/2026 12:57,https://www.instagram.com/p/DVJ6YoOEjlC/,Imagen de Instagram,,Total,46219,27452,643,33,12,10,24
18138090169493638,17841401871496039,360radioco,360 Radio Colombia,"🗣️ “Denuncié ante la CIDH la persecución política del Uribismo contra mi campaña. Fue ante la Comisión Interamericana de Derechos Humanos una comunicación para advertir sobre la campaña publicitaria en mi contra para difundir información falsa en medios de comunicación y redes sociales, así como el intento de judicializarme en Estados Unidos”.

#IvánCepeda, candidato presidencial.",271,02/24/2026 12:25,https://www.instagram.com/reel/DVJ2t4SgSzc/,Reel de Instagram,,Total,4081,2584,38,4,0,207,1
18318561055270343,17841401871496039,360radioco,360 Radio Colombia,"🗳️ Éstas son imágenes de las adecuaciones que se están haciendo en la #ImprentaNacional para empezar a imprimir los nuevos pasaportes, que según el presidente #GustavoPetro, es el cuarto mejor del mundo.",30,02/24/2026 10:45,https://www.instagram.com/reel/DVJrVZ6jvyE/,Reel de Instagram,,Total,5242,3538,50,0,0,5,1
18056901668680279,17841401871496039,360radioco,360 Radio Colombia,"🗣️ “No existe el tal fraude electoral. El presidente #GustavoPetro sigue realizando intervenciones directas en política al emitir constantes advertencias sobre un supuesto fraude electoral que solo está en su imaginación”.

#SergioFajardo, candidato presidencial.",42,02/24/2026 10:30,https://www.instagram.com/reel/DVJpn7lDvzy/,Reel de Instagram,,Total,2619,1885,44,1,3,14,2
18107933320704062,17841401871496039,360radioco,360 Radio Colombia,"📊🔥 El negocio del streaming está en plena guerra: suscriptores, miles de millones en ingresos y una pelea feroz por el contenido. Netflix sigue liderando, pero The Walt Disney Company y Prime Video & Amazon MGM Studios no se quedan atrás en inversión y mercado.",0,02/24/2026 10:00,https://www.instagram.com/p/DVJmIuEjE8w/,Secuencia de Instagram,,Total,1806,671,28,3,0,0,1
18082197347210535,17841401871496039,360radioco,360 Radio Colombia,"🏍️🔥 Un hombre prefirió quemar su moto, a aceptar los tres comparendos que le iban a poner, por invadir espacio público, conducir sin licencia y el desacato a la autoridad.",9,02/24/2026 09:30,https://www.instagram.com/reel/DVJirxSDkgw/,Reel de Instagram,,Total,6762,3867,69,3,0,3,1
18093738092050821,17841401871496039,360radioco,360 Radio Colombia,"🚕 Tras la aparición de Diana Ospina, este video sigue siendo parte de la investigación por parte de las autoridades para establecer lo ocurrido.

En este se ve que, aparentemente, Ospina sí habría llegado a su casa, pero antes de descender del taxi dos hombres se suben en él y el vehículo se marcha.",25,02/24/2026 09:12,https://www.instagram.com/reel/DVJgi3YDvhp/,Reel de Instagram,,Total,11981,8240,93,29,1,5,5
17919224160267633,17841401871496039,360radioco,360 Radio Colombia,"🍎Apple confirmó que utilizará la misma planta de Houston donde el año pasado inició la fabricación de servidores especializados para sus centros de datos.

🧐Aunque la Mac mini sigue siendo un producto de nicho si se compara con el volumen masivo de las MacBook Air o el iPhone, su relevancia ha dado un giro inesperado. Con un precio de entrada de 599 dólares, se ha convertido en la opción preferida para usuarios que buscan potencia asequible para ejecutar software de IA.

👉🏻Apple mantiene el grueso de su producción en China, Malasia, Vietnam y Tailandia. Sin embargo, Texas no es territorio desconocido.",0,02/24/2026 09:00,https://www.instagram.com/p/DVJfP69DELw/,Imagen de Instagram,,Total,16720,10257,124,9,0,1,2
17877037227405875,17841401871496039,360radioco,360 Radio Colombia,"🏟️La historia del pop contemporáneo no podría contarse sin la figura irreverente, magnética y, a veces, vulnerable de Robbie Williams. Sin embargo, para el público colombiano, esa historia siempre tuvo una página en blanco. 

🌃El escenario elegido para el debut del ex-Take That es el Movistar Arena de Bogotá, un recinto que se ha consolidado como la escala obligatoria para la realeza de la música global. 

👉🏻Para esta cita en el Movistar Arena, se ha dispuesto una segmentación que permite diversas experiencias de cercanía con el artista.",0,02/24/2026 08:46,https://www.instagram.com/p/DVJdonQDdYc/,Imagen de Instagram,,Total,3836,2350,56,11,0,3,2
18107314147696129,17841401871496039,360radioco,360 Radio Colombia,✈️ Este video refleja lo que pudo haber sido una tragedia: traslapó del helicóptero por interferencia en la comunicación.,15,02/24/2026 08:20,https://www.instagram.com/reel/DVJaro2Dio-/,Reel de Instagram,,Total,12508,6510,106,37,1,1,9
18021449003803188,17841401871496039,360radioco,360 Radio Colombia,"💰 El juez central puede recibir hasta $2.900.000 por encuentro en la Liga BetPlay. Asistentes, VAR y cuarto árbitro también tienen tarifas definidas. En finales, el pago aumenta cerca de un 50%.",0,02/24/2026 07:49,https://www.instagram.com/p/DVJXIaWkp4E/,Secuencia de Instagram,,Total,2083,778,21,3,0,0,1
18071565653531309,17841401871496039,360radioco,360 Radio Colombia,"🗳️ Respuesta del Procurador General Gregorio Eljach a las críticas del presidente #GustavoPetro, a los entes de control y al proceso electoral del 8 de marzo. “Con la honra de nosotros no va a jugar nadie, por presidente que sea, ni porque fue el que me postuló para la terna. Aquí tiene que respetar”, dijo Eljach.",0,02/24/2026 06:38,https://www.instagram.com/reel/DVJObnkjjqR/,Reel de Instagram,,Total,5460,3751,142,2,0,17,3
17919935289267049,17841401871496039,360radioco,360 Radio Colombia,"🚨 Desde la Casa de Nariño, el presidente Gustavo #Petro anunció que radicará ante la Fiscalía un informe con pruebas que, según afirmó, evidenciarían presuntas irregularidades en las elecciones de 2022.

El documento —explicó— incluiría señalamientos sobre posibles cambios en el software de preconteo, ajustes en mesas de votación y variaciones en los resultados reportados.",0,02/23/2026 20:42,https://www.instagram.com/reel/DVIKWPYju90/,Reel de Instagram,,Total,11125,7724,157,5,4,92,11
18082481852587785,17841401871496039,360radioco,360 Radio Colombia,"🚨 Después de más de 40 horas privada de la libertad, Diana Lorena Ospina volvió a su hogar y pudo abrazar nuevamente a su familia. La mujer había sido obligada a subir a un taxi en la madrugada del domingo por tres hombres, justo cuando llegaba a su vivienda en el barrio Santa María del Lago, en el occidente de Bogotá.

Fue ubicada por la Policía en la vía hacia Choachí durante la noche y, según el reporte oficial, se encuentra en buenas condiciones de salud. La intensa presión de las autoridades y la reacción ciudadana fueron determinantes para que sus captores optaran por dejarla en libertad.",0,02/23/2026 20:19,https://www.instagram.com/reel/DVIHmN2jiv-/,Reel de Instagram,,Total,171796,136717,7628,1806,238,640,356
18097347860481607,17841401871496039,360radioco,360 Radio Colombia,🚨 Primeras imágenes de Diana Ospina esta noche tras ser encontrada por la Policía de Colombia.,0,02/23/2026 20:03,https://www.instagram.com/reel/DVIGP6GDpTs/,Reel de Instagram,,Total,28921,18918,674,103,12,36,23
18098589409935564,17841401871496039,360radioco,360 Radio Colombia,"🗳️ La Defensoría del Pueblo presentó un nuevo informe sobre la alerta temprana electoral y sacudió el panorama político: advierte que la respuesta del Estado frente a los riesgos electorales es insuficiente a solo semanas de las elecciones del 8 de marzo. ￼
Según el documento, solo se ha cumplido parte de las recomendaciones y los avances son parciales y desiguales. ￼
Además, hay grupos armados que siguen imponiendo miedo y limitando la participación política en muchos municipios. ￼
La Defensoría insiste en que esto pone en riesgo el ejercicio libre y seguro del voto en varias regiones. ￼

El informe indica que 69 municipios están en riesgo crítico y requieren medidas urgentes del Estado. ￼
También que 45 localidades pasaron de riesgo “urgente” a “inmediato”, mostrando una empeoramiento de las condiciones de seguridad.",0,02/23/2026 17:10,https://www.instagram.com/p/DVHygFejmi3/,Imagen de Instagram,,Total,1376,912,17,0,0,0,0
18093306914000125,17841401871496039,360radioco,360 Radio Colombia,"⚽️ Prestianni no jugará contra el Real Madrid en el Santiago Bernabéu este miércoles tras una sanción provisional de la UEFA por su presunto comportamiento discriminatorio hacia Vinicius.
La medida llega mientras sigue abierta una investigación por un posible insulto racista en la ida de Champions.
El argentino fue suspendido sólo por un partido, pero aún podría caerle más castigo según cómo avance el caso.
Benfica anunciará un recurso inmediato ante la decisión porque aseguran que no hubo racismo.
Este episodio ha prendido la mecha en redes con opiniones divididas sobre justicia y fútbol. ￼

La polémica no se queda en el campo: figuras como el exárbitro Javier Castrilli explotaron en X cuestionando la sanción.
Castrilli llamó la decisión “una burrada” y criticó que se sancione sin pruebas claras, generando debates sobre la presunción de inocencia.
Mientras tanto, en Twitter y otras plataformas abundan los memes, los hashtags y las opiniones cruzadas.
Algunos piden tolerancia cero al racismo, otros creen que la UEFA se pasó de rápida.",0,02/23/2026 17:07,https://www.instagram.com/p/DVHyEdwDqlz/,Imagen de Instagram,,Total,1998,1284,12,0,0,1,0
18084512080966068,17841401871496039,360radioco,360 Radio Colombia,"❗️Triste y violento fin de semana en el Cauca: fue asesinado Belarmino Guejía Dizú, líder social indígena del pueblo nasa, en su casa en la vereda San José La Laguna de Cajibío.

Sujetos armados llegaron en moto y le dispararon múltiples veces en el patio de su vivienda, según denuncias de derechos humanos.
Belarmino no solo era un activista campesino, también era presidente de comunidades sin tierra y un defensor incansable de derechos.

Este ataque ocurrió en una zona ya marcada por alertas tempranas por riesgo para líderes sociales.
Con su muerte, ya suman 23 líderes asesinados en Colombia en lo que va de 2026. ￼

Su papel como ambientalista, político y defensor de derechos humanos lo hacía figura clave en el Cauca.
Tras este asesinato, se intensifica el clamor por protección real para líderes indígenas y campesinos.
La zona continúa bajo la sombra de grupos armados ilegales y la exigencia de paz resuena con fuerza.",0,02/23/2026 17:01,https://www.instagram.com/p/DVHxdp4DlFo/,Imagen de Instagram,,Total,4179,2545,46,2,0,20,2
18002442209853953,17841401871496039,360radioco,360 Radio Colombia,"👋🏼 La justicia le puso un reloj encima a Armando Benedetti: la jueza 40 administrativa de Bogotá le dio 48 horas para retractarse públicamente de los señalamientos contra el exministro Luis Felipe Henao.
Todo esto porque, según el fallo, sus publicaciones en X afectaron el buen nombre y la honra de Henao sin pruebas claras.
Los señalamientos incluían supuestos nexos con personajes como el “Ñeñe” Hernández y bienes en el exterior.
La orden es clara: tiene que hacerlo en la misma red social donde publicó los mensajes.
Este caso vuelve a poner el debate sobre responsabilidad en redes en el centro de la agenda. ￼

La tutela fue interpuesta por Henao tras los mensajes de diciembre de 2025, donde Benedetti lo vinculó con temas judiciales y patrimoniales sin evidencia.
La Corte Suprema confirmó que no hay investigaciones penales en su contra, lo que fue clave para la decisión del juzgado.
La juez consideró que el ministro cruzó la línea entre opinión y daño reputacional.
Las reacciones en redes no se hicieron esperar: muchos hablan de libertad de expresión, otros de responsabilidad pública.
Sea cual sea el lado, el caso ya es trending entre usuarios políticos. ￼

Este episodio trae de nuevo la conversación sobre cómo figuras públicas usan sus plataformas con millones de seguidores.
Benedetti tiene más de medio millón de seguidores en X, lo que amplifica cada palabra suya.
Ahora tiene que corregir lo dicho o enfrentar el peso de la decisión judicial.
Mientras tanto, Henao celebra la protección de su reputación y pide respeto en el debate público.",0,02/23/2026 16:21,https://www.instagram.com/p/DVHs9nyDhBK/,Imagen de Instagram,,Total,12060,8502,185,3,0,6,3
18037088975772708,17841401871496039,360radioco,360 Radio Colombia,🗣️ “Claro que me han cobrado la gasolina”: la vicepresidenta @franciamarquezm respondió a las críticas por sus viajes a África.,97,02/23/2026 15:15,https://www.instagram.com/reel/DVHlYbeknKR/,Reel de Instagram,,Total,7649,5164,43,4,1,67,9
17936077728180269,17841401871496039,360radioco,360 Radio Colombia,🥺 En video quedó registrado como el mono Punch se refugia en su peluche tras ser rechazado por su manada.,21,02/23/2026 14:30,https://www.instagram.com/reel/DVHgOcPEpWo/,Reel de Instagram,,Total,2826,1763,65,4,0,3,3
18086871913937036,17841401871496039,360radioco,360 Radio Colombia,"🗣️ “Mientras el Pueblo me abraza, la casta me ataca.
Reciclan mentiras de hace 16 años, montan shows desde cárceles y activan bodegas digitales porque saben una cosa: soy el único que puede derrotar al establecimiento y al candidato del gobierno”.

#AbelardoDeLaEspriella, candidato presidencial.",175,02/23/2026 14:15,https://www.instagram.com/reel/DVHekdEEtC_/,Reel de Instagram,,Total,1900,1357,93,1,0,24,3
18094171873958772,17841401871496039,360radioco,360 Radio Colombia,"👏 Colombia en el ranking ""The World's 100 Best Coffee Shops 2026""

☕ Se ha hecho pública la lista definitiva de las 100 mejores cafeterías del mundo para el año 2026, un referente global que evalúa la calidad, el servicio y la propuesta técnica de establecimientos en los cinco continentes.

En esta edición, el sector de especialidad en Colombia mantiene una presencia relevante con dos establecimientos destacados:

Tropicalia Coffee: Se posiciona en el puesto número 9, consolidándose dentro del selecto Top 10 a nivel mundial.

Caferatto: Logra su ingreso en el listado, ubicándose en la posición número 64.",0,02/23/2026 13:40,https://www.instagram.com/p/DVHaevsDkiV/,Secuencia de Instagram,,Total,44241,25626,392,101,5,13,86
18081760670521798,17841401871496039,360radioco,360 Radio Colombia,"🗣️ “No hay Estado que no pueda contra los criminales. Si un Estado no vence a la criminalidad, es porque el Estado es cómplice”.

#NayibBukele, Presidente de la República de Salvador, sobre la situación en #México.",35,02/23/2026 12:55,https://www.instagram.com/reel/DVHVUyuEvDA/,Reel de Instagram,,Total,6194,4219,321,41,1,7,9
18093387887021617,17841401871496039,360radioco,360 Radio Colombia,"😳 Pasó en#Brasil: 

👉🏻 Domingo: Derrikson le propuso matrimonio a su novia después del partido contra Marquense. ¡Ella aceptó!

👉🏻 Miércoles: El deportista anunció oficialmente, vía Instagram, que la relación había terminado.",0,02/23/2026 12:21,https://www.instagram.com/reel/DVHRcA8ETVO/,Reel de Instagram,,Total,22215,13286,200,237,1,22,29
17957725556923028,17841401871496039,360radioco,360 Radio Colombia,"@linacarvajall, creadora de contenido, entrevistó a una persona que trabaja vendiendo bebidas energéticas. Le preguntó si le gustaría ser modelo por un día, ella aceptó y todo quedó registrado en video.",0,02/23/2026 10:16,https://www.instagram.com/reel/DVHDD5yDtk2/,Reel de Instagram,,Total,10112,5856,401,44,2,19,15
18060185891682361,17841401871496039,360radioco,360 Radio Colombia,😂 En video quedó registrado el momento en el que un hombre confundió el “choque las cinco” con la bendición que le estaba dando un Padre durante su matrimonio.,21,02/23/2026 09:25,https://www.instagram.com/reel/DVG9T3tDo0U/,Reel de Instagram,,Total,27598,18569,523,456,5,14,42
18139793638436627,17841401871496039,360radioco,360 Radio Colombia,"🟢 En video quedó registrada la celebración de Cristian ‘Chicho’ Arango, tras su primera anotación como jugador de #AtléticoNacional, en su primera titularidad y primero como local. La dedicación fue para su abuela, quien le inculcó el amor por el ‘Verde de la Montaña’.",0,02/23/2026 08:57,https://www.instagram.com/reel/DVG6FYQDtOW/,Reel de Instagram,,Total,3254,2434,69,4,1,0,1
18073331687631382,17841401871496039,360radioco,360 Radio Colombia,"🚨 Urgente: Parex Resources anunció que presentó una propuesta formal para adquirir el negocio upstream en Colombia de Frontera Energy Corp. por US$500 millones en efectivo, más la asunción de deuda y un pago contingente de US$25 millones bajo términos similares a los ya anunciados previamente.

La oferta representa una prima de US$125 millones frente al acuerdo existente y, según la compañía, ofrecería un mayor valor inmediato a los accionistas de Frontera.

Imad Mohsen, presidente y CEO de Parex, aseguró que la propuesta en efectivo podría ser considerada como una “oferta superior” por parte de la junta directiva de Frontera, y manifestó su interés en avanzar en conversaciones para concretar la transacción.

#Empresas #Economía",0,02/23/2026 07:00,https://www.instagram.com/p/DVGspyCjkIO/,Imagen de Instagram,,Total,1048,631,10,2,0,0,0
18127488511479551,17841401871496039,360radioco,360 Radio Colombia,"#Empresas | 💼🇨🇴 La presencia de empresarios colombianos entre las mayores fortunas de América Latina vuelve a poner al país en el radar de los grandes mercados regionales. Más allá de los montos, este listado refleja el peso que hoy tienen los negocios creados desde Colombia en sectores estratégicos de la economía 🌎.

📊✨ La gráfica muestra cómo el capital latinoamericano sigue concentrándose en líderes con fuerte capacidad de expansión internacional, diversificación y visión de largo plazo. Para el ecosistema empresarial, es una señal clara de que competir en grande desde la región sí es posible 🚀.

💡📈 En un momento de alta incertidumbre económica, estos nombres también evidencian el papel de la inversión, la innovación y la gestión empresarial como motores clave para el crecimiento y la proyección global de Colombia.",0,02/22/2026 09:00,https://www.instagram.com/p/DVEVqO-CCfT/,Imagen de Instagram,,Total,29754,16801,305,21,6,1,41
17915802984276685,17841401871496039,360radioco,360 Radio Colombia,🥺 Este es el tráiler de #ToyStory 5.,0,02/22/2026 05:36,https://www.instagram.com/reel/DVD-Q4ejkcF/,Reel de Instagram,,Total,2233,1862,67,14,0,0,0
18089243047889406,17841401871496039,360radioco,360 Radio Colombia,"🥺 el Zoológico de Ichikawa, un mono llamado Punch —nacido el 26 de julio de 2025 y cuidado por el personal tras ser abandonado— ha desarrollado un apego especial a un peluche de orangután que no suelta en ningún momento.",0,02/22/2026 04:54,https://www.instagram.com/reel/DVD5cFdjiLi/,Reel de Instagram,,Total,4039,3036,64,2,0,0,4
17917706865269724,17841401871496039,360radioco,360 Radio Colombia,"😳 En video quedó registrada la entrevista del activista político Daniel Maldonado a un manifestante en la Plaza de Bolívar. Tras una notoria contrariedad en la ideología política, el entrevistado terminó tirándole el micrófono al piso al entrevistador, quien se estaba refiriendo, además, al sobrepeso del manifestante.",0,02/22/2026 04:49,https://www.instagram.com/reel/DVD44BrDozv/,Reel de Instagram,,Total,15489,9302,309,8,1,48,19
17991350288765154,17841401871496039,360radioco,360 Radio Colombia,"🥺 “No me vayan a llorar”, #WillieColón, durante una entrevista en Miami en 2021.",11,02/21/2026 19:44,https://www.instagram.com/reel/DVC6dWFjh9a/,Reel de Instagram,,Total,4323,3423,119,5,1,1,2
17968437318011185,17841401871496039,360radioco,360 Radio Colombia,"🕊️ Muere a los 75 años de edad #WillieColón, compositor de canciones como Pedro Navaja, éxito del álbum Siembra, el disco más vendido en la historia de la salsa.",0,02/21/2026 19:21,https://www.instagram.com/reel/DVC38ogDqhB/,Reel de Instagram,,Total,3625,2912,226,9,0,3,10
17974194248974504,17841401871496039,360radioco,360 Radio Colombia,"🕊️ 47 años de este momento: #WillieColón, cantando ‘Sin Poderte Hablar’, acompañado por Fania All-Star y la sección de cuerdas de la Orquesta Sinfónica de Venezuela. Presentación transmitida en vivo por RCTV, canal 2, en el programa musical ‘A Todo Color’, conducido por Orlando Urdaneta. Según algunas fuentes, la transmisión corresponde al 20 de octubre de 1979, en antesala al concierto de Las Estrellas de Fania en el Poliedro de Caracas y previo al cumpleaños de Celia Cruz.",0,02/21/2026 18:45,https://www.instagram.com/reel/DVCzu_ZDjdm/,Reel de Instagram,,Total,2273,1691,105,3,0,0,10
18142026118474796,17841401871496039,360radioco,360 Radio Colombia,"🕊️ El mensaje de #BadBunny a #WillieColón, después de su fallecimiento.",0,02/21/2026 18:27,https://www.instagram.com/reel/DVCxyWajmBE/,Reel de Instagram,,Total,3708,2792,92,2,2,0,2
18062333330659885,17841401871496039,360radioco,360 Radio Colombia,"🕊️ “Vamos a bailar la murga”, #WillieColón",0,02/21/2026 17:51,https://www.instagram.com/reel/DVCtqyejrtT/,Reel de Instagram,,Total,3664,2634,210,10,0,4,7
17938531371152303,17841401871496039,360radioco,360 Radio Colombia,"#Tecnología | 📺🌍 El mapa del mercado global de televisores deja un mensaje claro: la competencia es cada vez más intensa y el liderazgo se gana con innovación, escala y visión tecnológica. Hoy, las marcas que marcan la diferencia no solo venden pantallas, construyen experiencias para un consumidor más digital y exigente 🚀.

🔍✨ Esta gráfica refleja un pulso global donde Asia concentra gran parte del protagonismo, mientras otros fabricantes buscan abrirse espacio con propuestas más especializadas y mayor valor agregado. El reto ya no es solo crecer, sino mantenerse relevante en un mercado que cambia al ritmo del streaming, la conectividad y la inteligencia artificial.

📊🔥 Para la industria, los inversionistas y los consumidores, este escenario confirma que el futuro del entretenimiento en casa se está definiendo ahora. Entender quién domina hoy el mercado es clave para anticipar las próximas jugadas de un sector que no deja de transformarse.",0,02/21/2026 14:00,https://www.instagram.com/p/DVCTNz8ARly/,Imagen de Instagram,,Total,6845,3996,102,15,9,0,28
18106236598702125,17841401871496039,360radioco,360 Radio Colombia,"🎺 “Todo tiene su final”, #WILLIECOLÓN",0,02/21/2026 13:27,https://www.instagram.com/reel/DVCPXOvDpaY/,Reel de Instagram,,Total,5077,4196,274,27,7,3,13
18308037061259308,17841401871496039,360radioco,360 Radio Colombia,🇺🇸 #WILLIECOLÓN (1950-2026),0,02/21/2026 10:31,https://www.instagram.com/reel/DVB6tY0juM8/,Reel de Instagram,,Total,45197,37793,2963,451,41,69,161
18096285376754895,17841401871496039,360radioco,360 Radio Colombia,"🇨🇴 A propósito de la Consulta Presidencial del próximo 8 de marzo, ciudadanos cuentan si participarán o no, y por quién van a votar.",88,02/21/2026 09:00,https://www.instagram.com/reel/DVBw2VZkv5Y/,Reel de Instagram,,Total,2616,2310,48,1,0,5,1
18097915159745609,17841401871496039,360radioco,360 Radio Colombia,"#Mundo l 🎓 ¿Sabías que Oxford encabeza el ranking de las mejores universidades del mundo para 2026, seguida por Yale y Stanford?  Este top 10 incluye instituciones icónicas como MIT, Harvard, Cambridge, Imperial College, Michigan y la Universidad de Pensilvania.  Un verdadero mapa de los sueños para quienes quieren estudiar en la élite global. 

🌍 Detrás de este listado está un análisis de 500 universidades realizado por TIME y Statista, que evalúa investigación, impacto, internacionalización y empleabilidad. Reino Unido y Estados Unidos dominan los primeros puestos, confirmando su peso en la educación superior mundial.Pero cada vez más universidades de otras regiones están escalando posiciones. 

📚 Si pudieras elegir, ¿en cuál de estas universidades te gustaría estudiar: Oxford, Yale, Stanford, MIT u otra del top?  Cuéntame en los comentarios qué carrera te imaginas cursando allí y etiqueta a esa persona con la que compartirías este sueño académico.",0,02/21/2026 05:00,https://www.instagram.com/p/DVBVaeJgeYf/,Imagen de Instagram,,Total,80462,41547,962,212,34,3,250
17998053509899421,17841401871496039,360radioco,360 Radio Colombia,"En un país marcado por antecedentes de irregularidades electorales, cualquier señalamiento sobre fraude tiene un efecto inmediato en la confianza pública.",0,02/20/2026 16:00,https://www.instagram.com/p/DU_8JsNjDZB/,Secuencia de Instagram,,Total,1105,473,10,0,0,0,1
17919930591257203,17841401871496039,360radioco,360 Radio Colombia,"✈️ El Ministerio de #Transporte y la Aeronáutica Civil revelaron el informe preliminar sobre el trágico accidente del avión de Satena ocurrido el 28 de enero, que dejó 15 personas fallecidas en el departamento de Norte de Santander.

La aeronave cubría la ruta Cúcuta–Ocaña cuando perdió contacto con la torre de control a 15 millas náuticas de su destino. Minutos después, los sistemas registraron un descenso continuo antes de impactar contra una zona montañosa en el sector de Las Guamas, jurisdicción de La Playa de Belén.

Las cajas negras fueron recuperadas y ya se adelantan análisis técnicos, incluso con apoyo internacional bajo estándares de la OACI, para esclarecer las causas de esta tragedia aérea en #Colombia.",113,02/20/2026 13:50,https://www.instagram.com/reel/DU_tRVHjgE6/,Reel de Instagram,,Total,10198,6882,78,6,0,0,16
18067924862247202,17841401871496039,360radioco,360 Radio Colombia,"El sistema financiero en 2025 dejó un nuevo podio 💰📊

La Superintendencia Financiera de Colombia reveló que Bancolombia lideró en utilidades con $6,3 billones, pero la gran sorpresa fue Banco GNB Sudameris Colombia, que por primera vez se quedó con el segundo lugar ($1,85 billones), desplazando a Banco Davivienda al tercer puesto.

Top 5 en ganancias 2025:

 🥇 Bancolombia – $6,3 billones

 🥈 Banco GNB Sudameris – $1,85 billones

 🥉 Davivienda – $1,83 billones

 4️⃣ Banco de Bogotá – $1,2 billones

 5️⃣ Citibank – $643.617 millones

#Economía #Bancos #Colombia",0,02/20/2026 13:08,https://www.instagram.com/p/DU_obgBFlJb/,Imagen de Instagram,,Total,81489,48802,776,111,60,6,115
17947463810965727,17841401871496039,360radioco,360 Radio Colombia,"“La prioridad que tenemos es el plan democracia. Garantizar que estas elecciones sean totalmente seguras”.

Ministro de Defensa, Pedro Arnulfo Sánchez, tras reunión con gobernantes en #Córdoba.",80,02/20/2026 11:30,https://www.instagram.com/reel/DU_dQuTDiFA/,Reel de Instagram,,Total,1604,1378,12,0,0,8,1
18085263287273449,17841401871496039,360radioco,360 Radio Colombia,"🐔 En video quedó registrado el baile del pollo Frisby, a  propósito de la popularidad del fenómeno #Therian, usuarios indican que este es el que más quieren.",23,02/20/2026 10:00,https://www.instagram.com/reel/DU_TAR1Dr3w/,Reel de Instagram,,Total,6207,4626,236,73,0,4,6
18004101098848643,17841401871496039,360radioco,360 Radio Colombia,"🗣️ “Ha tenido la inteligencia y la generosidad de saber que para financiar las energías limpias hay que sacar la riqueza de la tierra, porque si no lo hago nos quedamos sin petróleo y sin energías limpias y empleo para las familias petroleras”.

#RoyBarreras, candidato presidencial, sobre el apoyo de la USO para la consulta presidencial del 8 de marzo.",50,02/20/2026 09:30,https://www.instagram.com/reel/DU_Pg-Njujc/,Reel de Instagram,,Total,601,412,7,0,0,0,0
17855875239665532,17841401871496039,360radioco,360 Radio Colombia,"🗣️ “La #UniversidadNacional debe ser un espacio de crítica constante, donde se escuchen los consensos y disensos”.

Estudiantes de la institución sobre el paro actual.",49,02/20/2026 09:05,https://www.instagram.com/reel/DU_MuGDjmaa/,Reel de Instagram,,Total,2768,2161,26,1,0,0,1
17896137024258137,17841401871496039,360radioco,360 Radio Colombia,"🇨🇴 El ministro de Justicia, Jorge Iván Cuervo Restrepo, anunció ante el Congreso que sostendrá un encuentro con la fiscal general Luz Adriana Camargo para revisar el avance de los procesos y reforzar las acciones investigativas frente a los asesinatos de firmantes del Acuerdo de Paz en #Colombia.",32,02/20/2026 08:30,https://www.instagram.com/reel/DU_Ipesjqf1/,Reel de Instagram,,Total,1510,1376,8,0,0,0,0
18066001643636425,17841401871496039,360radioco,360 Radio Colombia,"🚨 Urgente: La Corte Suprema de los Estados Unidos anuló los aranceles globales impuestos por la administración de Donald Trump, al considerar que excedieron su autoridad constitucional.

El fallo redefine los límites del poder presidencial en materia comercial y podría obligar al Gobierno a devolver miles de millones de dólares recaudados.",0,02/20/2026 07:57,https://www.instagram.com/p/DU_E3rPjr9w/,Imagen de Instagram,,Total,2813,1520,47,7,0,0,1
18107243188806697,17841401871496039,360radioco,360 Radio Colombia,"🗣️ “Uno casi nunca se lleva bien con la suegra”.

🇨🇴 Armando #Benedetti, Ministro del Interior, confirma que no votará en las consultas presidenciales y opina sobre que su suegra sí lo haga.",50,02/20/2026 06:30,https://www.instagram.com/reel/DU-646yjp2H/,Reel de Instagram,,Total,4669,3289,31,5,0,22,1
18309501886285345,17841401871496039,360radioco,360 Radio Colombia,"🗣️ “Como papá, me solidarizo con toda la familia de Kevin. Sé lo que es sufrir porque la medicina no llega. Como Presidente no dejaré que eso pase”.

#DanielQuintero, candidato presidencial.",48,02/20/2026 06:00,https://www.instagram.com/reel/DU-3hfGjv__/,Reel de Instagram,,Total,4592,3299,24,1,0,134,2
18164479168405503,17841401871496039,360radioco,360 Radio Colombia,"🗣️ “Que alguien me diga, ¿por qué no nos merecemos un salario de dos millones?”

🇨🇴 Ciudadano que trabaja en recoger las bolsas de basura documenta parte de su trabajo y defiende el alza del Salario Mínimo.",51,02/20/2026 05:30,https://www.instagram.com/reel/DU-0DA7DqjC/,Reel de Instagram,,Total,8950,5481,181,8,0,67,9
18083153999215919,17841401871496039,360radioco,360 Radio Colombia,"😧 Multitudinario: así fue el recibimiento al candidato presidencial, Abelardo De La Espriella (@delaespriella_style) en Cúcuta.",52,02/20/2026 05:00,https://www.instagram.com/reel/DU-wrp6jvEb/,Reel de Instagram,,Total,8731,6509,1346,102,5,132,11
18339792994214306,17841401871496039,360radioco,360 Radio Colombia,"🗣️ “Hoy la mejor política de prevención en salud en Colombia es no votar por #IvánCepeda y Carolina Corcho quienes son autores y cómplices de un proyecto que tiene sin medicamentos al país y quienes además prometieron continuar con semejante desastre”.

Daniel Briceño, candidato a la Cámara por #Bogotá del #CentroDemocrático.",42,02/20/2026 04:00,https://www.instagram.com/reel/DU-pxvGDpF_/,Reel de Instagram,,Total,31385,25493,4302,298,23,167,43
18036750026762045,17841401871496039,360radioco,360 Radio Colombia,"“Desde la década de 1980, la vida de la gente de Medellín y Antioquía cambió. Ya no regresarán al pasado”.

#IvánCepeda, candidato presidencial del #PactoHistórico.",58,02/20/2026 03:30,https://www.instagram.com/reel/DU-mZDQDogQ/,Reel de Instagram,,Total,6378,3887,33,0,0,75,0
18046238381732828,17841401871496039,360radioco,360 Radio Colombia,"🗣️ “Señor Gaviria, corrompido es aquel que hizo parte de un gobierno con el único objetivo de sabotear la reforma a la salud y traicionar a la juventud que eligió un programa de cambio”.

Daniel Rojas, Ministro de Educación en #Colombia, a Alejandro Gaviria.",179,02/20/2026 03:00,https://www.instagram.com/reel/DU-i6yijvqO/,Reel de Instagram,,Total,2465,1612,16,1,0,6,1
17907093843182810,17841401871496039,360radioco,360 Radio Colombia,"⚖️ El caso disciplinario contra el Manchester City entra en su fase decisiva.
La Premier League presentó más de 100 cargos por presuntas irregularidades financieras entre 2009 y 2018. La investigación nació tras las filtraciones de Football Leaks. Se acusa al club de información financiera inexacta y falta de cooperación.
El fallo se conocería en los próximos meses.

🏆 El proceso ocurre tras años de éxitos deportivos. Desde 2008, con el Abu Dhabi United Group, el club cambió su dimensión. Con Pep Guardiola, ganó múltiples ligas y la Champions en 2023. En 2022/23 reportó ingresos superiores a £700 millones. Ahora el foco está en sus cuentas, no en los títulos.

🚨 Las sanciones pueden ir desde multas hasta deducción de puntos o expulsión.
No existe norma automática que lo envíe a quinta división. Un castigo fuerte podría comprometer su permanencia en la liga. El veredicto lo tomará una comisión independiente, con opción de apelación.Lo que está en juego es el modelo financiero del fútbol inglés.",0,02/19/2026 11:37,https://www.instagram.com/p/DU85SakkjNK/,Imagen de Instagram,,Total,2982,1730,23,1,0,0,0
18002795513849033,17841401871496039,360radioco,360 Radio Colombia,"📊 Antioquia cerró 2025 con crecimiento de 2,8%, por encima del 2,6% nacional.
El dato fue respaldado por el Dane y el Centro de Pensamiento de la Universidad EIA. En un año de tensiones políticas y entorno global complejo. El departamento logró mantener un ritmo superior al promedio país. La diferencia: mayor impulso del sector privado.

🏭 La industria creció 4,9%, frente al 1,9% nacional. El comercio minorista aumentó 14,2% en el departamento. Las exportaciones subieron 22,6%, muy por encima del 1,3% nacional. Importaciones de maquinaria crecieron 6,3%, señal de inversión. Empresa privada, comercio y sector externo marcaron la pauta.

🏗️ En vivienda se vendieron 173.632 unidades en el país (+12,4%). El turismo también aportó: 1,2 millones de extranjeros llegaron por el Aeropuerto Internacional José María Córdova, un alza de 11,7%. Hoteles, comercio y servicios sintieron el impacto. Antioquia cerró 2025 con cifras superiores al promedio nacional.",0,02/19/2026 11:30,https://www.instagram.com/p/DU84hIakmFJ/,Imagen de Instagram,,Total,1188,640,23,0,0,0,0
18208481830326041,17841401871496039,360radioco,360 Radio Colombia,"💼⚽ La carrera de Jorge Sampaoli no solo se mide en títulos, también en cheques por rescisión. 

💰 En la última década ha acumulado US$21,3 millones en indemnizaciones.
Su salida de la AFA tras Rusia 2018 le dejó cerca de US$1,5 millones.
Desde entonces, los finales anticipados se volvieron parte de su historia.
Despedido… pero bien liquidado. 

El pago más alto llegó en 2023 con el Sevilla FC.
El club español habría desembolsado casi US$9 millones por su salida.
Una cifra que marcó ruido en el mercado europeo.
Cláusulas blindadas y contratos de alto nivel.
Negocio redondo, aun sin proyecto largo.

Su etapa en Atlético Mineiro también terminó antes de tiempo.
Aunque no hay cifra oficial, el acumulado podría subir.
En el fútbol los técnicos duran poco, pero las cláusulas pesan mucho.
Entre éxitos como la Copa América 2015 y ciclos cortos, su carrera ha sido intensa.
Más que trofeos, los números explican su patrimonio.",0,02/19/2026 06:58,https://www.instagram.com/p/DU8ZYJckh80/,Imagen de Instagram,,Total,41521,26774,227,68,2,11,16
18084539950973076,17841401871496039,360radioco,360 Radio Colombia,"🚨 “Ayer fue #Kevin la víctima, hoy es Robison, paciente con leucemia y trasplantado. 5 semanas sin tratamiento, es una patrón general en Nueva EPS”.

🥺 Mamá pide ayuda con el medicamento para su hijo.",59,02/19/2026 06:20,https://www.instagram.com/reel/DU8U_50DsG2/,Reel de Instagram,,Total,4651,3642,164,16,0,15,2
18171292570382656,17841401871496039,360radioco,360 Radio Colombia,"😧 Así fue el cruce completo entre #Vinicius Junior y Nicolás Otamendi, en el partido de Champions League.",16,02/19/2026 05:30,https://www.instagram.com/reel/DU8PS78DmU1/,Reel de Instagram,,Total,9100,4806,164,11,0,7,2
18041290880754495,17841401871496039,360radioco,360 Radio Colombia,"😂 A propósito del fenómeno mundial de los #Therians, el mundo recuerda cuál fue el primero.",27,02/19/2026 04:30,https://www.instagram.com/reel/DU8IbYvjjU0/,Reel de Instagram,,Total,4825,3607,174,228,0,5,12
17969761271990954,17841401871496039,360radioco,360 Radio Colombia,"👏 El Carnaval de Barranquilla 2026 cerró con resultados que ratifican su peso cultural y económico en el país.

🔎 La masiva asistencia, el alto flujo de visitantes y el impacto financiero reportado confirman que la fiesta trasciende lo simbólico: es un engranaje clave para el empleo, el turismo y la economía creativa local.

Además del alcance internacional y la conversación global generada, la edición 2026 mostró avances en organización, sostenibilidad y descentralización de eventos en barrios y escenarios estratégicos de la ciudad.

#Barranquilla #CarnavaldeBarranquilla #Colombia #Economía",0,02/19/2026 04:05,https://www.instagram.com/p/DU8FibjDNDA/,Imagen de Instagram,,Total,1195,625,18,1,0,0,0
18083804384266731,17841401871496039,360radioco,360 Radio Colombia,"🤬 “No me dan mis medicamentos, ¿pierdo el órgano que mi esposa me donó?”.
Un ciudadano intentó reclamarle al Ministro de Salud, Guillermo #Jaramillo, por la falta en la entrega de medicamentos. Esto pone en peligro el órgano que su esposa le donó.",41,02/19/2026 04:00,https://www.instagram.com/reel/DU8FBhEDowv/,Reel de Instagram,,Total,15378,9314,417,26,3,38,23
17854372578588419,17841401871496039,360radioco,360 Radio Colombia,"🗣️ | “#GustavoPetro es un miserable”.

🇨🇴 Daniel Briceño, candidato a la Cámara de Representantes por Bogotá del partido @cedemocratico.",169,02/19/2026 03:30,https://www.instagram.com/reel/DU8BkWVDvV3/,Reel de Instagram,,Total,9498,8481,2203,8,10,73,13
17849091066646580,17841401871496039,360radioco,360 Radio Colombia,🐶 Un perro atacó a un ‘Therian’ que se reconoce como gata.,10,02/19/2026 03:00,https://www.instagram.com/reel/DU7-FhXjvGR/,Reel de Instagram,,Total,40105,17658,784,430,3,102,43
17888417784434294,17841401871496039,360radioco,360 Radio Colombia,"⛪️ “Hoy, Miércoles de Ceniza, comenzamos la Cuaresma, tiempo de gracia y conversión. Pidamos al Señor que disponga nuestros corazones para escuchar y hacer vida su Palabra, ayunando de gestos y comentarios que hieran a los demás y nos alejen de su Corazón misericordioso. Que Dios los bendiga. Muchas gracias”.

#PapaLeónXIV",0,02/18/2026 20:59,https://www.instagram.com/reel/DU7UgcmDuK8/,Reel de Instagram,,Total,1089,958,18,0,0,0,0
18122272567588530,17841401871496039,360radioco,360 Radio Colombia,"🤝 En video quedó registrado el momento de la reconciliación entre los cantantes de música urbana, Rauw Alejandro y Jhay Cortés.",0,02/18/2026 20:51,https://www.instagram.com/reel/DU7TfLOjmED/,Reel de Instagram,,Total,1799,1071,13,0,1,0,0
18071067515638936,17841401871496039,360radioco,360 Radio Colombia,"🗣️ “Nos estamos volviendo viejos antes de volvernos ricos” 

🤝 #PalomaValencia en debate de candidatos organizado por la #UEIA",39,02/18/2026 15:58,https://www.instagram.com/reel/DU6yKiHDnRu/,Reel de Instagram,,Total,4564,3023,83,1,0,4,0
18337779850245305,17841401871496039,360radioco,360 Radio Colombia,"🎉 El Carnaval de Barranquilla no solo fue fiesta: movió $840 mil millones en la economía.

💰 Más de 6 millones de asistentes participaron en los eventos.
Cerca de 820.000 fueron visitantes, muchos de otras regiones y del exterior.
Cada turista generó en promedio más de $1 millón.
Barranquilla vibró… y facturó. 

El Carnaval dejó 195.000 empleos directos e indirectos.
Hubo inversión pública cercana a $20.000 millones.
Impactó a más de 500 millones de personas en plataformas y medios.
Se registraron 9.000 publicaciones y cobertura en 48 países.
Fiesta local con vitrina global.

Las transmisiones llegaron a 129 países con más de 100 horas en vivo.
El 80% de la percepción mediática fue positiva.
En sostenibilidad, se recogieron 42,3 toneladas de residuos.
Participaron 290 recicladores formalizados.
Cultura, empleo y economía en una sola celebración.",0,02/18/2026 14:50,https://www.instagram.com/p/DU6qhsnj_4n/,Imagen de Instagram,,Total,1693,934,35,1,0,0,0
18108615235736561,17841401871496039,360radioco,360 Radio Colombia,"📂 El Consejo de Estado ratificó que Ismael Peña es el legítimo rector de la #UniversidadNacional. La decisión, según sectores opositores, frena la injerencia del presidente #GustavoPetro y reafirma la legalidad.",0,02/18/2026 12:43,https://www.instagram.com/reel/DU6cBc7jgCk/,Reel de Instagram,,Total,1357,936,27,1,1,2,0
18003519950846694,17841401871496039,360radioco,360 Radio Colombia,"🚨 Un informe de la Fundación Paz y Reconciliación (Pares) prende las alarmas: 195 de 3.144 candidatos al Congreso tienen algún tipo de cuestionamiento.
El estudio habla de investigaciones judiciales, vínculos con clanes y maquinarias.
El 74,8% son hombres y el 25,1% mujeres.
78 aspiran al Senado y 111 a la Cámara.
La alerta: riesgos para la transparencia electoral.

Los partidos tradicionales concentran la mayoría de casos.
Partido Liberal (33) y Conservador (32) lideran la lista.
Les siguen Partido de la U (29) y Cambio Radical (25).
Entre los cuatro suman más del 60% de los señalados.
El debate sobre depuración política vuelve al centro.

El informe identifica 78 candidatos ligados a clanes políticos regionales.
Hay presencia en 28 departamentos y Bogotá.
Antioquia, Atlántico y Santander registran 9 casos cada uno.
Bolívar y Cesar suman 8, y Bogotá 7.
La lupa ahora está en los votantes y en los avales.",0,02/18/2026 12:30,https://www.instagram.com/p/DU6agTwk9U1/,Imagen de Instagram,,Total,1975,993,30,2,0,0,1
18116497234622013,17841401871496039,360radioco,360 Radio Colombia,"🗣️ “A Kevin lo asesinaron.  Decir que murió por falta de cuidado de su familia es un descaro, una infamia”.

🇨🇴 @davidlunas, candidato a la Presidencia de la República.",0,02/18/2026 12:00,https://www.instagram.com/reel/DU6VRbEEfGo/,Reel de Instagram,,Total,1257,974,30,0,0,4,0
18053599682474053,17841401871496039,360radioco,360 Radio Colombia,"✈️ 👀 Si tiene vuelo desde o hacia el oriente antioqueño, ojo 
El Aeropuerto Internacional José María Córdova hará trabajos en la pista.
Habrá cierres temporales en la madrugada.
Será entre el 24 de febrero y el 6 de marzo.
Revise su itinerario antes de salir de casa. 

Las obras son de mantenimiento preventivo.
Buscan garantizar seguridad en despegues y aterrizajes.
En la franja nocturna no habrá operación aérea.
Pero la terminal de pasajeros sí estará abierta.
Puede ir y consultar directamente con su aerolínea.

La medida fue avalada por la Aeronáutica Civil.
Se escogió el horario de menor tráfico para reducir impacto.
Las aerolíneas ya conocen el cronograma y harán ajustes.
Recuerde que es el segundo aeropuerto más importante del país.
Confirme horarios y evite contratiempos durante esos días.",0,02/18/2026 11:21,https://www.instagram.com/p/DU6SoKykoLt/,Imagen de Instagram,,Total,7075,3996,57,16,0,1,4
18147929218456370,17841401871496039,360radioco,360 Radio Colombia,"😡 “Le ha dicho mono a #Vinicius cinco veces, esta persona que prefiero decir el nombre porque no vale la pena”. 

🇫🇷 Kylian Mbappe, jugador del #RealMadrid, sobre los jestos racistas a su compañero.",97,02/18/2026 10:30,https://www.instagram.com/reel/DU6Mz-2jorf/,Reel de Instagram,,Total,2884,2052,63,0,0,2,4
17847822759660187,17841401871496039,360radioco,360 Radio Colombia,"“A Kevin lo mató el sistema de salud del gobierno #Petro, le negaron los medicamentos que necesitaba y hoy los indolentes @petrogustavo
y Ministro Jaramilll no solo no asumen la responsabilidad, sino que culpan a la mamá del niño”.

- @claudialopezcl, candidata presidencial.",58,02/18/2026 10:30,https://www.instagram.com/reel/DU6MyYGDl1f/,Reel de Instagram,,Total,2137,1728,31,2,0,14,1
17947497858099112,17841401871496039,360radioco,360 Radio Colombia,🐊 El fenómeno #Therian está por todo el mundo: esta persona se reconoce como un cocodrilo en México.,21,02/18/2026 09:30,https://www.instagram.com/reel/DU6F8IGjtSF/,Reel de Instagram,,Total,30014,17532,344,516,1,85,39
18142456198427241,17841401871496039,360radioco,360 Radio Colombia,"El 'Festival de Música Pa’ Gozar y Cantar 2.0', que estaba programado para el 28 de febrero de 2026 en el estadio Nemesio Camacho El Campín de Bogotá, se realizará finalmente el 28 de marzo de 2026.",0,02/18/2026 07:14,https://www.instagram.com/p/DU52cDxkpM7/,Imagen de Instagram,,Total,2288,1225,16,1,0,0,0
18330729697172681,17841401871496039,360radioco,360 Radio Colombia,"👏 Colombia logra más de 20 empresas en el Anuario de Sostenibilidad S&P 2026 - S&P Global

La medición evaluó más de 9.200 compañías a nivel mundial y seleccionar solo 848. La medición se basa en la Corporate Sustainability Assessment (CSA), uno de los estándares más exigentes en criterios ambientales, sociales y de gobernanza (ESG).

📊 Datos clave para Colombia:

- Tres compañías nacionales se ubicaron en el Top 1% mundial de sus respectivas industrias.

- El sector financiero es el más representado dentro del listado.

- Energía, utilities, infraestructura y alimentos también muestran una presencia sólida.

#Empresas #Sostenibilidad #Colombia",0,02/18/2026 05:35,https://www.instagram.com/p/DU5rCEkDDYi/,Imagen de Instagram,,Total,6739,3847,144,19,3,0,12
17860876731608006,17841401871496039,360radioco,360 Radio Colombia,"🇨🇴 La candidata presidencial, #PalomaValencia, le pidió al  presidente #GustavoPetro no asfixiar a los empresarios con empleos, y recordó que varios funcionarios del Gobierno han estado involucrados en casos de corrupción.",69,02/18/2026 05:00,https://www.instagram.com/reel/DU5nCQMjr4G/,Reel de Instagram,,Total,1630,1420,8,0,0,2,0
17991418151760802,17841401871496039,360radioco,360 Radio Colombia,"🚨 El Presidente #GustavoPetro revela detalles de la historia clínica del menor fallecido, Kevin Acosta, y genera polémica por incurrir en una falta a la Ley, durante su alocución en La Guajira.",164,02/18/2026 04:00,https://www.instagram.com/reel/DU5gNAAjrBn/,Reel de Instagram,,Total,6384,4560,54,26,1,43,7
18056821619691439,17841401871496039,360radioco,360 Radio Colombia,"🗣️ “Lo tuve que dormir, le practiqué la eutanasi4”, veterinario cuenta cómo fue su primera experiencia atendiendo a un #Therian.",92,02/18/2026 03:00,https://www.instagram.com/reel/DU5ZUxMjouu/,Reel de Instagram,,Total,10593,6678,350,269,0,43,25
18432965497118389,17841401871496039,360radioco,360 Radio Colombia,"💰 El plantel más valioso del torneo supera los €200 millones, con figuras que individualmente alcanzan los €50 millones en el mercado. Brasil domina el ranking de los equipos más caros y concentra la mayor inversión deportiva del continente.

🇨🇴 Los clubes colombianos compiten con nóminas que rondan los €10–15 millones, muy lejos de los gigantes sudamericanos. La brecha financiera es amplia, pero la historia demuestra que en la cancha todo puede cambiar.",0,02/17/2026 14:05,https://www.instagram.com/p/DU4Ak4ukZDc/,Secuencia de Instagram,,Total,3569,1115,48,5,0,0,1
18127056325528656,17841401871496039,360radioco,360 Radio Colombia,"🗣️ “El Presidente #GustavoPetro y el Ministro de Salud, Guillermo Alfonso Jaramillo, son unos indolentes”, @claudialopezcl, candidata presidencial, a propósito de la muerte del pequeño Kevin Acosta, quien no recibió su medicina para la hemofilia.",0,02/17/2026 13:28,https://www.instagram.com/reel/DU38YFlDuBL/,Reel de Instagram,,Total,3233,2501,81,2,1,20,2
18076408853096794,17841401871496039,360radioco,360 Radio Colombia,"😡 “Voy a interponer una queja disciplinaria contra el Ministro de Salud, Gustavo Jaramillo, por la negligencia en el caso del pequeño Kevin Arley. Los niños son primero y su derecho a jugar no puede ser la excusa para tapar el desastre de un gobierno indolente”. 

🇨🇴 @palomavalencial, candidata presidencial.",46,02/17/2026 13:14,https://www.instagram.com/reel/DU36bvUER62/,Reel de Instagram,,Total,4919,3764,229,7,1,13,5
18094221178976127,17841401871496039,360radioco,360 Radio Colombia,"😡 En vídeo quedó registrado el momento en el que es asaltada una joyería en San Andresito de San José, en #Bogotá. Dos delincuentes armados y encapuchados intimidaron a trabajadores y robaron prendas de la tienda.",0,02/17/2026 12:49,https://www.instagram.com/reel/DU333_xkURp/,Reel de Instagram,,Total,6043,3618,37,11,1,2,4
17990404520766474,17841401871496039,360radioco,360 Radio Colombia,"🔻 Deportivo Independiente Medellín será Colombia, hoy, en la #CopaLibertadores. ‘El Poderoso’ enfrentará a Liverpool a las 07:30 p.m.",0,02/17/2026 12:31,https://www.instagram.com/reel/DU31v3eEWlw/,Reel de Instagram,,Total,3421,2704,34,1,0,0,0
17968747548009784,17841401871496039,360radioco,360 Radio Colombia,"🚨 Crisis política en Perú

El Congreso destituyó este 17 de febrero al presidente interino José Jerí, a menos de dos meses de las elecciones generales.

Jerí había asumido el poder tras la salida de Dina Boluarte, pero perdió el respaldo parlamentario en medio de cuestionamientos políticos y denuncias que terminaron por acelerar su caída.",0,02/17/2026 11:59,https://www.instagram.com/p/DU3yMWvkT-E/,Imagen de Instagram,,Total,2134,1064,20,0,0,0,0
17867333898478833,17841401871496039,360radioco,360 Radio Colombia,"⛪️ Un sacerdote denunció a un grupo de monjas del sector Alto de la Virgen, en Guarne, por presunto hostigamiento religioso, persecución y difamación.

El caso involucra a un religioso vinculado a la Prelatura Verbum Domini, quien asegura que se habrían vulnerado sus derechos fundamentales, especialmente la libertad de culto.",0,02/17/2026 11:57,https://www.instagram.com/reel/DU3x51XkR0W/,Reel de Instagram,,Total,22217,16583,432,45,1,50,24
18381946519084654,17841401871496039,360radioco,360 Radio Colombia,"🏟️La Administración Distrital presentó oficialmente la solicitud de licencia para renovar el Estadio Atanasio Girardot.

De mantenerse el cronograma previsto, los trabajos iniciarían a finales de julio de 2026.

La ciudad se prepara para dar un salto en infraestructura deportiva y posicionar su estadio entre los más modernos de la región.",0,02/17/2026 11:20,https://www.instagram.com/reel/DU3treWEe2q/,Reel de Instagram,,Total,5422,4025,128,6,1,0,8
17853947952622945,17841401871496039,360radioco,360 Radio Colombia,"🏟️ Medellín va por un mejor estadio de fútbol.

La Alcaldía radicó la licencia para modernizar el Estadio Atanasio Girardot, un proyecto que contempla:

💰 Inversión superior a $752.000 millones
👥 Aumento de capacidad: de 45.200 a casi 60.000 personas
⚽ Nuevo campo de juego con tecnología de alto nivel
🎥 Modernización en seguridad, iluminación y sonido
♿ Más accesibilidad y mejores espacios para los asistentes

Si se cumplen los tiempos proyectados, las obras comenzarían a finales de julio de 2026.

¿Está Medellín lista para tener uno de los estadios más modernos de América Latina? 🔥

#AtanasioGirardot #Medellín #Infraestructura #Fútbol #ObrasPúblicas",0,02/17/2026 10:57,https://www.instagram.com/p/DU3rJP8jDYQ/,Imagen de Instagram,,Total,28617,16777,474,29,25,5,48
17847688296663197,17841401871496039,360radioco,360 Radio Colombia,"🏥 La indiferencia del Estado no es un concepto abstracto: tiene consecuencias reales y, a veces, irreversibles. Cuando las alertas no se escuchan y las decisiones se aplazan, el costo lo pagan las familias. El caso de Kevin se convierte en un símbolo doloroso de esas fallas. No admite lecturas ideológicas ni atajos discursivos. Se trata, ante todo, de una vida que se perdió en un país cuyo Gobierno se proclama defensor de la vida.

Las declaraciones del ministro de Salud, Guillermo Alfonso Jaramillo, y del presidente Gustavo Petro no solo generaron controversia. También dejaron en evidencia una desconexión frente a la realidad que viven miles de familias en el sistema de salud. Minimizar o desviar la discusión no responde a la gravedad de lo ocurrido. La ciudadanía espera empatía, responsabilidad y acciones concretas. Porque detrás de cada cifra hay una historia que merece respeto.

Cada muerte asociada a una posible negligencia médica exige una revisión seria, transparente y profundamente humana. No se trata de buscar culpables a la ligera, sino de garantizar verdad y justicia. El sistema debe estar al servicio de la vida, sin excusas ni cálculos políticos. La confianza pública se construye con respuestas claras y decisiones oportunas. Ignorar el fondo del problema solo perpetúa el dolor y la desconfianza.",0,02/17/2026 10:48,https://www.instagram.com/p/DU3qDBSEf_s/,Secuencia de Instagram,,Total,2869,1249,64,7,1,1,0
18156269461426282,17841401871496039,360radioco,360 Radio Colombia,"El nombre de Valeria Bedoya comenzó a circular con fuerza en el debate político luego de que el exasesor Sergio Mesa hiciera denuncias públicas contra la senadora Berenice Bedoya, en las que mencionó presuntas presiones económicas dentro de la Unidad de Trabajo Legislativo (UTL). 

Valeria Bedoya, cuyo nombre completo es Jessica Valeria Casas Bedoya, es abogada de profesión. Según registros oficiales, cuenta con especializaciones en Contratación Estatal y en Derecho Administrativo, formación que guarda relación con el tipo de servicios profesionales que ha prestado en distintas entidades públicas.

De acuerdo con la información divulgada por el denunciante y con los registros contractuales disponibles, Valeria Bedoya ha suscrito 17 contratos de prestación de servicios entre 2022 y 2025, que en conjunto suman más de $537 millones.

Entre las entidades contratantes figuran el Senado de la República, la Gobernación del Valle del Cauca, la Federación Nacional de Departamentos, la Gobernación de Bolívar, la Alcaldía de Medellín, la Alcaldía de La Ceja del Tambo y la Institución Universitaria Pascual Bravo.",0,02/17/2026 08:55,https://www.instagram.com/p/DU3dICskgVY/,Imagen de Instagram,,Total,14962,7673,203,193,2,16,13
18151100398451769,17841401871496039,360radioco,360 Radio Colombia,"🇨🇺 “Cuba es, ahora mismo, una nación fallida, y una verdadera amenaza humanitaria”.

🇺🇸 Presidente de #EstadosUnidos, Donald Trump, sobre la dictadura en Cuba.",69,02/17/2026 07:55,https://www.instagram.com/reel/DU3WSq5Dlii/,Reel de Instagram,,Total,2369,1941,36,0,0,1,0
17943863453983159,17841401871496039,360radioco,360 Radio Colombia,"🗣️ “Esta semana habrá un incremento de las lluvias en el país. 6 represas se mantienen en alerta roja”.

La Ministra de Ambiente, Irene Vélez, en el Consejo de Ministros.",0,02/17/2026 07:26,https://www.instagram.com/reel/DU3SlqQjufO/,Reel de Instagram,,Total,1461,995,9,0,0,10,0
18121527706603656,17841401871496039,360radioco,360 Radio Colombia,"🗣️ “Si a un niño hemofílico no se le deja subir a la bicicleta pues tiene menos riesgos, es un tema de prevención. Pero hay que saber si el médico o el sistema de salud no enseña, pues las mamás no salen aprendidas menos en niveles educativos muy deficitarios que hay en Colombia”, #GustavoPetro, Presidente de #Colombia, sobre el fallecimiento de Kevin Acosta.",47,02/17/2026 06:45,https://www.instagram.com/reel/DU3OOKpjiPs/,Reel de Instagram,,Total,5834,4142,57,34,2,69,6
18132173977515636,17841401871496039,360radioco,360 Radio Colombia,"⚽️ El 10 cumplió: un barbero se ofreció a cortarle el pelo a #JamesRodríguez, quien le dijo que después de almuerzo podía y así fue.",0,02/17/2026 06:24,https://www.instagram.com/reel/DU3LckrDusC/,Reel de Instagram,,Total,16619,13464,448,4,0,2,12
17956884023922978,17841401871496039,360radioco,360 Radio Colombia,"🗣️ “El hecho de que no bajen las tarifas de energía, pese a que los embalses del país están desbordados, evidencia irresponsabilidad y codicia. Quieren favorecer a politiqueros de Córdoba, el hecho de los colombianos estén pagando 10 veces más por el servicio de energía es una estafa”.

🇨🇴 Gustavo Petro, Presidente de #Colombia.",68,02/17/2026 06:20,https://www.instagram.com/reel/DU3LXQcjhrm/,Reel de Instagram,,Total,1480,1108,14,0,0,4,0
18073658672631442,17841401871496039,360radioco,360 Radio Colombia,"🗣️ “El niño tuvo un accidente craneosefalico y es entendible que los niños que sufren de hemofilia tienen que estar restringidos de ciertas actividades”

📂 Guillermo Jaramillo, Ministro de Salud.",30,02/17/2026 05:49,https://www.instagram.com/reel/DU3HkmJjoyo/,Reel de Instagram,,Total,4020,2900,59,5,2,37,6
17873150211534312,17841401871496039,360radioco,360 Radio Colombia,"La renovación integral del Estadio Atanasio Girardot avanza hacia una etapa decisiva. La Alcaldía de Medellín confirmó que el proyecto ya se encuentra en proceso de radicación ante la curaduría urbana para la obtención de la licencia de construcción, un paso clave que permitiría iniciar obras hacia finales de julio de este año.

Según explicó la administración distrital, durante los últimos meses se adelantaron estudios técnicos indispensables para viabilizar la intervención, entre ellos análisis de suelos, levantamientos topográficos, evaluaciones de vulnerabilidad estructural y estudios de seguridad humana. 

Estos insumos, junto con los diseños arquitectónicos y estructurales, sustentan la solicitud formal de la licencia y habilitan el inicio del proceso contractual.",0,02/16/2026 18:22,https://www.instagram.com/p/DU15NvHgN_b/,Imagen de Instagram,,Total,2286,1162,22,0,0,0,0
18082952873262173,17841401871496039,360radioco,360 Radio Colombia,"Un proceso de verificación urbanística adelantado por la Alcaldía de Medellín derivó en la apertura de actuaciones administrativas contra ocho viviendas construidas sin licencia en el corregimiento de San Sebastián de Palmitas. 

Las edificaciones fueron identificadas en áreas clasificadas como suelo agroforestal, una categoría que tiene restricciones especiales para proteger el entorno ambiental. 

Según el reporte oficial, este tipo de suelo está destinado principalmente a la conservación de ecosistemas estratégicos y al desarrollo de actividades rurales compatibles con la protección del territorio. En estas zonas, la normativa urbanística permite únicamente la construcción de una vivienda por cada 12 hectáreas, una medida orientada a evitar la fragmentación del paisaje y la presión sobre los recursos naturales.",0,02/16/2026 18:14,https://www.instagram.com/p/DU14S3PDjzr/,Imagen de Instagram,,Total,2135,1126,7,0,0,0,2
18034852637784358,17841401871496039,360radioco,360 Radio Colombia,"🇨🇴 El presidente Gustavo Petro atribuyó la reciente caída de la inversión en Colombia a las decisiones de política monetaria adoptadas por el Banco de la República, luego de conocerse los más recientes datos de crecimiento económico divulgados por el DANE.

De acuerdo con el informe oficial, la economía colombiana creció 2,6 % durante 2025, una cifra inferior a la esperada por el mercado, mientras que la inversión registró una contracción del 2,9 %, luego de seis trimestres consecutivos en terreno positivo. Este comportamiento encendió el debate sobre los factores que están incidiendo en la desaceleración del gasto productivo.

A través de su cuenta en la red social X, el jefe de Estado sostuvo que el crecimiento económico ha sido impulsado principalmente por el consumo de los hogares y del Estado, favorecido por el aumento de los ingresos reales y la expansión del gasto público en sectores como salud, educación y cuidado.",0,02/16/2026 18:08,https://www.instagram.com/p/DU13mROkWl4/,Imagen de Instagram,,Total,4531,2424,18,0,0,27,0
17948944497099835,17841401871496039,360radioco,360 Radio Colombia,"😂 En el #CarnavalDeBarranquilla 2026 hay creatividad por doquier. Una comparsa se robó la atención al llevar la temática de la captura de Nicolás Maduro, en la que se ve, además, al presidente de #EstadosUnidos, Donald Trump.",20,02/16/2026 17:02,https://www.instagram.com/reel/DU1v4A0Dswm/,Reel de Instagram,,Total,2520,1842,28,8,0,0,4
18510539245074219,17841401871496039,360radioco,360 Radio Colombia,"🌎 En video quedan registrados los comportamientos de personas que se reconocen, de forma inconsciente, como animales: el fenómeno #Therian. A nivel mundial la discusión ha girado entorno a si esto es normal.",0,02/16/2026 16:44,https://www.instagram.com/reel/DU1t2-2Diem/,Reel de Instagram,,Total,15647,11365,134,245,2,55,20
17957915130059334,17841401871496039,360radioco,360 Radio Colombia,"🚨 Una persona fue apuñalada en TransMilenio en medio de una riña con puñal. Aparentemente, el robo de una maleta fue el detonante para la riña, la policía llegó horas después a la estación del transporte público.",0,02/16/2026 16:30,https://www.instagram.com/reel/DU1sE16jrwz/,Reel de Instagram,,Total,1364353,987355,22619,6435,1038,1464,3029
17926495353067249,17841401871496039,360radioco,360 Radio Colombia,"😯 En la tarde de este lunes, 16 de febrero, la Minga Indígena realizó manifestaciones en el sector CAN, Bogotá, frente a las instalaciones del Ministerio de Trabajo, que desencadenaron en riñas entre los manifestantes y los funcionarios de la entidad.",16,02/16/2026 16:07,https://www.instagram.com/reel/DU1pgiwjtc6/,Reel de Instagram,,Total,22785,14392,205,41,4,67,14
18378828850094902,17841401871496039,360radioco,360 Radio Colombia,"⚽️ Neymar le cumplió el sueño a María, la señora fanática de #Santos que había asegurado “si conocía a Ney, podía morir en paz”.",0,02/16/2026 14:52,https://www.instagram.com/reel/DU1hFvvDgKm/,Reel de Instagram,,Total,3491,2563,135,0,2,0,2
17965815015009586,17841401871496039,360radioco,360 Radio Colombia,"⚽️ Radamel #Falcao García salió del último partido con #Millonarios por una lesión en el aductor, el pasado sábado. Durante el domingo círculo un video en el que se ve al ‘Tigre’ festejando su cumpleaños número 40, lo que ha llevado algunos hinchas a preguntarse qué tan lesionado está el goleador.",48,02/16/2026 14:27,https://www.instagram.com/reel/DU1dYuojvU4/,Reel de Instagram,,Total,14598,11316,169,17,0,5,5
18029901215738428,17841401871496039,360radioco,360 Radio Colombia,"🏢 Las 1.500 personas que estaban retenidas por las manifestaciones en el CAN, de #Bogotá, ya fueron liberadas.",18,02/16/2026 14:00,https://www.instagram.com/reel/DU1bIC6Dvr8/,Reel de Instagram,,Total,3081,2395,51,1,0,20,3
18073206491573321,17841401871496039,360radioco,360 Radio Colombia,"⚽ El colombiano Christian González quedó habilitado para negociar una extensión con los #NewEnglandPatriots, en una operación que podría convertirlo en el atleta colombiano mejor pagado de la historia.

Proyecciones que circulan en el mercado estadounidense, elaboradas a partir de análisis contractuales de la NFL, apuntan a una posible extensión por cuatro años y US$140 millones, con un promedio anual de US$35 millones. De concretarse, la cifra superaría cualquier registro salarial previo de atletas nacionales, sin distinción de disciplina.

El desempeño de González en la última campaña respalda ese estatus. El defensivo fue protagonista en el camino de los Patriots hasta el Super Bowl LX, disputado en el Levi’s Stadium, donde el equipo cayó 29-13 frente a los Seattle Seahawks. En ese partido, el colombiano registró cuatro tacleadas y tres pases defendidos, además de evitar anotaciones durante los tres primeros cuartos del juego.",0,02/16/2026 13:50,https://www.instagram.com/p/DU1aHVbErt1/,Imagen de Instagram,,Total,9989,5914,267,37,0,7,11
18086626466517653,17841401871496039,360radioco,360 Radio Colombia,"🚨 Terminó la sesión extraordinaria de la Comisión de Concertación. El Gobierno confirmó que el salario mínimo seguirá en 23,7% y anunció un paquete de ayudas para pymes, buscando proteger empleo.",0,02/16/2026 13:29,https://www.instagram.com/reel/DU1XEhKkdta/,Reel de Instagram,,Total,5515,4211,68,29,3,1,1
17961254595023380,17841401871496039,360radioco,360 Radio Colombia,"🎉 Michelle Char es la reina del #CarnavalDeBarranquilla2026 en su edición número 90.

Con su vestido ‘Raíz viva’ brilla ante sus carnavaleros e invitó al mundo a vivir la celebración  hasta el miércoles de ceniza.",0,02/16/2026 13:11,https://www.instagram.com/reel/DU1VRuhkZiF/,Reel de Instagram,,Total,2849,2344,48,1,0,1,3
17937282759154107,17841401871496039,360radioco,360 Radio Colombia,"🗣️ El candidato presidencial, #AbelardoDeLaEspriella, pide que no se suspenda el incremento al #SalarioMínimo.",40,02/16/2026 12:50,https://www.instagram.com/reel/DU1TMyKkoxe/,Reel de Instagram,,Total,9221,6487,163,19,2,25,3
17890124754424325,17841401871496039,360radioco,360 Radio Colombia,"🚨 Continúa el plantón en el sector del CAN, con accesos bloqueados al Ministerio de Educación y la ANT. Más de 1.500 funcionarios permanecen retenidos en medio de tensión.",0,02/16/2026 12:40,https://www.instagram.com/reel/DU1R4LrEb90/,Reel de Instagram,,Total,4458,3412,67,8,4,24,2
18093661270826429,17841401871496039,360radioco,360 Radio Colombia,"La Asociación Colombiana de Geólogos y Geofísicos de la Energía (ACGGP) presenta la Segunda Edición de la Convención de Exploración Energética 2026, el primer gran encuentro energético del año en Colombia.

Del 24 al 27 de febrero, el Hotel Hilton Cartagena será el escenario de más de 70 conferencias técnicas, 6 charlas magistrales, cursos, salidas de campo y una muestra comercial con empresas líderes del sector.

Bajo el lema “Camino a la Coexistencia”, expertos nacionales e internacionales debatirán sobre seguridad energética, exploración de hidrocarburos, minerales estratégicos, innovación tecnológica e inteligencia artificial aplicada al sector.

📍 24–27 de febrero de 2026
📍 Cartagena, Colombia

Un espacio clave para discutir el futuro energético del país en un año decisivo.

@acggp_energia",0,02/16/2026 12:26,https://www.instagram.com/p/DU1QiT_kbZK/,Imagen de Instagram,,Total,871,456,6,2,0,1,0
17990980238764521,17841401871496039,360radioco,360 Radio Colombia,"😡 El Alcalde #FedericoGutiérrez expuso que ya tienen identificados, y realizarán comparendos, a las personas que dejan su basura en las quebradas. “Y después dicen por qué ocurren los desastres”, dijo el mandatario.",0,02/16/2026 12:12,https://www.instagram.com/reel/DU1Okl5ETUE/,Reel de Instagram,,Total,4803,3319,91,0,1,6,1
18068458982229716,17841401871496039,360radioco,360 Radio Colombia,"🐴 Los caballos en #Cartagena ya no tiran de carruajes turísticos, ni caminan sobre el asfalto caliente. Ahora, caminan libres y en retiro.",0,02/16/2026 11:55,https://www.instagram.com/reel/DU1Mn2CEbyL/,Reel de Instagram,,Total,1604,1129,69,0,0,2,0
18102917197681264,17841401871496039,360radioco,360 Radio Colombia,"🇧🇴 A los 38 años, Marcelo Moreno Martins volvió del retiro, fichó por #OrientePetrolero con un objetivo claro: llevar a la Selección de #Bolivia al Mundial 2026. Deberá ganar el repechaje ante Surinam.",0,02/16/2026 09:26,https://www.instagram.com/reel/DU07JezDvFk/,Reel de Instagram,,Total,6744,4924,105,23,0,1,4
18382922542157920,17841401871496039,360radioco,360 Radio Colombia,🇨🇴 Más de 400 familias de #SanVicentedeChucurrí están incomunicadas del casco urbano por los deslizamientos que bloquean vías.,0,02/16/2026 09:09,https://www.instagram.com/reel/DU055UfDjzo/,Reel de Instagram,,Total,2039,1775,16,1,0,0,0
18081594833198280,17841401871496039,360radioco,360 Radio Colombia,"#Urgente | Economía de Colombia creció 2,6% durante el 2025.",0,02/16/2026 07:15,https://www.instagram.com/p/DU0s4rmjkiK/,Imagen de Instagram,,Total,839,396,15,1,0,1,1
17929065597199034,17841401871496039,360radioco,360 Radio Colombia,"🚀 El 17 de febrero llega un eclipse solar “Anillo de Fuego”: la Luna cubrirá el Sol dejando un aro de luz visible principalmente sobre la remota Antártida, mientras desde zonas del sur de Sudamérica y África se verá sólo parcialmente; es uno de los fenómenos astronómicos más espectaculares del año",0,02/16/2026 04:45,https://www.instagram.com/reel/DU0a3r-jka2/,Reel de Instagram,,Total,1866,1653,25,2,2,0,1
18091613963103726,17841401871496039,360radioco,360 Radio Colombia,"#Mundo l El español no solo es un idioma, es una fuerza global: México, #Colombia y España lideran la lista de países donde más personas lo hablan como lengua materna, conectando culturas y continentes.",0,02/16/2026 03:00,https://www.instagram.com/p/DU0Pxp3DvZQ/,Imagen de Instagram,,Total,78315,21244,420,40,4,6,75
17988241910941515,17841401871496039,360radioco,360 Radio Colombia,"#Economía | 🌎📊 Asia liderará el crecimiento económico mundial en 2026. China e India encabezan la lista de países que más aportarán al aumento del PIB real global, consolidando su peso en la economía internacional.",0,02/15/2026 18:50,https://www.instagram.com/p/DUzXsSCjoeY/,Imagen de Instagram,,Total,16171,9065,200,12,11,3,33
18096885019744137,17841401871496039,360radioco,360 Radio Colombia,"🇨🇴 El presidente Gustavo Petro (@gustavopetrourrego) respalda el aumento del 23,7% decretado para el #SalarioMínimo en 2026 y sostiene que los temores sobre un posible disparo en los precios y mayores niveles de desempleo no se materializaron.",75,02/15/2026 18:45,https://www.instagram.com/reel/DUzWzfkjq8T/,Reel de Instagram,,Total,2272,1857,15,0,0,5,0
18022708862798015,17841401871496039,360radioco,360 Radio Colombia,"🇨🇴 El jefe de Estado, @gustavopetrourrego, sostuvo que la expedición del decreto sobre el #SalarioMínimo vital se hizo conforme a los parámetros fijados por la Corte Constitucional. Aun así, manifestó que acatará lo que resuelva el Consejo de Estado y anunció que desde mañana se reactivará el diálogo en la Comisión de Concertación para definir el nuevo incremento.

De igual manera, confirmó el llamado a concentraciones este jueves en diferentes plazas del país, con el fin de respaldar la defensa del salario mínimo vital.",0,02/15/2026 18:20,https://www.instagram.com/reel/DUzUJZADlg4/,Reel de Instagram,,Total,3574,2826,41,3,2,7,1
18095983168762804,17841401871496039,360radioco,360 Radio Colombia,"#Deportes l Las mujeres deportistas están arrasando en 2025: Coco Gauff, Aryna Sabalenka e Iga Swiatek encabezan la lista de las mejor pagadas del mundo, con ingresos que superan los 25 millones de dólares cada una. 

🔥 Este ranking demuestra el poder del deporte femenino: tenistas, esquiadoras, atletas y más están rompiendo récords dentro y fuera de las canchas, conquistando grandes contratos, patrocinios y audiencias globales.

🏆 Que estas 20 estrellas sean las mejor pagadas es una inspiración para nuevas generaciones de niñas y jóvenes que sueñan con vivir del deporte y demostrar que el talento, la disciplina y la pasión también se premian en femenino.",0,02/14/2026 15:44,https://www.instagram.com/p/DUwdfuYDha5/,Imagen de Instagram,,Total,3888,1865,30,5,0,0,2
17938037997152894,17841401871496039,360radioco,360 Radio Colombia,"#Mundo | 🌎✈️ El turismo no solo mueve viajeros, mueve economías enteras. Cada año, millones de personas cruzan fronteras y, con ellas, fluyen miles de millones de dólares que transforman destinos, impulsan empleo y dinamizan industrias completas. Esta radiografía global revela qué países están liderando la carrera por atraer visitantes… y capital.

💰 Desde gigantes consolidados hasta potencias emergentes, el mapa del turismo internacional deja claro que la experiencia, la infraestructura y la estrategia marcan la diferencia. No se trata solo de playas, museos o paisajes icónicos, sino de conectividad, promoción y capacidad para ofrecer experiencias memorables que fidelicen al viajero.

📊 En un contexto donde el turismo se consolida como uno de los motores más resilientes de la economía mundial, entender quién domina el sector es clave para gobiernos, empresarios e inversionistas. Porque detrás de cada cifra hay empleo, desarrollo y competitividad.",0,02/14/2026 13:15,https://www.instagram.com/p/DUwMPgYka0w/,Imagen de Instagram,,Total,1991,852,21,0,0,0,4
18083554235350070,17841401871496039,360radioco,360 Radio Colombia,"💘 El 14 de febrero se celebra #SanValentín a nivel mundial. Algunos lo festejan, otros creen que es un festejo únicamente en Estados Unidos.",0,02/14/2026 08:55,https://www.instagram.com/reel/DUvuJ1gjhEY/,Reel de Instagram,,Total,4205,3150,181,24,0,0,10
18091693265095420,17841401871496039,360radioco,360 Radio Colombia,"🟢 #AtléticoNacional ganó 4-1 a #Fortaleza en la fecha seis del fútbol profesional colombiano. El partido contó con la novedad del regreso a las canchas de Jorman Campuzano, tras dos meses de ausencia por lesión. Al final del partido, el jugador se refirió a su regreso en zona mixta.",28,02/14/2026 03:00,https://www.instagram.com/reel/DUvGKkXjvNE/,Reel de Instagram,,Total,1397,1140,23,0,0,0,0
18048103445710907,17841401871496039,360radioco,360 Radio Colombia,"👹 ¡99 años de historia! Un día como hoy, en 1927, nació #AméricadeCali, protagonista de una era dorada en los 80 y una cuna de grandes leyendas

🏆 15 Ligas
🔥 4 finales de Libertadores (85, 86, 87, 96)",44,02/13/2026 18:51,https://www.instagram.com/reel/DUuN7vTjFeX/,Reel de Instagram,,Total,2357,2009,34,1,0,1,0
17899556634385976,17841401871496039,360radioco,360 Radio Colombia,"🥳 ¡Se viene el #CarnavaldeBarranquilla 2026! Así brilló la carrera 44 durante su tradicional #Guacherna. El inicio oficial de la festividad será mañana, sábado, 14 de febrero.",53,02/13/2026 17:00,https://www.instagram.com/reel/DUuBge6kuGw/,Reel de Instagram,,Total,2893,2301,75,4,1,0,2
18095644945777985,17841401871496039,360radioco,360 Radio Colombia,"🇨🇴 El Consejo de Estado suspendió de forma provisional el decreto con el que el #GobiernoNacional había incrementado el #SalarioMínimo en un 23%. Noticia, que ha generado todo tipo de reacciones: unos a favor, otros en contra de esta determinación.

🗣️ Por eso, aquí podrá conocer la opinión de @andresgaviriacano, @ivancepedacastr, @enriquegomezsn, @gustavobolivarsenador y @luisfer.mejia.",0,02/13/2026 14:00,https://www.instagram.com/p/DUts5EaCet3/,Secuencia de Instagram,,Total,3693,1175,47,9,0,1,3
18080329541365700,17841401871496039,360radioco,360 Radio Colombia,"👀 La precandidata presidencial, #VickyDavila, creó un particular apodo para Iván Cepeda, candidato presidencial; #GustavoPetro, presidente de Colombia; y Roy Barreras, precandidato a la Presidencia de la República.",0,02/13/2026 13:42,https://www.instagram.com/p/DUtqxx3Etgz/,Imagen de Instagram,,Total,3979,2079,54,0,0,3,1
18073265594130634,17841401871496039,360radioco,360 Radio Colombia,"🥺 La canción entre #Maluma y #YeisonJiménez (Q.E.P.D.) ya está en las calles, se llama ‘Con El Corazón’, frase característica del ‘Aventurero’ y habla del desamor.",46,02/13/2026 13:30,https://www.instagram.com/reel/DUtpZlTkqNd/,Reel de Instagram,,Total,6637,5353,197,5,2,0,6
18099878146928272,17841401871496039,360radioco,360 Radio Colombia,"🥺 La representante a la Cámara por el departamento de Bolívar, @angelavergara, aseguró que su hijo completa 18 días bajo custodia del U.S. Immigration and Customs Enforcement (ICE) en Estados Unidos, donde —según afirmó— permanece en condiciones indignas, pese a haber ingresado de manera legal y estar a la espera de una audiencia de asilo.

La congresista del @partidoconservadorcolombiano Conservador solicitó apoyo inmediato del Gobierno Nacional y de la Cancillería para que gestionen el caso y faciliten su regreso al país.

“Se trata de un joven sin antecedentes, ni siquiera una multa de tránsito, que hoy enfrenta una situación angustiante, como muchos colombianos que no han podido volver a casa. Como madre, pido la intervención urgente del Estado”, expresó.",0,02/13/2026 12:27,https://www.instagram.com/reel/DUtiF4RCVZE/,Reel de Instagram,,Total,9194,5803,83,21,2,13,5
18068941790552633,17841401871496039,360radioco,360 Radio Colombia,"⚡🚗 Los vehículos eléctricos siguen acelerando en Colombia

Enero de 2026 dejó una cifra histórica: 1.758 vehículos eléctricos matriculados, un crecimiento del 82,6% frente al año pasado. Hoy, 1 de cada 11 carros nuevos vendidos en el país es eléctrico.

🔋 Bogotá lidera en matrículas, pero ciudades como Armenia, Villavicencio y Barranquilla muestran los mayores crecimientos.

 🏆 BYD domina el mercado y el Yuan Up fue el modelo más vendido.",0,02/13/2026 11:12,https://www.instagram.com/p/DUtZsb8Gr-3/,Imagen de Instagram,,Total,10973,5589,132,67,18,1,16
18557708944034535,17841401871496039,360radioco,360 Radio Colombia,"🗣️ “La decisión del Consejo de Estado de suspender el decreto de aumento del #SalarioMínimo es incomprensible, sin precedentes y va en contra vía del Estado Social de Derecho. Hoy los afectados son las y los trabajadores, la equidad social. La medida cautelar es exagerada, debía estudiarse de fondo la decisión”, @jcristobustos, precandidato presidencial, sobre la suspensión provisional del incremento al salario mínimo",0,02/13/2026 09:47,https://www.instagram.com/reel/DUtPnVQiTyl/,Reel de Instagram,,Total,2451,1977,22,1,0,18,2
17858649315548010,17841401871496039,360radioco,360 Radio Colombia,"🗣️ “Respetamos la decisión del Consejo de Estado. En Colombia las medidas salariales no solo deben ser constitucionales, sino económicamente responsables.
Subir el salario mínimo suena bien. Pero hoy solo 1 de cada 10 trabajadores lo gana. 6 de cada 10 sobreviven por debajo de él”, @jdoviedoar, precandidato presidencial, sobre la suspensión provisional del incremento al #salariomínimo",0,02/13/2026 09:32,https://www.instagram.com/reel/DUtOEgoibzX/,Reel de Instagram,,Total,12158,10030,214,30,4,27,8
18424718479185764,17841401871496039,360radioco,360 Radio Colombia,"🗣️ “El gobierno no puede anular la ilusión de millones de trabajadores de tener mejores salarios, por lo que debe responder al Consejo de Estado. Por nuestra parte, nos comprometemos a bajar los impuestos a partir del 7 de agosto para aliviar las cargas de los empresarios y evitar despidos”, @palomavalencial, candidata a la presidencia de #Colombia, sobre la suspensión provisional al incremento del #salariomínimo.",0,02/13/2026 09:13,https://www.instagram.com/reel/DUtL2Y4DTsQ/,Reel de Instagram,,Total,2878,2190,59,22,1,9,1
18254051239294428,17841401871496039,360radioco,360 Radio Colombia,"🗣️ “Subir el #salariomínimo fue un acierto para dignificar a millones de trabajadores y reconocer el valor de su esfuerzo. Pero si queremos que esa medida sea sostenible en el tiempo, debemos pensar también en quienes generan empleo, las pequeñas y medianas empresas”, @claudialopezcl, precandidata presidencial sobre la suspensión provisional del incremento al salario mínimo.",0,02/13/2026 08:56,https://www.instagram.com/reel/DUtJuNwjXnL/,Reel de Instagram,,Total,8307,6263,85,3,2,61,9
17979508937971448,17841401871496039,360radioco,360 Radio Colombia,"🗣️ “Difícilmente se puede pensar en una medida más injusta y arbitraria con los trabajadores. Convoco a una manifestación pacífica, pero contundente en las calles”, @ivancepedacastr, candidato presidencial, sobre la suspensión provisional del aumento al salario mínimo.",0,02/13/2026 08:41,https://www.instagram.com/reel/DUtHmgLjXfw/,Reel de Instagram,,Total,3497,2656,54,0,1,77,6
18104353876795016,17841401871496039,360radioco,360 Radio Colombia,"🗣️ “El aumento del salario mínimo es irreversible. Quiero proponerles a mis compañeros de la #GranConsulta por #Colombia un acuerdo político para defender el incremento salarial pero llevándole a los empleadores las condiciones para que no tengan que despedir ningún empleado”, @mauriciocard_, precandidato presidencial sobre la suspensión provisional del incremento al #salariomínimo",0,02/13/2026 08:14,https://www.instagram.com/reel/DUtFEfgDVCT/,Reel de Instagram,,Total,11516,8769,192,24,5,24,8
18097216102938715,17841401871496039,360radioco,360 Radio Colombia,"🗣️ “Se cayó aumento al salario mínimo en el Consejo de Estado. Pero a los trabajadores hay que cumplirles, no les pueden hacer conejo, por culpa de este Gobierno chambón. Hay que salvar las  empresas y no permitir que incendien el país”, @vickydavilah, precandidata presidencial, sobre la suspensión provisional del decreto que incrementa el #salariomínimo.",0,02/13/2026 07:53,https://www.instagram.com/reel/DUtCvBEDutl/,Reel de Instagram,,Total,13716,9311,133,35,2,58,6
18128228860532314,17841401871496039,360radioco,360 Radio Colombia,"🗣️ El expresidente, #AlvaroUribe, se refirió a la suspensión provisional del aumento al salario mínimo. “No nos oponemos al incremento. Con nuestra candidata, @palomavalencial, pedimos menos impuestos para los empresarios y emprendedores” expuso Uribe.",39,02/13/2026 07:50,https://www.instagram.com/reel/DUtCiyzjl7p/,Reel de Instagram,,Total,6345,3840,223,35,0,32,4
17849356011681148,17841401871496039,360radioco,360 Radio Colombia,"🗣️ Daniel Quintero, precandidato presidencial, interpuso una acción de tutela para que un juez constitucional revise la suspensión provisional del decreto del salario mínimo. “Es un abuso”, dijo el ex alcalde de #Medellín. 

Además, hizo un llamado a los colombianos para que salgan a las calles a protestar por la decisión.",30,02/13/2026 07:38,https://www.instagram.com/reel/DUtBCaAjt-D/,Reel de Instagram,,Total,9566,6263,69,6,0,201,5
17914615023293877,17841401871496039,360radioco,360 Radio Colombia,"🗣️ “Todos a las plazas. Mañana es quincena, es un acto insensible y debemos rodear al presidente en este ataque que afecta a todos los trabajadores de colombia”, Roy Barreras, precandidato presidencial, sobre la suspensión provisional del decreto que aumenta el salario mínimo.",52,02/13/2026 07:17,https://www.instagram.com/reel/DUs-rvQjofm/,Reel de Instagram,,Total,1550,1182,12,2,0,28,0
18096459083501962,17841401871496039,360radioco,360 Radio Colombia,"#Colombia | 🚨 ¡Atención, Colombia!
El Consejo de Estado ordenó la suspensión provisional del decreto con el que el Gobierno fijó el salario mínimo 2026 en $1.750.905.

⚖️ Ojo: es una medida cautelar, NO es la decisión final.
El tema se definirá en la sentencia de fondo.

#salariomínimo2026 #ConsejoDeEstado #Colombia #Gobierno #Economía #Trabajo #notícias #Actualidad",55,02/13/2026 05:56,https://www.instagram.com/reel/DUs1VinAkea/,Reel de Instagram,,Total,6829,4869,73,10,0,84,4
18343471114238681,17841401871496039,360radioco,360 Radio Colombia,"#URGENTE 

Consejo de Estado suspende decreto con el que el Gobierno de Gustavo Petro fijó el salario mínimo de 2026. 

#Colombia",0,02/13/2026 05:37,https://www.instagram.com/p/DUszTcZDmlz/,Imagen de Instagram,,Total,5726,3076,93,16,1,1,1
18166302412395925,17841401871496039,360radioco,360 Radio Colombia,"🤪 En vídeo quedó registrado el momento en el que un ladrón es burlado por un hombre en Bogotá. El delincuente intentó arrebatarle el celular, y la persona esquivó el raponazo para después reírsele en la cara.",21,02/13/2026 04:00,https://www.instagram.com/reel/DUsoKYmjsIz/,Reel de Instagram,,Total,28515,17434,717,72,0,12,17
17913811860297100,17841401871496039,360radioco,360 Radio Colombia,"🟢 #AtléticoNacional le ganó 4-1 a Fortaleza en la sexta fecha del fútbol profesional colombiano. Los goles fueron autoría de Alfredo Morelos en doblete, Milton Casco y Marlos Moreno. Amaya descontó para ‘Los Amix’.

🤝 A la salida del partido, esto expresaron algunos hinchas al medio Oh Verdolaga.",62,02/12/2026 20:10,https://www.instagram.com/reel/DUryGcEjmyH/,Reel de Instagram,,Total,2299,1917,34,0,0,0,0
17943530648983932,17841401871496039,360radioco,360 Radio Colombia,"⚽️🇨🇴 #JamesRodríguez se une a la causa. El 10 de la #SelecciónColombia hará parte de la iniciativa de @fguarin13 para ayudar al departamento de #Córdoba, en medio de las inundaciones",11,02/12/2026 17:00,https://www.instagram.com/reel/DUrctdsDvi1/,Reel de Instagram,,Total,3301,2373,128,2,0,2,1
18305781787285720,17841401871496039,360radioco,360 Radio Colombia,"🇨🇴 La aspirante a la Cámara por el #PactoHistórico, Claudia Romero, desmintió ser la mujer que aparece tomada de la mano del presidente #GustavoPetro en una fotografía que circula en redes. La candidata aseguró que se trata de versiones falsas con las que buscan afectar su imagen y confirmó que emprenderá medidas jurídicas frente a la difusión de ese contenido.",82,02/12/2026 16:30,https://www.instagram.com/reel/DUrZMNAjlGe/,Reel de Instagram,,Total,10269,6567,70,4,0,19,12
18118726345591548,17841401871496039,360radioco,360 Radio Colombia,"🚗🏠 ¡Atención #Bogotá, ya está listo el Calendario Tributario 2026!

Este año podrá pagar el impuesto de vehículos por cuotas sin intereses, mantener el 10% de descuento por pronto pago y usar más canales digitales para cumplir sin filas

🔹 Predial y vehículos con nuevas fechas
🔹 Pago por cuotas con el sistema SPAC
🔹 Más opciones digitales como Daviplata, Dale y Pagos Bogotá

💡 Pagar a tiempo te ahorra dinero y evita sanciones.",0,02/12/2026 15:45,https://www.instagram.com/p/DUrUHeqDijW/,Secuencia de Instagram,,Total,2118,770,18,3,0,0,2
17886806055432377,17841401871496039,360radioco,360 Radio Colombia,"🤬 “El presidente es un completo HP”, afirmó Juan Carlos Pinzón durante un pronunciamiento en #Ibagué.

El exministro y hoy precandidato presidencial lanzó la frase al referirse a #GustavoPetro, en medio de cuestionamientos por la declaratoria de emergencia económica adoptada por el Gobierno para enfrentar la temporada de lluvias. Sus declaraciones generaron reacciones inmediatas en el escenario político.",0,02/12/2026 15:42,https://www.instagram.com/reel/DUrTo33ju4i/,Reel de Instagram,,Total,22224,15749,823,69,7,58,24
17861694213596737,17841401871496039,360radioco,360 Radio Colombia,"📊 Indicadores líderes de vivienda nueva en Colombia – 2025

Así se mueve el mercado de vivienda nueva en las regiones del país durante 2025.
El mapa muestra tres variables clave:

• Lanzamientos 2025 y su variación frente a 2024
• Ventas 2025 y su variación frente a 2024
• Iniciaciones 2025 y su variación frente a 2024

Cada región incluye únicamente las cifras de 2025 y su cambio porcentual respecto al año anterior.
Los colores permiten identificar rápidamente el comportamiento:

🟢 Crecimiento
🔴 Caída

ℹ️ Fuente: @camacolcolombia",0,02/12/2026 14:50,https://www.instagram.com/p/DUrNvnhjvYN/,Imagen de Instagram,,Total,5189,2609,52,11,7,0,9
18079588949595309,17841401871496039,360radioco,360 Radio Colombia,"📍 Mary Luz Herrán, exesposa del presidente Gustavo Petro y candidata al Senado, rompió el silencio y lanzó fuertes acusaciones contra Verónica Alcocer, actual primera dama de Colombia, asegurando que la relación entre ellas ha sido “complicada” y afectó a su familia. Herrán afirmó que Alcocer habría humillado a sus hijos y los habría relegado en actos públicos, como en la campaña presidencial de 2022, cuando supuestamente ordenó que no aparecieran con su padre.

🗣️ En su intervención en el programa Desnúdate con Eva, Herrán narró un episodio en el Palacio Presidencial donde Alcocer, según ella, pidió que ella y su hija se retiraran porque “era su casa”, calificando ese momento como una “humillación terrible”. También acusó a la primera dama de interferir en su carrera política, impidiéndole un proceso en la lista del Pacto Histórico en elecciones anteriores.

🔥 La exesposa de Petro aseguró que, a su juicio, Alcocer siente “celos” de ella no por la relación con el presidente, sino por ser una mujer política, y que siempre ha intentado maltratarla y humillarla, algo que nunca antes había expresado públicamente hasta ahora. Herrán sostuvo que estos conflictos han marcado su relación familiar durante años, mientras que el presidente, según ella, desconocía muchos de estos hechos",0,02/12/2026 12:22,https://www.instagram.com/p/DUq82-1kl-A/,Imagen de Instagram,,Total,10448,5700,59,7,0,23,4
18037869500549071,17841401871496039,360radioco,360 Radio Colombia,"🥺 Rescatistas de animales en Montería, #Córdoba, durante la tragedia por inundaciones, comparten el rescate de animalitos y la situación que se está viviendo en la región.",0,02/12/2026 11:19,https://www.instagram.com/reel/DUq1HhWkQ42/,Reel de Instagram,,Total,4397,3412,377,25,2,17,2
18085528829237068,17841401871496039,360radioco,360 Radio Colombia,"🏔️ El alcalde de #Medellín, @ficogutierrez, se pronunció al respecto de la reunión en #Córdoba donde el presidente #GustavoPetro dejó esperando a los alcaldes locales por bastante tiempo. El alcalde de Medellín indicó que este gobierno centralista debe mirar más a los departamentos",0,02/12/2026 10:52,https://www.instagram.com/reel/DUqx7PXEUrK/,Reel de Instagram,,Total,3137,2401,108,7,1,15,2
18148542811456780,17841401871496039,360radioco,360 Radio Colombia,"‼️ En el casco urbano del municipio de #ElCarmen, Norte de #Santander, el Ejército de Liberación Nacional (#ELN) hostigó la estación de #Policía, 

La comunidad tuvo que permanecer en sus casas, con suspensión de clases y cierre del comercio. 
Por temor, la comunidad permanece en sus casas; por tercer día consecutivo se suspenden las clases y cierra el comercio.

En respuesta, el Ejército Nacional de Colombia desplegó ofensiva militar contra el ELN.",65,02/12/2026 10:31,https://www.instagram.com/reel/DUqvsqtjhYV/,Reel de Instagram,,Total,1833,1355,46,4,0,2,0
18085803541937528,17841401871496039,360radioco,360 Radio Colombia,"💰 GeoPark consigue USD 50 millones para impulsar su crecimiento en Vaca Muerta.

El financiamiento permitirá acelerar perforación y aumentar producción en Neuquén, consolidando a Vaca Muerta como eje estratégico hacia 2028.",0,02/12/2026 10:23,https://www.instagram.com/p/DUqvPKIDoFt/,Imagen de Instagram,,Total,1452,695,20,0,0,0,0
18068090639235239,17841401871496039,360radioco,360 Radio Colombia,"🟢 #DeprtivoCali perdió 3-2 ante Inter de Bogotá en la fecha seis del fútbol colombiano. Con esta derrota, los dirigidos por Alberto #Gamero se ubican novenos en la tabla de posiciones, debajo de las expectativas que había con el equipo al inicio de año, por lo cual, algunos hinchas piden la saida del estratega samario, otros, piden tiempo para que se solidifique el equipo.",0,02/12/2026 09:53,https://www.instagram.com/reel/DUqrTSgDpF8/,Reel de Instagram,,Total,2002,1702,11,0,0,2,0
18044944889718590,17841401871496039,360radioco,360 Radio Colombia,"🇨🇴 @delaespriella_style, candidato presidencial, expuso que la nulidad de un porcentaje en sus firmas, por parte de la Registraduria Nacional, no obedece a alguna falsificación o irregularidad legal. “A todos nos restaron en la cantidad de firmas registradas, no solo a mí”, dijo #AbelardoDeLaEspriella",0,02/12/2026 09:28,https://www.instagram.com/reel/DUqok51jpYo/,Reel de Instagram,,Total,11383,8442,515,41,12,107,19
17909928927336093,17841401871496039,360radioco,360 Radio Colombia,"🚨 #Atención: #DavidMurcia denuncia que #AbelardoDeLaEspriella le pidió $760 millones de pesos para “tocar congresistas” y favorecer transporte en efectivo de la plata de pirámides.

Expone que Abelardo no le devolvió alrededor de 5 mil millones, y que si le pasa algo a él o su familia, De La Espriella será el responsable.",55,02/12/2026 09:12,https://www.instagram.com/reel/DUqm1wPju1n/,Reel de Instagram,,Total,9993,6464,96,30,1,153,15
18004595621696457,17841401871496039,360radioco,360 Radio Colombia,🚨 El saliente ministro Andrés Idarraga pidió que la DNI y el director de la #Policía evalúen señalamientos contra el general Edwin Urrego por presunto complot contra el presidente #GustavoPetro.,0,02/12/2026 08:52,https://www.instagram.com/reel/DUqkviEDl3u/,Reel de Instagram,,Total,2245,1679,27,2,0,0,0
17893331418408781,17841401871496039,360radioco,360 Radio Colombia,"🚍 En la mañana de este jueves 12 de febrero, una caravana de organizaciones de recicladores protagonizó una manifestación en la avenida El Dorado (calle 26), avanzando desde la carrera 19B hacia el occidente de la ciudad y generando congestión vehicular significativa desde las primeras horas de la mañana. ￼

La protesta, caracterizada por un plan tortuga, obligó a desviar el tráfico en varios tramos de la vía principal y a la intervención de agentes civiles y del Grupo Guía para tratar de aliviar el embotellamiento. ￼

En distintos tramos de la calle 26 y sus intersecciones, el avance lento de la caravana complicó no solo a los conductores particulares, sino también a los usuarios del sistema TransMilenio y de los servicios TransMiZonales, afectando la operación habitual de estas rutas. ￼

Aunque las autoridades de movilidad trabajaron para restablecer el flujo vehicular, las secuelas de la protesta se sintieron durante varias horas en uno de los corredores viales más importantes de la capital colombiana.",0,02/12/2026 07:10,https://www.instagram.com/reel/DUqYg4TDkle/,Reel de Instagram,,Total,2290,1959,27,1,0,0,0
18032041163586491,17841401871496039,360radioco,360 Radio Colombia,"🚨 Desde #Medellín, el presidente de la @andicolombiaoficial, Bruce Mac Master, rechazó que el Gobierno cobre impuesto al patrimonio durante la emergencia económica decretada por la crisis de las lluvias.",0,02/12/2026 06:16,https://www.instagram.com/reel/DUqS5_vjivg/,Reel de Instagram,,Total,2583,1974,41,0,0,1,0
18052359239478103,17841401871496039,360radioco,360 Radio Colombia,"🤪 Carlos Hinestroza fue campeón y goleador de la Copa Colonia, torneo departamental en #Colombia.

❤️ Tras el título, el jugador expuso que nunca había tenido tanto dinero en las manos y que si no se lo robaban se lo regalaría a su mamá.",0,02/11/2026 21:07,https://www.instagram.com/reel/DUpThBTDtGZ/,Reel de Instagram,,Total,13140,8678,760,156,2,24,26
17872977147519308,17841401871496039,360radioco,360 Radio Colombia,"🔵 #Millonarios obtuvo una victoria trabajada de 1-0 frente a #Águilas Doradas en la sexta jornada de la Liga BetPlay 2026-I, rompiendo un inicio irregular en el torneo. El gol decisivo llegó desde el punto penal en el segundo tiempo, cuando Radamel Falcao García transformó la falta en el área en el tanto que le dio la ventaja a los ‘azules’.

El compromiso se jugó bajo condiciones de lluvia en el estadio El Campín, lo que hizo más disputado el duelo. Millonarios dominó la posesión, pero las oportunidades claras se hicieron esperar para ambos equipos. Esta victoria representa un alivio para el club bogotano en su búsqueda de regularidad. ￼

Desarrollo del encuentro y momentos clave
El primer tiempo transcurrió con el balón mayormente en poder de Millonarios, aunque sin profundas ocasiones de gol que inquietaran al rival. Águilas Doradas, bien posicionado, generó algún peligro por las bandas y complicó el esquema de tres defensores de los locales. La jugada determinante llegó tras una decisión del VAR que sancionó penal a favor de Millonarios por falta sobre Andrés Llinás dentro del área. Falcao asumió la responsabilidad desde los doce pasos y colocó el balón al fondo de la red, silenciendo a la afición antioqueña visitante. ￼",0,02/11/2026 20:08,https://www.instagram.com/reel/DUpNKzcDmhy/,Reel de Instagram,,Total,2494,2055,85,4,1,2,0
18065357258282984,17841401871496039,360radioco,360 Radio Colombia,"🚨 El general Giovanni Cristancho, comandante de la #Policía Metropolitana de #Bogotá, confirmó que fallecieron las dos personas que habían resultado heridas en el tiroteo registrado en inmediaciones del Bodytech Cabrera.

El hecho ocurrió en la calle 85 #7-13, donde se presentó un intercambio de disparos que inicialmente dejó a dos personas lesionadas. Minutos después, las autoridades confirmaron que ambas víctimas murieron a causa de la gravedad de las heridas.",4,02/11/2026 15:36,https://www.instagram.com/reel/DUouEgljh9B/,Reel de Instagram,,Total,6319,3289,23,18,0,4,1
17979525638797709,17841401871496039,360radioco,360 Radio Colombia,"🤝 En la tarde de este miércoles, 11 de febrero, la precandidata presidencial, @palomavalencial, y el ex presidente de #Colombia, @alvarouribevelez, estuvieron recorriendo calles en Bogotá, compartiendo con las personas y exponiendo algunas de las propuestas del @cedemocratico. Una de ellas va dirigida a los jóvenes que no trabajan o estudian.",54,02/11/2026 15:07,https://www.instagram.com/reel/DUoqrrvjvbm/,Reel de Instagram,,Total,4268,2933,76,16,0,13,3
18090116651017663,17841401871496039,360radioco,360 Radio Colombia,"🚨 Desde #Boyacá, el aspirante presidencial @roybarreras habló sobre la denuncia disciplinaria que presentó #DavidMurcia contra el también candidato #AbelardoDeLaEspriella.",20,02/11/2026 14:50,https://www.instagram.com/reel/DUoo0S3jnCy/,Reel de Instagram,,Total,7215,4443,62,16,2,303,4
17923911606248955,17841401871496039,360radioco,360 Radio Colombia,"🏦 @tuya_s.a, @bancodebogota, y @somosbold.co, lideran el ranking de las entidades financieras con mejores tasas de interés para invertir en Certificado de Depósito a Término (CDT), según la Superfinanciera Colombia. @avvillas y @bancocontactaroficial completan el top cinco, en una medición que se hizo con tasa de captación promedio ponderada a 360 días.",0,02/11/2026 14:21,https://www.instagram.com/p/DUolrTejjdo/,Secuencia de Instagram,,Total,46138,24867,546,334,118,12,224
18112123885647832,17841401871496039,360radioco,360 Radio Colombia,"🎶 #Maluma confirmó la fecha de lanzamiento de la canción inédita que grabó junto a #YeisonJiménez, justo cuando se cumple un mes de su partida. El anuncio lo hizo a través de sus redes sociales, donde compartió un emotivo mensaje recordando que este proyecto era uno de los sueños que ambos tenían pendientes.

💿 El tema, que verá la luz en plataformas digitales el jueves 12 de febrero, representa la unión de dos géneros y dos generaciones que marcaron la industria nacional. En el adelanto publicado se observa a Yeison escuchando la canción, un momento que ha sido interpretado como un homenaje íntimo y poderoso. La expectativa crece por lo que sería uno de los lanzamientos más significativos del año.

🇨🇴 A un mes de su fallecimiento, el estreno toma un valor simbólico especial para sus fanáticos y colegas. La colaboración no solo promete impacto musical, sino también emocional, al convertirse en un tributo póstumo a su legado. Con este lanzamiento, su voz volverá a sonar y su recuerdo seguirá vigente en la escena artística del país.",58,02/11/2026 13:10,https://www.instagram.com/reel/DUodj47jl8s/,Reel de Instagram,,Total,6820,5135,121,9,1,0,2
18057827681364374,17841401871496039,360radioco,360 Radio Colombia,"🐶 Dos perritos fueron refugiados por un hombre en #Córdoba, en medio delas innumerables en el departamento. En carretilla y con sus cosas, protegió a los animales.",14,02/11/2026 11:45,https://www.instagram.com/reel/DUoT4dYjm03/,Reel de Instagram,,Total,3212,2310,170,2,0,2,1
17937224907149820,17841401871496039,360radioco,360 Radio Colombia,"📊 Confianza del consumidor baja en enero: ¿qué significa para tus decisiones de compra?

El Índice de Confianza del Consumidor (ICC) se ubicó en 18,2% en enero de 2026, lo que representa:

▪️ 📉 -1,7 puntos porcentuales frente a diciembre (19,9%)
▪️ 📈 +19,3 puntos porcentuales frente a enero de 2025 (-1,1%)

La caída mensual se explicó por una reducción de 7,2 puntos en el Índice de Condiciones Económicas, aunque fue parcialmente compensada por un aumento de 1,9 puntos en el Índice de Expectativas.

Pero hay un dato clave para quienes están pensando en comprar:

🏠 La disposición a comprar vivienda disminuyó.
🚗 También cayó la intención de comprar vehículo.
🛋️ Y bajó la disposición a adquirir bienes durables.",0,02/11/2026 11:30,https://www.instagram.com/p/DUoSFNNkfGQ/,Imagen de Instagram,,Total,10060,5499,96,26,11,4,14
17978824277976173,17841401871496039,360radioco,360 Radio Colombia,"🎶 #CarlosVives regresará a los escenarios de #Colombia tras ocho años sin girar por el país con su nueva gira Tour al Sol, una experiencia musical que promete reconectar al público con la esencia de su legado artístico. El anuncio se dio en Bogotá acompañado de la presentación de su nuevo sencillo Te Dedico, que marca una nueva etapa en su carrera musical.

☀️ El Tour al Sol recorrerá seis ciudades del país entre septiembre y noviembre de 2026, con fechas confirmadas en Ibagué, Bogotá, Bucaramanga, Medellín, Pereira y Cali, llevando su música tanto a fanáticos clásicos como a nuevas generaciones. En Bogotá, el tour tendrá presentaciones especiales en el Movistar Arena, incluyendo funciones para adultos y para niños. ￼

Más allá de Colombia, Tour al Sol también forma parte de una amplia gira internacional que incluye paradas en Canadá, Estados Unidos y Puerto Rico, consolidando a Vives como un embajador cultural de la música latina en el exterior. Esta nueva etapa artística también pone en escena su capacidad de innovar manteniendo sus raíces, mezclando clásicos con su más reciente propuesta sonora. La boletería ya está disponible y promete ser uno de los eventos musicales más esperados del año. ￼",54,02/11/2026 11:00,https://www.instagram.com/reel/DUoOpJIjvWJ/,Reel de Instagram,,Total,2338,2003,44,2,0,0,2
18162322192369937,17841401871496039,360radioco,360 Radio Colombia,"🚨 La Agencia Nacional de Hidrocarburos (@ANHColombia) tiene nuevo presidente: se trata Pablo Yesid Fajardo llega, tras la salida de Orlando Velandia.",0,02/11/2026 10:23,https://www.instagram.com/p/DUoKYDgDqTT/,Imagen de Instagram,,Total,2102,1044,9,2,0,0,0
18504018559077067,17841401871496039,360radioco,360 Radio Colombia,"👀 En video quedó registrado el momento en el que, presuntamente, el Presidente de la República, @gustavopetrourrego, está acompañado de su nueva pareja sentimental en la isla de Gorgona. Aún no hay pronunciamiento oficial al respecto.",5,02/11/2026 09:30,https://www.instagram.com/reel/DUoEZXVDoOA/,Reel de Instagram,,Total,43011,13261,234,56,7,125,29
18132258088508154,17841401871496039,360radioco,360 Radio Colombia,"📍 Un ataque armado contra una patrulla policial en el nororiente de #Medellín dejó a dos uniformados heridos y a un presunto agresor capturado, informó el alcalde Federico Gutiérrez (@ficogutierrez) tras el hecho ocurrido en la noche del martes mientras los agentes realizaban labores de control rutinario.

🔫 Según el reporte oficial, al solicitar la señal de pare a una moto sospechosa, el parrillero abrió fuego contra los policías, quienes resultaron lesionados y fueron trasladados a centros asistenciales para atención médica; uno de ellos deberá ser intervenido quirúrgicamente.

👮‍♂️ Tras el intercambio de disparos, las autoridades neutralizaron al atacante y dejaron al conductor de la moto a disposición de la #Fiscalía General de la Nación, mientras continúan las investigaciones para establecer si hay vínculos con estructuras criminales que operan en la zona.",80,02/11/2026 08:50,https://www.instagram.com/reel/DUn_0x2Dv0o/,Reel de Instagram,,Total,6446,3834,76,6,1,11,8
18070982630423622,17841401871496039,360radioco,360 Radio Colombia,"🐃 Una búfala guía a su cría mientras atraviesan un río inundado en #Córdoba, enfrentando las fuertes corrientes causadas por las recientes lluvias.",22,02/11/2026 08:00,https://www.instagram.com/reel/DUn6F10Dnwj/,Reel de Instagram,,Total,11312,7521,768,97,2,14,11
18117680593719284,17841401871496039,360radioco,360 Radio Colombia,"🇨🇴 El papa León XIV hizo un llamado de solidaridad con #Colombia tras las graves inundaciones que han afectado al país, encomiando a las víctimas y damnificados en su audiencia general en el Vaticano.

📣 Durante sus saludos en español, el pontífice instó a toda la comunidad internacional a apoyar a las familias afectadas con caridad y oración, subrayando la importancia de la ayuda solidaria.

💧 Esta solicitud de apoyo ocurre en medio de una emergencia climática que ha dejado miles de hogares dañados y múltiples regiones en situación crítica por las lluvias extremas.",24,02/11/2026 07:45,https://www.instagram.com/reel/DUn4ZMSjqNt/,Reel de Instagram,,Total,1763,1535,46,0,1,2,1
18062843768313869,17841401871496039,360radioco,360 Radio Colombia,"📍 Radamel Falcao estuvo a punto de volver al fútbol europeo antes de su llegada a Millonarios, con el club portugués Estrela da Amadora de la Primeira Liga como posible destino para el goleador colombiano. Según medios europeos, el equipo lusitano fue el principal interesado y mantuvo conversaciones con el delantero, buscando reforzar su ataque en la segunda mitad de la temporada.

⚽ Sin embargo, la negociación no prosperó debido a factores financieros y dudas sobre el aporte del jugador cerca de los 40 años, lo que abrió paso a su sorprendente decisión de regresar al fútbol colombiano con Millonarios. Esta opción, más emocional y estratégica para su carrera, permitió a Falcao enfocarse en su preparación rumbo al Mundial 2026 y continuar activo en el fútbol competitivo.

🔥 La cercanía del Estrela da Amadora no solo resaltó la vigencia internacional del samario, sino también cómo las decisiones de carrera pueden combinar elementos deportivos, económicos y personales.",0,02/11/2026 07:12,https://www.instagram.com/p/DUn0oYpkuCJ/,Imagen de Instagram,,Total,5422,3145,59,10,0,5,1
18092984852048232,17841401871496039,360radioco,360 Radio Colombia,"🇨🇴 En video quedó registrado el momento en el que una señora de la tercera edad baila vallenato, en medio de una exposición del partido #CentroDemocrático. En medio del baile, el ex presidente @alvarouribevelez se une a la señora, mientras de fondo el presentador dice “por Dios abuelita, qué son esos pasos”",0,02/11/2026 05:55,https://www.instagram.com/reel/DUnrQjfDpym/,Reel de Instagram,,Total,3277,2518,77,106,0,7,1
17893499109408222,17841401871496039,360radioco,360 Radio Colombia,"⚽️ El fichaje de Jhon Arias por #Palmeiras no solo representa un salto deportivo, sino también un movimiento económico de alto calibre en el fútbol sudamericano. El colombiano se convirtió en uno de los jugadores mejor remunerados del club y del Brasileirao, reflejo de su rendimiento sostenido y su impacto en el mercado internacional. Según cifras reveladas, Arias percibe alrededor de $63 millones de pesos colombianos por día, una cifra que dimensiona el nivel del contrato firmado. Su llegada confirma la apuesta de Palmeiras por talento probado y con proyección global.

💵 En términos semanales, el salario del atacante colombiano ronda los $438 millones de pesos, mientras que mensualmente supera los $1.900 millones, cifras que lo ubican en un escalón salarial reservado solo para figuras del continente. A lo largo del año, sus ingresos ascienden a aproximadamente $22.800 millones de pesos colombianos, consolidándolo como uno de los futbolistas colombianos mejor pagos en la actualidad. 

Más allá del impacto individual, el caso de Jhon Arias refleja una tendencia clara: los clubes sudamericanos están dispuestos a invertir cifras millonarias para retener y atraer talento de élite.",0,02/10/2026 20:24,https://www.instagram.com/p/DUmqb5TEnaL/,Imagen de Instagram,,Total,320578,190343,3658,1417,27,86,93
17943142736981752,17841401871496039,360radioco,360 Radio Colombia,"❄️ La temporada invernal en el norte de #Colombia ha mostrado su lado más duro, especialmente en Córdoba, Sucre y otros territorios afectados por fuertes inundaciones que han dejado miles de familias en situación crítica.

🇨🇴 El Gobierno Nacional ha planteado la necesidad de reactivar un decreto de emergencia económica para disponer de recursos adicionales que permitan responder con rapidez a la magnitud del desastre. Esta medida busca enfrentar no solo la atención inmediata, sino también la recuperación económica de zonas gravemente golpeadas por el clima. ￼

🥶 Desde #Montería, el ministro del Interior, Armando Benedetti, reforzó la solicitud al asegurar que se analiza la posibilidad de que la Corte Constitucional levante la suspensión del decreto que estaba vigente y así habilitar recursos que no están presupuestados dentro de los gastos corrientes.",24,02/10/2026 19:00,https://www.instagram.com/reel/DUmg3FVjqFK/,Reel de Instagram,,Total,3785,2880,33,0,0,38,2
17858529648547468,17841401871496039,360radioco,360 Radio Colombia,"🚨 Iván Cepeda, candidato presidencial por el #PactoHistórico, expuso que no votarán interpartidistas y que invitan a votar por la lista al Senado y Cámara de Representantes.

Además, hizo referencia al presidente #GustavoPetro, exponiendo que recibe calumnias y ataques todos los días y por eso lo deben apoyar.",45,02/10/2026 17:50,https://www.instagram.com/reel/DUmY1OyDmry/,Reel de Instagram,,Total,6037,3991,57,2,0,113,3
18108990073685138,17841401871496039,360radioco,360 Radio Colombia,"🐯⚽️ Radamel #Falcao García cumple 40 años y su historia no solo se mide en goles, sino en cifras que lo convierten en una de las marcas deportivas más sólidas que ha dado #Colombia. Desde su debut profesional hasta su paso por las grandes ligas de Europa, el ‘Tigre’ construyó una carrera que combinó rendimiento, disciplina y alto valor en el mercado internacional. Cada transferencia, cada contrato y cada patrocinio consolidaron su posición como referente del fútbol colombiano en el mundo. Su nombre trascendió lo deportivo para convertirse en sinónimo de prestigio y rentabilidad.

🌎 En clubes como Porto, Atlético de Madrid, Mónaco, Manchester United y Chelsea, Falcao no solo dejó huella en el marcador, sino también en los balances financieros. Fue protagonista de fichajes multimillonarios que marcaron récords en su momento y ayudaron a posicionar a sus equipos en mercados estratégicos. Sus goles en finales europeas y su protagonismo en torneos internacionales elevaron su cotización y la visibilidad del talento colombiano. A eso se suman contratos publicitarios con marcas globales que fortalecieron su perfil como activo comercial.

A los 40 años, Falcao representa más que una leyenda deportiva: es un caso de éxito económico en la industria del fútbol. Su trayectoria demuestra cómo el rendimiento sostenido, la imagen bien gestionada y la proyección internacional pueden convertir a un futbolista en una plataforma de negocio. Para Colombia, su carrera también significó posicionamiento de marca país y apertura de puertas para nuevas generaciones. Hoy el ‘Tigre’ celebra cuatro décadas con un legado que impactó tanto en la cancha como en los números.",0,02/10/2026 17:15,https://www.instagram.com/p/DUmU1DjDiQz/,Secuencia de Instagram,,Total,2815,1269,48,2,0,0,2
18448622881099956,17841401871496039,360radioco,360 Radio Colombia,"🚨 La senadora Aída Quilcué se pronunció desde #Popayán tras haber sido rescatada, asegurando que se encuentra bien y agradeciendo tanto a #Dios como a los “espíritus” por su estado de salud y seguridad. Dijo que, aunque fue retenida por un grupo armado que no se identificó, logró salir ilesa junto con su equipo de seguridad. ￼

Quilcué también agradeció la solidaridad y el apoyo recibido por parte de la ciudadanía y de distintas organizaciones, destacando el esfuerzo de quienes hicieron posible su liberación. Su mensaje transmite alivio tras horas de incertidumbre tras la denuncia inicial de su presunta detención en la vía entre Inzá y Totoró, en el Cauca. 
￼
Las autoridades, incluida la Guardia Indígena y la Fuerza Pública, estuvieron activas en la búsqueda y localización de la congresista tras la alerta por su desaparición y el hallazgo de su vehículo abandonado en la carretera. Este pronunciamiento de Quilcué brinda calma sobre su situación después de un evento que generó amplia atención y preocupación nacional.",0,02/10/2026 16:07,https://www.instagram.com/reel/DUmNAfAjqW-/,Reel de Instagram,,Total,3141,2369,26,2,0,30,2
18078002576595165,17841401871496039,360radioco,360 Radio Colombia,"🇨🇴 El presidente de #Colombia, @gustavopetrourrego, se dirigió a los alcaldes municipales que lo esperaron durante horas en el consejo de ministros en #Monteria, haciendo un llamado al respeto. “No estamos en un foro ni en una fiesta”, dijo.",50,02/10/2026 15:44,https://www.instagram.com/reel/DUmKLyJjgpC/,Reel de Instagram,,Total,1012,707,10,0,1,3,1
17913266763294968,17841401871496039,360radioco,360 Radio Colombia,"🇨🇴 El presidente @gustavopetrourrego, advirtió durante el consejo de ministros en #Montería que querían atentad contra su físico.

🗣️ “Quieren dañar al presidente físicamente”, dijo el mandatario.",0,02/10/2026 15:34,https://www.instagram.com/reel/DUmJKDdjtHV/,Reel de Instagram,,Total,3016,1877,31,9,0,76,5
17933105526175111,17841401871496039,360radioco,360 Radio Colombia,"🚍 La movilidad en la Carrera Décima de #Bogotá presenta afectaciones por manifestaciones que se concentran en este corredor vial, generando cierres intermitentes y congestión en ambos sentidos. La presencia de manifestantes ha obligado a restringir el paso vehicular en varios tramos, especialmente en horas de alta demanda.

🤝 Las protestas han impactado el tránsito de vehículos particulares, transporte público y rutas del SITP, con desvíos preventivos establecidos por las autoridades. Algunos buses han tenido que modificar sus recorridos para evitar la zona, lo que ha provocado retrasos en los desplazamientos habituales de los usuarios.

La Secretaría de Movilidad recomienda evitar la Carrera Décima, tomar rutas alternas y mantenerse informado por los canales oficiales. Agentes de tránsito hacen presencia en el sector mientras se controla la situación y se busca restablecer la circulación con normalidad.",10,02/10/2026 14:48,https://www.instagram.com/reel/DUmDuCBDk5U/,Reel de Instagram,,Total,2578,2079,23,1,1,0,0
17904099969358758,17841401871496039,360radioco,360 Radio Colombia,"😧 En la localidad de Suba, en #Bogotá, un hombre de 27 años fue capturado tras agredir a un policía y causar daños a un vehículo oficial de la #Policía Nacional, hechos que quedaron registrados en video y difundidos en redes sociales. El sujeto, visiblemente alterado, golpeó repetidamente la patrulla mientras el uniformado intentaba calmarlo, lo que derivó en un enfrentamiento físico en plena vía pública. ￼

El agresor no se detuvo solo en dañar el vehículo institucional, sino que también atacó físicamente al agente, provocándole lesiones en el rostro, según comunicó la Policía Metropolitana de Bogotá, que calificó el episodio como un acto de intolerancia y peligro para la convivencia ciudadana. ￼

Tras la difusión del video del incidente, las autoridades actuaron rápidamente y lograron la captura del hombre en el mismo lugar, evitando que la situación se intensificara aún más. ￼",0,02/10/2026 14:15,https://www.instagram.com/reel/DUmAE07DjMf/,Reel de Instagram,,Total,8077,5904,98,2,1,33,1
17999988833894607,17841401871496039,360radioco,360 Radio Colombia,"✈️ Una avioneta monomotor realizó un aterrizaje de emergencia en una concurrida carretera de Gainesville, #Georgia, tras experimentar problemas en el motor poco después de despegar del aeropuerto local. El piloto y su acompañante, un estudiante, decidieron descender sobre Browns Bridge Road, una vía muy transitada, cuando se dieron cuenta de que no podían volver al aeropuerto. Durante la maniobra la aeronave chocó contra tres vehículos, causando daños materiales significativos pero sin víctimas fatales. Las autoridades locales y la Administración Federal de Aviación (FAA) señalaron que fue sorprendente que no hubiera heridos graves ni muertes en un evento de este tipo. ￼

Según los informes oficiales, el piloto perdió potencia en el motor tras despegar y no tuvo otra opción que aterrizar de emergencia en medio del tráfico, una decisión que, aunque arriesgada, evitó una tragedia mayor. Testigos describieron la escena como impactante, con la avioneta descendiendo entre cientos de vehículos hasta impactar con algunos de ellos. Dos personas fueron trasladadas a un hospital con heridas leves tras el choque, pero se considera que la rápida reacción del piloto ayudó a minimizar las consecuencias. La carretera fue temporalmente cerrada para permitir la atención de los heridos y la limpieza del lugar. ￼",0,02/10/2026 13:31,https://www.instagram.com/reel/DUl7LHkkdRq/,Reel de Instagram,,Total,4066,3006,32,8,0,0,1
18560516716034561,17841401871496039,360radioco,360 Radio Colombia,"🚨🇨🇴 El presidente Gustavo #Petro se pronunció públicamente tras el presunto secuestro de la senadora indígena Aida Quilcué, hecho ocurrido mientras la congresista transitaba por la vía entre Inzá y Totoró, en el departamento del Cauca. Fuentes oficiales indicaron que la camioneta en la que se movilizaba fue hallada vacía, lo que alimentó las versiones de que ella y su equipo fueron interceptados por hombres armados. Ante los hechos, el mandatario expresó su profunda condena y aseguró que desde el Gobierno se están activando todos los mecanismos para esclarecer la situación y localizar a la senadora. ￼

Durante un Consejo de Ministros en #Montería, Córdoba, Petro calificó la retención de la senadora como una agresión grave contra los pueblos indígenas del país, enfatizando que este tipo de actos no solo afecta a una persona sino que marca un mensaje contra comunidades históricamente vulnerables. Según sus palabras, “donde no la suelten es un grito de guerra contra todos los indígenas del país”, reflejando la sensibilidad y tensión que genera la situación entre líderes políticos e indígenas. ￼

La reacción del presidente también incluyó la coordinación de esfuerzos entre su gabinete y las comunidades locales para avanzar en la búsqueda de Quilcué y su equipo de seguridad, mientras las autoridades intensifican operativos en la zona. El caso ha generado amplia atención nacional y regional, con reacciones de diferentes sectores políticos y sociales ante la inseguridad en el Cauca. Las búsquedas continúan y la situación sigue en desarrollo, esperando más información oficial y novedades sobre el paradero de la senadora.",0,02/10/2026 13:15,https://www.instagram.com/reel/DUl5VTTkZh3/,Reel de Instagram,,Total,2550,1959,24,1,0,15,0
18083228057239572,17841401871496039,360radioco,360 Radio Colombia,"🌎 El Valle del Cauca sigue creciendo en el comercio internacional. En 2025, el departamento exportó USD 2.753 millones, con un crecimiento del 15,4% frente a 2024.

📦 7 de sus 10 principales destinos aumentaron compras, liderados por Estados Unidos.

⬆️ Crecieron las exportaciones hacia:
EE. UU., España, Panamá, República Dominicana, Perú, Ecuador y Venezuela.

⬇️ Registraron caída:
México (-1,1%), Chile (-6,9%) y China (-19,9%).

📊 Más productos, más empresas y mayor diversificación exportadora consolidan al Valle del Cauca como uno de los motores del comercio exterior en Colombia.

#Cali #Valledelcauca @camaracali",0,02/10/2026 11:20,https://www.instagram.com/p/DUlsND0EczP/,Imagen de Instagram,,Total,1431,749,19,3,1,0,3
17931127737042613,17841401871496039,360radioco,360 Radio Colombia,"✈️ Un avión de Starsky Aviation (StarSky) tuvo un incidente tras despegar del aeropuerto Aden Abdulle y, al intentar regresar, realizó un aterrizaje de emergencia que terminó con la aeronave fuera de pista, en la zona costera cercana al aeropuerto. La Autoridad de Aviación Civil confirmó que las 55 personas a bordo evacuaron con vida y que no se reportan fallecidos hasta el momento. Investigación abierta. #actualidad #aviones",45,02/10/2026 11:10,https://www.instagram.com/reel/DUlrFp0kb3n/,Reel de Instagram,,Total,7417,4902,60,17,1,1,1
17925185589218459,17841401871496039,360radioco,360 Radio Colombia,"⚽️ James Rodríguez ha entrado en la historia de la Major League Soccer (MLS) al posicionarse en el top 3 de los futbolistas latinos más caros que han jugado en la liga norteamericana tras su llegada al Minnesota United. Su fichaje ha generado expectativa y atención mediática, consolidando su lugar entre los nombres más importantes que han pasado por la competición. Aunque su valor de mercado actual es menor que en sus mejores años, la influencia de su trayectoria le permite figurar en este selecto grupo histórico. Este reconocimiento no solo destaca su valor económico, sino también su impacto en el fútbol internacional.

🇨🇴 La presencia de James en este ranking histórico responde en parte al enorme valor que alcanzó durante su carrera, especialmente cuando el Real Madrid pagó cifras millonarias por su fichaje en 2014, un punto alto de su trayectoria. Aunque ahora su cotización ronda los 2 millones de euros según Transfermarkt, esa valoración histórica lo sitúa entre figuras de renombre que han jugado en la MLS.

📰 Para conocer cuáles son los otros dos latinoamericanos que conforman el top tres, escriba “Historia” en los comentarios y se la hacemos llegar a su DM.",0,02/10/2026 10:23,https://www.instagram.com/p/DUllkSmjroz/,Imagen de Instagram,,Total,3782,2079,44,9,0,3,0
18095614546752173,17841401871496039,360radioco,360 Radio Colombia,"📢 Las consultas interpartidistas de 2026 en Colombia llegan desdibujadas. La ausencia de figuras clave como @ivancepedacastr, @sergiofajardovalderrama y @delaespriella_style cambia la dinámica de los bloques políticos y deja un escenario más abierto para otros aspirantes. Los votantes verán en los tarjetones solo a quienes aceptaron participar y fueron avalados por los partidos y coaliciones.

🗳️ Estos mecanismos permiten que los partidos definan un candidato único por bloque antes de la primera vuelta presidencial. La Registraduría Nacional organiza y ejecuta la jornada, mientras que el CNE regula y avala los participantes. Cada ciudadano solo puede votar en un bloque, lo que significa que las ausencias alteran la fuerza política visible en cada consulta.

⚠️ El impacto de estas ausencias es tangible: algunos candidatos fuertes pasarán directamente a la primera vuelta, mientras que otros tendrán que consolidar su apoyo dentro de los bloques activos. Esto afecta la estrategia de las coaliciones y permite que opciones emergentes ganen visibilidad. Desliza para entender cómo funcionan los tarjetones y quiénes estarán en cada bloque.",0,02/10/2026 10:00,https://www.instagram.com/p/DUli91SDkqA/,Secuencia de Instagram,,Total,1878,703,22,2,0,0,2
18093474295951571,17841401871496039,360radioco,360 Radio Colombia,"🐴 Hoy, 10 de febrero de 2026, se cumple un mes desde la trágica muerte del cantante #YeisonJiménez, ocurrido en un accidente de avioneta en la vereda Romita, en Paipa, Boyacá, cuando viajaba rumbo a un concierto en #Medellín. En ese lugar, donde la aeronave se precipitó poco después del despegue, hoy miles de admiradores han convertido el sitio en un espacio de memoria y homenaje. Personas de todas las edades llegan con flores, camisetas y fotografías para recordar al artista de 34 años. El campo que fue escenario de la tragedia ahora es un punto de recogimiento, donde muchos reflexionan y rezan por su alma y la de sus compañeros. Esta fecha marca un momento especial de recuerdo para sus seguidores en todo el país. ￼

🎤 A raíz del accidente, los restos de la avioneta y las pertenencias de los ocupantes fueron retirados días después, pero el lugar ha seguido recibiendo visitas constantes. Hoy se erige un pequeño altar improvisado con objetos que simbolizan el cariño de sus fans y la huella que dejó en la música popular colombiana. Algunos llegan a poner de fondo su tema “Destino final”, que se volvió de los más escuchados tras la noticia de su fallecimiento. Es un testimonio del impacto emocional que causó su partida y cómo, un mes después, la memoria colectiva sigue viva. ￼

🎶 Este primer mes desde su muerte también ha estado marcado por distintos homenajes y noticias relacionadas con su legado, así como reflexiones sobre la investigación del accidente que todavía continúa. La ausencia de una conclusión final sobre las causas exactas mantiene expectantes a muchos, mientras que en redes y medios se rememoran detalles de su vida y carrera. Así, a un mes de su partida, la figura de Yeison Jiménez sigue siendo motivo de emotivo recuerdo y homenaje entre sus seguidores.",0,02/10/2026 09:38,https://www.instagram.com/reel/DUlfvy2Dhf-/,Reel de Instagram,,Total,8089,10185,395,18,17,7,16
18050701004485885,17841401871496039,360radioco,360 Radio Colombia,"😧 Sobrevuelo con dron permite ver la afectación por creciente del río #Mulatos, que ocasionó el colapso del puente de la vía Transversal de las #Américas, que comunica a Necoclí y el Urabá Antioqueño con Arboletes y Montería.",0,02/10/2026 08:40,https://www.instagram.com/reel/DUlZjuPjrHU/,Reel de Instagram,,Total,10658,6777,162,67,0,10,8
17957942805093877,17841401871496039,360radioco,360 Radio Colombia,"📢 Miguel Uribe Londoño (@migueluribel) oficializará este martes 10 de febrero su candidatura presidencial al recibir el aval, luego de un complejo reacomodo político tras su salida del Centro Democrático.
￼
📍 El anuncio será en Bogotá, donde presentará sus propuestas y su visión para liderar el país en las elecciones de 2026. ￼

💬 Uribe Londoño ha dicho que su campaña buscará unidad y continuar las banderas políticas de su hijo, el fallecido senador Miguel Uribe Turbay. 

📰 Para conocer cuál partido avalará a Londoño, escriba “Historia” en los comentarios y se la hacemos llegar a su DM.",0,02/10/2026 06:30,https://www.instagram.com/p/DUlLB4UjqNQ/,Imagen de Instagram,,Total,22964,13516,186,23,1,60,10
18426317377191330,17841401871496039,360radioco,360 Radio Colombia,"🎉 Hoy, 10 de febrero, Radamel Falcao García cumple 40 años, celebrando una carrera legendaria en el fútbol mundial.

🏆 Con una trayectoria que incluye títulos de liga, copas internacionales y hazañas con clubes europeos y la Selección Colombia, “El Tigre” sigue siendo ícono del deporte.

💛 Hoy la afición lo recuerda por su agresividad, goles decisivos y liderazgo dentro y fuera de la cancha.",31,02/10/2026 05:30,https://www.instagram.com/reel/DUlEJ9IDmLu/,Reel de Instagram,,Total,1857,1637,43,1,0,2,1
18334745461246139,17841401871496039,360radioco,360 Radio Colombia,"🚨 Un fuerte accidente múltiple en el Alto de La Línea dejó 1 persona muerta y varios heridos tras un tractocamión perder el control y arrollar varios vehículos entre #Calarcá y #Cajamarca.
￼
📹 El siniestro quedó registrado en video y provocó cierre total de la vía, complicando la movilidad en uno de los corredores viales más importantes del país. 
￼
🔍 Autoridades investigan las causas, entre ellas posible falla mecánica o de frenos, mientras equipos de emergencia atienden a los lesionados.",0,02/10/2026 04:39,https://www.instagram.com/reel/DUk-MQCDmbb/,Reel de Instagram,,Total,28375,17816,288,128,6,17,24
18032118059786926,17841401871496039,360radioco,360 Radio Colombia,"🥹 Angustiante momento en que un perrito es arrastrado por fuerte corriente durante las inundaciones que afectan a Córdoba. En medio de la emergencia, un joven decidió arriesgar su vida para rescatarlo y, tras varios minutos de esfuerzo, logró sacarlo del agua sano y salvo.",0,02/09/2026 19:41,https://www.instagram.com/reel/DUkAsyDDsf8/,Reel de Instagram,,Total,5027,3499,214,3,0,7,1
18171944584382069,17841401871496039,360radioco,360 Radio Colombia,"📣 La representante a la Cámara y candidata al #Senado por la @partidoalianzaverde, @mirandabogota, encendió la polémica al denunciar que el Gobierno Nacional firmó contratos de publicidad con RTVC por más de $70.000 millones de pesos justo cuatro días antes de que entrara en vigor la Ley de Garantías, un periodo en el que las contrataciones del Estado quedan restringidas por el calendario electoral. La denuncia llega en medio de una emergencia económica y ambiental que afronta el país, lo que ha intensificado las críticas sobre el uso de esos recursos públicos. ￼

💰 Según Miranda, cerca del 90 % de ese presupuesto —más de $64.000 millones— quedó concentrado en RTVC, mientras que otros contratos más pequeños fueron adjudicados a distintas carteras del Estado. La congresista también comparó estas cifras con las de periodos anteriores, señalando un incremento de más del 4.000 % respecto a lo gastado en el mismo periodo bajo administraciones pasadas, un argumento que ha generado debates sobre transparencia y posible uso político de la pauta institucional. ￼

⚖️ Además de cuestionar el momento y la escala de estas contrataciones, Miranda anunció que trasladó esta denuncia ante la Contraloría y la Procuraduría para que investiguen posibles irregularidades, y puso en duda la imparcialidad de los medios públicos en contexto electoral. Voces de la oposición también han pedido revisar si la pauta institucional está cumpliendo con los principios de neutralidad informativa que deben regir en periodos preelectorales.",0,02/09/2026 19:25,https://www.instagram.com/reel/DUj-w67DjA4/,Reel de Instagram,,Total,7445,6189,325,144,1,35,12
18359988103204971,17841401871496039,360radioco,360 Radio Colombia,"🏈🎤 El show de medio tiempo de #BadBunny en el #SuperBowlLX batió récords históricos, convirtiéndose en el Halftime Show más visto de todos los tiempos con 135,4 millones de espectadores a nivel mundial, superando marcas previas de estrellas legendarias. ￼

📊 La actuación predominante en español, con un mensaje cultural y simbólico potente, encabeza ahora el ranking de los shows más vistos, dejando atrás presentaciones de Kendrick Lamar, Michael Jackson y Rihanna, entre otros íconos musicales. ￼

🌍 Más allá de cifras, la presencia de Bad Bunny en este escenario global refleja la creciente influencia de la música latina y su impacto cultural en audiencias de todo el mundo.",0,02/09/2026 19:07,https://www.instagram.com/reel/DUj8sJ7DiL3/,Reel de Instagram,,Total,7980,5514,74,1,0,3,10
18077795738062814,17841401871496039,360radioco,360 Radio Colombia,"📍 Córdoba está viviendo una emergencia histórica por las intensas lluvias que han azotado el norte y noroeste de Colombia, dejando al menos 14 personas muertas y cerca de 9.000 viviendas destruidas entre los departamentos de Córdoba y Sucre. La magnitud del desastre ha inundado casi la totalidad del territorio, desplazando a miles de familias y provocando pérdidas materiales incalculables. ￼

💧 La ola de lluvias extremas, asociada a fenómenos climáticos atípicos y al ingreso de un frente frío, ha desbordado ríos y sumergido pueblos enteros, obligando a residentes a buscar refugio y afectando infraestructura, cultivos y vías de comunicación. Cifras oficiales también reportan que decenas de miles de familias están damnificadas y que la situación ha generado un riesgo real de inseguridad alimentaria en la región. ￼

🚑 Frente a esta tragedia, las autoridades han activado protocolos de atención y buscan decretar emergencia nacional, mientras comunidades enteras luchan por recuperarse y piden ayuda humanitaria. En medio de inundaciones inusuales para la temporada, la prioridad sigue siendo salvar vidas y garantizar el apoyo necesario para miles de personas afectadas por este desastre climático sin precedentes. ￼",0,02/09/2026 16:30,https://www.instagram.com/reel/DUjp7TqDvS-/,Reel de Instagram,,Total,6788,4744,133,26,3,6,5
17858420310546748,17841401871496039,360radioco,360 Radio Colombia,"⚽️ En un clásico vibrante de la Primeira Liga portuguesa, #SportingdeLisboa visitó al poderoso #FCPorto en un estadio repleto y cargado de tensión. Desde el pitazo inicial, ambos equipos se entregaron al máximo, con defensas sólidas y pocas ocasiones claras, en un duelo táctico que mantuvo a todos al borde del asiento. ￼

⚽ Cuando parecía que el tiempo había decidido al ganador y el marcador favorecía al local 1-0, Luis Suárez emergió como héroe en el último suspiro del encuentro. Tras una jugada polémica dentro del área y un disparo atajado por el portero, el ariete colombiano estuvo atento al rebote y anotó el empate al minuto 90+10’, desatando la locura entre la hinchada visitante. ￼

📊 El empate 1-1 no solo refleja la igualdad en el campo, sino que mantiene la lucha por el título más viva que nunca, con Porto conservando la ventaja en la cima mientras Sporting sigue presionando desde cerca. Un clásico de corazón, pasión y fútbol hasta el último segundo.",0,02/09/2026 15:41,https://www.instagram.com/reel/DUjlI3Fjl44/,Reel de Instagram,,Total,8320,5534,206,2,1,0,6
17981082323955935,17841401871496039,360radioco,360 Radio Colombia,"✈️ Medellín marcó un nuevo récord histórico en 2025 con más de 1,2 millones de turistas extranjeros llegando a la ciudad, consolidándola como uno de los destinos más atractivos de Colombia.

🌍 La cifra representa un crecimiento de dos dígitos frente al año anterior y refleja el auge del turismo internacional en la “Ciudad de la Eterna Primavera”.

Ante este panorama, expertos y autoridades coinciden en que Medellín no puede apostar únicamente por aumentar el volumen de visitantes. La estrategia pasa por atraer turistas de mayor valor agregado, capaces de generar un impacto económico más significativo y sostenible. En ese sentido, el turismo médico aparece como uno de los sectores con mayor proyección, gracias a inversiones crecientes, estancias más largas y una demanda menos estacional.

Para conocer cuánto fue el incremento, escriba ""Historia"" en los comentarios, y se la enviamos a su DM.",0,02/09/2026 15:00,https://www.instagram.com/p/DUjghyNDLV7/,Imagen de Instagram,,Total,2435,1376,28,0,0,0,2
18034676438573517,17841401871496039,360radioco,360 Radio Colombia,"🎤 Bad Bunny en el Super Bowl: el negocio detrás del show

1️⃣ Exposición global sin sueldo:
Bad Bunny no cobra por actuar en el halftime show del Super Bowl — es tradición de la NFL que el artista no reciba pago directo. En lugar de salario, obtiene la mejor publicidad del planeta. ￼

2️⃣ Audiencia récord de todos los tiempos
Su espectáculo fue el más visto en la historia del Super Bowl, con aproximadamente 135,4 millones de espectadores en televisión y plataformas. ￼

3️⃣ Inversión millonaria en producción
La producción del halftime show está valorada entre US$10 y 15 millones, pagada por la NFL y sus patrocinadores. ￼

4️⃣ Boom digital inmediato
Tras su presentación, sus canciones alcanzaron picos enormes en streaming: en Apple Music algunas entraron al Top 10 Global y su set fue el más reproducido de la plataforma. ￼

5️⃣ Mercado latino y consumo
El espectáculo en español no solo rompió récords, sino que reforzó el poder del mercado latino, impulsando consumo y engagement global. ￼

6️⃣ Un ROI que no se paga en efectivo
Aunque no recibe salario, se estima que el valor promocional y de streaming tras el show puede traducirse en millones de dólares adicionales en ingresos indirectos. ￼

➡️ En el Super Bowl no se cobra por cantar…
pero sí se gana (y mucho) después de cantar.",0,02/09/2026 14:32,https://www.instagram.com/p/DUjdZiGDkih/,Secuencia de Instagram,,Total,7729,2796,114,10,2,1,6
17853081555590570,17841401871496039,360radioco,360 Radio Colombia,"📍 Andrés Cadavid reveló una de sus historias más polémicas en el fútbol colombiano: confesó que durante una final contra #Millonarios logró hacer una “tula de plata” revendiendo boletas del partido. El exdefensor pasó de vivir el fútbol desde la cancha a contar anécdotas que reflejan el lado menos visible de la pasión por este deporte en Colombia.

⚽ En su relato, Cadavid habló de la alta demanda de entradas para ese juego decisivo y cómo muchos aficionados estaban dispuestos a pagar precios elevados para estar presentes. Aunque es una práctica común en grandes eventos deportivos, su confesión encendió el debate sobre la reventa y las dificultades de acceso que enfrentan los hinchas, especialmente en finales de alto impacto.

💬 Esta historia no solo llama la atención por el protagonista, sino también por lo que revela sobre la dinámica del fútbol nacional y las experiencias que viven jugadores y seguidores fuera del terreno de juego. Las palabras de Cadavid se convirtieron en tema de conversación entre fanáticos y críticos por igual, mostrando cómo el deporte se entrelaza con aspectos culturales y económicos de la sociedad.",0,02/09/2026 12:41,https://www.instagram.com/reel/DUjQZYZkf6M/,Reel de Instagram,,Total,38471,28795,427,145,9,29,34
18362419855161611,17841401871496039,360radioco,360 Radio Colombia,"🏈 El show de #BadBunny dejó claro que su música va mucho más allá del perreo. En escena, Benito convirtió su presentación en una denuncia directa sobre los problemas estructurales que enfrenta Puerto Rico, desde la gentrificación hasta la pérdida de identidad cultural. Cada canción y cada gesto estuvieron cargados de simbolismo, recordándole al mundo que el arte también es resistencia.

Uno de los momentos más potentes fue la aparición de Ricky Martin, quien interpretó un fragmento de “LO QUE LE PASÓ A HAWAii”. La letra expone la presión que viven muchas comunidades boricuas ante el desplazamiento, el encarecimiento de la vivienda y el desarraigo, trazando un paralelismo con lo ocurrido en Hawái tras convertirse en estado de EE. UU. El mensaje conectó con el histórico debate político sobre el estatus de la isla y su limitada soberanía.

El cierre emocional llegó con “El apagón”, cantado desde un poste de luz, símbolo de los constantes cortes eléctricos y del abandono de la red energética tras el huracán María. La camiseta con el número 64, que muchos vinculan al subregistro inicial de víctimas, reforzó la carga política del momento. Desde allí, Bad Bunny lanzó un mensaje directo y provocador: orgullo latino, memoria colectiva y una crítica frontal a quienes consumen la cultura sin entender su raíz. #superbowl",25,02/09/2026 12:01,https://www.instagram.com/reel/DUjLPMDEU_t/,Reel de Instagram,,Total,854073,641055,50176,425,168,574,1879
18065903102248582,17841401871496039,360radioco,360 Radio Colombia,"🇮🇹 Asalto en #Italia y ataque armado a furgón blindado como de película.

Este asalto en Italia ocurrió en la vía Lecce-Brindisi, donde un comando armado atacó un furgón blindado con explosivos y disparos, generando pánico y cierre total de la carretera.

Horas después del asalto en Italia, las fuerzas de seguridad lograron la detención de dos presuntos responsables, mientras continúa la búsqueda de otros integrantes del comando que lograron escapar por rutas secundarias y zonas rurales cercanas.

La carretera Lecce-Brindisi permaneció cerrada durante varias horas, mientras se adelantaban labores de inspección judicial, recolección de pruebas y retiro de los vehículos calcinados. El caso quedó en manos de las autoridades judiciales, que ahora investigan la estructura criminal detrás del ataque y su posible vínculo con bandas especializadas en robos a portavalores.",32,02/09/2026 11:00,https://www.instagram.com/reel/DUjFEfojjF6/,Reel de Instagram,,Total,9073,5345,134,91,1,1,11
17985273296941723,17841401871496039,360radioco,360 Radio Colombia,"🔴 Atención: la Fiscalía radicará imputación contra el presidente de Ecopetrol, Ricardo Roa, por presunta violación de topes electorales y tráfico de influencias.

Es la primera imputación de cargos que se radica contra Roa, en medio del escándalo por los recursos que ingresaron a la campaña presidencial.

Igualmente, el otro delito por el que responderá es tráfico de influencias, esto por las supuestas irregularidades que se habrían dado en medio de la compra del lujoso apartamento de Roa, en el barrio El Chicó, de Bogotá.",0,02/09/2026 09:54,https://www.instagram.com/reel/DUi9Sbujs7d/,Reel de Instagram,,Total,2373,2043,77,0,1,3,1
17914217130272082,17841401871496039,360radioco,360 Radio Colombia,"📣 El precio del corrientazo en Colombia subió más del 10 % este año, reflejo directo de la inflación que golpea la alimentación y el bolsillo diario de millones de trabajadores y estudiantes.

📊 Este ajuste responde al encarecimiento de ingredientes esenciales como plátano, fríjol y carnes, además de presiones inflacionarias que han disparado el costo de comer fuera de casa, obligando a negocios populares a elevar sus precios para mantenerse a flote.

💸 El resultado es un golpe directo al bolsillo de quienes dependen del almuerzo económico, mostrando cómo la vida cotidiana se enfrenta a una economía con precios al alza y un costo de vida cada vez más desafiante.

📰 Para conocer las razones de este alza, escriba “Historia” en los comentarios, y se la hacemos llegar a su DM.",0,02/09/2026 09:30,https://www.instagram.com/p/DUi61iPDpWS/,Imagen de Instagram,,Total,4132,2434,56,5,1,4,2
18057661994380258,17841401871496039,360radioco,360 Radio Colombia,"En línea con su visión de largo plazo y la actualización de la compañía, @Bavaria_colombia anunció junto a Canpack una inversión industrial de $548.000 millones para la construcción de una planta de latas de aluminio en el Atlántico, que estará operativa en 2027.

La iniciativa fortalece la cadena de suministro cervecera y tiene un impacto directo en empleo y desarrollo productivo. Este proyecto se suma al impacto en el desarrollo local que ya ha generado la nueva Cervecería del Atlántico de Bavaria, un proyecto que se encuentra en fase final de construcción.

Esta noticia se enmarca en la reciente actualización de Bavaria y refuerza el compromiso de la compañía por impulsar la innovación y la inversión local.

Para más información, visite bavaria.co.",0,02/09/2026 09:08,https://www.instagram.com/p/DUi4QS4jTBO/,Secuencia de Instagram,,Total,52728,17447,566,57,12,4,16
18065034788276541,17841401871496039,360radioco,360 Radio Colombia,"📣 El montaje del escenario del show de medio tiempo de Bad Bunny en el Super Bowl LX 2026 fue una operación cinematográfica: en cuestión de minutos y con precisión milimétrica, cientos de piezas y estructuras —incluyendo la icónica “casita”, vegetación y símbolos caribeños— fueron armadas y desmontadas en tiempo récord para que el espectáculo ocurriera sin interrupciones.

🔥 Detrás de esos 13 minutos de magia global hay semanas de planificación y ensayos, donde cada módulo modular y plataforma móvil fue diseñado para entrar y salir del campo mientras millones de espectadores apenas notaban el movimiento.

🌍 Más allá del ritmo y la música, este detrás de cámaras revela el nivel técnico y logístico brutal que convierte una idea artística en un momento histórico, elevando el espectáculo latino a la producción más ambiciosa del entretenimiento mundial.

#BadBunny #superbowl",74,02/09/2026 07:30,https://www.instagram.com/reel/DUitBFpjoKr/,Reel de Instagram,,Total,9309,7798,143,41,1,2,17
18064121990291656,17841401871496039,360radioco,360 Radio Colombia,"📣 La Fiscalía General de la Nación formuló oficialmente imputación de cargos contra Juliana Guerrero por presuntos delitos de fraude procesal y falsedad ideológica en documento público relacionados con la expedición de títulos universitarios irregulares que habría usado para su carrera pública.

⚖️ En la misma solicitud, el ente acusador pidió ante un juez la medida de aseguramiento con detención domiciliaria para Guerrero mientras avanza el proceso, en un hecho que eleva el caso a un nuevo nivel judicial y mediático en Colombia.

🇨🇴 La investigación, que también involucra al secretario general de la Fundación Universitaria San José, ha generado amplio debate público sobre transparencia, meritocracia y control de títulos académicos en cargos de alto perfil.

📰 Para conocer si Guerrero irá a prisión domiciliaria, escriba “Historia” en los comentarios y se la hacemos llegar a su DM.",0,02/09/2026 07:11,https://www.instagram.com/p/DUiq1QrjkPO/,Imagen de Instagram,,Total,6614,4097,572,11,0,183,3
17994918872869389,17841401871496039,360radioco,360 Radio Colombia,"📣 El show de medio tiempo de Bad Bunny en el Super Bowl LX 2026 conmovió hasta las lágrimas a un periodista de ESPN, quien no pudo contener la emoción en plena transmisión tras presenciar el mensaje de unidad y orgullo latino del artista puertorriqueño. Muchos espectadores también capturaron y compartieron este momento que ya recorre las redes con fuerza.

🔥 La presentación de Bad Bunny, completamente en español y cargada de símbolos culturales, trascendió el entretenimiento para convertirse en un emotivo homenaje a la identidad latina frente a millones de televidentes en todo el mundo, evocando reacciones sinceras incluso en quienes no lo esperaban.

🌍 Este instante no solo marcó un hito en la historia del espectáculo más visto del planeta, sino que también reafirma cómo la música puede unir, inspirar y tocar corazones más allá de fronteras, idiomas y géneros.

#superbowl #badbunny",0,02/09/2026 06:28,https://www.instagram.com/reel/DUil0wTDhl1/,Reel de Instagram,,Total,3527,2855,91,12,0,10,4
17884394454444100,17841401871496039,360radioco,360 Radio Colombia,"📣 Karol G se robó el show en el Super Bowl LX 2026 al aparecer en la icónica “casita” del medio tiempo junto a Bad Bunny, bailando al ritmo de Yo Perreo Sola y generando uno de los momentos más virales de la noche.

🔥 La cantante colombiana, vestida de blanco y junto a otras estrellas como Cardi B y Pedro Pascal, encendió las redes sociales y el Levi’s Stadium con una energía que celebró la cultura latina frente a millones de espectadores globales.

🌍 Este instante no solo destacó por la música y el baile, sino porque marcó un momento histórico de presencia latinoamericana en el espectáculo más visto del año.",0,02/09/2026 05:00,https://www.instagram.com/p/DUib7R7jpQR/,Secuencia de Instagram,,Total,15026,6755,192,2,0,13,3
18100936829496968,17841401871496039,360radioco,360 Radio Colombia,"📣 Donald Trump arremetió duramente contra el show de medio tiempo de Bad Bunny en el Super Bowl LX 2026, calificándolo en redes sociales como “uno de los peores de la historia” y una “afrenta a la grandeza de Estados Unidos” tras la presentación del artista puertorriqueño.

🔥 En su publicación, Trump afirmó que la actuación “no tiene sentido”, criticó el uso del español y calificó algunos movimientos de baile como “repugnantes”, asegurando que no representan los estándares de éxito o creatividad del país.

🌎 El comentario del presidente estadounidense ha generado un intenso debate global entre quienes defienden la diversidad cultural del espectáculo y quienes apoyan la visión crítica de Trump sobre eventos masivos y representación artística.",0,02/09/2026 04:00,https://www.instagram.com/p/DUiVEm5Dm6q/,Secuencia de Instagram,,Total,20416,13034,310,28,1,107,9
18047208401502846,17841401871496039,360radioco,360 Radio Colombia,"📣 Bad Bunny hizo historia en el Super Bowl LX 2026 con un show de medio tiempo que rompió todos los esquemas: música en español, ritmos latinos y una puesta en escena que convirtió el evento deportivo más visto del planeta en una celebración cultural sin precedentes. Desde el primer acorde, el artista puertorriqueño dejó claro que no iba a adaptarse al formato tradicional, sino a transformarlo por completo ante más de 100 millones de espectadores en todo el mundo.

🔥 El espectáculo fue una mezcla calculada de impacto visual, narrativa cultural y poder musical. Bad Bunny repasó algunos de sus mayores éxitos mientras el escenario se llenaba de referencias caribeñas, baile, energía urbana y sorpresas que encendieron las redes sociales en segundos. Invitados de talla mundial, coreografías masivas y una producción impecable consolidaron un mensaje claro: la música latina ya no pide permiso, lidera el escenario global.

🌍 Más allá del entretenimiento, la presentación fue un acto simbólico de representación. Un show íntegramente latino en el Super Bowl no solo eleva la carrera de Bad Bunny, sino que marca un antes y un después para la industria musical y cultural. El medio tiempo del Super Bowl LX no fue solo un espectáculo: fue una declaración de poder, identidad y alcance global que ya quedó grabada en la historia.",0,02/09/2026 03:00,https://www.instagram.com/p/DUiONdQDq02/,Secuencia de Instagram,,Total,3855,1808,83,0,0,0,3
17994693842873502,17841401871496039,360radioco,360 Radio Colombia,"📍 Bogotá se despidió de uno de sus símbolos más tradicionales: el histórico Palacio del Colesterol, ubicado junto al estadio El Campín, cerró sus puertas tras décadas siendo punto de encuentro obligado para hinchas, familias y amantes de la comida popular. El lugar no solo representó una oferta gastronómica emblemática, sino también un espacio cargado de memoria colectiva, previo y posterior a partidos y grandes eventos deportivos.

⚽ Durante su despedida, cientos de personas se acercaron para rendir homenaje a un sitio que acompañó generaciones de aficionados del fútbol capitalino. Hamburguesas, chorizos, papas y relatos de goles inolvidables hicieron parte de una jornada marcada por la nostalgia, en medio del avance de las obras de renovación del complejo deportivo de El Campín, que transformarán por completo el sector.

🏗️ Las autoridades confirmaron que los comerciantes del Palacio del Colesterol serán reubicados en otras zonas cercanas, con el objetivo de garantizar la continuidad de sus negocios. Sin embargo, el cierre abre el debate sobre cómo las grandes obras urbanas impactan la tradición, el comercio local y la identidad cultural de la ciudad, en un momento en el que Bogotá avanza hacia una nueva etapa de modernización.

#fpc #notícia",85,02/08/2026 17:00,https://www.instagram.com/reel/DUhJepLEedR/,Reel de Instagram,,Total,2736,2341,49,2,0,0,1
18114245311618704,17841401871496039,360radioco,360 Radio Colombia,"🌎 ¿Estás pensando en mudarte a otra ciudad de América? Según Numbeo, estas son las urbes donde alquilar vivienda Sale más caro al mes: Nueva York, Boston, San Francisco, Chicago y Los Ángeles, todas superando los 4.500 dólares mensuales de arriendo. 

📊 El ranking también incluye a Vancouver, Toronto, Montreal, Ciudad de México y São Paulo, mostrando cómo el costo de vida en las grandes metrópolis puede variar drásticamente entre Estados Unidos, Canadá, México y Brasil.

🧳 Antes de hacer maletas, analiza muy bien tu presupuesto, investiga el mercado de alquiler y compara alternativas para no llevarte sorpresas. Guardar este post puede ayudarte a tomar una decisión más informada sobre tu próximo destino urbano.",0,02/08/2026 14:35,https://www.instagram.com/p/DUg4428jmqG/,Imagen de Instagram,,Total,6658,2155,50,6,1,0,5
17891358843285184,17841401871496039,360radioco,360 Radio Colombia,"📣 Impacto millonario antes del kickoff: En el Super Bowl LX 2026, la diferencia en nóminas entre Seattle Seahawks y New England Patriots es tan marcada como el choque de estilos de juego: el jugador con mayor impacto salarial es el QB de Seattle con casi USD 37 millones, superando a cualquier contrato individual en Nueva Inglaterra, mientras que los Patriots tienen una nómina total más cara gracias a contratos defensivos clave.

💼 Más allá del espectáculo, estas cifras reflejan decisiones empresariales estratégicas que hablan de inversión en talento estelar versus profundidad de plantilla, un debate que cualquier CEO comprende: ¿arriesgar todo en pocas figuras o diversificar para sostener la competitividad?

🏈 Para conocer el listado completo, escriba ""Historia"" en los comentarios y se la hacemos llegar a su DM.",0,02/08/2026 10:00,https://www.instagram.com/p/DUgZbiFjxPa/,Imagen de Instagram,,Total,2612,1355,14,0,0,0,0
17954172393072747,17841401871496039,360radioco,360 Radio Colombia,"🧊❄️ Vivir donde el frío no perdona no es ficción, es rutina diaria. En estas ciudades del planeta, las temperaturas extremas hacen parte del paisaje y de la vida cotidiana: calles congeladas, aire que quema al respirar y termómetros que parecen no tener límite hacia abajo.

Rusia, Canadá, Estados Unidos, Mongolia y China concentran varios de estos puntos donde el invierno es protagonista absoluto. Nombres como Yakutsk, Norilsk o Yellowknife no solo figuran en rankings meteorológicos, sino también en historias de adaptación humana frente a condiciones que desafían cualquier estándar de confort.

Mientras para muchos el frío es una molestia pasajera, en estos lugares es una forma de vida. Infraestructura especial, hábitos distintos y una resistencia admirable definen a quienes habitan las ciudades más frías del mundo. ¿Te atreverías a vivir allí? 🥶🌍",0,02/08/2026 09:27,https://www.instagram.com/p/DUgVnQLDF0m/,Secuencia de Instagram,,Total,4789,2019,62,7,0,0,8
18125589778555552,17841401871496039,360radioco,360 Radio Colombia,"🏈📺 Pocoyó, sí, el personaje que creció con toda una generación, se robó la atención en pleno hype del Super Bowl LX con un video viral celebrando a Bad Bunny antes del gran espectáculo de medio tiempo. El clip, donde baila al ritmo de Muevelou, ha sido compartido miles de veces, conectando nostalgia con cultura pop en pleno evento deportivo global.

🔥 Aunque no es parte oficial de los multimillonarios anuncios del Super Bowl —donde 30 segundos llegan a costar hasta 8-10 millones de dólares— el movimiento de Pocoyó demuestra que las redes pueden transformar un simple gesto en tendencia mundial. El mundo estaba esperando a Bad Bunny… y Pocoyó ya abrió el espectáculo.

🌍 Esta inesperada intervención de un personaje infantil en la conversación del Super Bowl no solo refleja el poder de las redes, sino cómo la cultura latina y global se mezclan en un solo evento. Si un dibujo puede hacer vibrar Internet, imagina lo que pasará cuando comience el partido…",0,02/08/2026 08:10,https://www.instagram.com/p/DUgM3qODnFT/,Secuencia de Instagram,,Total,4629,1990,97,15,0,0,5
17979876095971957,17841401871496039,360radioco,360 Radio Colombia,"📊 La final del Super Bowl 2026 (LX) también se juega en los números. #SeattleSeahawks y #NewEnglandPatriots llegan al partido más importante de la NFL con estructuras salariales muy distintas, especialmente en sus jugadores clave.

🏈 En posiciones como QB y WR se evidencian contrastes marcados: Seattle apuesta fuerte con nombres de alto impacto y contratos más pesados, mientras que New England combina juventud y eficiencia financiera en varias líneas. El análisis del cap hit permite entender no solo quién juega, sino cuánto pesa cada jugador en la planificación deportiva de ambos equipos rumbo al título.

📌 Datos basados en Spotrac, OverTheCap y reportes oficiales de la NFL 2026, ideales para dimensionar cómo se construyen equipos campeones dentro y fuera del campo.

📰 Para conocer más información sobre la final del #SúperBowl 2026, escriba “Historia” en los comentarios y se la enviamos a su DM.",0,02/07/2026 17:00,https://www.instagram.com/p/DUekuPUkYKb/,Secuencia de Instagram,,Total,2755,937,38,5,0,0,1
17931741333191545,17841401871496039,360radioco,360 Radio Colombia,"🛳️ México se consolidó en 2025 como el principal exportador de América Latina, impulsado por el crecimiento sostenido de sus manufacturas de alta tecnología. Sectores como el automotriz, electrónico, aeroespacial y de dispositivos médicos lideraron el desempeño exportador, aprovechando su integración con cadenas globales de valor y su cercanía estratégica con Estados Unidos. Este resultado refleja una transformación productiva que va más allá de las exportaciones tradicionales.

El avance de México está respaldado por inversiones constantes en infraestructura industrial, relocalización de empresas (nearshoring) y una fuerza laboral especializada que ha permitido escalar en complejidad tecnológica. Las manufacturas de alto valor agregado no solo incrementaron el volumen exportado, sino también el peso del país en mercados clave, fortaleciendo su papel como hub industrial de la región.

🌎 Este liderazgo exportador posiciona a México como un actor central en la competitividad latinoamericana, marcando una brecha frente a otras economías de la región. Además de impulsar el crecimiento económico, el desempeño exportador abre el debate sobre cómo América Latina puede avanzar hacia modelos productivos más sofisticados, con mayor innovación, tecnología y encadenamientos industriales de largo plazo.",0,02/07/2026 11:11,https://www.instagram.com/p/DUd6w7WEQk_/,Imagen de Instagram,,Total,33051,16533,284,84,37,42,79
17864034690502561,17841401871496039,360radioco,360 Radio Colombia,"📸 Jhon Arias fue presentado oficialmente como nuevo jugador del Palmeiras para la temporada 2026. El colombiano llega al club brasileño luego de consolidarse como una de las figuras más consistentes del fútbol sudamericano, destacándose por su intensidad, versatilidad ofensiva y liderazgo dentro del campo. Su llegada genera expectativa tanto en la hinchada como en el entorno del club paulista.

⚽ Palmeiras apuesta por Arias como una pieza clave en su proyecto deportivo, pensando en competencias locales e internacionales. El extremo colombiano vestirá una de las camisetas más históricas de Brasil, en un equipo acostumbrado a pelear títulos y con alta exigencia competitiva. Desde su presentación, el club resaltó su experiencia, su capacidad para marcar diferencia en partidos decisivos y su recorrido en torneos continentales.

🇨🇴 Con este fichaje, Jhon Arias no solo fortalece al Palmeiras, sino que también reafirma el buen momento del futbolista colombiano en el exterior. Su llegada a Brasil lo mantiene en el radar internacional y representa una nueva vitrina para seguir creciendo, competir al más alto nivel y consolidarse como uno de los referentes colombianos en el fútbol sudamericano de cara a los próximos años.

📰 Para conocer todos los detalles de la llegada de Arias a Brasil, escriba “Historia” en los comentarios y se la hacemos llegar a su DM",0,02/07/2026 08:08,https://www.instagram.com/p/DUdnz4HjrZn/,Secuencia de Instagram,,Total,4108,1584,40,1,0,1,0
18117923782607825,17841401871496039,360radioco,360 Radio Colombia,"#Deportes l Un anuncio de 30 segundos en el Super Bowl puede costar más que el valor total de varios equipos del fútbol colombiano. 💸🏈 Una sola pauta publicitaria alcanza cifras que superan a clubes completos que compiten cada temporada en la Liga Colombiana.

La comparación deja en evidencia la magnitud del negocio, mientras una marca invierte millones por segundos al aire, equipos enteros no alcanzan ese mismo valor de mercado. Dos mundos distintos, una diferencia abismal. ⚽📊",0,02/06/2026 16:33,https://www.instagram.com/p/DUb83TnjRFG/,Imagen de Instagram,,Total,4869,2060,56,26,2,1,8
17910596724317231,17841401871496039,360radioco,360 Radio Colombia,"🗳️ Ya quedó conformada la Consulta de Precandidatos a la Presidencia de la República.

Las elecciones serán el próximo 8 de marzo y tendrán a la Consulta de las Soluciones, La Gran Consulta por Colombia y El Frente por la Vida.

📰 Para recibir detalles de la elección, escriba “Historia” en los comentarios y reciba la información en su DM.",0,02/06/2026 16:14,https://www.instagram.com/p/DUb6pgjDo5y/,Secuencia de Instagram,,Total,22722,9068,206,25,0,19,14
18109541122597223,17841401871496039,360radioco,360 Radio Colombia,"#ATENCIÓN 

Inflación de Colombia subió en enero y se ubicó en 5,35%, según reveló el Dane. 

http://360radio.com.co",0,02/06/2026 15:03,https://www.instagram.com/p/DUbyjH2DfqX/,Imagen de Instagram,,Total,2573,1049,36,10,0,0,1
18079494938520903,17841401871496039,360radioco,360 Radio Colombia,"🚢 Puerto Antioquia inicia operaciones en Turbo, Urabá antioqueño, consolidándose como una nueva puerta de entrada y salida del comercio exterior colombiano por el Caribe. Con 1.340 metros de muelle, cinco posiciones de atraque y un calado operativo de 16,5 metros, el puerto está diseñado para recibir buques New Panamax y operar sobre una plataforma terrestre de 38 hectáreas, fortaleciendo la infraestructura portuaria del país.

En su fase inicial, Puerto Antioquia tendrá una capacidad cercana a los 7 millones de toneladas anuales y funcionará como un terminal multipropósito. Podrá movilizar contenedores secos y refrigerados, carga general, granel seco, carga sobredimensionada y vehículos, lo que amplía las opciones logísticas para distintos sectores productivos y mejora la eficiencia en las operaciones de exportación e importación.

Su principal ventaja es estratégica: es el puerto del Caribe más cercano a los centros productivos del país. Esto permitirá reducir la distancia terrestre en un 47 % frente a Medellín y en un 36 % frente al Eje Cafetero, generando ahorros logísticos estimados entre el 33 % y el 58 %. Además, el proyecto impulsará la agroindustria, la generación de empleo y el desarrollo social, convirtiendo a Urabá en un nuevo polo logístico para Antioquia y Colombia.",0,02/06/2026 13:30,https://www.instagram.com/p/DUbnvC4kd3L/,Imagen de Instagram,,Total,2372,1071,28,4,0,0,2
18085594127180411,17841401871496039,360radioco,360 Radio Colombia,"📍 San Francisco vibra al ritmo de DtMF

Antes de la gran final del Super Bowl LX, donde Bad Bunny será el protagonista del espectáculo de medio tiempo en el Levi’s Stadium de Santa Clara este 8 de febrero de 2026, las calles de San Francisco se convirtieron en una verdadera fiesta urbana. Los fans tomaron las esquinas y plazas cantando a todo pulmón DtMF, creando una energía increíble que marcó el inicio de los festejos previos al partido. ￼

Una vibra única en el corazón de la ciudad
Entre risas, baile y un ambiente multicultural, la ciudad fue testigo de cómo la música de Bad Bunny une a generaciones y culturas en un solo canto. El tema DtMF se convirtió en el soundtrack espontáneo de este momento, mientras locales y visitantes compartían la emoción del Super Bowl en cada esquina. ￼

Capturando momentos inolvidables
Este video no es solo música en las calles: es la celebración de una comunidad que siente la emoción del deporte y la cultura latina al máximo. Dale play, comparte y siente cómo San Francisco se prepara para una noche histórica con uno de los espectáculos más esperados del año.",0,02/06/2026 12:30,https://www.instagram.com/p/DUbg9p2kcLn/,Secuencia de Instagram,,Total,4508,1595,44,4,0,0,1
18092839970282227,17841401871496039,360radioco,360 Radio Colombia,"⚽️🇨🇴 James Rodríguez ya es nuevo jugador de Minnesota United y en su presentación fue claro sobre una decisión que generó ruido en Colombia. El volante aseguró que, pese a los rumores y acercamientos, no quería llegar al fútbol profesional colombiano en este momento de su carrera.

Las declaraciones de James vuelven a poner el foco sobre el FPC, sus exigencias, su estructura y el reto que tiene para convertirse nuevamente en un destino atractivo para figuras de talla internacional. Un mensaje directo que no pasó desapercibido.",0,02/06/2026 12:16,https://www.instagram.com/p/DUbfavukVYd/,Secuencia de Instagram,,Total,4432,1673,40,11,0,6,0
18083426009334289,17841401871496039,360radioco,360 Radio Colombia,"⚽️🇨🇴 James Rodríguez inicia una nueva etapa en su carrera tras convertirse en nuevo jugador de Minnesota United, club de la Major League Soccer. El volante colombiano llega como una de las apuestas más importantes del equipo y uno de los fichajes de mayor impacto en la liga estadounidense.

Minnesota United es una franquicia joven pero consolidada en la MLS, con un valor cercano a los 240 millones de dólares, estadio propio (Allianz Field) y una identidad marcada dentro del fútbol norteamericano. A lo largo de su historia, el club ya ha tenido presencia colombiana con jugadores como Christian Ramírez y Darwin Quintero.

Con títulos en divisiones inferiores, participaciones en playoffs y una hinchada en crecimiento, el equipo apuesta por la experiencia y jerarquía de James para dar un salto competitivo. Su llegada refuerza el protagonismo de la MLS como destino de figuras internacionales y pone a Minnesota United en el foco del fútbol mundial.",0,02/06/2026 11:35,https://www.instagram.com/p/DUbas18kXHZ/,Secuencia de Instagram,,Total,2458,909,25,4,0,0,0
17971826663989253,17841401871496039,360radioco,360 Radio Colombia,"🇨🇴🇺🇸 El Encargado de Negocios, John McNamara, calificó de espectacular y esperanzadora la reunión entre Gustavo Petro, presidente de Colombia, y Donald Trump, presidente de Estados Unidos. “Tenemos una continua cooperación mutua entre nuestros países y el trabajo que aún queda por hacer”, dijo McNamara.

📰 Para conocer la declaración de McNamara completa, escriba “Historia” en los comentarios y se la hacemos llegar a su DM.",0,02/06/2026 10:11,https://www.instagram.com/p/DUbRGPgDvO9/,Secuencia de Instagram,,Total,4958,1925,63,0,0,1,2
17858943714599394,17841401871496039,360radioco,360 Radio Colombia,"⚽️🇨🇴 James Rodríguez llega al Minnesota United de la MLS

Después de finalizar su contrato con el Club León de México a finales de diciembre de 2025 y quedar como agente libre, James Rodríguez ha llegado a un acuerdo verbal con Minnesota United para unirse a la plantilla rumbo a la temporada 2026 de la Major League Soccer. ￼

Con 34 años, James firma un contrato especial que sería inicialmente de 6 meses, diseñado para que pueda recuperar ritmo competitivo y llegar en forma al Mundial de la FIFA 2026 que se jugará en Estados Unidos, México y Canadá. ￼

Se espera que el ex-Real Madrid, Bayern Múnich y Everton sea parte de la pretemporada y pueda debutar con su nuevo equipo en la MLS desde el inicio de la temporada, programada para finales de febrero. ￼

Aunque su contratación tiene un alto impacto mediático y deportivo para el club, no ocupará un cupo de “Designated Player” (jugadores franquicia que superan el tope salarial), sino que su fichaje fue estructurado mediante mecanismos financieros internos de la MLS (GAM/TAM) para ajustarse al presupuesto de la liga.

📰 Para conocer más sobre la llegada de James Rodríguez a Minessota United, escriba “Historia” en los comentarios y le hacemos llegar la información a su DM.",0,02/06/2026 08:17,https://www.instagram.com/p/DUbEFsrjiPq/,Secuencia de Instagram,,Total,4115,1746,145,33,1,6,4
17995800440739016,17841401871496039,360radioco,360 Radio Colombia,"🗳️ Juan Fernando Cristo (@jcristobustos), pre-candidato presidencial, expuso las razones por las que no participará en la consulta presidencial ‘Frente por la Vida’. 

“Esta no es la consulta que se había planteado inicialmente y por lo tanto, luego de dialogar con la militancia de nuestro partido, no consideramos conveniente participar en una nueva coalición”, agregó Cristo.

En ese sentido rescató que se había avanzado bajo una senda de unidad que llevó a establecer unos acuerdos programáticos y hasta a cambiar el nombre de la consulta, que inició llamándose Frente Amplió, luego pasó a Pacto Amplio y terminó con el actual nombre.

📰 Para conocer las reacciones a la renuncia de Cristo, escriba “Historia” en los comentarios y se la hacemos llegar am DM.",0,02/06/2026 08:00,https://www.instagram.com/p/DUbCFKaDlDr/,Secuencia de Instagram,,Total,3382,1339,20,0,0,7,2
17948139810092123,17841401871496039,360radioco,360 Radio Colombia,"🗳️ Roy Barreras (@roybarreras), pre-candidato presidencial, se refirió a la renuncia de Juan Fernando Cristo a la consulta presidencial ‘Frente por la Vida’.

En un video publicado en sus redes sociales, Barreras expuso: “Me informan que algunos precandidatos exministros del gobierno Petro han decidido irse directo a la Primera Vuelta. Eso si divide a la centro-izquierda porque quiere decir que competirán con Iván o conmigo en la primera! TODO LO CONTRARIO ES LO QUE YO PROPONGO Y REAFIRMO : NOS UNIREMOS EL 9 de Marzo después derrotar a la consulta uribista y elegir nuestros senadores y LLEGAREMOS JUNTOS A LA PRIMERA VUELTA”.

Además, Barreras estaría próximo a una reunión con Gustavo Petro, presidente de Colombia, por el contexto en el cual graba el video.

📰 Para conocer más reacciones a la renuncia de Cristo al ‘Frente por la Vida’ escriba “Historia” en los comentarios y se la hacemos llegar al DM.",0,02/06/2026 07:04,https://www.instagram.com/p/DUa7s32DuQC/,Secuencia de Instagram,,Total,5592,2307,44,6,0,39,1
18100942927876105,17841401871496039,360radioco,360 Radio Colombia,"#Empresas | Luego de que Telefónica anunciara el cierre del proceso de venta de Movistar Colombia a Millicom Colombia, el CEO de la compañía, Fabián Hernández, confirmó que no continuará en su cargo. 

""A todos quienes hicieron parte de este recorrido: gracias. A nuestros clientes gracias por su confianza y a nuestros colaboradores por el compromiso y la pasión que nos permitieron construir una historia que hoy cerramos con la frente en alto. Como es normal en estos procesos, ejerceré mi rol como CEO de Movistar Colombia hasta hoy"".",0,02/06/2026 05:01,https://www.instagram.com/p/DUatqzHDDfl/,Imagen de Instagram,,Total,3010,1591,21,1,0,1,1
18376490794093703,17841401871496039,360radioco,360 Radio Colombia,"🤩🇵🇹 | Critiano Ronaldo, futbolista portugués, está cumpliendo 41 años hoy. Nació el 5 de febrero de 1985 en Funchal, isla de Madeira de Portugal.

A lo largo de su carrera ha impuesto récords que lo convierten, para algunos, en el mejor futbolista del mundo. Por eso, aquí repasamos algunas de sus conquistas y datos curiosos.

📰 Para conocer más información sobre Cristiano Ronaldo, escriba “Historia” en los comentarios y se la haremos llegar a su DM.",0,02/05/2026 12:06,https://www.instagram.com/p/DUY5fFfEWhc/,Secuencia de Instagram,,Total,3787,1414,119,7,0,3,9
18067537556242305,17841401871496039,360radioco,360 Radio Colombia,"🚨🚧 Movilidad afectada en Bogotá: en pleno Día sin Carro y sin Moto, se registran bloqueos en TransMilenio que complican los desplazamientos de miles de usuarios. Las manifestaciones se concentran principalmente sobre la Calle 26 (Av. El Dorado), generando interrupciones en la operación y retrasos en varias estaciones del corredor.

TransMilenio reporta demoras, desvíos y congestión en el servicio, por lo que recomienda planear los viajes con anticipación, usar rutas alternas y seguir los canales oficiales para conocer actualizaciones en tiempo real.

📰 Para conocer la actualidad de los bloqueos en TransMilenio, escriba “Historia” en los comentarios y se la haremos llegar a su DM.",0,02/05/2026 11:30,https://www.instagram.com/p/DUY1YN6EfXf/,Secuencia de Instagram,,Total,11679,6101,96,38,1,3,6
18108565060742773,17841401871496039,360radioco,360 Radio Colombia,"❗️ Ómar Perez sufrió un infarto y se encuentra hospitalizado en Bogotá. 

#Rogotá #Futbol #SantaFe",0,02/05/2026 10:51,https://www.instagram.com/p/DUYw1tVDp2n/,Imagen de Instagram,,Total,3837,1885,56,7,0,5,0
17916176163271153,17841401871496039,360radioco,360 Radio Colombia,"🤩🏠 El Fondo Nacional del Ahorro (@fnaahorro) eliminó la cuota inicial como requisito para acceder a vivienda propia. Ahora, los colombianos podrán financiar hasta el 100% del valor de su vivienda, si cumplen con los criterios establecidos por la entidad.

La presidenta del FNA, Laura Roa Zeidán (@lauraroaz), resaltó que, durante años, reunir el dinero para el pago inicial ha sido el mayor obstáculo para quienes buscan adquirir vivienda. “Con esta iniciativa, esa barrera desaparece y el acceso dependerá ahora de afiliarse al Fondo y empezar a construir un historial de ahorro que respalde el crédito”, señaló.

📰 Para conocer la historia completa escriba “Historia” en los comentarios y se la haremos llegar a su DM.",0,02/05/2026 10:40,https://www.instagram.com/p/DUYvUDujvkx/,Imagen de Instagram,,Total,154938,99539,3697,2952,82,305,771
18284154952304636,17841401871496039,360radioco,360 Radio Colombia,"#Mundo | En un mensaje poco habitual por televisión, el mandatario cubano abrió la puerta a un eventual diálogo con Estados Unidos, siempre que se dé en condiciones de respeto a la soberanía y autodeterminación de la isla, y sin tratar asuntos que el Gobierno de La Habana considere interferencias externas

#notícias #internacional #cuba #ee.uu #Actualidad #Ahora",72,02/05/2026 09:43,https://www.instagram.com/reel/DUYo39jgiBt/,Reel de Instagram,,Total,3604,2487,41,5,0,20,7
18552032668033980,17841401871496039,360radioco,360 Radio Colombia,"🚨 LO ÚLTIMO | El Consejo Nacional Electoral (@cne_colombia) autorizó la participación de Daniel Quintero (@quinterocalle) en la consulta presidencial ‘Frente por la Vida’. La votación quedó 7-1.

📰 Para conocer la historia completa, escriba “Historia” en los comentarios y se la hacemos llegar a su DM.",0,02/05/2026 09:03,https://www.instagram.com/p/DUYkZKUDi-8/,Imagen de Instagram,,Total,3507,1835,17,2,0,9,1
18144234589461369,17841401871496039,360radioco,360 Radio Colombia,"#Atención | “Hay que salvar las listas del Pacto Histórico”

Roy Barreras, precandidato presidencial, sobre el paso a seguir tras la imposibilidad de Iván Cepeda para participar en la consulta del Frente por la Vida.

#Ahora #Elecciones2026 #Noticias #política #actualidad",99,02/05/2026 08:11,https://www.instagram.com/reel/DUYeMr6gu_-/,Reel de Instagram,,Total,2930,1917,35,2,0,62,5
17919104190249801,17841401871496039,360radioco,360 Radio Colombia,"#Atención | Ecopetrol aprueba cambios en su junta directiva: la asamblea extraordinaria avaló el ingreso de Juan Gonzalo Castaño, Carolina Arias Hurtado y César Loza en representación de los trabajadores. Salen Mónica de Greiff, Guillermo García y Álvaro Torres. La plancha fue presentada por el ministro de Hacienda, Germán Ávila.

#ecopetrol #notícias #actualidad #Energía #Trabajo #ultimahora",88,02/05/2026 07:33,https://www.instagram.com/reel/DUYaFiigpXR/,Reel de Instagram,,Total,902,702,9,0,0,1,0
18000641000715030,17841401871496039,360radioco,360 Radio Colombia,"⛽📉 Luego de una revisión inicial, la Superintendencia de Industria y Comercio alertó que no todos los agentes del mercado han aplicado la reducción de $500 en el precio de la gasolina, pese a que ya han pasado cuatro días desde que se anunció la medida.

“Hemos evidenciado que cuatro días después de la decisión de bajar la gasolina $500 pesos, no todos los agentes del mercado la han aplicado”, afirmó la superintendente Cielo Rusinque, quien agregó que desde la entidad se adelantarán verificaciones y acciones de control para garantizar que la reducción se cumpla en todo el país.

#Actulidad #Gasolina #notícias #colombia",71,02/05/2026 06:20,https://www.instagram.com/reel/DUYRtGSAqbI/,Reel de Instagram,,Total,1329,1003,17,1,0,0,0
17902331877365386,17841401871496039,360radioco,360 Radio Colombia,"🚘🏍️ | Continúa la primera jornada del Día Sin Carro y Moto en Bogotá del 2026.

Durante las primeras cuatro horas, la Secretaría de Movilidad Distrital (@sectormovilidad) ha impuesto 200 comparendos por el incumplimiento en la norma y registra 1,253,000 usuarios únicos en TransMilenio. Recuerde que la jornada se extenderá hasta las 09:00 p.m.

➡️ Para conocer más detalles de la jornada escriba “Historia” en los comentarios y se los compartimos por DM.",0,02/05/2026 05:40,https://www.instagram.com/p/DUYNTjmjvS6/,Secuencia de Instagram,,Total,3115,1273,39,0,0,0,0
18150667774445414,17841401871496039,360radioco,360 Radio Colombia,"🚗 La Alcaldía de Bogotá propone un aumento de hasta un 25% en tarifas de parqueaderos en Bogotá. Los valores máximos por minuto para carros y motos estacionados en parqueaderos fuera de vía. Esto significa que parquear en la ciudad podría costar más si el proyecto de decreto se firma y entra en vigencia. El ajuste responde a variables como inflación y costos operativos del servicio.

➡️ Para conocer la historia completa, escriba “Historia” en los comentarios y se la enviamos al DM.",0,02/04/2026 15:07,https://www.instagram.com/p/DUWpWjTjtOU/,Imagen de Instagram,,Total,2567,1232,16,5,0,0,2
18067727999226708,17841401871496039,360radioco,360 Radio Colombia,"#Colombia | La precandidata Paloma Valencia respaldó la decisión del CNE al impedir que Iván Cepeda participe en la consulta del 8 de marzo, por ya haber participado de una consulta el año pasado.

#Noticias #actualidad #política #ahora #palomavalencia",21,02/04/2026 13:41,https://www.instagram.com/reel/DUWfc0NAqaO/,Reel de Instagram,,Total,5717,4299,210,1,0,13,4
18084865396916557,17841401871496039,360radioco,360 Radio Colombia,"🚨 Iván Cepeda, pre-candidato presidencial, no podrá participar en la consulta ‘Frente por la Vida’. Irá directo a primera vuelta.

La votación en el Control Nacional Electoral fue de 6-4 en contra de Cepeda. 

Hollman Ibáñez fue el conjuez del voto decisivo.

📰 Ampliación en 360radio.com.co",0,02/04/2026 12:24,https://www.instagram.com/p/DUWWtKKERBg/,Imagen de Instagram,,Total,5701,2652,192,14,0,38,4
18198573943329933,17841401871496039,360radioco,360 Radio Colombia,"⚽️🇨🇴 Atlético Nacional y América de Cali se enfrentarán hoy, a las 07:30 p.m., en el Atanasio Girardot de Medellín. 

Partido que para algunas personas es el clásico del fútbol profesional colombiano, por eso, aquí están los jugadores de mayor valor económico, según la valorización de @transfermarkt.co, medio especializado en la evaluación del valor económico en el fútbol.

Para conocer más información visite nuestro sitio web: 360radio.com.co",0,02/04/2026 10:20,https://www.instagram.com/p/DUWIlSODupJ/,Secuencia de Instagram,,Total,2858,909,18,1,0,0,0
17851126929668119,17841401871496039,360radioco,360 Radio Colombia,"#Política | Antioquia, Arauca, el sur de Bolívar y otros 167 municipios presentan algún nivel de riesgo de cara a las próximas elecciones, según informó la Misión de Observación Electoral (MOE), por medio de Alejandra Barrios, su directora. 

81 están en riesgo extremo, 51 en riesgo alto y 38 en riesgo medio

#Colombia #actualidad #Elecciones2026 #notícias #ahora",33,02/04/2026 08:04,https://www.instagram.com/reel/DUV43UsAmoO/,Reel de Instagram,,Total,753,601,9,0,0,0,0
18556202350022058,17841401871496039,360radioco,360 Radio Colombia,"🇨🇴🎤 Récord histórico en Colombia

Los conciertos de Bad Bunny en Medellín se convirtieron en los de mayor taquilla en la historia del país, marcando un hito sin precedentes para la industria del entretenimiento en Colombia.

💰 Con cifras récord en ventas, ocupación hotelera y consumo, el evento no solo rompió marcas musicales, sino que consolidó a Medellín como una de las plazas más fuertes para espectáculos internacionales.",0,02/04/2026 07:00,https://www.instagram.com/p/DUVxszCDn9M/,Secuencia de Instagram,,Total,5958,2057,96,1,0,6,1
18096824348500187,17841401871496039,360radioco,360 Radio Colombia,"#Internacional | Cerca de 1.000 viviendas quedaron destruidas tras un voraz incendio en una zona residencial de Baranguay Lamion, Filipinas.

#Noticias #Actualidad #Mundo #Incendiofilipinas #Ahora",63,02/04/2026 06:13,https://www.instagram.com/reel/DUVsJXSAhSg/,Reel de Instagram,,Total,4624,2859,37,3,0,4,3
18111217939631816,17841401871496039,360radioco,360 Radio Colombia,"🤝🇨🇴 Uno de los regalos de Donald Trump, presidente de Estados Unidos, a Gustavo Petro, Jefe de Estado en Colombia, fue un libro autografiado con un mensaje: “You are great”.

Andrés Gaviria, candidato a la Cámara de Representantes; Yolanda Villavicencio, ex Ministra de Relaciones Exteriores; y Ernesto Macías, político colombiano, reaccionaron a este encuentro.

📰 Para conocer más reacciones, visite el sitio web de 360Radio.com.co",0,02/04/2026 05:49,https://www.instagram.com/p/DUVpiHLjieA/,Secuencia de Instagram,,Total,10438,3808,135,6,0,7,6
17989776362920571,17841401871496039,360radioco,360 Radio Colombia,"🐻‍❄️ Marketing que rompe esquemas

Pepsi sorprendió justo antes del Super Bowl 2026 con un video que llevó al icónico Oso Polar de Coca Cola… a elegir Pepsi Zero Sugar 🥤✨

Coca Cola no respondió directamente, pero reforzó su narrativa y mantiene al Oso Polar como protagonista de su marca 🐾

Un ejemplo de cómo las grandes marcas juegan estratégicamente en publicidad y redes sociales 💡📈",0,02/03/2026 16:06,https://www.instagram.com/p/DUULXKmDr5e/,Secuencia de Instagram,,Total,6897,1959,107,4,0,1,9
18105905977776105,17841401871496039,360radioco,360 Radio Colombia,"#Colombia | Donald Trump aseguró que mantiene buena relación con Petro y avanza en diálogo bilateral sobre cooperación, sanciones y otros temas clave entre ambos países. 

#Noticias #Trump #Petro #RelacionesBilaterales #EEUU #Colombia",26,02/03/2026 15:11,https://www.instagram.com/reel/DUUE8EtAh03/,Reel de Instagram,,Total,2740,1641,28,0,2,1,0
18095490601759490,17841401871496039,360radioco,360 Radio Colombia,"#Colombia | El presidente Gustavo Petro informó que entregó a Donald Trump información clave sobre capos del narcotráfico, con miras a coordinar acciones conjuntas entre Colombia y Estados Unidos.

#Ahora #Petro #donaldtrump #Actualidad #notícias",117,02/03/2026 14:47,https://www.instagram.com/reel/DUUCEMtgiVz/,Reel de Instagram,,Total,6066,5243,88,6,17,11,2
18082039988217566,17841401871496039,360radioco,360 Radio Colombia,"#Colombia | Reunión entre mandatarios deja balance optimista, tras declaraciones que destacan avances en el diálogo y expectativas positivas sobre acuerdos bilaterales próximos entre el Gobierno Trump y Petro.

#Ahora #Noticias #Petro #donaldtrump #reuniónpetrotrump #actualidad",106,02/03/2026 14:30,https://www.instagram.com/reel/DUUAO6Cgi2F/,Reel de Instagram,,Total,3554,2843,45,9,4,9,3
18084702167240117,17841401871496039,360radioco,360 Radio Colombia,"#Colombia | Petro aseguró que diálogo con Trump permitirá impulsar la reactivación venezolana tras encuentro en la Casa Blanca en Washington DC.

#Actualidad #Ahora #Petro #donaldtrump #Internacional #Venezuela",114,02/03/2026 14:17,https://www.instagram.com/reel/DUT-sGdAiEM/,Reel de Instagram,,Total,5759,4541,58,11,5,26,4
17873569518514850,17841401871496039,360radioco,360 Radio Colombia,"Gustavo Petro, Presidente de Colombia, sostuvo un diálogo con Donald Trump, máximo mandatario estadounidense en la Casa Blanca. 

El encuentro comenzó a las 11:00 a.m. y se extendió por dos horas, a su salida, expuso algunas conclusiones del encuentro.

🖱️ Para conocer todo lo que dijo visite el sitio web de 360 Radio.",0,02/03/2026 13:25,https://www.instagram.com/p/DUT46vvkfMi/,Secuencia de Instagram,,Total,26037,10184,338,25,1,48,20
17862641457581369,17841401871496039,360radioco,360 Radio Colombia,"#Colombia | La Ola Invernal en Colombia sigue dejando consecuencias. En video quedó registrado el momento en el que animales quedan ahogados y otros arrastrados por fuertes corrientes en el departamento de Córdoba.

#Ahora #Actualidad #Olainvernal #Cordoba #ultimahora🚨",67,02/03/2026 13:07,https://www.instagram.com/reel/DUT2r-AgoAD/,Reel de Instagram,,Total,10293,6695,154,38,1,31,13
18064694849275751,17841401871496039,360radioco,360 Radio Colombia,"🤝🇨🇴 Termina la reunión entre Gustavo Petro, Jefe de Estado colombiano, y Donald Trump, presidente de Estados Unidos. El encuentro se extendió sobre las 2 horas y se esperan conclusiones sobre las 04:00 p.m. en rueda de prensa",0,02/03/2026 11:00,https://www.instagram.com/p/DUToJ9sEd7G/,Imagen de Instagram,,Total,5195,1732,41,1,1,1,1
18073213700122801,17841401871496039,360radioco,360 Radio Colombia,"#Colombia | El Presidente de Colombia, Gustavo Petro, llegó a las 10:53 a la Casa Blanca para reunirse con el máximo mandatario de Estados Unidos, Donald Trump. 

Estas son algunas fotografías del encuentro que comenzó en el Salón Este de la Casa Blanca, y del cual se esperan conclusiones hoy a las 04:00 p.m. en rueda de prensa.

#AHORA #notícias #Trump #Petro",79,02/03/2026 09:44,https://www.instagram.com/reel/DUTfYrTgpQF/,Reel de Instagram,,Total,1377,1178,11,0,1,2,1
18054226649689459,17841401871496039,360radioco,360 Radio Colombia,"Así fue el saludo entre Gustavo Petro, presidente de Colombia, y Donald Trump, presidente de Estados Unidos en el Salón Este de la Casa Blanca.

Las caras de dos líderes del continente que han sido protagonistas de intensos debates se encontraron hoy en la Casa Blanca.

Un paso importante en relaciones bilaterales que marcarán la agenda de ambos países en los próximos meses.",0,02/03/2026 08:56,https://www.instagram.com/p/DUTaGNSjju3/,Secuencia de Instagram,,Total,5896,1935,34,1,0,5,2
17938712187130022,17841401871496039,360radioco,360 Radio Colombia,"#Colombia | “Nosotros hemos sufrido la lucha contra el narcotráfico”, Gustavo Petro, presidente de Colombia, previo al encuentro con Donald Trump, presidente de Estados Unidos

#notícias #Trump #Petro #ahora #actualidad",53,02/03/2026 08:29,https://www.instagram.com/reel/DUTW2TXgtvZ/,Reel de Instagram,,Total,6182,4496,65,12,1,43,2
18053790458691082,17841401871496039,360radioco,360 Radio Colombia,"#Ahora | El presidente Gustavo Petro llegó a la Casa Blanca para reunirse con su homólogo estadounidense y abordar agenda bilateral.

#Noticias #Petro #Donaldtrump #Actualidad #internacional #ultimahora",33,02/03/2026 08:03,https://www.instagram.com/reel/DUTT9_bgnaq/,Reel de Instagram,,Total,5945,4946,81,3,2,7,0
17873085039529862,17841401871496039,360radioco,360 Radio Colombia,"#Antioquia | En Medellín fue desarticulada una empresa que había apropiado de manera ilegal casi 150.000 metros cúbicos de gas natural, con un valor cercano a $450 millones, tras un operativo que además halló un talud desestabilizado con riesgo para la comunidad

#EPM #Antioquia #noticias #Medellín #Actualidad #Colombia",66,02/03/2026 06:49,https://www.instagram.com/reel/DUTLW_TgjkB/,Reel de Instagram,,Total,13492,10929,126,18,2,3,4
17849176173634522,17841401871496039,360radioco,360 Radio Colombia,"📍 Reunión clave entre Colombia y Estados Unidos.

Hoy a las 11:00 a.m., Gustavo Petro, presidente de Colombia, se reunirá con Donald Trump, máximo gobernante de Estados Unidos, en la Oficina Oval.

Un encuentro bilateral que ocurre en un momento tenso de la relación diplomática entre ambos países, marcada por desacuerdos sobre política antidrogas, seguridad y cooperación regional.

Este será el primer cara a cara formal entre los dos mandatarios desde que Trump regresó al poder, y aunque la reunión está programada a puerta cerrada, analistas coinciden en que puede tener implicaciones relevantes para la agenda internacional y la política interna de Colombia.",0,02/03/2026 06:42,https://www.instagram.com/p/DUTKzlBDi1_/,Imagen de Instagram,,Total,4222,1282,22,2,0,0,0
18171421615381804,17841401871496039,360radioco,360 Radio Colombia,"#Colombia | ""El Rey Carlos III recuerda su visita a Cartagena y Chiribiquete"", Laura Sarabia, Embajadora de Colombia ante Reino Unido, después de su encuentro con el monarca.

#Ahora #Noticias #internacional #Actualidad #gobeirnonacional #inglaterra #laurasarabia",59,02/03/2026 06:26,https://www.instagram.com/reel/DUTIx5dAob4/,Reel de Instagram,,Total,4313,2630,50,3,0,16,3
17940861555129352,17841401871496039,360radioco,360 Radio Colombia,"#Colombia | 🌧️⚠️ Así amanece la playa Los Cocos, en Santa Marta, tras las fuertes lluvias que se registran a esta hora.

Debido a las condiciones climáticas, la Dirección Marítima (Dimar) ordenó la restricción del zarpe para embarcaciones turísticas en la ciudad.

📍 Recomendación: seguir las indicaciones de las autoridades marítimas.

#notícias #Actualdiad #estadoclimatico #santamarta #lluviascolombia #atencion",26,02/03/2026 05:15,https://www.instagram.com/reel/DUTAyUhgsR0/,Reel de Instagram,,Total,11123,8174,141,65,2,13,7
18094646978491164,17841401871496039,360radioco,360 Radio Colombia,"#atencion | Cartagena vive su segundo día de fuerte frente frío: mar embravecido, olas de hasta 4 metros y vientos intensos por el sistema que avanza desde Norteamérica. 🌊💨
¡Toma precauciones y mantente informado!

#notícias #cartagenadeindias #frentefrio #ClimaColombia #AlertaMarítima #Oleaje #VientosFuertes #Caribe #Prevención",114,02/02/2026 14:45,https://www.instagram.com/reel/DURc9z1Astf/,Reel de Instagram,,Total,9495,7018,165,117,1,0,7
17988150569930551,17841401871496039,360radioco,360 Radio Colombia,"#Política | A horas del encuentro entre Gustavo Petro y Donald Trump, la canciller Rosa Villavicencio sostuvo una reunión clave con el ministro de Defensa y el embajador en EE. UU. para afinar la agenda bilateral

¿Qué temas llevará el presidente?

#Ahora #Noticias #Gobierno #Petro #Donaldtrump #Actualidad",108,02/02/2026 13:28,https://www.instagram.com/reel/DURUPq8gua9/,Reel de Instagram,,Total,1820,1271,20,1,0,8,2
18034965674772753,17841401871496039,360radioco,360 Radio Colombia,"Apple prepara su gran salto al mundo de los plegables y ya se conocen detalles clave sobre el posible diseño del iPhone plegable que viene dando de qué hablar en la industria tecnológica

Según filtraciones recientes, la compañía estaría apostando por un formato tipo concha, similar al de otros dispositivos premium, pero con el sello característico de Apple: diseño minimalista, innovación y una experiencia de usuario optimizada

Este movimiento marcaría un nuevo capítulo en la estrategia de la marca y podría cambiar el equilibrio del mercado frente a sus principales competidores

¿Será este el iPhone más revolucionario de los últimos años?",0,02/02/2026 13:06,https://www.instagram.com/p/DURR9pmkY1w/,Secuencia de Instagram,,Total,22778,10590,132,107,6,6,9
17860692441527887,17841401871496039,360radioco,360 Radio Colombia,"#Política | Nueva polémica en el CNE: Uno de los denunciantes de Iván Cepeda asegura que Roy Barreras tendría comunicación directa con un magistrado clave en la decisión que habilitó su participación en la consulta. ¿Qué tan independiente fue la votación?

#Noticias #Ahora #Eleccioens2026 #Actualidad #ivancepeda #cne",128,02/02/2026 12:13,https://www.instagram.com/reel/DURLtWXAnV3/,Reel de Instagram,,Total,3286,2041,56,5,1,7,3
18447724315097492,17841401871496039,360radioco,360 Radio Colombia,"Estas son las primeras imágenes de Gustavo Petro, presidente de Colombia, durante su visita a Estados Unidos, en un escenario marcado por el contexto político del país norteamericano y la presencia de Donald Trump en la agenda y el debate público.

La visita incluye encuentros y conversaciones sobre cooperación bilateral, economía y política internacional.

📸 Deslice para ver las imágenes
🌐 360radio.com.co",0,02/02/2026 08:46,https://www.instagram.com/p/DUQ0Oo-Dpbq/,Secuencia de Instagram,,Total,6760,1835,42,4,0,8,3
17939368866076964,17841401871496039,360radioco,360 Radio Colombia,"#Mundo | Donald Trump anunció inicio de diálogo con Cuba para reunificar familias separadas durante décadas por conflictos y restricciones históricas.

#Noticias #Trump #Actualidad #Cuba #Internacional",36,02/02/2026 08:26,https://www.instagram.com/reel/DUQx0PDAoG4/,Reel de Instagram,,Total,3287,2141,41,4,0,0,1
18109003186663506,17841401871496039,360radioco,360 Radio Colombia,"🚗📊 Así arrancó el mercado automotor en 2026

Estas fueron las 10 marcas que más vehículos nuevos vendieron en Colombia durante enero de 2026, según datos de ANDI–FENALCO.
KIA y Renault lideran el ranking, mientras las marcas asiáticas siguen ganando terreno en un mercado que empieza a mostrar señales de reactivación.",0,02/02/2026 08:02,https://www.instagram.com/p/DUQvLN-Ek2_/,Imagen de Instagram,,Total,13900,7453,133,37,9,1,18
18323717125221794,17841401871496039,360radioco,360 Radio Colombia,"#Colombia | Iván Cepeda llamó desde Zipaquirá a movilizaciones este martes en Bogotá para respaldar a Petro durante su visita a EE. UU. y rechazar el bloqueo del CNE a su candidatura.

#Noticias #Actualidad #Cepeda #Marchas #Trump",73,02/02/2026 06:33,https://www.instagram.com/reel/DUQk0eCApTH/,Reel de Instagram,,Total,4926,4082,55,19,2,59,6
18067756151241107,17841401871496039,360radioco,360 Radio Colombia,"🔎 El Índice de Influencia Digital B-FUN 2025, desarrollado por Babel Group y su división especializada B-FUN, analizó millones de interacciones reales en redes sociales para responder una pregunta clave: ¿quién tiene hoy la capacidad real de influir en Colombia? 

El estudio no se basó en votos, encuestas ni número de seguidores, sino en data auditada de plataformas especializadas como HypeAuditor e Influencity, evaluando perfiles en Instagram, TikTok, YouTube y X.

👉 La medición se construyó a partir del B-FUN Score, un índice ponderado que integra variables como engagement real, calidad de la audiencia, impacto (guardados y compartidos), sentiment de los comentarios y comportamiento multiplataforma, descartando métricas de vanidad y cuentas dudosas. 

@karolg @juandam___ @soybans @lagranjadelborrego @jashlem @camilo @carlosferiag @jbalvin @jeisongiraldoo @feid @deiry_vargas @gemelasortegaa @amirodriguezz @amadorat",0,02/02/2026 06:23,https://www.instagram.com/p/DUQj0G7llWj/,Imagen de Instagram,,Total,757243,395741,3530,871,147,524,797
18558303937013202,17841401871496039,360radioco,360 Radio Colombia,"#Mundo l 🌍🪖 El poder militar global no se mide solo en armas, sino en estrategia, tecnología y capacidad de respuesta. El nuevo índice de poder militar muestra cómo se distribuye la fuerza entre las principales potencias del mundo.

Estados Unidos encabeza el listado, seguido de cerca por países como Rusia y China, mientras que potencias europeas como Italia, Francia y el Reino Unido mantienen un peso relevante. Asia también marca presencia con Japón, Corea del Sur e India, en un tablero cada vez más equilibrado y competitivo.

Este ranking deja claro que el orden militar global es dinámico y está en constante ajuste. Más allá de la cifra, el poder también se juega en diplomacia, alianzas y estabilidad regional.",0,02/01/2026 13:15,https://www.instagram.com/p/DUOuIpnlOhq/,Imagen de Instagram,,Total,8962,3319,84,1,0,1,8
18041833694738674,17841401871496039,360radioco,360 Radio Colombia,"#EntreVocesBy360 | Charlamos con Aníbal Gaviria, aspirante a la Presidencia, sobre los desafíos que vienen para el país, las movidas rumbo a la Casa de Nariño y la consulta del 8 de marzo. 👀🔥

Activa el video en YouTube y únete al debate.

#EntreVocesBy360 #AníbalGaviria #Elecciones2026 #Consulta8DeMarzo #PolíticaColombiana #CasaDeNariño #360Radio #colombiadecide",60,02/01/2026 10:42,https://www.instagram.com/reel/DUOceqMAhDe/,Reel de Instagram,,Total,1251,1148,40,2,0,2,0
18089963153079640,17841401871496039,360radioco,360 Radio Colombia,"#Minería | 🥈🌎 La plata sigue siendo un recurso estratégico a nivel global. Perú lidera el ranking mundial de reservas de este metal, consolidándose como un actor clave en el mercado minero internacional.

📊⛏️ Países como Australia y Rusia completan el podio, mientras que otras potencias económicas como China, Estados Unidos y México también figuran en la lista, evidenciando la importancia geopolítica de este recurso natural.

💰🔎 Estas cifras confirman que la plata no solo impulsa industrias como la tecnología y la energía, sino que también juega un papel determinante en la economía y el desarrollo de los países con mayores reservas.",0,02/01/2026 09:30,https://www.instagram.com/p/DUOUY1jmCsl/,Imagen de Instagram,,Total,5905,1995,66,0,1,0,4
18000649277847644,17841401871496039,360radioco,360 Radio Colombia,"#Economía | ⛽ En América Latina, llenar el tanque no cuesta lo mismo para todos. Las diferencias entre países reflejan modelos de subsidios, cargas tributarias, costos de importación y decisiones fiscales que terminan impactando directamente el bolsillo de los ciudadanos 🚗💸.

🌎 Mientras algunas economías enfrentan precios elevados que presionan la inflación y el costo del transporte, otras logran mantener valores relativamente más bajos, aunque no exentos de debate público. En este escenario, Colombia se ubica por debajo del promedio regional, una posición que alivia parcialmente al consumidor, pero que sigue atada a discusiones sobre sostenibilidad fiscal y ajustes futuros ⚖️.

📊 El precio del combustible incide en el costo de vida, la competitividad y la dinámica productiva. Entender cómo se mueve frente a otros países permite dimensionar los retos que vienen y anticipar el impacto de nuevas decisiones de política energética. Porque en la región, el precio de la gasolina no solo mueve vehículos: también marca el pulso de la economía 📈.",0,02/01/2026 06:30,https://www.instagram.com/p/DUN_yT_APay/,Imagen de Instagram,,Total,11540,4399,114,26,2,12,12
18081936995229440,17841401871496039,360radioco,360 Radio Colombia,"#Tecnología | 📊🔌 La tecnología ya es parte esencial de la vida diaria de las personas. El smartphone lidera ampliamente la lista de dispositivos más utilizados, seguido por computadores y Smart TV, que consolidan su presencia en los hogares.

💡⌚ Además, dispositivos como tablets, smartwatches y hogares inteligentes muestran un crecimiento sostenido, reflejando cómo la conectividad y la comodidad influyen cada vez más en las decisiones de consumo tecnológico.

🌐📱 Aunque algunas tecnologías aún tienen menor penetración, como la realidad virtual o los lectores electrónicos, el panorama confirma que la digitalización avanza a pasos firmes y redefine la forma en que las personas trabajan, se informan y se entretienen.",0,01/31/2026 16:30,https://www.instagram.com/p/DUMfp85lcIZ/,Imagen de Instagram,,Total,138017,49975,978,146,170,4,544
18086732744123189,17841401871496039,360radioco,360 Radio Colombia,"#Economía | 💹Más allá del dato puntual, el comportamiento de los precios revela cómo cada economía responde a choques externos, decisiones internas y tensiones estructurales. En este escenario, Colombia se ubica en un punto que exige lectura cuidadosa: ni ajena a las presiones inflacionarias que afectan a la región, ni entre los casos más críticos.

🌎 América Latina muestra realidades económicas profundamente dispares: desde países donde la inflación se convirtió en un factor de inestabilidad permanente, hasta otros que han logrado contenerla con mayor efectividad. Esta comparación permite dimensionar los riesgos, pero también resaltar la importancia de mantener credibilidad macroeconómica y políticas consistentes ⚖️.

📈 La evolución de la inflación incide directamente en el costo de vida, la confianza de los mercados y las decisiones de inversión. Para Colombia, el desafío no es solo sostener el control actual, sino evitar retrocesos en un entorno regional volátil. Entender este contexto es clave para anticipar los debates económicos que marcarán la agenda pública en los próximos meses.",0,01/31/2026 14:30,https://www.instagram.com/p/DUMR7CACcpz/,Imagen de Instagram,,Total,4498,1580,36,1,0,0,4
18104768740770228,17841401871496039,360radioco,360 Radio Colombia,"#Entretenimiento l 🎬🏆 No todas las nominadas al Óscar juegan en la misma liga… al menos en taquilla. Mientras algunas arrasaron en salas de cine alrededor del mundo, otras apenas tuvieron un paso simbólico por cartelera.

“F1” lidera con comodidad el ranking comercial entre las aspirantes a mejor película, superando los 631 millones de dólares, muy por encima de títulos como Sinners y One Battle After Another. En el otro extremo, producciones más autorales y de menor distribución reflejan cifras modestas, e incluso testimoniales.

El contraste vuelve a poner sobre la mesa una vieja pregunta: ¿éxito en taquilla o prestigio artístico? En los Óscar, como siempre, no gana necesariamente la más vista, sino la que logra convencer a la Academia. 🎥✨",0,01/31/2026 12:15,https://www.instagram.com/p/DUMCjZbk5ie/,Imagen de Instagram,,Total,3244,1078,33,0,0,0,5
18056393384377888,17841401871496039,360radioco,360 Radio Colombia,"#Atención | Incendio se registra en el peaje Bicentenario, entre Guaduas y Honda, tras vehículo que prendió fuego; autoridades atienden emergencia y controlan la situación.

#Noticias #Ahora #Incendio #Actualidad #Peajeincendio #Ultimahora",22,01/30/2026 19:31,https://www.instagram.com/reel/DUKPkIagq2t/,Reel de Instagram,,Total,7325,4541,42,6,1,1,1
18108301609661912,17841401871496039,360radioco,360 Radio Colombia,"#Colombia | Juan Fernando Cristo confirmó su participación en la consulta del Frente por la Vida, por el Partido en Marcha, que definirá candidato presidencial el 8 de marzo, de 2026 nacional.

#Noticias #Actualidad #Elecciones2026 #política #ahora",68,01/30/2026 12:05,https://www.instagram.com/reel/DUJcZXMgqQT/,Reel de Instagram,,Total,1561,1216,12,1,0,1,1
18144838186462668,17841401871496039,360radioco,360 Radio Colombia,"#AHORA

Ministro de Hacienda confirmó que precio de la gasolina en febrero bajará $ 500 pesos. Ávila anunció que en los próximos días saldrá el decreto de la reducción.",0,01/30/2026 10:41,https://www.instagram.com/p/DUJTBYElt5e/,Imagen de Instagram,,Total,3033,1227,34,7,0,2,0
18072138995613153,17841401871496039,360radioco,360 Radio Colombia,"#Colombia | La gasolina bajará 500 pesos en febrero, anunció el ministro de Hacienda Germán Ávila, quien confirmó decreto próximo y aseguró que vendrán más reducciones para controlar la inflación en el país durante los próximos meses.

#Gasolina #Noticias #actualidad #Gobierno #ultimahora #Atención",57,01/30/2026 10:33,https://www.instagram.com/reel/DUJR6TNAmkT/,Reel de Instagram,,Total,1873,1416,24,0,1,7,2
18130647481503697,17841401871496039,360radioco,360 Radio Colombia,"#ATENCIÓN 

📊 El Banco de la República subió la tasa de interés en 100 puntos básicos, llevándola al 10,25 %.

El fuerte ajuste refuerza la postura restrictiva del Emisor para frenar la inflación, con impacto directo en créditos, consumo e inversión.

360radio.com.co",0,01/30/2026 10:07,https://www.instagram.com/p/DUJPDf-F8-o/,Imagen de Instagram,,Total,3426,1362,53,9,1,0,4
18070793168529611,17841401871496039,360radioco,360 Radio Colombia,"#Mundo | La presidenta de México, Claudia Sheinbaum, alertó que los aranceles de EE.UU. a países que suministren petróleo a Cuba podrían generar una crisis humanitaria y anunció apoyo al pueblo cubano.

#Noticias #Actualidad #Mexico #internacional #Ahora #Cuba",124,01/30/2026 10:05,https://www.instagram.com/reel/DUJOsigAp9t/,Reel de Instagram,,Total,1854,1253,25,0,0,6,1
17847808239639919,17841401871496039,360radioco,360 Radio Colombia,"#Colombia | DANE reveló que desempleo en Colombia fue de 8,9% en 2025, cifra inferior al 10,2% registrado en 2024.

La crifra en diciembre de 2025 fue 8,0%, lo que representó una disminución de 1,1 puntos porcentuales respecto al mismo mes de 2024.",0,01/30/2026 07:27,https://www.instagram.com/p/DUI8yJIEmz4/,Imagen de Instagram,,Total,1574,534,23,0,0,0,2
17875479465495119,17841401871496039,360radioco,360 Radio Colombia,"#Colombia | María Claudia Lacouture afirmó que la Corte Constitucional actuó correctamente al suspender la emergencia económica, advirtiendo que los problemas son estructurales, previsibles y requieren soluciones permanentes, no medidas extraordinarias por parte del Gobierno nacional actual.

#economía #notícias #Actualidad #gobiernonacional #emergeciaeconomica",35,01/30/2026 06:23,https://www.instagram.com/reel/DUI1UDqAnmg/,Reel de Instagram,,Total,1057,767,18,1,0,0,0
18039747923729706,17841401871496039,360radioco,360 Radio Colombia,"#Mundo | El presidente de Estados Unidos, Donald Trump, anunció este viernes 30 de enero que nominará a Kevin Warsh, para dirigir la Reserva Federal (FED) cuando termine el mandato de Jerome Powell.",0,01/30/2026 05:21,https://www.instagram.com/p/DUIuWBZjCNu/,Imagen de Instagram,,Total,2304,1044,20,0,0,0,0
18109033456681055,17841401871496039,360radioco,360 Radio Colombia,"🎙 Con una inversión superior a $515.000 millones, el Metro de Medellin avanza en el ensamblaje de 13 nuevos trenes que entrarán en operación en 2027 y reducirán los tiempos de espera en horas pico. 

@metrodemedellin @alcaldiademed

#MetrodeMedellin #Medellin",0,01/30/2026 04:02,https://www.instagram.com/p/DUIlTSEjoBT/,Imagen de Instagram,,Total,7506,1833,71,2,0,0,5
17852427816656263,17841401871496039,360radioco,360 Radio Colombia,"❗ Movimiento clave en el sector energético colombiano

🔎 GeoPark anunció la compra de los activos de Frontera Energy en Colombia por USD 375 millones, una operación que la convierte en el mayor operador privado del país y reconfigura el mapa de la industria.",0,01/30/2026 01:34,https://www.instagram.com/p/DUIUaf9DAB0/,Imagen de Instagram,,Total,4801,2398,70,21,8,1,4
18106979098606445,17841401871496039,360radioco,360 Radio Colombia,"#ATENCIÓN 

Corte Constitucional suspendió el decreto de emergencia económica en Colombia: 6 votos en contra y 2 a favor.

http://360radio.com.co",0,01/29/2026 15:04,https://www.instagram.com/p/DUHMUiRgZ9u/,Imagen de Instagram,,Total,8235,5523,162,52,0,7,2
18055215635674758,17841401871496039,360radioco,360 Radio Colombia,"#EntreVocesBy360 | Conversamos con Aníbal Gaviria, precandidato presidencial, sobre los grandes retos del próximo Gobierno, las decisiones clave rumbo a la Casa de Nariño y la consulta del 8 de marzo. 👀🔥

Dale play en YouTube y súmate a la conversación.

#EntreVocesBy360 #aníbalgaviria #Elecciones2026 #Consulta8DeMarzo #PolíticaColombiana #CasaDeNariño #360Radio #colombiadecide",77,01/29/2026 15:00,https://www.instagram.com/reel/DUHLmWjgjAj/,Reel de Instagram,,Total,4326,3324,177,12,4,21,3
17942939397106358,17841401871496039,360radioco,360 Radio Colombia,"#Atención | Hace algunos minutos Dos carros de bomberos llegaron al Palacio de Justicia por una emergencia en salas de computación; olores extraños obligaron a evacuar el Consejo de Estado, sin reportes de personas afectadas.

#Colombia #Emergencia #Noticias #Palaciodejusticia #Ahora #actualidad",26,01/29/2026 12:54,https://www.instagram.com/reel/DUG9QfEgiza/,Reel de Instagram,,Total,4390,3178,39,2,1,0,0
18304091332258798,17841401871496039,360radioco,360 Radio Colombia,"#colombia | El ministro de Defensa, Pedro Sánchez, anunció que el servicio militar obligatorio se extenderá tres meses más de cara a las elecciones nacionales próximas.

#notícias #Defensa #Elecciones #ServicioMilitar #Política #Gobierno #País",79,01/29/2026 10:04,https://www.instagram.com/reel/DUGpphSgqAi/,Reel de Instagram,,Total,2104,1339,22,4,1,5,2
18036232688548521,17841401871496039,360radioco,360 Radio Colombia,"#Atención | El registrador Hernán Penagos precisó que el 8 de marzo solo se entregarán tarjetones de Senado y Cámara, y jurados informarán sobre consultas, tras críticas de Cambio Radical por su entrega automática a votantes previamente.

#notícias #Elecciones2026 #Actualidad #Poilitica #granconsulta",84,01/29/2026 06:57,https://www.instagram.com/reel/DUGUXfzArju/,Reel de Instagram,,Total,4770,2875,97,13,3,1,3
18193612378341962,17841401871496039,360radioco,360 Radio Colombia,"#Mundo | Delcy Rodríguez fue juramentada como comandante en jefe de las Fuerzas Armadas de Venezuela, felicitó al alto mando por no rendirse y ordenó crear una oficina nacional de ciberseguridad estatal.

#Mundo #Venezuela #Maduro #notícias #Actualidad",191,01/29/2026 06:31,https://www.instagram.com/reel/DUGRSiagobZ/,Reel de Instagram,,Total,2476,1396,27,0,0,8,0
18066305192220080,17841401871496039,360radioco,360 Radio Colombia,"#Atención | Las fuertes lluvias provocaron inundaciones en Medellín. El alcalde Federico Guitiérrez confirmó que ""Hay Inundaciones en diferentes puntos de la ciudad por el desbordamiento de la quebrada La Presidenta. Se recomienda transitar por vías alternas"". 

#Medellín #Noticias #Inundaciones #Actualidad #ahora",81,01/28/2026 13:54,https://www.instagram.com/reel/DUEfUtJAtwU/,Reel de Instagram,,Total,9839,7413,206,200,11,13,13
17890357266288265,17841401871496039,360radioco,360 Radio Colombia,"#AHORA | Las autoridades del Puesto de Mando Unificado (PMU) en Cúcuta informaron el hallazgo de la aeronave HK4709 que cubría la ruta Cúcuta - Ocaña, que minutos antes de su aterrizaje perdió conexión con tierra y horas después se confirma el siniestro aéreo que no deja sobrevivientes. 

Más detalles en 360radio.com.co

@aerolineasatena

Foto: Daniel Ríos",0,01/28/2026 13:40,https://www.instagram.com/p/DUEd4_Dkxue/,Imagen de Instagram,,Total,6931,3334,59,7,0,2,3
17874457200489183,17841401871496039,360radioco,360 Radio Colombia,"#Atención | Autoridades del PMU confirmaron que una aeronave de Satena se estrelló en el sector Curasica, zona rural de La Playa de Belén, y no dejó sobrevivientes tras grave accidente aéreo.

#Noticias #AviónSatena #Actualidad #Accidenteaereo #Colombia #urgente🚨",48,01/28/2026 13:33,https://www.instagram.com/reel/DUEc9a0goHN/,Reel de Instagram,,Total,6451,3968,76,42,4,2,5
17938039304996739,17841401871496039,360radioco,360 Radio Colombia,"#Mundo | María Corina Machado criticó al presidente Gustavo Petro por pedir devolver a Nicolás Maduro, tras reunirse en Washington con el secretario de Estado Marco Rubio, durante agenda política internacional estadounidense.

#Noticia #Venezuela #Maduro #Petro #Corina #Actualidad #internacional",68,01/28/2026 13:24,https://www.instagram.com/reel/DUEb6UPgi3Y/,Reel de Instagram,,Total,3796,2871,100,2,3,8,1
17942161559983849,17841401871496039,360radioco,360 Radio Colombia,"#Infraestructura | Colombia no solo conecta regiones: conecta oportunidades ✈️🌎. Estar entre los 15 países con más aeropuertos del mundo habla de una infraestructura aérea que sostiene el turismo, el comercio y la integración territorial, incluso en los rincones más apartados del país.

Esta red aérea es clave para un país con una geografía diversa y retadora. Cada aeropuerto representa desarrollo local, acceso a mercados, atracción de inversión y mayor movilidad para millones de personas 🚀📍. Es una ventaja estratégica que impulsa la competitividad y fortalece la conectividad interna y externa.

En un mundo donde volar es sinónimo de progreso, Colombia demuestra que su ubicación, su capacidad logística y su potencial de crecimiento la posicionan como un actor relevante en la aviación global",0,01/28/2026 12:05,https://www.instagram.com/p/DUES8b2jJ8Q/,Imagen de Instagram,,Total,9324,3961,141,6,0,5,14
18106593475762288,17841401871496039,360radioco,360 Radio Colombia,"#Atencion | Un avión de Satena con 13 pasajeros se encuentra desaparecido desde hace una hora y media cuando cubría la ruta Cúcuta-Ocaña; ya se iniciaron las labores de emergencia pro parte de las autoridades.

#Ahora #Noticias #Avionsatena #Actualdiad #Vuelos #nortesantander #atencion",43,01/28/2026 11:35,https://www.instagram.com/reel/DUEPfj0gmDu/,Reel de Instagram,,Total,6531,4068,72,37,0,3,8
18342051502226464,17841401871496039,360radioco,360 Radio Colombia,"#Economía | 📌 El Comité Federal de Mercado Abierto (FOMC) de la Reserva Federal de EE. UU. decidió mantener sin cambios las tasas de interés en el rango de 3,50% a 3,75%, nivel que se mantiene como el más bajo desde finales de 2022. La medida confirma una pausa en el proceso de relajación monetaria y pone fin a una racha de tres recortes consecutivos realizados en 2025.

👉 Lea la nota completa en 360radio.com.co",0,01/28/2026 11:22,https://www.instagram.com/p/DUEOH8OD-tk/,Imagen de Instagram,,Total,1991,786,17,2,0,0,0
18016896662812390,17841401871496039,360radioco,360 Radio Colombia,"#ATENCIÓN 

Avión de Satena desaparece con 19 pasajeros. Según los primeros reportes, el avión tenía previsto aterrizar en el aeropuerto Aguas Claras de Ocaña a las 12:10 p. m., pero no ha llegado a su destino.",0,01/28/2026 10:53,https://www.instagram.com/p/DUEKyZgkvD0/,Imagen de Instagram,,Total,18540,8737,242,255,1,16,18
18099534430716960,17841401871496039,360radioco,360 Radio Colombia,"#Mundo | Durante el Foro Económico Internacional América Latina y el Caribe, el presidente Gustavo Petro llamó a fortalecer la lucha antidrogas con Ecuador y pidió a Daniel Noboa abrir un diálogo.

#Energía #Actualidad #Petro #Noticias #foroeconómico #ahora",90,01/28/2026 08:43,https://www.instagram.com/reel/DUD7zw2ghAC/,Reel de Instagram,,Total,1203,898,10,0,0,3,0
18066723920559585,17841401871496039,360radioco,360 Radio Colombia,"#política | Vicky Dávila vivió momentos de tensión tras quedar atrapada en un ascensor de Corabastos. La precandidata fue rescatada sin lesiones junto a su equipo. 

#Ahora #VickyDavila #Corabastos #Noticia #Colombia #Política",42,01/28/2026 08:31,https://www.instagram.com/reel/DUD6Xdxggq4/,Reel de Instagram,,Total,14453,8643,114,18,1,36,9
18125204245483025,17841401871496039,360radioco,360 Radio Colombia,"#Energía | La viceministra de Energía, Karen Schutt, advirtió que la suspensión de venta de energía colombiana a Ecuador provoca sobrecostos diarios cercanos a USD 2 millones por generación alternativa más costosa.

#Noticias #Colombia #Ecuador #Energía #Actualidad #Mundo",163,01/28/2026 05:46,https://www.instagram.com/reel/DUDnXLLAtMT/,Reel de Instagram,,Total,7369,4744,91,6,1,7,7
17996855720890587,17841401871496039,360radioco,360 Radio Colombia,"🔴 Así cerró Colombia en materia de homicidos en principales ciudades

Durante 2025, el número de homicidios por ciudad en Colombia volvió a encender las alarmas. Las cifras muestran realidades muy distintas entre las principales capitales del país, con aumentos marcados en algunas ciudades y contenciones parciales en otras.",0,01/28/2026 05:46,https://www.instagram.com/p/DUDnpBEDP5v/,Imagen de Instagram,,Total,38415,16408,316,273,17,43,104
18078131516048546,17841401871496039,360radioco,360 Radio Colombia,"🚧 La Carrera Séptima cambiará en Bogotá 🌳🚲

Desde febrero de 2025 arrancan las obras del Corredor Carrera Séptima (calles 99–200), un proyecto que promete transformar la movilidad y el espacio público en el norte de Bogotá.

📏 11,56 km de intervención

 👥 +2 millones de personas beneficiadas

 🚌 14 estaciones de TransMilenio

 🚲 11,56 km de ciclorruta continua

 🌱 +4.300 árboles nuevos

 ⏱️ Reducción de tiempos de viaje superior al 60 %

Movilidad eléctrica, más espacio para peatones y bicicletas, y un fuerte enfoque ambiental.",0,01/27/2026 15:31,https://www.instagram.com/p/DUCFxOxDoXi/,Imagen de Instagram,,Total,4332,1408,46,4,1,0,4
18005014874835782,17841401871496039,360radioco,360 Radio Colombia,"🔴 Millicom se queda con el 100 % de UNE.

EPM vendió sus acciones por más de 2 billones de pesos y cerró la Segunda Etapa del proceso de enajenación.

#EPM #Telecomunicaciones #Noticia",0,01/27/2026 14:13,https://www.instagram.com/p/DUB81wADTuj/,Imagen de Instagram,,Total,2171,907,19,0,1,1,0
18098767555718600,17841401871496039,360radioco,360 Radio Colombia,"#Colombia | Previo a la reunión en Washington con Donald Trump, el presidente Gustavo Petro pidió primera vez que devuelva a Nicolás Maduro a Venezuela, marcando un giro en su postura diplomática.

#Noticias #Venezuela #Maduro #Petro #Actualidad #donaldtrump",86,01/27/2026 12:11,https://www.instagram.com/reel/DUBuwKhgiby/,Reel de Instagram,,Total,5638,3386,53,30,0,97,5
18517111543069622,17841401871496039,360radioco,360 Radio Colombia,"#Política l La Registraduría Nacional del Estado Civil negó la inscripción de Daniel Quintero como precandidato presidencial en la consulta de la izquierda, prevista para el próximo 8 de marzo, y trasladó el caso al Consejo Nacional Electoral (CNE) para que defina la situación jurídica de los demás aspirantes. 

Según la entidad, aceptar su inscripción sería contrario a la Constitución y a la ley, al considerar que un ciudadano que ya participó en una consulta previa en la que resultó derrotado y no puede volver a aspirar por una agrupación política distinta dentro del mismo proceso electoral.",0,01/27/2026 11:15,https://www.instagram.com/p/DUBofiqk8gH/,Imagen de Instagram,,Total,4370,2240,127,14,0,6,2
18193910179341316,17841401871496039,360radioco,360 Radio Colombia,"#Colombia | La representante a la Cámara Jennifer Pedraza denunció 779 nuevas irregularidades académicas en la Fundación de Educación Superior San José, tras analizar información de 1.276 servidores públicos y egresados de esa institución.

#Sanjose #Noticias #Educación #Ahora #actualidad #academias",43,01/27/2026 07:28,https://www.instagram.com/reel/DUBOV5BAonj/,Reel de Instagram,,Total,4768,3131,216,11,2,15,8
18025595918789969,17841401871496039,360radioco,360 Radio Colombia,"#Mundo | La ministra y portavoz Elma Saiz explicó requisitos para la regularización de extranjeros y afirmó que el Gobierno aprobó el decretazo para garantizar inclusión social, seguridad jurídica, derechos laborales y una migración ordenada en España.

#Colombianos #noticias #internacional #actualidad #España",96,01/27/2026 06:17,https://www.instagram.com/reel/DUBGCm3AmvI/,Reel de Instagram,,Total,2090,1565,46,23,2,2,7
18092465827790027,17841401871496039,360radioco,360 Radio Colombia,"#Deportes l🏟️⚽ De Wembley al Camp Nou, Europa alberga algunos de los estadios más imponentes del planeta. Escenarios que no solo destacan por su enorme capacidad, sino por la historia, las finales inolvidables y las emociones que han marcado al fútbol mundial.

Desde templos modernos como el Santiago Bernabéu hasta íconos históricos como San Siro u Old Trafford, estos colosos reúnen a miles de aficionados cada fin de semana y se han convertido en verdaderos símbolos de sus ciudades.

¿Cuál de estos estadios sueñas con visitar o ya conoces? Déjalo en los comentarios y etiqueta a ese amigo con el que irías a ver un partidazo.",0,01/26/2026 11:21,https://www.instagram.com/p/DT_EVPzEbpr/,Imagen de Instagram,,Total,3478,1280,38,3,0,0,4
17881790325354282,17841401871496039,360radioco,360 Radio Colombia,"📊💼 ¿Por qué los colombianos retiraron cesantías en 2025?
 
💸 $11,7 billones se usaron principalmente para enfrentar terminación de contratos, comprar o mejorar vivienda y pagar educación.

 🏠📚 Trabajo que se fue, casas que se construyeron y estudios que siguieron adelante.

Las cifras muestran algo claro: las cesantías siguen siendo un respaldo real para millones de trabajadores en Colombia.

#Economía #Cesantías #Ahorro",0,01/26/2026 08:37,https://www.instagram.com/p/DT-xjRYjiqP/,Imagen de Instagram,,Total,6028,2357,81,9,1,0,12
17932413096177328,17841401871496039,360radioco,360 Radio Colombia,"#Colombia | El precandidato presidencial Juan Carlos Pinzón cuestionó duramente al presidente Gustavo Petro por la reunión prevista para el próximo 3 de febrero con el expresidente estadounidense Donald Trump, anunciada públicamente.

#Noticias #Actualidad #Pinzón #Petro #donaldtrump #eleccioens2026",68,01/26/2026 08:07,https://www.instagram.com/reel/DT-t9BfgoLa/,Reel de Instagram,,Total,3680,2937,41,4,0,8,0
17918781660095894,17841401871496039,360radioco,360 Radio Colombia,"#Atención | Un gigantesco globo de mecha cayó en una cancha auxiliar del Polideportivo Sur mientras niños jugaban; no hubo lesionados y autoridades investigan desde dónde fue lanzado.

#Medellín #Noticias #Antioquia #actualidad #Seguridad #Colombia",49,01/26/2026 07:07,https://www.instagram.com/reel/DT-nHt3AlSO/,Reel de Instagram,,Total,4446,3019,38,8,0,0,2
18104041699829986,17841401871496039,360radioco,360 Radio Colombia,"#Bogotá | El alcalde Carlos Fernando Galán aseguró que entre 2012 y 2024 los estudiantes de colegios perdieron 185 días de clases por paros y movilizaciones que afectaron gravemente la continuidad académica.

#Ahora #PAROS #Noticias #academico #actualidad #galán",86,01/26/2026 06:08,https://www.instagram.com/reel/DT-gX0hgrJW/,Reel de Instagram,,Total,1426,1000,24,0,0,1,0
18419151703138851,17841401871496039,360radioco,360 Radio Colombia,"#ATENCIÓN La senadora María Fernanda Cabal y el presidente de Fedegán, José Félix Lafaurie, anunciaron mediante una carta enviada a Gabriel Vallejo su salida del Centro Democrático. 

En el documento señalan supuestas irregularidades en el proceso interno que derivó en la designación de Paloma Valencia como candidata presidencial del partido.",0,01/26/2026 04:57,https://www.instagram.com/p/DT-YdSKDBlo/,Imagen de Instagram,,Total,10225,5183,224,96,1,29,6
18092923694069200,17841401871496039,360radioco,360 Radio Colombia,"#Mundo l ✈️🌍 Viajar más de 15 horas seguidas ya no es una rareza. En el mapa de la aviación comercial, los vuelos ultralargos se han convertido en una pieza clave para conectar continentes sin escalas y reducir tiempos totales de viaje.

Rutas como Nueva York–Singapur o Newark–Singapur lideran el ranking mundial, con trayectos que superan los 15.300 kilómetros y pueden extenderse por casi 19 horas en el aire, poniendo a prueba tanto a las aerolíneas como a los pasajeros.

Este tipo de operaciones refleja cómo la industria aérea sigue empujando sus límites, apostando por aeronaves más eficientes y estrategias que priorizan la conectividad global, incluso en los recorridos más extremos del planeta. 🌐✈️",0,01/25/2026 12:09,https://www.instagram.com/p/DT8lF45E1ay/,Imagen de Instagram,,Total,4858,2234,56,2,0,0,7
18090475142511400,17841401871496039,360radioco,360 Radio Colombia,"#Colombia | Antioquia enfrenta grandes retos y decisiones clave 🔍🏗️💼
En #EntreVocesBy360, Andrés Gaviria, candidato a la Cámara por Antioquia, habla de infraestructura, economía local, seguridad y participación ciudadana.

▶️ Dale play y conoce las propuestas que buscan marcar el rumbo del departamento.

#antioquia #entrevocesby360 #andresgaviria #centrodemocrático #infraestructura #economialocal",84,01/25/2026 07:15,https://www.instagram.com/reel/DT8DG6gAqwa/,Reel de Instagram,,Total,3075,2354,42,5,0,7,3
18176243467374610,17841401871496039,360radioco,360 Radio Colombia,"#Mundo | La migración venezolana continúa consolidándose como uno de los fenómenos demográficos más relevantes del continente. Esta pieza visual ofrece una visión comparativa de los principales países de destino, permitiendo dimensionar la magnitud y la distribución geográfica de la población venezolana en el exterior en 2025. 📊🌍

La concentración en América Latina evidencia el peso de los factores regionales, como la proximidad territorial, los vínculos históricos y las oportunidades de inserción laboral. Al mismo tiempo, la presencia significativa en Norteamérica y Europa refleja procesos de movilidad más complejos, asociados a la búsqueda de estabilidad jurídica, mejores condiciones económicas y proyección de largo plazo. 🌐📌

Este tipo de información resulta clave para el análisis de políticas públicas, planificación social y toma de decisiones en sectores económicos, humanitarios e institucionales. 📈🏛️",0,01/24/2026 12:50,https://www.instagram.com/p/DT6E_PnjsEl/,Imagen de Instagram,,Total,25752,12735,233,39,5,23,40
17997362444895282,17841401871496039,360radioco,360 Radio Colombia,"#Colombia | Centrales obreras convocaron movilización nacional este 28 de enero frente a Palacios de Justicia para respaldar el salario mínimo 2026 y pedir a las altas cortes no declarar ilegal el decreto fijado por Gobierno nacional.

#Noticias #manifestacion #CUT #actualidad #gobiernonacional #ahora",0,01/23/2026 13:56,https://www.instagram.com/reel/DT3nmdlAvJa/,Reel de Instagram,,Total,3062,2046,29,9,4,32,6
18080394278191427,17841401871496039,360radioco,360 Radio Colombia,"📈 Los 10 bancos con más depósitos en cuentas de ahorro (de personas naturales) al cierre de 2025. 

Bancolombia, Banco Davivienda y BBVA concentran más del 70 % del total. Más atrás, aunque con participaciones relevantes, se ubican Banco Caja Social y Banco de Bogotá con $6,54 billones (5,88 %), mostrando una competencia más cerrada en este segmento intermedio.

El ranking lo completan Nu Colombia, Davibank con $3,94 billones (3,54 %), Banco Agrario de Colombia, Banco Popular Colombia, y Banco AV Villas.

❗ Estos datos consultados por 360 Radio son resultado de filtros en la página de datos de la Superintendencia Financiera: Tasas de interés para captaciones de establecimientos de crédito, sumado al filtrado de fecha hasta el 31 de diciembre de 2025 y los tipos de cuentas de ahorro filtrado por depósitos de persona natural.

#Economía #Colombia #Bancos",0,01/23/2026 12:24,https://www.instagram.com/p/DT3dJmgkadO/,Imagen de Instagram,,Total,43815,19496,699,131,95,14,153
17995953965895744,17841401871496039,360radioco,360 Radio Colombia,"#entrevocesby360 | Andrés Gaviria, candidato a la Cámara por Antioquia, habló en Entre Voces By 360 sobre las obras de infraestructura que necesita el departamento, el impulso a la economía local, las nuevas políticas de seguridad y la importancia de participar este 8 de marzo en las urnas 🗳️✨

Entrevista completa, canal de YouTube: https://www.youtube.com/channel/UCa5IiwQHHk0Gj8MfC6-XCmg

#Antioquia #AndrésGaviria #podcast #VotaEste8DeMarzo #Seguridad #Infraestructura #EconomíaLocal #360radio",84,01/23/2026 10:33,https://www.instagram.com/reel/DT3QVj5Ar--/,Reel de Instagram,,Total,1367,1078,24,1,0,0,0
17936523567153446,17841401871496039,360radioco,360 Radio Colombia,"#Medellín | La Alcaldía de Medellín confirmó que el próximo 2 de febrero iniciará la nueva rotación del pico y placa en Medellín y el Valle de Aburrá. 

#Noticia",0,01/23/2026 06:17,https://www.instagram.com/p/DT2zMaTjsO1/,Secuencia de Instagram,,Total,5622,2609,48,43,2,1,6
18205568287325104,17841401871496039,360radioco,360 Radio Colombia,"#Colombia | Durante la instalación del radar en el aeropuerto Alfredo Vásquez Cobo, el presidente Gustavo Petro se pronunció sobre la situación en la frontera con Ecuador por seguridad nacional 

#Noticias #Petro #Ecuador #Frontera #Seguridad #actualidad",83,01/23/2026 06:13,https://www.instagram.com/reel/DT2ynGkgk45/,Reel de Instagram,,Total,1283,858,9,0,0,1,0
18025650380793347,17841401871496039,360radioco,360 Radio Colombia,"#Colombia | Desde el 27 de enero, los colombianos podrán consultar en la página de la Registraduría si fueron designados jurados de votación; serán 856 mil, informó Rafael Vargas, director electoral nacional.

#Elecciones2026 #Juradodevotación #Noticias #Actualidad #política",65,01/22/2026 14:11,https://www.instagram.com/reel/DT06lbWgmI_/,Reel de Instagram,,Total,1310,943,15,2,0,0,0
17938572243132407,17841401871496039,360radioco,360 Radio Colombia,"#Politica | Abelardo de La Espriella, en diálogo con Noticias Caracol, se refirió a varias de sus propuestas con las que busca llegar a la Presidencia de Colombia. 

¿Está de acuerdo con sus afirmaciones? 

#Colombia",0,01/22/2026 13:54,https://www.instagram.com/p/DT1Cs2xjn0w/,Secuencia de Instagram,,Total,16525,7810,767,24,3,323,5
17968820442006293,17841401871496039,360radioco,360 Radio Colombia,"#AHORA |  Nhora Mondragón fue designada como nueva directora DAPRE, entidad encargada de la coordinación estratégica y administrativa de la Casa de Nariño.",0,01/22/2026 13:34,https://www.instagram.com/p/DT1AbAPgHVq/,Imagen de Instagram,,Total,3018,1353,15,0,0,0,2
18427837462112507,17841401871496039,360radioco,360 Radio Colombia,"#entrevocesby360 | 🎙️ Entre Voces By 360 conversó con Juan Carlos Pinzón sobre su camino para llegar a la Casa de Nariño en agosto, sobre la seguridad, alianzas internacionales y cómo devolver a Colombia al mapa global. 👀🔥

#EntreVocesBy360 #juancarlospinzón #Colombia #elecciones2026 #Seguridad #RelacionesInternacionales #360radio",66,01/22/2026 09:57,https://www.instagram.com/reel/DT0nXWlggWG/,Reel de Instagram,,Total,970,779,36,3,0,1,0
18442960234098776,17841401871496039,360radioco,360 Radio Colombia,"#Colombia | El Ministro de Energía, Edwin Palma aseguró que a partir del 1 de febrero se hará efectiva la disminución del precio de la gasolina, una medida que busca aliviar el bolsillo de los ciudadanos y reducir costos de transporte en el país.

#notícias #actualidad #ahora #gasolina #actualidad #energía",0,01/22/2026 08:10,https://www.instagram.com/reel/DT0bPo1AuLe/,Reel de Instagram,,Total,1308,926,9,0,0,4,0
18357080311206879,17841401871496039,360radioco,360 Radio Colombia,"#Colombia | En redes sociales se viralizó un video de 2012 donde Alfredo Acosta Zapata, nuevo ministro de Igualdad, arrastra a un soldado en Cerro Berlín, Toribío, Cauca, durante operativo militar pasado.

#Noticias #cauca #Ministroigualdad #Actualidad #Gobiernonacional #ahora",45,01/22/2026 06:48,https://www.instagram.com/reel/DT0R1vUgvcF/,Reel de Instagram,,Total,6419,3934,179,51,0,38,15
18080145740193183,17841401871496039,360radioco,360 Radio Colombia,"✈️ Bucaramanga sigue ganando conectividad aérea

📅 Desde marzo, la ciudad suma nuevas rutas directas con Wingo hacia Medellín, Cartagena y Barranquilla, y desde junio se abrirá una conexión internacional estacional a Aruba, única sin escalas entre ambas ciudades.

👏 Con este anuncio, Bucaramanga se consolida como la tercera ciudad de operación de la aerolínea en Colombia, ampliando opciones para el turismo, los viajes de negocio y la movilidad regional. 

@vuelawingo",0,01/22/2026 06:10,https://www.instagram.com/p/DT0Noy9Dprb/,Imagen de Instagram,,Total,5182,2768,50,27,1,0,4
17931703203184514,17841401871496039,360radioco,360 Radio Colombia,"🎤 Bad Bunny llega a Medellín, pero dormir se volvió un lujo.

Precios que superan los $25 y $90 millones, reservas canceladas y usuarios denunciando abusos en plataformas de hospedaje. 

👉 Lee la nota completa en 360 Radio.",0,01/22/2026 05:21,https://www.instagram.com/p/DT0ICFVjMWU/,Imagen de Instagram,,Total,6590,3319,88,37,0,9,0
18099093658862141,17841401871496039,360radioco,360 Radio Colombia,"#EntreVoces ya disponible en @spotifycolombia 

🎙🎙🎙 Entrevistas, conversaciones y grandes invitados en nuestro #Podcast. 

Visítanos, Escúchanos y Síguenos. Link en nuestra #bio. 

#Entrevistas #Periodismo #Colombia",0,01/21/2026 12:53,https://www.instagram.com/p/DTyW472Efsm/,Imagen de Instagram,,Total,1033,381,6,1,0,0,0
18066643136229749,17841401871496039,360radioco,360 Radio Colombia,"#Economía | El presidente de Ecuador, Daniel Noboa, anunció el miércoles que impondrá un arancel de 30% a las importaciones de Colombia. 

Confirmaron que se da ante falta de apoyo en su lucha contra la violencia del narcotráfico en la frontera.",0,01/21/2026 09:47,https://www.instagram.com/p/DTyBqzmjhJy/,Imagen de Instagram,,Total,4168,1915,46,9,0,2,4
18066032915220052,17841401871496039,360radioco,360 Radio Colombia,"#Economía | En el marco de la entrega de resultados de la Bolsa de Valores de Colombia, la entidad destacó que NU y NVIDIA fueron las dos compañías con mayor representación de valores negociados durante el 2025 en la Bolsa.",0,01/21/2026 08:00,https://www.instagram.com/p/DTx1btAkkjQ/,Imagen de Instagram,,Total,2091,925,34,0,0,0,1
17904730146182312,17841401871496039,360radioco,360 Radio Colombia,"#Mundo | En su intervención en Davos, el presidente de los Estados Unidos, Donald Trump, reafirmó la necesidad de contar con Groenlandia para la seguridad mundial y, además, se refirió al poder económico que representa el país norteamericano en el mercado mundial.  

#donaldtrump #groelandia #Davos2026 #notícias #actualidad #ahora",121,01/21/2026 07:58,https://www.instagram.com/reel/DTx0-EygrG-/,Reel de Instagram,,Total,1709,1245,47,11,2,1,5
18068408183178345,17841401871496039,360radioco,360 Radio Colombia,"#Mundo | El presidente Trump aseguró que, gracias a su “aplastante victoria electoral”, Estados Unidos evitó un colapso energético similar al europeo y calificó el Nuevo Pacto Verde como “el mayor engaño de la historia”, según dijo.

#notícias #Energía #Internacional #donaldtrump #davos2026 #actualidad",96,01/21/2026 07:42,https://www.instagram.com/reel/DTxzGjTgqeL/,Reel de Instagram,,Total,2802,1716,39,0,0,0,4
17893015848402170,17841401871496039,360radioco,360 Radio Colombia,"#Colombia Gustavo Petro nombrará a Alfredo Acosta como nuevo ministro de la Igualdad. En su hoja de vida no aparecen títulos universitarios ni experiencia en sector público. 

¿Qué opina de este nombramiento?",0,01/21/2026 05:53,https://www.instagram.com/p/DTxm2HvDmqe/,Imagen de Instagram,,Total,4720,2332,34,14,0,75,2
18181597732364794,17841401871496039,360radioco,360 Radio Colombia,"#Colombia | El Gobierno Nacional presentó al Congreso el Proyecto de Ley 347 de 2026, que busca modernizar la supervisión del transporte, fortalecer el régimen sancionatorio y combatir la ilegalidad, priorizando la protección de los usuarios.

#notícias #transporteseguro #Proyecto347 #GobiernoNacional #Congreso2026 #movilidadlegal #protecciónalusuario",76,01/21/2026 05:49,https://www.instagram.com/reel/DTxmMThAkCi/,Reel de Instagram,,Total,1396,1018,18,1,2,3,0
17847762249634702,17841401871496039,360radioco,360 Radio Colombia,"#entrevocesby360 | En 360 Radio hablamos con Juan Carlos Pinzón, candidato a la presidencia, sobre seguridad, desarrollo local, el rumbo de nuestras relaciones exteriores y su desempeño al llegar a la presidencia en agosto. 

¿Qué cambiaría si llega a la Casa de Nariño en agosto? 

Aquí lo cuenta sin filtros. 🎙️🔥

👉 Mira la entrevista completa y súmate al debate sobre el futuro del país.

#Podcast #juancarlospinzón #eleccionescolombia2026 #casadenariño #RelacionesExteriores #colombiadecide",84,01/20/2026 13:23,https://www.instagram.com/reel/DTv1S9GAkZq/,Reel de Instagram,,Total,5508,4068,375,60,1,28,4
17938889820134762,17841401871496039,360radioco,360 Radio Colombia,"#Economía | Este martes, el metal precioso alcanzó un nuevo máximo histórico al superar, por primera vez, la barrera de los 4.700 dólares por onza, impulsado por el recrudecimiento de las tensiones arancelarias y geopolíticas a nivel internacional.

🔗De acuerdo con los mercados, el precio del oro tocó a las 7:06 de la mañana (6:06 GMT) los 4.717,16 dólares por onza, registrando una subida del 0,95 % frente a la jornada anterior. La tendencia alcista también se reflejó en la plata, que alcanzó un récord de 94,72 dólares, en un contexto de mayor volatilidad financiera y búsqueda de activos seguros por parte de los inversionistas.

👉El repunte se produce tras nuevos anuncios de política comercial que han incrementado la cautela en los mercados, reforzando el atractivo del oro como refugio ante escenarios de riesgo económico.",0,01/20/2026 12:00,https://www.instagram.com/p/DTvsEIvD7vo/,Imagen de Instagram,,Total,4568,2011,51,8,2,0,2
17994870491907037,17841401871496039,360radioco,360 Radio Colombia,"#Colombia | Colombia da un paso clave en el futuro tecnológico del país. 🚀🤖

La ministra de Ciencia, Tecnología e Innovación, Yesenia Olaya Requene, hizo un llamado a avanzar en la regulación de la Inteligencia Artificial, una iniciativa que busca proteger los derechos, impulsar la innovación y fortalecer el desarrollo científico nacional.

El proyecto de ley propone reglas claras, una gobernanza sólida y un enfoque ético para que la IA beneficie a toda la población, desde la educación y la salud hasta la transición energética y la bioeconomía. 📚⚖️🌱

Con esta apuesta, el país se proyecta como líder regional en gobernanza tecnológica con enfoque social. 🌎✨

#InteligenciaArtificial #Ciencia #Innovación #TecnologíaConPropósito #Colombia #IAResponsable",0,01/20/2026 11:10,https://www.instagram.com/p/DTvmS5hCVEJ/,Imagen de Instagram,,Total,2485,1227,23,10,0,1,2
18198343918328353,17841401871496039,360radioco,360 Radio Colombia,"#Mundo | Polémica causó una imagen publicada por Donald Trump en su red social. La foto enviada desde el Despacho Oval alterada con IA aparece mostrando un mapa que muestra a Groenlandia, Venezuela y Canadá como parte de los Estados Unidos.",0,01/20/2026 08:49,https://www.instagram.com/p/DTvWL9JDexv/,Imagen de Instagram,,Total,10687,4315,117,42,0,2,12
18069967640156734,17841401871496039,360radioco,360 Radio Colombia,"#Colombia | El director de la UNGRD, Carlos Carrillo, afirmó que los faltantes del presupuesto nacional no son responsabilidad del Gobierno, sino de un Congreso que, según dijo, desatiende la suerte y necesidades de los colombianos.

#Noticias #UNGRD #carloscarrillo #actualidad #gobierno #economía",57,01/20/2026 05:36,https://www.instagram.com/reel/DTu_6trguIf/,Reel de Instagram,,Total,1674,1114,13,0,0,13,0
18069757202426032,17841401871496039,360radioco,360 Radio Colombia,"#Ahora | La secretaria de Salud e Inclusión Social de Antioquia, Marta Cecilia Ramírez Orrego, alertó sobre la crisis humanitaria en los hospitales del país y calificó como indignante la intimidación que, según ella, ejerce el Gobierno Nacional.

#Noticias #Salud #gobiernonacional #actualidad #petro #hospitales",93,01/19/2026 15:42,https://www.instagram.com/reel/DTtgSV-gm2k/,Reel de Instagram,,Total,1797,1316,60,6,0,7,1
18089772407007439,17841401871496039,360radioco,360 Radio Colombia,"✈️ Estados Unidos, México y Brasil lideran la venta de tiquetes hacia Colombia

Durante el cuarto trimestre de 2025 se vendieron 328.406 tiquetes aéreos hacia Colombia, lo que representa un crecimiento del 5,4% frente al mismo periodo de 2024.

🇺🇸 Estados Unidos se consolidó como el principal país emisor, seguido por México y Brasil, que en conjunto representaron el 52% del total de los tiquetes internacionales vendidos hacia el país.

#Turismo #Aviación #Colombia #TiquetesAéreos #Viajes #Conectividad #360Radio",0,01/19/2026 15:05,https://www.instagram.com/p/DTtcZfiFjhS/,Imagen de Instagram,,Total,5226,1499,54,4,0,1,4
18086732474033460,17841401871496039,360radioco,360 Radio Colombia,"#Colombia El Gobierno colombiano aseguró que a partir de febrero el precio de la gasolina bajaría cerca de $300 pesos. 

Esta decisión ha generado varios comentarios en la opinión pública. ¿Qué opinión le genera a usted? 

#Gasolina",0,01/19/2026 13:06,https://www.instagram.com/p/DTtO1nHkUYM/,Secuencia de Instagram,,Total,3490,1043,47,5,0,5,1
17850836004620900,17841401871496039,360radioco,360 Radio Colombia,"#Ahora | La Guardia Civil confirma que asciende a 41 el número de fallecidos tras el grave accidente ferroviario entre Madrid y Andalucía. Autoridades mantienen la investigación abierta. 

#notícias #internacional #espaňa #accidenteespaña #últimahora",57,01/19/2026 09:33,https://www.instagram.com/reel/DTs2U5wgi_y/,Reel de Instagram,,Total,4900,3274,36,1,0,1,3
18056260598371240,17841401871496039,360radioco,360 Radio Colombia,"#Bogotá | El alcalde Galán señaló que en Bogotá se registran tres homicidios diarios, pero destacó que la capital sigue siendo, entre las principales ciudades del país, la segunda con menor tasa de homicidios.

#Seguridad #notícias #actualidad #galan #alcaldiabogota",98,01/19/2026 09:25,https://www.instagram.com/reel/DTs1R4vgvMB/,Reel de Instagram,,Total,855,661,6,0,0,0,0
17850088176655631,17841401871496039,360radioco,360 Radio Colombia,"#Colombia | La Gran Consulta por Colombia del 8 de marzo empieza a definir a sus candidatos más fuertes.

Una reciente encuesta muestra quiénes lideran la intención de voto y cuánto pesa aún el “ninguno” entre los electores. 📊🗳️

#Elecciones #Noticia",0,01/19/2026 08:10,https://www.instagram.com/p/DTss_mkD53T/,Secuencia de Instagram,,Total,43325,20024,560,79,12,79,26
18435632683106609,17841401871496039,360radioco,360 Radio Colombia,"⛽📉 Bajará el precio de la gasolina en febrero
El Gobierno anunció una reducción cercana a los $300 por galón, tras evaluar la situación fiscal, el comportamiento del petróleo y los avances en el equilibrio del Fondo de Estabilización de Precios de los Combustibles.

Según el Ejecutivo, el ajuste es posible luego de cubrir compromisos pendientes del FEPC y busca mantener la sostenibilidad del sistema de precios sin afectar las finanzas públicas.

#Economía #Colombia",0,01/19/2026 06:04,https://www.instagram.com/p/DTsegdqjLxs/,Imagen de Instagram,,Total,1689,803,10,0,0,0,0
18054461825694165,17841401871496039,360radioco,360 Radio Colombia,"#Colombia | El precandidato presidencial Abelardo de la Espriella afirmó que, si Gustavo Petro se reúne con Donald Trump, el mandatario estadounidense debería exigir plenas garantías democráticas, sin interferencias en las elecciones ni uso de recursos públicos o presiones armadas para influir en el voto.

#notícias #Colombia #elecciones2026 #abelardodelaespriella #GustavoPetro #donaldtrump",122,01/19/2026 05:47,https://www.instagram.com/reel/DTscWSGAlIe/,Reel de Instagram,,Total,4568,2696,134,6,0,26,6
18354720928204443,17841401871496039,360radioco,360 Radio Colombia,"#Mundo l Tener pasaporte no solo abre fronteras, también puede pesar en el bolsillo. Un reciente ranking reveló cuáles son los países con los pasaportes más caros del mundo, con valores que superan los 200 dólares solo por el trámite.

Australia encabeza la lista con un costo de 268 dólares, seguida por México con 203 y Estados Unidos con 165. En el top 10 también aparecen países europeos como Suecia, Italia, Reino Unido y Francia, donde el precio varía según la vigencia y el tipo de documento.

Aunque el costo no determina la fuerza del pasaporte, sí marca una diferencia para quienes desean viajar o renovar su documento. ¿Sabías que algunos países pagan hasta el triple por este trámite? ✈️📘",0,01/18/2026 12:45,https://www.instagram.com/p/DTqnkrfjMf8/,Imagen de Instagram,,Total,10316,4532,88,11,0,4,14
17890623378408763,17841401871496039,360radioco,360 Radio Colombia,"#Economía | Detrás del número hay realidades muy distintas: costos de vida, inflación, acceso a bienes básicos y calidad de los servicios. Por eso, comparar salarios en la región exige mirar más allá del tipo de cambio y preguntarse qué tan lejos alcanza realmente ese ingreso en cada país 🌎.

Esta gráfica pone en perspectiva una verdad clave: un salario más alto no siempre se traduce en mayor bienestar 📊. En algunos casos, el dinero rinde menos por el precio de la vivienda, los alimentos o el transporte; en otros, ingresos más bajos pueden sostener mejor el día a día. El poder adquisitivo es el verdadero termómetro del bolsillo y revela brechas que no siempre son evidentes a primera vista.

Entender estas diferencias es fundamental para el debate público, las decisiones económicas y la planeación personal 🤝.",0,01/17/2026 09:15,https://www.instagram.com/p/DTnqvqBDB9y/,Imagen de Instagram,,Total,44861,20538,505,60,6,15,68
18052649762429960,17841401871496039,360radioco,360 Radio Colombia,"Estados Unidos eleva la presión sobre Europa: la Casa Blanca advirtió que ocho países europeos podrían enfrentar nuevos aranceles si no respaldan la compra de Groenlandia. 

Desde el 1 de febrero, las exportaciones pagarían un 10 %, y a partir del 1 de junio de 2026 el impuesto subiría al 25 %. Una jugada geopolítica que promete sacudir el comercio transatlántico. 🌍📉",0,01/17/2026 09:11,https://www.instagram.com/p/DTnqYCcjIZd/,Imagen de Instagram,,Total,5293,2656,44,4,0,2,3
18075603977596676,17841401871496039,360radioco,360 Radio Colombia,"#Mundo | Delcy Rodríguez respondió a la reunión de Machado y Trump, defendió resolver tensiones con EE. UU. vía diplomática y presentó al Parlamento una reforma parcial de la Ley de Hidrocarburos con enfoque antibloqueo.

#notícias #Venezuela #delcyrodríguez #mariacorinamachado #donaldtrump #políticainternacional",74,01/15/2026 13:06,https://www.instagram.com/reel/DTi7jI-gs3u/,Reel de Instagram,,Total,6366,3466,60,0,0,11,5
18078555389211250,17841401871496039,360radioco,360 Radio Colombia,"#Colombia | Gobernadores de 17 departamentos se sumarán a la ‘rebelión’ de Antioquia y no aplicarán el decreto tributario de emergencia, anunció Dilian Francisca Toro, afirmando que la medida afecta el impoconsumo de licores.

#notícias #RebeliónDepartamental #Antioquia #ImpuestoALicores #Impoconsumo #actualidad",128,01/15/2026 12:09,https://www.instagram.com/reel/DTi01njAlkv/,Reel de Instagram,,Total,5356,3504,219,21,2,23,4
18090903448825359,17841401871496039,360radioco,360 Radio Colombia,"#Ahora | Venezolanos se congregan en las afueras de la Casa Blanca, a la espera del encuentro entre la líder opositora María Corina Machado y el presidente de Estados Unidos, Donald Trump, en medio de alta expectativa política.

#mariacorinamachado #Venezuela #CasaBlanca #donaldtrump #notícias",26,01/15/2026 10:13,https://www.instagram.com/reel/DTinwO6gts5/,Reel de Instagram,,Total,989,706,10,0,1,1,0
17930536119034594,17841401871496039,360radioco,360 Radio Colombia,"El presidente Gustavo Petro dijo este jueves que el Gobierno comenzará a bajar el precio de la gasolina. 

Petro señaló que ya se pagó completamente la deuda del Fondo de Estabilización de Precios de los Combustibles, que ascendía a cerca de $70 billones y fue heredada de la administración anterior. 

#Economía #Colombia",0,01/15/2026 09:58,https://www.instagram.com/p/DTimJihjmV2/,Secuencia de Instagram,,Total,8896,3334,84,21,0,45,1
17934841713141352,17841401871496039,360radioco,360 Radio Colombia,"#Ahora | Este jueves 15 de enero, la Guardia Costera de Estados Unidos incautó el petrolero Veronica en aguas del Caribe. El video difundido muestra el momento exacto de la operación, realizada en medio de un creciente despliegue de seguridad marítima.

#notícias #Mundo #actualidad #petroleo #Venezuela #Trump",43,01/15/2026 07:34,https://www.instagram.com/reel/DTiVitVgq1L/,Reel de Instagram,,Total,3621,2132,74,1,0,1,0
18089677016002762,17841401871496039,360radioco,360 Radio Colombia,"#Mundo | Fuerzas militares danesas aterrizaron en Groenlandia en medio de la creciente tensión generada por las recientes amenazas del presidente Donald Trump de anexar el territorio a Estados Unidos, intensificando la preocupación regional.

#Noticias #Internacional #Groelandia #Actualdiad #EE.UU. #ahora",0,01/15/2026 05:59,https://www.instagram.com/reel/DTiKqmFAiwb/,Reel de Instagram,,Total,4875,2765,53,20,0,2,1
18052619921418744,17841401871496039,360radioco,360 Radio Colombia,"#Colombia | El turismo en Colombia creció más del 56% entre enero y septiembre de 2025, consolidando al país como primer destino en Suramérica y tercero en Latinoamérica, según la ministra de Comercio, Diana Marcela Morales.

#Actualidad #Turismo #Noticias #Economía #gobiernonacional #minturismo",37,01/15/2026 05:39,https://www.instagram.com/reel/DTiIcPUgn_2/,Reel de Instagram,,Total,1968,1420,29,1,0,4,0
18055288058372534,17841401871496039,360radioco,360 Radio Colombia,"#Vivienda | En su presentación, el presidente de @camacolcolombia, explicó los riesgos para el sector de construcción de vivienda en Colombia, tras el aumento del 23% en el salario mínimo, donde fue contundente en señalar que los más afectados van a ser las mismas políticas de vida, promovidas desde el Gobierno Nacional.",0,01/15/2026 05:11,https://www.instagram.com/p/DTiFTFMDIKT/,Imagen de Instagram,,Total,3345,1818,33,1,1,0,1
17870983860511788,17841401871496039,360radioco,360 Radio Colombia,"#Ahora | Miles de personas llenan el Movistar Arena para despedir a Yeison Jiménez. Entre aplausos, lágrimas y música, seguidores, familiares y colegas acompañan el homenaje póstumo al cantautor colombiano, cuya partida ha generado profundo impacto en la industria.

#notícias #yeisonjimenez #actualidad #Colombia #Musica",23,01/14/2026 12:58,https://www.instagram.com/reel/DTgV4KhAoVO/,Reel de Instagram,,Total,2170,1448,47,1,0,1,0
18126178705534144,17841401871496039,360radioco,360 Radio Colombia,"#Mundo | La presidenta encargada de Venezuela, Delcy Rodríguez, afirmó que el proceso de excarcelaciones avanza, con 406 personas beneficiadas, y señaló que buscan abrir un espacio político basado en el reconocimiento mutuo.

#Venezuela #noticias #actualidad #internacional #mundo",112,01/14/2026 11:58,https://www.instagram.com/reel/DTgO20jAkiU/,Reel de Instagram,,Total,4724,2917,41,4,0,6,2
18076728377593094,17841401871496039,360radioco,360 Radio Colombia,"#Colombia | En Washington DC, el ministro de Defensa Pedro Sánchez arremetió contra el ELN y anunció que Colombia y Estados Unidos fortalecerán su cooperación militar y de inteligencia para enfrentar a esa organización terrorista, enfatizando acciones conjuntas y resultados inmediatos.

#Seguridad #notícias #información #Pedrosanchez #ahora #ee.uu",74,01/14/2026 09:22,https://www.instagram.com/reel/DTf9E0gguko/,Reel de Instagram,,Total,1693,1138,21,3,0,16,0
17958164802013638,17841401871496039,360radioco,360 Radio Colombia,"#Mundo | Estados Unidos suspenderá la tramitación de visas de inmigrantes de 75 países, entre ellos Colombia, en lo que se enmarca como la medida más reciente del presidente Donald Trump contra los extranjeros que desean entrar en el país. 

#Colombia #Visas",0,01/14/2026 08:59,https://www.instagram.com/p/DTf6oBcjOvO/,Imagen de Instagram,,Total,13964,5370,141,178,3,9,18
18118250413573931,17841401871496039,360radioco,360 Radio Colombia,"#Colombia | El general Hugo Alejandro López confirmó que once integrantes de las disidencias de alias ‘Calarcá’ se sometieron en Carmen de Atrato, entre ellos tres cabecillas identificados como alias ‘Andrés’, ‘Jair’ y ‘David’.

#seguridad #notícias #actualidad #ahora #Ejercito #informacion",78,01/14/2026 08:23,https://www.instagram.com/reel/DTf2W1Egt4F/,Reel de Instagram,,Total,1736,1171,18,0,1,0,3
18088923440005718,17841401871496039,360radioco,360 Radio Colombia,"#Economía | Fenalco presentó ante el Consejo de Estado una demanda contra el aumento del salario mínimo para 2026 y solicitó suspenderlo de inmediato, advirtiendo que, de mantenerse, podrían perderse cerca de 770.000 empleos en el país.

#notícias #actualidad #salariominimo #fenalco #ahora #gobierno",82,01/14/2026 06:29,https://www.instagram.com/reel/DTfpU1vAqzk/,Reel de Instagram,,Total,1677,1202,51,7,0,8,1
18114777706721218,17841401871496039,360radioco,360 Radio Colombia,#Economía Así abrió el dólar hoy en Colombia. Precios mínimos que no se presentaban desde 2021.,0,01/14/2026 06:19,https://www.instagram.com/p/DTfoOiZjLam/,Imagen de Instagram,,Total,2725,1212,27,8,0,0,1
17958332159898349,17841401871496039,360radioco,360 Radio Colombia,"#Bogotá | TransMilenio rechazó el actuar del conductor del SITP que atropelló en dos ocasiones una moto en Suba. La entidad anunció que solicitará al ente gestor adoptar medidas disciplinarias pertinentes.

#transito #notícias #actualidad #sitp #información",44,01/14/2026 05:43,https://www.instagram.com/reel/DTfkCvHApS-/,Reel de Instagram,,Total,5557,3450,53,4,0,4,0
18049387958701468,17841401871496039,360radioco,360 Radio Colombia,"#Mundo | El ministro de Interior venezolano, Diosdado Cabello, cuestionó al presidente Gustavo Petro por la versión que entregó sobre un presunto primer ataque de Estados Unidos en el estado Zulia en noviembre.

#notícias #actualidad #Venezuela #internacional #información #petro",63,01/13/2026 13:32,https://www.instagram.com/reel/DTd0y6RghNm/,Reel de Instagram,,Total,8011,4496,104,7,0,8,9
17929876233039027,17841401871496039,360radioco,360 Radio Colombia,"#Bogotá| El alcalde de Bogotá, Carlos Fernando Galán, aseguró que está dispuesto a dialogar con el Gobierno Nacional sobre el incremento del pasaje de TransMilenio, pero pidió que la Nación asuma su responsabilidad frente a los efectos del aumento del salario mínimo.

#Bogotá #ahora #Colombia #notícias #trasnmilenio",61,01/13/2026 11:59,https://www.instagram.com/reel/DTdqQpGAnHw/,Reel de Instagram,,Total,1652,1136,15,0,0,0,0
18375936688083058,17841401871496039,360radioco,360 Radio Colombia,"#Colombia | El candidato Juan Carlos Pinzón resaltó en #LaGranConsulta su experiencia en la lucha contra el terrorismo y la criminalidad, reiterando su compromiso firme de recuperar la seguridad y fortalecer la protección ciudadana en Colombia.

#Elecciones2026 #lagranconsultaporcolombia #notícias #actualidad #internacional #pinzon",121,01/13/2026 08:33,https://www.instagram.com/reel/DTdSlgbgpaT/,Reel de Instagram,,Total,3877,3168,56,6,1,10,1
18116547928602451,17841401871496039,360radioco,360 Radio Colombia,"#Colombia | Vicky Dávila respaldó a Paloma Valencia al criticar al caricaturista Matador por burlas a su apariencia. Además, los ocho candidatos de la Gran Consulta por Colombia definirán esta semana si aceptan la entrada de Enrique Peñalosa, avalado por Oxígeno.

#Politica #Elecciones2026 #Noticias #Actualidad #Matador #palomavalencia",61,01/13/2026 07:09,https://www.instagram.com/reel/DTdJAZvAjbe/,Reel de Instagram,,Total,6981,4082,203,5,1,18,2
18041511431714045,17841401871496039,360radioco,360 Radio Colombia,"#Mundo | Diosdado Cabello, ministro del Interior y Justicia de Venezuela, aseguró que reactivar las embajadas entre Venezuela y Estados Unidos busca proteger a Nicolás Maduro y fortalecer los canales diplomáticos entre ambos gobiernos.

#Noticias #internacional #Ahora #Actualidad #Maduro #Venezuela",55,01/13/2026 05:01,https://www.instagram.com/reel/DTc6aIxApPM/,Reel de Instagram,,Total,3254,1993,35,0,1,10,2
18139286254465400,17841401871496039,360radioco,360 Radio Colombia,"#Empresas | América Latina no solo exporta talento y recursos: también alberga gigantes empresariales que compiten de tú a tú en el escenario global 🌎💼. Desde energía y minería hasta banca, consumo masivo y telecomunicaciones, la región demuestra que su valor va mucho más allá de las cifras.

Detrás de cada compañía hay historias de expansión, resiliencia y liderazgo, en mercados que han sabido adaptarse a la volatilidad económica y a los cambios tecnológicos 📈⚙️. Estas empresas no solo mueven capital: generan empleo, impulsan innovación y marcan el rumbo de sectores estratégicos para millones de personas.

Esta radiografía del poder corporativo regional es también una invitación a mirar a América Latina con otros ojos 👀✨. Invertir, emprender o analizar la economía latinoamericana hoy implica entender el peso de estos actores y su impacto en el futuro del desarrollo regional. Porque cuando las empresas crecen con visión, toda la región avanza 🚀💚.

@petrobras @itau @gmexico_oficial @walmart @cocacolafemsa_col @nutresaoficial",0,01/12/2026 12:15,https://www.instagram.com/p/DTbHXsniKOF/,Imagen de Instagram,,Total,121079,67566,1415,285,97,89,325
17953494399049809,17841401871496039,360radioco,360 Radio Colombia,"#Colombia | El ministro de Defensa Pedro Sánchez inició hoy en Estados Unidos una agenda diplomática con altos funcionarios estadounidenses para consolidar la cooperación bilateral en la lucha contra el narcotráfico y fortalecer las estrategias conjuntas de seguridad entre ambos países.

#Mundo #Noticias #internacional #EE.UU. #actualidad #ahora",146,01/12/2026 07:50,https://www.instagram.com/reel/DTao1OiAgcH/,Reel de Instagram,,Total,2089,1516,29,6,0,12,1
17883549723330841,17841401871496039,360radioco,360 Radio Colombia,"#Viajes | ⏱️✈️ La puntualidad sigue siendo uno de los factores clave al momento de elegir aerolínea. En 2025, varias compañías se destacan a nivel mundial por cumplir sus horarios y mantener altos niveles de operación.

🌍📊 Aeroméxico, Saudia y SAS lideran el ranking de las aerolíneas más puntuales del mundo, seguidas por compañías como Azul, Qatar Airways e Iberia, según datos del proveedor internacional Cirium.

🚀🧳 Este listado refleja el esfuerzo de las aerolíneas por mejorar la experiencia del pasajero, reducir retrasos y fortalecer la confianza de los viajeros. ¿Cuál ha sido tu experiencia volando con alguna de estas aerolíneas? 👇

@aeromexico @saudi_airlines @flysas @qatarairways @iberia @latamairlines @avianca @turkishairlines @delta",0,01/12/2026 07:30,https://www.instagram.com/p/DTamwURDKwN/,Imagen de Instagram,,Total,19666,8855,181,30,2,6,23
17887816659420741,17841401871496039,360radioco,360 Radio Colombia,"#Mundo l Vivir bien no es solo una idea: es una realidad en ciudades que hoy marcan el estándar mundial de calidad de vida. Desde la eficiencia escandinava de Copenhague hasta la elegancia urbana de Viena y la precisión suiza de Zúrich, estas urbes encabezan el Índice Global de Habitabilidad 2025 por su equilibrio entre bienestar, seguridad y oportunidades.

🌿🏙️ El ranking también refleja cómo la sostenibilidad, el acceso a espacios verdes y los servicios públicos de calidad hacen la diferencia. Melbourne, Ginebra, Sídney, Osaka y Auckland demuestran que una ciudad puede ser vibrante sin sacrificar calidad ambiental ni cohesión social.

🌎📊 Y en este mapa del buen vivir, Adelaida y Vancouver completan el top de las ciudades más habitables del planeta. Un recordatorio de que invertir en planificación urbana, movilidad y calidad de vida no solo mejora las cifras… mejora la forma en que millones de personas viven cada día.",0,01/11/2026 14:45,https://www.instagram.com/p/DTYzvaBDxK2/,Imagen de Instagram,,Total,2179,963,21,0,0,0,0
18037673738734196,17841401871496039,360radioco,360 Radio Colombia,"#Educación | 🎓En un mundo cada vez más competitivo, el nivel educativo se consolida como uno de los principales motores del desarrollo económico, la innovación y la calidad de vida. Los países que apuestan por la formación avanzada no solo fortalecen su talento humano, sino que también atraen inversión, tecnología y oportunidades de crecimiento sostenible.

📝Detrás de estas cifras hay décadas de políticas públicas, sistemas universitarios sólidos y una fuerte conexión entre academia, empresa y Estado. El resultado es una población altamente calificada, capaz de adaptarse a los cambios del mercado laboral y liderar sectores clave como la tecnología, las finanzas, la ciencia y la investigación.

👉🏼Lea la nota completa en 360radio.com.co",0,01/11/2026 11:30,https://www.instagram.com/p/DTYdbpEAk5I/,Imagen de Instagram,,Total,13442,7556,115,15,3,0,27
18118388776569555,17841401871496039,360radioco,360 Radio Colombia,"#Ahora | El alcalde de Marinilla confirmó la muerte de Yeison Jiménez, quien tenía prevista una presentación hoy en el municipio antioqueño.

#yeisonjimenez #ahora #noticas #actualidad #accidenteaereo",178,01/10/2026 16:37,https://www.instagram.com/reel/DTWbj45AgGF/,Reel de Instagram,,Total,18079,13330,491,123,3,17,46
17845997643637118,17841401871496039,360radioco,360 Radio Colombia,"#Atención | La Aeronáutica Civil confirmó el fallecimiento del cantante Yeison Jiménez tras un siniestro aéreo en Boyacá. En la aeronave viajaban cinco personas más, cuyas identidades aún no han sido establecidas mientras avanzan las labores de verificación oficial.

#Yeisonjimenez #Ahora #noticas #actualidad #accidenteaéreo",71,01/10/2026 15:50,https://www.instagram.com/reel/DTWWT4nAmcR/,Reel de Instagram,,Total,20179,13633,290,141,10,11,28
17995539392889965,17841401871496039,360radioco,360 Radio Colombia,"#Atención | 📌Un accidente aéreo ocurrido en la tarde de este sábado 10 de enero en el departamento de Boyacá dejó como saldo cuatro personas muertas, luego de que una avioneta asociada al equipo de trabajo del cantante de música popular Yeison Jiménez se precipitara a tierra en zona rural del municipio de Paipa.

🔗La aeronave cayó en el sector de la vereda Romita, una zona de difícil acceso, lo que complicó inicialmente las labores de atención y verificación por parte de las autoridades. 

👉Lea la nota completa en 360radio.com.co",0,01/10/2026 15:43,https://www.instagram.com/p/DTWVn9Nj_cq/,Imagen de Instagram,,Total,8852,4569,137,7,0,6,0
18337216558240248,17841401871496039,360radioco,360 Radio Colombia,"#Entretenimiento l En los últimos 25 años, pocos videojuegos han logrado trascender generaciones como Minecraft, que con más de 300 millones de copias vendidas se consolida como el título más exitoso de la era moderna. Su mundo abierto, su creatividad infinita y su comunidad global lo convirtieron en mucho más que un juego: en un fenómeno cultural.
🕹️🔥 Detrás aparecen gigantes como Grand Theft Auto, Wii Sports y PUBG, franquicias que redefinieron la forma de jugar y de consumir entretenimiento digital. Desde mundos criminales hiperrealistas hasta competencias deportivas y batallas online, el top refleja cómo han evolucionado los gustos de los jugadores a nivel mundial.
🌍✨ Y la lista la completan clásicos contemporáneos como Mario Kart 8 Deluxe, Red Dead Redemption 2, Terraria, Overwatch y The Witcher 3, demostrando que el éxito no depende de un solo estilo, sino de experiencias que logran enganchar a millones de personas en todo el planeta. ¿Cuál de estos marcó tu historia gamer?",0,01/10/2026 12:01,https://www.instagram.com/p/DTV8LsCD68e/,Imagen de Instagram,,Total,5485,2681,86,5,0,1,6
18113106487541012,17841401871496039,360radioco,360 Radio Colombia,"#Atención | Donald Trump volvió a amenazar con “hacer algo en Groenlandia, a las buenas o a las malas”, al advertir que Rusia o China podrían apoderarse del territorio. Aun así, afirmó que buscará primero un acuerdo para comprarlo.

#Mundo #Noticia #Donaldtrump #Groelandia #actualidad",31,01/09/2026 13:37,https://www.instagram.com/reel/DTTiVEIAhyT/,Reel de Instagram,,Total,5574,3412,68,1,0,6,2
18055537208354886,17841401871496039,360radioco,360 Radio Colombia,"#Revista360 | 📌Nuestra matriz energética se caracteriza por una alta participación de fuentes renovables, con más del 90 % proveniente de generación hidroeléctrica y solar, lo que nos ubica como referentes en generación limpia y baja en emisiones de dióxido de carbono. 

🔗La transición energética es una realidad que exige soluciones responsables y sostenibles. EPM es líder de generación de energía en Colombia. Con una capacidad efectiva instalada de 4.455 MW, la Compañía representa el mayor agente generador del Sistema Interconectado Nacional (SIN). 

👉Lea la nota completa en 360radio.com.co",0,01/09/2026 13:13,https://www.instagram.com/p/DTTfnzkD4KJ/,Imagen de Instagram,,Total,1556,654,5,0,0,0,0
18088451333487930,17841401871496039,360radioco,360 Radio Colombia,"#Colombia | Una Comisión Humanitaria en el Catatumbo, integrada por la ONU, la Iglesia Católica y la Defensoría, advirtió que persiste el confinamiento y no existen garantías mínimas para que las comunidades vivan de manera digna y segura.

#Catatumbo #Noticas #Seguridad #Actualidad #petro #informacion",129,01/09/2026 12:55,https://www.instagram.com/reel/DTTdbSVAn6Z/,Reel de Instagram,,Total,1303,1039,14,1,0,0,0
18104250904689048,17841401871496039,360radioco,360 Radio Colombia,"#Mundo | 📌El presidente de Estados Unidos, Donald Trump, confirmó que sostendrá un encuentro bilateral con el presidente de Colombia, Gustavo Petro, durante la primera semana de febrero, en una reunión que se llevará a cabo en la Casa Blanca y que marcará un nuevo capítulo en la relación entre ambos países.

🔗“Todo saldrá muy bien para Colombia y Estados Unidos, pero el flujo de cocaína y otras drogas deben dejar de llegar a Estados Unidos”, afirmó el mandatario estadounidense, subrayando que la lucha contra el narcotráfico será un eje central de la conversación.

👉Lea la nota completa en 360radio.com.co",0,01/09/2026 11:53,https://www.instagram.com/p/DTTWjVsD2Uh/,Imagen de Instagram,,Total,3170,1677,27,0,0,1,0
17858593254589434,17841401871496039,360radioco,360 Radio Colombia,"#Mundo | El presidente de Estados Unidos, Donald Trump, confirmó que la próxima semana sostendrá una reunión con la opositora venezolana María Corina Machado, quien viajará en los próximos días a territorio estadounidense para discutir la situación política y la crisis en Venezuela.

#Trump #corinamachado #Noticias #Internacional #actualidad #ahora",16,01/09/2026 10:13,https://www.instagram.com/reel/DTTK8zBAr60/,Reel de Instagram,,Total,2259,1702,28,0,0,0,2
17940934914106515,17841401871496039,360radioco,360 Radio Colombia,"#Colombia | Alias ‘Iván Mordisco’, cabecilla de las disidencias de las Farc, llamó al ELN, la Segunda Marquetalia y la Coordinadora Nacional a conformar una alianza criminal en respuesta a la reciente incursión militar realizada por Estados Unidos en territorio venezolano.

#Seguridad #Noticias #Actualidad #EE.UU #política #farc #informacion",102,01/09/2026 06:22,https://www.instagram.com/reel/DTSwcHLgtKJ/,Reel de Instagram,,Total,4202,2577,32,15,0,19,4
18053654300678733,17841401871496039,360radioco,360 Radio Colombia,"#Mundo | El presidente Donald Trump anunció que Estados Unidos lanzará ataques terrestres contra los cárteles del narcotráfico y responsabilizó a México, generando preocupación internacional por la posible escalada militar y el impacto en la relación bilateral.

#EE.UU #notícias #Mexico #actualidad #donaldtrump #información #ahora",34,01/09/2026 06:05,https://www.instagram.com/reel/DTSuo7rgmAZ/,Reel de Instagram,,Total,4530,3412,94,3,1,1,3
18108180199580299,17841401871496039,360radioco,360 Radio Colombia,"📍 #Bogotá | 🚍💳 La Alcaldía Mayor de Bogotá anunció que a partir del miércoles 14 de enero el servicio troncal y zonal de TransMilenio tendrá un aumento de $350 pesos en la tarifa.

💬 Esta cifra ya había sido anticipada hace unos días por el alcalde Carlos Fernando Galán y fue cuestionada por el presidente Gustavo Petro, quien se había comprometido con la financiación del sistema. Sin embargo, dicho apoyo no se habría concretado, lo que llevaría a que desde el próximo miércoles los capitalinos vean reflejado este incremento en el valor del pasaje.

👵♿ La administración distrital recordó que se mantienen los beneficios para personas mayores, ciudadanos en condición de discapacidad y para quienes hacen uso de TransMiPass, que permite acceder a descuentos en el costo del viaje.

🔎📰 Más información en 👉 360radio.com.co",0,01/09/2026 05:40,https://www.instagram.com/p/DTSr04vkgyP/,Imagen de Instagram,,Total,2336,1211,15,0,0,1,0
17850899493587271,17841401871496039,360radioco,360 Radio Colombia,"#Atención | La inflación durante diciembre de 2025 fue de 5,10%; bajó con respecto a la cifra reportada en el mismo mes del año anterior, cuando fue de 5,20%. 

Más detalles en 360radio.com.com",0,01/08/2026 15:04,https://www.instagram.com/p/DTRHmKtE_Dz/,Imagen de Instagram,,Total,1803,892,20,6,0,0,1
18049445624701664,17841401871496039,360radioco,360 Radio Colombia,"#Revista360 | 📌Jorge Enrique Bedoya, presidente de la Sociedad de Agricultores de Colombia (SAC), alerta sobre el riesgo a la seguridad alimentaria por bloqueos e inseguridad y cuestiona la reforma laboral, el salario mínimo y la jurisdicción agraria

🔗""Indiscutiblemente, hay un enorme riesgo. Cuando usted tiene extorsiones por todo el país, más de 1.300 bloqueos en las carreteras en menos de dos años y crecimiento de los cultivos ilícitos, la seguridad alimentaria se resiente. Sin seguridad alimentaria no hay vida y, sin seguridad física, no hay seguridad alimentaria.""

👉Lea la nota completa en 360radio.com.co",0,01/08/2026 13:25,https://www.instagram.com/p/DTQ8OEkj5aS/,Imagen de Instagram,,Total,1171,553,11,0,0,0,0
18098347951894875,17841401871496039,360radioco,360 Radio Colombia,"#Internacional | El vicepresidente estadounidense J.D. Vance pidió a Europa tomar “en serio” a Donald Trump, luego de que Washington planteara comprar Groenlandia a Dinamarca o incluso considerar una acción militar para obtener el territorio.

#Mundo #Noticias #groelandia #Actualidad #Trump",66,01/08/2026 13:20,https://www.instagram.com/reel/DTQ7hW-AqX5/,Reel de Instagram,,Total,5543,4180,59,23,1,2,2
18088678943043698,17841401871496039,360radioco,360 Radio Colombia,"#Actualidad| La Administración Trump reafirmó que la mujer abatida por un agente del ICE en Mineápolis intentó embestirlo con su vehículo, y que el oficial respondió en defensa propia, según el vicepresidente JD Vance.

#Mundo #internacional #política #Noticias #actualidad",140,01/08/2026 12:02,https://www.instagram.com/reel/DTQybLtgogp/,Reel de Instagram,,Total,4417,2745,46,2,2,4,1
17925291411056074,17841401871496039,360radioco,360 Radio Colombia,"#Colombia | David Luna obtuvo el aval oficial de la Registraduría Nacional, convirtiéndose en el primer aspirante presidencial por firmas en ser reconocido formalmente. Con esta validación, inicia oficialmente su campaña rumbo a las elecciones de 2026.

#política #notícias #actualidad #Elecciones2026 #informacion #davidluna",56,01/08/2026 11:19,https://www.instagram.com/reel/DTQtqTMgvLB/,Reel de Instagram,,Total,10690,8897,603,16,3,20,0
17909077752145362,17841401871496039,360radioco,360 Radio Colombia,"#mundo | El presidente de la Asamblea Venezolana anunció la liberación inmediata de un grupo significativo de presos venezolanos y extranjeros, una medida que marca avances en acuerdos humanitarios y genera expectativas sobre nuevos gestos políticos.

#Noticias #Actualidad #Internacional #Venezuela",45,01/08/2026 09:24,https://www.instagram.com/reel/DTQgixugihW/,Reel de Instagram,,Total,3390,2085,79,11,1,8,3
18346337884228964,17841401871496039,360radioco,360 Radio Colombia,"#Colombia | La canciller Rosa Villavicencio detalló la conversación entre Gustavo Petro y Donald Trump sobre las condiciones para mantener el diálogo bilateral, evaluar la cooperación antidrogas y tratar la seguridad fronteriza, destacando que la normalización plena sigue siendo compleja pero avanza con voluntad política.

#Política #Internacional #Noticias #Actualidad #EE.UU #gobierno",32,01/08/2026 07:27,https://www.instagram.com/reel/DTQS6n9gv_0/,Reel de Instagram,,Total,1635,1145,14,0,0,3,1
18119871937561523,17841401871496039,360radioco,360 Radio Colombia,"#Mundo | El fotografo Doug Mills, del New York Times reveló el momento en que la secretaria de la Casa Blanca le notifico al mandatario norteamericano @realdonaldtrump  sobre la llamada del presidente @gustavopetrourrego un diálogo que permitirá un encuentro entre ambos presidentes en los Estados Unidos. 

360radio.com.co",0,01/08/2026 07:20,https://www.instagram.com/p/DTQSbHTEjDU/,Imagen de Instagram,,Total,7609,3324,118,4,0,2,10
17905332651337918,17841401871496039,360radioco,360 Radio Colombia,"#Mundo | Diosdado Cabello afirmó que la operación militar de Estados Unidos en Venezuela, dirigida a capturar a Nicolás Maduro y Cilia Flores, dejó al menos 100 muertos y un número similar de heridos.

#Venezuela #EE.UU #notícias #actualidad #internacional",66,01/08/2026 05:59,https://www.instagram.com/reel/DTQJC8kAoUo/,Reel de Instagram,,Total,3902,2411,30,0,1,11,2
18153662494426535,17841401871496039,360radioco,360 Radio Colombia,"#Política | Colombia, el precandidato @pinzonbueno anunció su participación en la Gran Consulta por Colombia, para el próximo 8 de marzo, donde agradeció a los 7 candidatos más, por la apuesta a la unidad y en lo que han denominado la recuperación del país.",74,01/07/2026 18:48,https://www.instagram.com/reel/DTO8YN3lWBM/,Reel de Instagram,,Total,5189,4173,60,3,0,5,1
18095342671736925,17841401871496039,360radioco,360 Radio Colombia,"#Atención | Un agente del ICE en Minnesota mató a tiros a una mujer que intentó atropellar a oficiales. La Policía de Mineápolis confirmó que era ciudadana estadounidense y no era objetivo de ningún operativo.

#ahora #EE.UU #Noticias #internacional #actualidad #migrantes",29,01/07/2026 12:30,https://www.instagram.com/reel/DTORDs_gvab/,Reel de Instagram,,Total,12698,6539,114,40,2,7,11
18053112878403135,17841401871496039,360radioco,360 Radio Colombia,"#Mundo | Estados Unidos anunció un levantamiento selectivo de sanciones a Venezuela y afirmó que mantiene la máxima influencia sobre el gobierno de Delcy Rodríguez, según la secretaria de prensa Karoline Leavitt.

#Casablanca #Noticias #Internacional #Venezuela #Noticias",60,01/07/2026 11:33,https://www.instagram.com/reel/DTOKlLkAlEn/,Reel de Instagram,,Total,2538,1677,37,0,0,0,2
17910604392274206,17841401871496039,360radioco,360 Radio Colombia,"#Política l Juan Carlos Pinzón confirmó que participará en la Gran Consulta por Colombia, el mecanismo interpartidista con el que la centro-derecha definirá a su candidato único para las elecciones presidenciales de 2026, una decisión que lo pone a competir directamente con otros aspirantes por el aval de la coalición y reconfigura el mapa político de cara a la primera vuelta.",0,01/07/2026 10:54,https://www.instagram.com/p/DTOGIbnk97d/,Imagen de Instagram,,Total,4778,2566,127,4,0,2,2
17847845553655907,17841401871496039,360radioco,360 Radio Colombia,"#Ahora | Marco Rubio afirmó que el plan de Estados Unidos con Venezuela contempla estabilización, recuperación y transición, y que Washington controlará los recursos obtenidos por venta de 57 millones de barriles para beneficiar al pueblo venezolano.

#Venezuela #Internacional #Noticias #EE.UU. #actualidad",93,01/07/2026 09:13,https://www.instagram.com/reel/DTN6fy5gkl2/,Reel de Instagram,,Total,5480,4188,114,5,1,0,5
18446355274101195,17841401871496039,360radioco,360 Radio Colombia,"#Colombia | La Registraduría recordó que hasta el 10 de enero vence el plazo para cargar listas de jurados de votación para elecciones de Congreso 2026; los sorteos se harán del 21 al 23 de enero.

#Elecciones2026 #Actualidad #Congreso #Noticias #Juradovotación",103,01/07/2026 07:49,https://www.instagram.com/reel/DTNw7EtAonK/,Reel de Instagram,,Total,1291,988,14,0,0,0,0
18004820849685118,17841401871496039,360radioco,360 Radio Colombia,"#Mundo | La Administración Trump no descartó acciones militares en otros países tras ataques en Venezuela, luego de una reunión clasificada en la que Marco Rubio y Pete Hegseth evitaron negar el envío de tropas estadounidenses posible.

#Trump #Noticias #internacional #Actualidad #Colombia",22,01/07/2026 06:36,https://www.instagram.com/reel/DTNoja1grEb/,Reel de Instagram,,Total,4678,3081,54,3,0,0,0
17858601729529665,17841401871496039,360radioco,360 Radio Colombia,"#Mundo | Zelenski, Macron y Starmer firmaron una declaración de intenciones para desplegar una fuerza de seguridad internacional tras un alto al fuego en Ucrania, exigencia de Kiev, con supervisión de Estados Unidos ante incumplimientos rusos previos.

#Ucrania #EE.UU #Internacional #Noticias #actualidad",79,01/06/2026 14:04,https://www.instagram.com/reel/DTL28G4AvUb/,Reel de Instagram,,Total,3511,2178,55,4,0,1,2
18092039089771307,17841401871496039,360radioco,360 Radio Colombia,"#Mundo | Donald Trump se refirió a la situación en Venezuela, calificó a Nicolás Maduro como un tipo violento y aseguró que las personas que marchan a su favor representan un desastre para el país, según afirmó.

#Venezuela #Trump #Noticias #Internacional #actualidad",37,01/06/2026 13:02,https://www.instagram.com/reel/DTLwAkoAoro/,Reel de Instagram,,Total,5490,4010,155,49,2,4,11
18096913258918639,17841401871496039,360radioco,360 Radio Colombia,"#Colombia | El presidente de la CUT, Fabio Arias, confirmó que la Central Unitaria de Trabajadores participará en las marchas convocadas por el presidente Gustavo Petro el próximo miércoles 7 de enero en todo el país nacional.

#EE.UU #TRUMP #notícias #internacionales #actualidad #CUT #Venezuela",52,01/06/2026 12:53,https://www.instagram.com/reel/DTLu2jmgnEH/,Reel de Instagram,,Total,2337,1700,18,3,0,56,0
18558047425036124,17841401871496039,360radioco,360 Radio Colombia,"#Revista360 | 📌 Su crecimiento responde a expectativas cambiantes de los usuarios, a estructuras de costos más eficientes y a la capacidad de la tecnología para ofrecer servicios simples, personalizados y accesibles. 

🔗A diferencia de la banca tradicional, diseñada alrededor de productos y procesos, los neobancos nacen desde la experiencia: eliminan trámites extensos, esperas y tarifas confusas, ofreciendo inmediatez, transparencia y acceso digital.

👉Este contenido hace parte de la Revista 360 – Edición 10: El año de las Decisiones. Producto periodístico anual y exclusivo elaborado por 360 Radio.",0,01/06/2026 11:56,https://www.instagram.com/p/DTLocOAj3rk/,Imagen de Instagram,,Total,1690,717,13,0,0,0,0
18101729635841104,17841401871496039,360radioco,360 Radio Colombia,"#Mundo | El embajador estadounidense ante la OEA negó una invasión a Venezuela, defendió un arresto puntual y fue interrumpido por una asistente que acusó a Estados Unidos de operar por intereses petroleros durante la sesión oficial.

#notícias #actualidad #internacional #venezuela #ahora",107,01/06/2026 09:23,https://www.instagram.com/reel/DTLWuiugiR2/,Reel de Instagram,,Total,4788,2892,78,0,0,5,6
18031459643569326,17841401871496039,360radioco,360 Radio Colombia,"#Mundo | La canciller Rosa Villavicencio afirmó que se mantendrán canales diplomáticos, pero no descartó una confrontación militar con Estados Unidos ante una eventual agresión al país, destacando la capacidad del Ejército

#Colombia #noticias #venezuela #actualidad #maduro",60,01/06/2026 07:16,https://www.instagram.com/reel/DTLIRPmgjlc/,Reel de Instagram,,Total,9910,5959,114,34,1,145,12
17874903306469877,17841401871496039,360radioco,360 Radio Colombia,"#Colombia | El Ejército volvió a ubicar vehículos blindados para reforzar la seguridad y custodia del puente Simón Bolívar, como parte del plan frontera del Gobierno nacional.

#Venezuela #Maduro #notícias #Actualidad #internacional",31,01/06/2026 06:17,https://www.instagram.com/reel/DTLBpXdguRa/,Reel de Instagram,,Total,4854,2921,49,1,0,2,5
18094965217936422,17841401871496039,360radioco,360 Radio Colombia,"#Venezuela | A esta hora en Caracas se reportan disparos a lo que serían drones que sobrevuelan cerca al Palacio de Miraflores ¿Estados Unidos intervendrá de nuevo en el vecino país o se trata de una estrategia de la nueva presidente encargada? 

Más información en 360radio.com.co",34,01/05/2026 17:43,https://www.instagram.com/reel/DTJrYGaAHcJ/,Reel de Instagram,,Total,11367,7076,154,25,3,3,10
18123007273535759,17841401871496039,360radioco,360 Radio Colombia,"#Colombia | El ministro de Defensa, Pedro Sánchez, afirmó que Colombia vive un momento histórico para fortalecer cooperación internacional y combatir estructuras ilegales y la economía ilícita del narcotráfico transnacional en región.

#Noticais #Seguridad #Pedrosanchez #actualidad #nacionales #información",171,01/05/2026 13:41,https://www.instagram.com/reel/DTJPWI7gozj/,Reel de Instagram,,Total,1558,1145,12,0,0,11,0
17931192867188271,17841401871496039,360radioco,360 Radio Colombia,"#Mundo | Delcy Rodríguez fue investida como presidenta encargada de Venezuela, tras decisiones institucionales anunciadas este lunes, asumiendo temporalmente el Ejecutivo mientras se define el nuevo escenario político nacional del país hoy.

#Venezuela #Maduro #Trump #Notiicas #Internacionales",104,01/05/2026 11:55,https://www.instagram.com/reel/DTJDa_ygtku/,Reel de Instagram,,Total,2060,1370,15,0,1,1,0
18074509727582456,17841401871496039,360radioco,360 Radio Colombia,"#Mundo l Nicolás Maduro compareció por primera vez ante un tribunal federal de Estados Unidos para enfrentar los cargos que la justicia de ese país les imputa por narcotráfico y otros delitos de carácter transnacional. La audiencia se llevó a cabo en una corte del Bajo Manhattan y estuvo presidida por el juez Alvin K. Hellerstein.

Durante la diligencia, Maduro se declaró no culpable de todas las acusaciones en su contra. A través de un intérprete, aseguró que es inocente y afirmó que sigue considerándose el presidente de Venezuela, además de señalar que fue llevado a Estados Unidos contra su voluntad.",0,01/05/2026 10:24,https://www.instagram.com/p/DTI5MQBE37O/,Imagen de Instagram,,Total,4173,2135,31,0,0,0,2
18109761292628380,17841401871496039,360radioco,360 Radio Colombia,"#Mundo | Nicolás Maduro llegó al tribunal, donde autoridades leerán cargos en su contra por destruir el país, exportar narcotráfico y enfrentar consecuencias judiciales internacionales por graves delitos, según fuentes oficiales judiciales.

#Maduro #Noticias #Juiciomaduro #actualidad #internacional",61,01/05/2026 08:46,https://www.instagram.com/reel/DTIt0YyAn7W/,Reel de Instagram,,Total,3066,1882,59,0,0,0,2
18079096844613112,17841401871496039,360radioco,360 Radio Colombia,"#Mundo | El ministro venezolano Vladimir Padrino pidió liberar a Nicolás Maduro, denunció secuestro, reconoció a Delcy Rodríguez como presidenta y afirmó que Estados Unidos asesinó al anillo de seguridad oficial presidencial.

#notícias #actualidad #Venezuela #Maduro #donaldtrump",94,01/05/2026 06:47,https://www.instagram.com/reel/DTIgPcVAh4C/,Reel de Instagram,,Total,6039,3340,40,4,0,11,4
17909135340294001,17841401871496039,360radioco,360 Radio Colombia,"#Mundo | Se inició el traslado de Nicolás Maduro y su esposa Cilia Flores a Manhattan, custodiados por agentes de la DEA y de la policía de Nueva York. El juicio, que se espera sea al mediodía, buscará la culpabilidad de Maduro en delitos como narcotráfico.

#Maduro #Venezuela #Trump #notícias #Actualdiad #internacional",59,01/05/2026 05:30,https://www.instagram.com/reel/DTIXYuWglff/,Reel de Instagram,,Total,3975,2497,95,0,0,2,3
18085331672028530,17841401871496039,360radioco,360 Radio Colombia,"#Mundo | 🌍🏙️ Las grandes ciudades del mundo no solo se miden por su tamaño, sino por su influencia global. De acuerdo con el Global Power City Index, urbes como Londres, Nueva York y Tokio lideran el ranking de las ciudades más poderosas del planeta.

💼📊 Factores como la economía, innovación, conectividad, cultura y calidad de vida influyen en estas puntuaciones, donde también destacan ciudades como París, Singapur y Seúl, consolidándose como centros estratégicos a nivel internacional.

🚀🌐 Este ranking refleja cómo las ciudades se convierten en motores de desarrollo global, atracción de talento e inversión. ¿Cuál de estas ciudades te gustaría visitar o vivir? 👇✨",0,01/04/2026 15:20,https://www.instagram.com/p/DTG2LmLDfFx/,Imagen de Instagram,,Total,13351,6317,121,12,2,1,37
17986487618930661,17841401871496039,360radioco,360 Radio Colombia,"#Colombia | 📊🔍 ¿Qué buscó Colombia en Google durante 2025?
Realitys, personajes y noticias marcaron el interés del país.
Altafulla lideró las búsquedas gracias a La Casa de los Famosos, seguido por figuras como el Papa León XIV y Nicolás Maduro.
⚽🌍 El Mundial de Clubes, las Eliminatorias 2026 y hechos que sacudieron al país también estuvieron en el top.
#notícias #cultural #actualidad #GOOGLE #informacion #tecnología",78,01/04/2026 14:44,https://www.instagram.com/reel/DTGx9jBAvNn/,Reel de Instagram,,Total,957,788,8,0,0,0,0
18344354737229100,17841401871496039,360radioco,360 Radio Colombia,"#Revista360 | ⚡🇨🇴 La seguridad energética no es opcional, es estratégica.

Colombia necesita autosuficiencia energética, inversión y reglas claras para proteger su soberanía, el empleo y los ingresos del país. El sector aporta cerca del 30% de las exportaciones, 16% de la IED y billones en regalías que sostienen a las regiones.

🛢️📊 En Revista 360, @frank_pearl,  presidente de la ACP, advierte sobre los riesgos de no garantizar nuevas inversiones y explica por qué la energía sigue siendo clave para el desarrollo económico y la estabilidad nacional.

📖 Disponible en la Revista 360 – Edición 10: El año de las Decisiones.",0,01/04/2026 12:10,https://www.instagram.com/p/DTGgcC1iSN5/,Imagen de Instagram,,Total,1645,832,9,0,0,0,0
18028734143782403,17841401871496039,360radioco,360 Radio Colombia,"#Mundo | 🚲🌎 La movilidad urbana en América Latina está cambiando de rumbo y la bicicleta se consolida como una de las grandes protagonistas. Cada kilómetro de ciclovía representa una apuesta por ciudades más limpias, saludables y humanas, donde el espacio público deja de girar solo alrededor del automóvil.

📊✨ Este ranking muestra cómo distintas capitales y grandes urbes han convertido la infraestructura ciclista en una política estratégica. No se trata solo de sumar tramos, sino de integrar la bicicleta al día a día: ir al trabajo, estudiar o moverse por la ciudad de forma más eficiente, económica y sostenible.

🌱🏙️ Detrás de estas cifras hay decisiones de planeación urbana, inversión pública y presión ciudadana por un transporte más justo. Las ciclovías no solo reducen emisiones y congestionamientos; también transforman la forma en que habitamos la ciudad y nos relacionamos con ella.

🚦💚 El reto ahora es claro: conectar mejor las redes, garantizar seguridad vial y lograr que más personas se suban a la bicicleta. Porque cada pedalazo cuenta en la construcción de ciudades más equitativas, resilientes y pensadas para las personas.",0,01/04/2026 07:30,https://www.instagram.com/p/DTGAZNpAVED/,Imagen de Instagram,,Total,8002,2867,73,4,0,3,4
18341131273230330,17841401871496039,360radioco,360 Radio Colombia,"#Mundo | 🎄✨ La Navidad también se mide en decisiones de consumo. En América Latina, las fiestas de fin de año reflejan mucho más que tradición: muestran cómo los hogares equilibran ilusión, presupuesto y contexto económico. Cada compra, grande o pequeña, habla de prioridades, expectativas y realidades distintas en la región.

💳📊 Aunque el espíritu navideño es compartido, el esfuerzo financiero no es el mismo para todos. Mientras algunos países destinan más recursos a regalos, cenas y celebraciones, en otros el gasto se ajusta con creatividad y planificación. La Navidad se convierte así en un termómetro del poder adquisitivo, la inflación y la confianza de los consumidores.

🌎🎁 Este panorama revela una Latinoamérica diversa, donde celebrar no siempre significa gastar más, sino elegir mejor. Entender estas diferencias ayuda a leer el pulso económico de la región y a comprender cómo las familias reinventan la Navidad sin perder su esencia: compartir, reunirse y mantener vivas las tradiciones.",0,01/03/2026 16:30,https://www.instagram.com/p/DTEZZtAiHg2/,Imagen de Instagram,,Total,9738,4694,114,1,0,0,7
18137988037475425,17841401871496039,360radioco,360 Radio Colombia,"#colombia | La inteligencia artificial, la ciencia de datos, la ciberseguridad y la ingeniería de software ya están transformando la salud, las finanzas, la industria y el empleo. Universidades y empresas buscan perfiles capaces de crear, analizar y proteger en entornos digitales cada vez más complejos.

#actualidad #academias #universidad #notícias #2026 #aňonuevo",118,01/03/2026 09:07,https://www.instagram.com/reel/DTDmiBKAsRx/,Reel de Instagram,,Total,1024,881,17,3,0,0,0
18086848322024909,17841401871496039,360radioco,360 Radio Colombia,"#AHORA | El presidente de Estados Unidos, Donald Trump, ha revelado a través de su cuenta de X la primera imagen de Nicolás Maduro capturado y siendo trasladado hacia el barco estadounidense en aguas del Caribe, para de ahí ser llevado al país norteamericano.",0,01/03/2026 08:41,https://www.instagram.com/p/DTDjzLQlpCA/,Imagen de Instagram,,Total,4172,2022,130,3,0,0,1
18078081326211138,17841401871496039,360radioco,360 Radio Colombia,"#Ahora | Luego del ataque llevado a cabo por los Estados Unidos en territorio venezolano, los líderes del régimen de Nicolás Maduro piden pruebas de vida y solicitan a organizaciones internacionales intervenir, ante lo que consideraron como una violación a la soberanía.
Aún se desconoce la  ubicación de Nicolás Maduro y su esposa. 

#Venezuela #Maduro #Noticias #Actualidad #internacional",140,01/03/2026 06:34,https://www.instagram.com/reel/DTDVBNwAu8o/,Reel de Instagram,,Total,2256,1493,50,2,0,3,1
17933489124140695,17841401871496039,360radioco,360 Radio Colombia,"#AHORA 

Este es el momento en que varias aeronaves de Estados Unidos bombardean una base militar en Venezuela.",70,01/03/2026 02:58,https://www.instagram.com/reel/DTC8i75jhy-/,Reel de Instagram,,Total,8321,5873,429,86,9,7,23
18062589548265034,17841401871496039,360radioco,360 Radio Colombia,"#Mundo | Se conocieron primeras imágenes de Nicolás Maduro Capturado. 

Se espera mayor información por parte de autoridades de Estados Unidos en las próximas horas. 

#Venezuela #NicolasMaduro",0,01/03/2026 02:53,https://www.instagram.com/p/DTC76uqDpbr/,Imagen de Instagram,,Total,33829,21881,585,156,2,9,23
17888061741284547,17841401871496039,360radioco,360 Radio Colombia,"#URGENTE 

Tras los ataques a Caracas, Donald Trump confirma captura de Nicolás Maduro y su esposa.",0,01/03/2026 02:40,https://www.instagram.com/p/DTC6asXjhf0/,Imagen de Instagram,,Total,5342,2863,128,7,0,2,0
17879683137350438,17841401871496039,360radioco,360 Radio Colombia,"#Colombia |💻El Estudio Fundación Educa Edtech 2025 revela que el país tuvo la mayor participación del análisis, con 759 encuestados, superando a México y Perú. Además, el 87,6 % recomienda la formación virtual y el 66,7 % la considera clave para su trabajo.

#academias #colombia #notícias #actualidad #internacional",82,12/31/2025 11:40,https://www.instagram.com/reel/DS8JBTngqnU/,Reel de Instagram,,Total,1310,1054,22,1,0,0,0
17982321257783692,17841401871496039,360radioco,360 Radio Colombia,"✨📰 Gracias por acompañarnos este año
Cerramos un ciclo con gratitud y compromiso. Gracias por leernos, escucharnos y confiar en nuestro trabajo periodístico. El nuevo año nos reta a seguir informando con contexto, análisis y mirada crítica.

Que venga un año con más historias que importan y conversaciones que construyen.

#FelizAño #Periodismo #360Radio",0,12/31/2025 07:05,https://www.instagram.com/p/DS7qWUwjubE/,Imagen de Instagram,,Total,1839,522,20,0,0,0,0
18010937285658049,17841401871496039,360radioco,360 Radio Colombia,"#Revista360 | El bien común o el eterno retorno de lo mismo

Por: Andrés Gaviria - Candidato Cámara por Antioquia

📌""Ese es nuestro patrón. Nos hemos acostumbrado a hablar de Colombia como si fuera un problema sin solución, y la verdad más incómoda es que hemos llegado a cierta comodidad con esa narrativa.""",0,12/31/2025 06:17,https://www.instagram.com/p/DS7k60yD_xA/,Imagen de Instagram,,Total,2874,1107,32,1,0,1,0
18073099901611420,17841401871496039,360radioco,360 Radio Colombia,"¿Salario mínimo de $2 millones en 2026?
El aumento del 23 % ya es oficial y promete recuperar el poder adquisitivo… pero también prende las alarmas económicas.
📈 Inflación, empleo, Mipymes y tasas de interés: ¿quién gana y quién pierde con este incremento histórico decretado por el Gobierno Petro?

▶️ Dale play y entiende las implicaciones reales del nuevo salario mínimo en Colombia.

#economía #colombia #gobierno #actualidad #notícias",115,12/30/2025 14:30,https://www.instagram.com/reel/DS54Cd2AnAj/,Reel de Instagram,,Total,1867,1493,28,2,0,0,0
18064661393213116,17841401871496039,360radioco,360 Radio Colombia,"#Mundo | El presidente estadounidense Donald Trump afirmó que Hamás tendrá poco tiempo para desarmarse y advirtió que, de no hacerlo, el grupo enfrentará severas consecuencias por parte de Estados Unidos según declaraciones oficiales difundidas este martes.

#Venezuela #Actualidad #Internacional #Noticias #Donaldtrump",37,12/30/2025 09:09,https://www.instagram.com/reel/DS5TqcHgiAn/,Reel de Instagram,,Total,3638,2427,65,0,0,2,1
18091600108763046,17841401871496039,360radioco,360 Radio Colombia,"#Economía | Colombia amaneció con nuevo salario mínimo para 2026 fijado en $1.750.095. 

Empresarios, analistas y políticos han mostrado su preocupación por este decreto. 

#Colombia #SalarioMinimo",0,12/30/2025 08:38,https://www.instagram.com/p/DS5QO_ojgpD/,Secuencia de Instagram,,Total,9597,2656,108,4,0,5,9
18074473085346440,17841401871496039,360radioco,360 Radio Colombia,"#ATENCIÓN 

DANE infromó que la tasa de desempleo para Colombia en noviembre fue del 7%, cifra inferior a la registrada durante el mismo mes de 2024 cuando se ubicó en 8,2%.",0,12/30/2025 07:13,https://www.instagram.com/p/DS5GfLcja_9/,Imagen de Instagram,,Total,4644,1664,24,1,0,3,1
18052044575399781,17841401871496039,360radioco,360 Radio Colombia,"#Deportes l 🏈💰 La NFL también se juega en la taquilla
Más allá de los touchdowns y los títulos, hay otro campeonato que mueve millones: el del dinero que generan los estadios. En 2025, algunos equipos lograron convertir cada asiento vendido en una verdadera mina de oro, marcando una enorme diferencia frente al resto de la liga.

📊 San Francisco lidera, pero la pelea es cerrada
Los 49ers encabezan el ranking de ganancias por taquilla, seguidos por franquicias históricas como Cowboys, Eagles y Broncos. La combinación de hinchadas fieles, estadios modernos y espectáculos cada fin de semana explica por qué estas organizaciones dominan también fuera del campo.

🔥 La NFL es un negocio tan grande como el deporte
Este ranking confirma que el fútbol americano es una de las industrias más poderosas del entretenimiento global. Cada partido no solo define posiciones en la tabla, también mueve cifras que superan el presupuesto de muchos países. Y esto apenas es una parte de todo lo que factura la liga.",0,12/30/2025 06:45,https://www.instagram.com/p/DS5DRXzAi5B/,Imagen de Instagram,,Total,3904,1221,29,1,1,0,0
17849112405612887,17841401871496039,360radioco,360 Radio Colombia,"#Colombia | El precandidato Daniel Palacios criticó al presidente Gustavo Petro por el aumento del salario mínimo, cuestionó la emergencia económica y afirmó que el anuncio responde a intereses electorales ante fracasos del Gobierno

#Noticias #salariominimo #Petro #Actualidad #Economía",92,12/30/2025 06:37,https://www.instagram.com/reel/DS5CPJiAmgd/,Reel de Instagram,,Total,3394,2670,81,7,2,17,3
18090274543789419,17841401871496039,360radioco,360 Radio Colombia,"❗ El salario mínimo sube 23 % en 2026, pero la pregunta sigue siendo la misma: ¿alcanzará?

La comparación con un producto cotidiano lo explica mejor:

👉 En 2016, un salario mínimo permitía comprar 626 Chocorramos.

👉 En 2026, pese al aumento de 23%, solo alcanzaría para 564 (proyectando precio del mercado) 

📊 Mientras el salario mínimo creció 153,8 % en una década, el precio del Chocorramo aumenta cerca de 181,8 %.

El debate no es solo cuánto sube el salario, sino qué tanto alcanza frente al costo real de vida y aún no se conoce el dato oficial de inflación final de 2025.

#SalarioMínimo #Inflación #Economía",0,12/30/2025 05:47,https://www.instagram.com/p/DS48uw5FZ9c/,Imagen de Instagram,,Total,422222,211916,3925,1667,221,170,549
18041271371718200,17841401871496039,360radioco,360 Radio Colombia,"#Colombia | El aumento del salario mínimo del 23,2% no vino gratis: JP Morgan elevó su proyección de inflación para 2026 a 6,1%, prevé más alzas de tasas y alerta sobre riesgos fiscales, laborales y cambiarios.

La decisión del Gobierno podría convertirse en una bomba macroeconómica.",0,12/30/2025 05:01,https://www.instagram.com/p/DS43dz4jjld/,Imagen de Instagram,,Total,22737,12712,682,63,4,25,30
18251302405292227,17841401871496039,360radioco,360 Radio Colombia,"#Mundo | Estados Unidos realizó otra operación letal contra el narcotráfico en aguas internacionales del Pacífico; el Comando Sur confirmó la destrucción de una embarcación sospechosa, acción que dejó dos personas muertas, según informó oficialmente este miércoles.

#Venezuela #notícias #EE.UU #actualidad #donaldtrump",29,12/30/2025 04:35,https://www.instagram.com/reel/DS40ZSEAqyB/,Reel de Instagram,,Total,3575,2298,68,0,0,3,0
18310136083266981,17841401871496039,360radioco,360 Radio Colombia,"🚨 #ATENCIÓN EMPRESAS

Con el salario mínimo 2026 en $2.000.000 (incluido subsidio de transporte), tener un trabajador le cuesta a una empresa cerca de $3 millones mensuales, al sumar seguridad social y prestaciones sociales. 

📊 Un dato clave para el debate sobre costos laborales y sostenibilidad empresarial en Colombia.

#SalarioMinimo #Colombia #Economía",0,12/29/2025 17:01,https://www.instagram.com/p/DS3lDrIjlMk/,Imagen de Instagram,,Total,117976,60709,1301,983,184,130,700
18545531377001828,17841401871496039,360radioco,360 Radio Colombia,"#Colombia | El presidente Gustavo Petro anunció por decreto el salario mínimo legal vigente para el año 2026, ubicándolo en $ 2.000.000 de pesos, contando el auxilio de transporte, definiendo el salario como vital para los colombianos.

#salariominimo #notícias #actualidad #Petro #economía",52,12/29/2025 16:24,https://www.instagram.com/reel/DS3gtCCgj9e/,Reel de Instagram,,Total,9873,7382,102,38,2,65,6
18368711725095410,17841401871496039,360radioco,360 Radio Colombia,"🚨 #ATENCIÓN 🇨🇴

Colombia ya tiene salario mínimo para 2026.

El Gobierno confirmó que el nuevo salario será de $1.746.882 pesos, mientras que el auxilio de transporte quedó sobre los $253.000 pesos, y regirá desde el 1° de enero.

360radio.com.co",0,12/29/2025 16:16,https://www.instagram.com/p/DS3f2Yrje1h/,Imagen de Instagram,,Total,68073,40954,453,248,24,81,75
18108664276569804,17841401871496039,360radioco,360 Radio Colombia,"#Revista360 | 📌Envigado avanza en la formulación del POT, el instrumento que definirá el modelo de ocupación y las normas urbanísticas para su desarrollo urbano y rural en los próximos 12 años.

🔗Tras culminar la etapa de diagnóstico, hoy avanza la etapa de formulación, en la cual se construyen las normas urbanísticas y el modelo de ocupación que orientará el desarrollo del municipio durante los próximos doce años. 

👉Lea la nota completa en 360radio.com.co",0,12/29/2025 12:30,https://www.instagram.com/p/DS3F9LdDx72/,Imagen de Instagram,,Total,3866,903,7,0,0,0,1
17850163935585379,17841401871496039,360radioco,360 Radio Colombia,"#Colombia | Desde el Congreso, el ministro de Defensa Pedro Sánchez defendió los cambios en la cúpula militar y destacó la labor de comandantes salientes, incluido el almirante Francisco Hernando Cubides, generales.

#actualidad #notícias #fuerzasmilitares #mindefensa #información",112,12/29/2025 11:05,https://www.instagram.com/reel/DS28FkoAkIA/,Reel de Instagram,,Total,2220,1621,16,0,0,5,0
18080278793267504,17841401871496039,360radioco,360 Radio Colombia,"#Revista360 | En Comfama, más de 71 años de trabajo demuestran que el capitalismo consciente sí es posible cuando se pone a las personas en el centro 🤝🌱.
Con los recursos de las empresas, se construye bienestar, progreso social y oportunidades reales para trabajadores, familias y comunidades.

En entrevista con Revista 360, David Escobar Arango, director de Comfama, hace un balance de 2025 y traza una visión de largo plazo basada en confianza, diálogo y transformación social 📈🏡🎓.

📖 _Disponible en la Revista 360 – Edición 10: El año de las Decisiones_.

@comfama",0,12/29/2025 10:31,https://www.instagram.com/p/DS24XQ-jiHb/,Imagen de Instagram,,Total,3936,1083,24,0,1,0,0
18073311119364251,17841401871496039,360radioco,360 Radio Colombia,"#Empresas Con 90 años de historia, @cementos_argos  se reafirma como líder del sector y referente internacional, impulsada por una arquitectura de marca sólida, hitos estratégicos y un compromiso creciente con la sostenibilidad.

#Revista360",0,12/29/2025 10:12,https://www.instagram.com/p/DS22OdyjhpU/,Secuencia de Instagram,,Total,3485,953,30,0,0,0,0
18064195427231695,17841401871496039,360radioco,360 Radio Colombia,"#bogotà | Fue entregada la glorieta de la Avenida Ciudad de Cali con Américas al tránsito mixto; el alcalde Carlos Fernando Galán anunció la habilitación de 7,4 kilómetros de carriles mixtos nuevos viales.

#infraestrutura #trafico #bogota🇨🇴 #galán #notícias",93,12/29/2025 07:51,https://www.instagram.com/reel/DS2l4gWAiey/,Reel de Instagram,,Total,1749,1337,21,2,1,1,0
17979318947953968,17841401871496039,360radioco,360 Radio Colombia,"#Revista360 | Tomas González, director de CREE, analiza los riesgos en gas y electricidad, las deudas del sector y cómo reconstruir la confianza público-privada para lograr una transición energética realista en Colombia. 

El contenido completo puede encontrarlo en Revista 360 o 360radio.com.co 

#Energía #Colombia",0,12/29/2025 05:41,https://www.instagram.com/p/DS2XNUuDlLJ/,Imagen de Instagram,,Total,2285,638,6,0,0,0,0
18049303850461908,17841401871496039,360radioco,360 Radio Colombia,"#Mundo | El presidente ucraniano Volodímir Zelenski llegó a Florida para reunirse con Donald Trump y buscar respaldo a su plan de paz para poner fin a la guerra con Rusia actual.

#actualidad #internacional #Ucrania #EE.UU #notícias",33,12/28/2025 10:12,https://www.instagram.com/reel/DS0RWK3AjYI/,Reel de Instagram,,Total,2680,1830,35,0,0,0,0
18300417427261607,17841401871496039,360radioco,360 Radio Colombia,"#Cultura | ¿Ropa interior amarilla, uvas o maletas? 💛🍇🧳
Cada 31 de diciembre, millones de colombianos repiten estos agüeros para atraer amor, viajes, prosperidad y buena energía. ¿Cuál no puede faltar en tu Año Nuevo?

#Colombia #findeaño #Agueros #notícias #actualidad",61,12/28/2025 07:29,https://www.instagram.com/reel/DSz-hNEAoyr/,Reel de Instagram,,Total,1180,1033,16,3,0,0,0
18109197502734870,17841401871496039,360radioco,360 Radio Colombia,"#Colombia | El Gobierno de Gustavo Petro inscribió ante la Registraduría el comité promotor de la Asamblea Constituyente, que deberá recolectar cerca de tres millones de firmas para radicar el proyecto nacional.

#Trabajo #notícias #actualidad #Gobierno #asambleaconstituyente",99,12/26/2025 12:03,https://www.instagram.com/reel/DSvUVK0Aku2/,Reel de Instagram,,Total,6743,4399,50,26,0,64,4
18001023140696465,17841401871496039,360radioco,360 Radio Colombia,"#Colombia | El Ministro de Defensa, Pedro Sánchez, anunció la captura de Jean Pool Sánchez Gómez, presunto autor material del homicidio del teniente coronel Rafael Granados, ocurrido en Popayán, Cauca, en noviembre de 2025, pasado martes.

#seguridad #Mindefensa #notícias #actualidad #judicial",49,12/26/2025 11:20,https://www.instagram.com/reel/DSvPjY2AtCq/,Reel de Instagram,,Total,1774,1303,19,0,0,0,1
18410261860191658,17841401871496039,360radioco,360 Radio Colombia,"#Bogotá | Avanzan las primeras pruebas dinámicas de rieles del Metro de Bogotá, con movimiento del tren totalmente autónomo, eléctrico y sin apoyos externos operativos iniciales.

#metrobogota #movilidad #actualidad #trasnporte #notícias",48,12/26/2025 09:29,https://www.instagram.com/reel/DSvC2tSAssx/,Reel de Instagram,,Total,1735,1277,36,0,0,0,0
17843349876663451,17841401871496039,360radioco,360 Radio Colombia,"#Mundo | El presidente de Estados Unidos, Donald Trump, anunció que ordenó un ataque poderoso y mortal contra campamentos del grupo terrorista ISIS en Nigeria, como parte de operaciones antiterroristas recientes.

#Isis #internacional #notícias #actualidad #EE.UU",17,12/26/2025 06:44,https://www.instagram.com/reel/DSuwBs4AlDs/,Reel de Instagram,,Total,3571,2363,63,0,0,0,2
18032814911762469,17841401871496039,360radioco,360 Radio Colombia,"#Colombia | La capital de Córdoba se convierte en la primera ciudad del país en implementar un sistema de transporte público fluvial.
Con la llegada de las embarcaciones Yapel y Betancí, el proyecto Businú integra el río Sinú a la movilidad urbana y marca un precedente nacional. 

 #montería #Businú #transportefluvial #RíoSinú #movilidad #notícias #Colombia",75,12/25/2025 05:04,https://www.instagram.com/reel/DSr_cZhgvcx/,Reel de Instagram,,Total,7312,5513,256,46,7,7,6
17915431755101547,17841401871496039,360radioco,360 Radio Colombia,"🎄✨ Feliz Navidad para toda la audiencia de 360 Radio Colombia ✨🎄 

Gracias por acompañarnos, escucharnos y creer en un periodismo que informa, cuestiona y conecta. Que esta Navidad llegue con calma, esperanza y conversaciones que valgan la pena. Que el 2026 nos encuentre juntos, con más historias, más análisis y más voces al aire.
¡Felices fiestas! 

#FelizNavidad #Colombia",0,12/24/2025 13:39,https://www.instagram.com/p/DSqV-GnDhrw/,Imagen de Instagram,,Total,1358,550,14,1,0,0,0
18093934406312022,17841401871496039,360radioco,360 Radio Colombia,"#Antioquia | Afluencia de pasajeros en la Terminal del Norte de Medellín.
Para esta Navidad se movilizarán 159.000 viajeros desde y hacia la capital antioqueña, según la Alcaldía.

#Noticias #trafico #Navidad #actualidad",38,12/24/2025 07:36,https://www.instagram.com/reel/DSpsVSXgj9P/,Reel de Instagram,,Total,2229,1597,20,1,0,0,0
17982210344780413,17841401871496039,360radioco,360 Radio Colombia,"#Colombia | Durante una alocución, el presidente Gustavo Petro anunció que Colombia contará, por primera vez, con un salario mínimo vital, orientado a garantizar ingresos dignos y condiciones para trabajadores del país.

#saláriominimo #notícias #economía #actualidad",125,12/24/2025 05:37,https://www.instagram.com/reel/DSpekZ9goNF/,Reel de Instagram,,Total,5678,3708,56,5,1,37,2
17973422789976610,17841401871496039,360radioco,360 Radio Colombia,"#Salud | 🦠⚠️ Las autoridades sanitarias refuerzan la vigilancia epidemiológica en el país. El Ministerio de Salud y Protección Social, junto al Instituto Nacional de Salud (INS), confirmó la detección en Colombia del virus Influenza A(H3N2), subclado K (J.2.4.1), en un caso importado asociado a viaje internacional desde Estados Unidos.

✈️🩺 El caso corresponde a una persona que presentó síntomas respiratorios leves, como fiebre, rinorrea y tos, tras un reciente viaje en crucero con salida desde Miami. La identificación inicial fue realizada por el Grupo de Genómica de Antioquia y posteriormente confirmada por el INS mediante prueba molecular.

🔬🧼 Las autoridades reiteran el llamado a mantener las medidas de prevención, fortalecer la vigilancia en salud pública y acudir oportunamente a los servicios médicos ante la presencia de síntomas respiratorios, especialmente en poblaciones de riesgo.",0,12/23/2025 11:45,https://www.instagram.com/p/DSnkGj1jzl3/,Imagen de Instagram,,Total,7132,3355,56,62,0,1,4
18030618884749032,17841401871496039,360radioco,360 Radio Colombia,"#Economía | Jonathan Malagón, presidente de Asobancaria, expresó preocupación por el decreto de emergencia económica del Gobierno, al advertir que la medida carece de fundamentos jurídicos y técnicos suficientes para el país.

#Colombia #notícias #asobancaria #actualidad #gobiernonacional",84,12/23/2025 11:09,https://www.instagram.com/reel/DSnfwg-gkRa/,Reel de Instagram,,Total,1862,1247,31,0,0,3,1
18115172326575624,17841401871496039,360radioco,360 Radio Colombia,"#Colombia | El registrador nacional Hernán Penagos habló sobre el proceso de revisión de firmas, garantías y plazos para los aspirantes que buscan participar en las elecciones presidenciales de 2026 en Colombia.

#elecciones2026 #actualidad #política #notícias",112,12/23/2025 10:22,https://www.instagram.com/reel/DSnadxJgpDK/,Reel de Instagram,,Total,1512,1168,19,0,0,1,2
18086498075102436,17841401871496039,360radioco,360 Radio Colombia,"❗ Presentamos la portada de la Revista 360 – Edición N.º 10: “El año de las decisiones”.

🔎 Una edición especial y anual que mira a Colombia con lupa: sus empresas, sus líderes y los grandes retos que marcarán el 2026. En estas páginas recorremos el país desde los sectores minero–energético e hidrocarburos, agro y medio ambiente, infraestructura, tecnología y telecomunicaciones, entre otros. 

🌏 Son 10 secciones y más de 60 invitados entre empresarios, expertos y actores clave, que ayudan a entender hacia dónde va la economía y qué decisiones estratégicas no pueden esperar.

Esta edición reúne un compendio de lo que fue 2025, logros, lecciones y alertas, y al mismo tiempo traza proyecciones para 2026 en los distintos sectores productivos: oportunidades de inversión, cambios regulatorios, innovación, talento y competitividad.

A nuestros aliados comerciales, gracias por creer en este proyecto y hacer posible otra edición de #Revista360. 

Muy pronto podrán leerla completa en su versión digital e impresa.📘

#Revista360 #ElAñoDeLasDecisiones #Colombia2026 #Empresas",0,12/23/2025 05:51,https://www.instagram.com/p/DSm7kpfjqPq/,Imagen de Instagram,,Total,12330,2917,93,8,2,0,7
17870154627484522,17841401871496039,360radioco,360 Radio Colombia,"#Mundo | El Comando Sur de EEUU informó que fuerzas de la Operación Lanza del Sur atacaron un semisumergible del narcotráfico en el Pacífico Oriental, dejando un narcoterrorista neutralizado durante operación militar.

#EE.UU #Internacional #Caribe #actualidad #donaldtrump #notícias",34,12/23/2025 05:38,https://www.instagram.com/reel/DSm6EwFAk-k/,Reel de Instagram,,Total,5691,3264,123,0,0,13,2
17885308827421576,17841401871496039,360radioco,360 Radio Colombia,"#Política | 🇨🇴🗳️ El tablero político rumbo a 2026 se mueve

Paloma Valencia se suma a #LaGranConsultaPorColombia, un bloque que busca unificar a la oposición y definir un candidato presidencial único 📊🤝.

La cita será el 8 de marzo de 2026, en un proceso que ya convoca a varios líderes y promete marcar el rumbo de la campaña 🔍🔥.

👉 ¿Unidad o fragmentación? El debate ya comenzó.

#Elecciones2026 #PolíticaColombiana #ConsultaInterpartidista #PalomaValencia #Oposición #colombiana 

@palomavalencial",0,12/22/2025 14:12,https://www.instagram.com/p/DSlQFhfkX3B/,Imagen de Instagram,,Total,5071,2988,102,2,0,13,0
18104052322676224,17841401871496039,360radioco,360 Radio Colombia,"#Envigado | 🏆🧡💚 ¡Envigado escribió una página histórica en los Juegos Departamentales! 💚🧡🏆
Con una delegación de más de 400 personas, nuestro municipio brilló en Copacabana y Girardota, logrando un resultado que no se alcanzaba desde hace 35 años. Fueron 355 medallas en total las que llevaron a Envigado al podio, demostrando que el trabajo en equipo, la disciplina y la pasión dan frutos extraordinarios. 🙌🔥

🥇🥈🥉 El talento envigadeño se hizo sentir en cada competencia. En los deportes convencionales, nuestros atletas conquistaron 202 medallas, entre ellas 76 de oro, un récord histórico para el municipio. Cada prueba, cada punto y cada llegada a la meta reflejaron el esfuerzo incansable de deportistas, entrenadores y todo un equipo comprometido con la excelencia. 💪🏽🏃‍♀️🏊‍♂️

🧡💚 El deporte adaptado nos llenó de orgullo. Envigado se coronó campeón con 153 medallas, gracias a 56 de oro, 59 de plata y 38 de bronce, confirmando que no existen barreras cuando se sueña en grande y se compite con el corazón. Gracias por su resiliencia, su amor por la bandera y por inspirarnos a creer que todo es posible. 🌟🏅

✨ Como reconocimiento a este enorme logro, nuestros deportistas recibirán incentivos económicos que seguirán fortaleciendo su desarrollo deportivo. Gracias por enaltecer a Envigado y recordarnos que siempre… ¡vale la pena soñar! 🏆🧡💚",0,12/22/2025 13:47,https://www.instagram.com/p/DSlNPrjjq1H/,Imagen de Instagram,,Total,1356,611,7,1,0,0,0
18198353419335291,17841401871496039,360radioco,360 Radio Colombia,"#Envigado l La comunidad envigadeña participó activamente en la rendición de cuentas del Índer Envigado 2025, un espacio de transparencia y diálogo en el que se socializaron los principales logros, avances y retos del instituto en materia de deporte, recreación y actividad física. Durante el encuentro, se destacaron los impactos alcanzados en programas de actividad física, desarrollo deportivo, infraestructura y apoyo a clubes y deportistas del municipio. 🏃‍♂️🏅

Este ejercicio reafirma el compromiso del Índer Envigado con la participación ciudadana y la gestión pública transparente, garantizando que la comunidad siga siendo protagonista en la construcción de una ciudad que promueve el deporte, la educación física y la recreación como pilares del bienestar y la calidad de vida en la Ciudad Señorial. 💚",0,12/22/2025 12:30,https://www.instagram.com/p/DSlEYm8E7i_/,Imagen de Instagram,,Total,1476,682,6,0,0,0,0
17973988952814717,17841401871496039,360radioco,360 Radio Colombia,"#Antioquia | Un grave accidente en Santa Elena, Antioquia, ocurrió tras la colisión entre un furgón y un bus, que volcó y cayó a un abismo, dejando 25 personas heridas, según autoridades.

#accidente #movilidad #notícias #Colombia #actualidad",32,12/22/2025 11:41,https://www.instagram.com/reel/DSk-yWPgnjg/,Reel de Instagram,,Total,7697,4127,52,14,0,5,4
18401473537125549,17841401871496039,360radioco,360 Radio Colombia,"#Envigado | 🏆🧡💚 ¡Vale la pena soñar! 💚🧡🏆
Envigado campeón en deporte adaptado de los Juegos Departamentales.

🔥 Nuestros Triunfadores de Vida lograron un total de 153 medallas:

🥇56 de oro
🥈59 de plata 
🥉38 de bronce

Este importante logro nos demuestra que no hay barreras para soñar en grande y competir con el alma.

Gracias por su disciplina, talento, resiliencia y amor por nuestra bandera.🧡💚

@inderenvigado",0,12/22/2025 10:09,https://www.instagram.com/p/DSk0R8DD29F/,Imagen de Instagram,,Total,1504,717,4,0,0,0,0
17960895374881981,17841401871496039,360radioco,360 Radio Colombia,"#Envigado | 🏆🧡💚 ¡Vale la pena soñar! 💚🧡🏆

Envigado hizo historia en los Juegos Deportamentales 2025: somos subcampeones en deportes convencionales 💥

🔥 Con 202 medallas, nuestra delegación brilló como nunca y alcanzó un logro que no vivíamos hace 35 años.

✨ Por primera vez en la historia conseguimos 76 medallas de oro en unos Juegos Departamentales. Un resultado soñado, trabajado y ganado con disciplina.

Durante dos semanas en Copacabana y Girardota, 400 deportistas, entrenadores, personal de apoyo y profesionales de la salud dejaron el alma en cada competencia para poner nuestra bandera en lo más alto.

🏅 26 disciplinas convencionales
👩‍⚕️ Un equipo humano extraordinario que convirtió sueños en victorias

🙌 Gracias por el esfuerzo, la entrega y el amor por nuestra bandera. 🧡💚

@inderenvigado",0,12/22/2025 10:06,https://www.instagram.com/p/DSk0BAzEU8w/,Imagen de Instagram,,Total,1617,834,6,0,0,0,1
18089661245055717,17841401871496039,360radioco,360 Radio Colombia,"#Colombia | La Supertransporte encontró graves irregularidades en la revisión técnico-mecánica del bus accidentado en Antioquia y suspendió por seis meses a la empresa Precoltur tras la muerte de 16 estudiantes jóvenes.

#actualidad #transito #notícias #accidente #notícias",114,12/22/2025 08:21,https://www.instagram.com/reel/DSknoSTgrfl/,Reel de Instagram,,Total,4946,3259,90,21,0,10,9
17849489034588276,17841401871496039,360radioco,360 Radio Colombia,"#Bogotá | La Autopista Norte está totalmente colapsada desde la calle 120 hacia el sur por protestas de recicladores. .
La UAESP asegura que hay voluntad de diálogo, pero rechaza las vías de hecho.

#movilidad #autopistanorte #actualidad #notícias #plantortuga",93,12/22/2025 05:46,https://www.instagram.com/reel/DSkWAe1AnDZ/,Reel de Instagram,,Total,3595,2538,39,7,0,1,0
18056251094334103,17841401871496039,360radioco,360 Radio Colombia,"#Mundo | La vicepresidenta Delcy Rodríguez confirmó el zarpe de un buque de Chevron con petróleo venezolano, evidenciando exportaciones en medio de crecientes tensiones políticas y energéticas entre Venezuela y Estados Unidos.

#petroleo #venezuela #internacional #energía #notícias #actualidad",36,12/22/2025 05:18,https://www.instagram.com/reel/DSkS5TOAhzt/,Reel de Instagram,,Total,7588,4307,48,3,0,8,3
18087977113997217,17841401871496039,360radioco,360 Radio Colombia,"#infraestrutura | 🚧✈️ Después de 50 años de espera, el Aeropuerto del Café por fin despega.

Aerocafé entra en un punto de no retorno: ya fue adjudicada su primera etapa y las obras arrancarán en 2026.
Serán $634.000 millones para una pista de 1.460 metros que impulsará el agro, el turismo y la conectividad del Eje Cafetero.

☕🌱 Más oportunidades, menos aislamiento y desarrollo para Caldas.
📅 Los primeros vuelos están previstos entre 2028 y 2029.

🔎 Conoce el avance de esta obra clave en 👉 www.360radio.con.co

#Colombia #Noticias #actualidad #Aerocafe #aeropuerto",73,12/20/2025 10:37,https://www.instagram.com/reel/DSftuezgn5B/,Reel de Instagram,,Total,1771,1357,20,0,1,1,1
18105527311734670,17841401871496039,360radioco,360 Radio Colombia,"#Mundo | Marco Rubio afirmó que terroristas y narcotraficantes representan la mayor amenaza regional, y destacó la alianza de Estados Unidos con países como Colombia para fortalecer cooperación, seguridad y estrategias conjuntas de combate contra estas redes.

#Colombia #política #actualidad #notícias #internacional",207,12/19/2025 11:24,https://www.instagram.com/reel/DSdOMGKAn5G/,Reel de Instagram,,Total,2105,1347,53,3,0,1,3
18099634120831448,17841401871496039,360radioco,360 Radio Colombia,"ATENCIÓN: Ministro de Hacienda confirma que están concretando una alternativa de declaración de emergencia económica tras hundimiento de la Ley de Financiamiento.

#Colombia #Economia",0,12/19/2025 10:52,https://www.instagram.com/p/DSdK5MzEkeq/,Imagen de Instagram,,Total,4088,1928,30,4,0,25,0
18158110498370524,17841401871496039,360radioco,360 Radio Colombia,"#ATENCIÓN 

Banco de La República mantuvo inalterada las tasas de interés en 9,25%, tras la reunión de diciembre. 

360radio.com.co",0,12/19/2025 10:09,https://www.instagram.com/p/DSdF8g7CR0f/,Imagen de Instagram,,Total,2248,1141,24,0,0,0,0
17890952682390979,17841401871496039,360radioco,360 Radio Colombia,"#Colombia | Esposado salió del Tribunal Superior de Bogotá el exministro de Hacienda Ricardo Bonilla, capturado por su presunta participación en el saqueo a la UNGRD y al Invías, según autoridades judiciales. Hoy se espera legalizar su captura. 

#notícias #actualidad #RicardoBonilla #judicial #política",31,12/19/2025 07:01,https://www.instagram.com/reel/DScwXWLgty9/,Reel de Instagram,,Total,6391,4578,114,8,1,14,0
18106535725646770,17841401871496039,360radioco,360 Radio Colombia,"#Mundo | Donald Trump afirmó que no necesita autorización del Congreso para atacar cárteles en Venezuela, dijo que informaría a legisladores, pero teme filtraciones sobre planes militares durante operativos antidrogas en el Caribe, en aguas internacionales cercanas.

#notícias #internacional #EE.UU #venezuela #Caribe #actualidad",35,12/18/2025 13:46,https://www.instagram.com/reel/DSa53Y8grtB/,Reel de Instagram,,Total,2665,1599,47,0,0,0,0
18188987329343014,17841401871496039,360radioco,360 Radio Colombia,"#Colombia | El registrador Hernán Penagos anunció que inició la revisión de las firmas entregadas por ciudadanos y movimientos que buscan avalar candidaturas presidenciales mediante el mecanismo de recolección ciudadana en curso.

#Elecciones2026 #política #actualidad #notícias",118,12/18/2025 11:13,https://www.instagram.com/reel/DSaoRKMAida/,Reel de Instagram,,Total,1674,1205,21,0,0,0,0
17842673562658418,17841401871496039,360radioco,360 Radio Colombia,"#Mundo | El presidente de Brasil, Luiz Inácio Lula da Silva, anunció que vetará una ley del Congreso que reduciría la condena por golpismo del expresidente Jair Bolsonaro de prisión actualmente vigente.

#Brasil #Noticias #actualidad #internacional",41,12/18/2025 08:47,https://www.instagram.com/reel/DSaXrILAs7d/,Reel de Instagram,,Total,3923,2335,41,1,0,8,2
18038438393715933,17841401871496039,360radioco,360 Radio Colombia,"#Bogotá | El fin de semana inicia el plan éxodo en Bogotá y la Secretaría de Movilidad estima que más de 900 mil vehículos saldrán de la ciudad este fin de semana para iniciar los viajes de fin de año en el país.

#Movilidad #Noticias #Findeaño #actualidad #seguridadvial",49,12/18/2025 06:42,https://www.instagram.com/reel/DSaJTlqgtxD/,Reel de Instagram,,Total,1004,727,4,0,0,0,0
18083919557143638,17841401871496039,360radioco,360 Radio Colombia,"#Mundo | En discurso de cierre de año, el presidente de Estados Unidos, Donald Trump, aseguró fortaleció poder militar, resolvió ocho guerras, eliminó amenaza nuclear iraní y terminó la guerra Gaza mundial.

#Noticias #actualidad #internacional #Donaldtrump #Seguridad",53,12/18/2025 05:23,https://www.instagram.com/reel/DSaAXQcAjFg/,Reel de Instagram,,Total,4772,2723,77,0,0,4,5
18157471480411706,17841401871496039,360radioco,360 Radio Colombia,"#Colombia | La precandidata Vicky Dávila invitó a Paloma Valencia, Juan Carlos Pinzón y otros aspirantes a sumarse a una gran coalición durante el lanzamiento de la Gran Consulta por Colombia presidencial.

#Elecciones2026 #actualidad #Política #notícias #coalición",41,12/17/2025 12:16,https://www.instagram.com/reel/DSYK0Gsgn0D/,Reel de Instagram,,Total,1447,1051,15,0,0,0,0
18111152767615056,17841401871496039,360radioco,360 Radio Colombia,"#Política | El precandidato presidencial Mauricio Cárdenas anunció que no participará en encuestas e invitó a votar el 8 de marzo por la coalición conformada con otros aspirantes a la presidencia.

#elecciones2026 #actualidad #coalición #notícias #Colombia",67,12/17/2025 08:17,https://www.instagram.com/reel/DSXvVwdAjzQ/,Reel de Instagram,,Total,2906,1828,53,0,0,12,0
18063737663450533,17841401871496039,360radioco,360 Radio Colombia,"#Colombia | Ola de violencia armada por parte de disidencias de Iván Mordisco en Buenos Aires Cauca, dejó cinco policías heridos y causó destrucción en la Alcaldía, estación de Policía y sede del Banco Agrario local.

#ahora #seguridad #notícias #suarescauca #actualidad #ministeriodefensa",36,12/17/2025 06:41,https://www.instagram.com/reel/DSXkcN0Ao_N/,Reel de Instagram,,Total,2212,1556,19,3,0,1,1
18076513223218424,17841401871496039,360radioco,360 Radio Colombia,"#Empresas | La Junta Directiva de Grupo Argos informa que ha designado a Juan Esteban Calle como próximo Presidente de Grupo Argos, decisión que será efectiva a partir del 1 de abril de 2026. 

Calle sucederá a Jorge Mario Velásquez.",0,12/16/2025 15:59,https://www.instagram.com/p/DSV_miEjlAm/,Imagen de Instagram,,Total,7098,3081,129,8,1,1,2
18065319671428179,17841401871496039,360radioco,360 Radio Colombia,"#Colombia | Juan Daniel Oviedo confirmó la coalición con David Luna, Juan Manuel Galán, Aníbal Gaviria, Mauricio Cárdenas y Vicky Dávila para participar en la consulta interpartidista del 8 de marzo presidencial.

#política #actualidad #Elecciones2026 #notícias",61,12/16/2025 13:10,https://www.instagram.com/reel/DSVsHwbAkKg/,Reel de Instagram,,Total,4694,2917,116,2,1,17,1
18053582471354922,17841401871496039,360radioco,360 Radio Colombia,"#Bogotá | Momentos de tensión se viven en San Andresito San José debido a operativos que adelantan las autoridades en varios locales comerciales, donde realizan inspecciones y controles para verificar cumplimiento de normas y legalidad vigentes actuales.

#Seguridad #notícias #sanandresito #Comercio #actualidad #ahora",41,12/16/2025 12:50,https://www.instagram.com/reel/DSVp6fWgmmt/,Reel de Instagram,,Total,10418,7663,123,25,3,4,6
17869671579418198,17841401871496039,360radioco,360 Radio Colombia,"#Colombia | Efraín Cepeda, elegido presidente del Partido Conservador, anunció reuniones con otros partidos para evaluar una encuesta como mecanismo electoral, en lugar de participar en las consultas interpartidistas previstas para marzo próximo año.

#política #actualidad #partidoconservador #notícias #elecciones2026",60,12/16/2025 12:23,https://www.instagram.com/reel/DSVmvdEAmf6/,Reel de Instagram,,Total,1931,1301,30,0,0,3,1
18024148949785167,17841401871496039,360radioco,360 Radio Colombia,"#Colombia | El ministro del Interior, Armando Benedetti, arremetió contra la Comisión Séptima del Senado, calificando de “baja, cochina y rastrera” su actuación para garantizar el hundimiento de la reforma a la Salud en debate legislativo nacional.

#Comisiónseptima #notícias #política #Salud #actualidad #Benedetti",56,12/16/2025 10:12,https://www.instagram.com/reel/DSVX1FnAuJA/,Reel de Instagram,,Total,1942,1360,21,0,0,54,0
18441821398099996,17841401871496039,360radioco,360 Radio Colombia,"#Colombia | Ante el aumento del virus influenza AH3N2 en Europa y otros continentes, Salud del Valle activó vigilancia epidemiológica y llamó al autocuidado y vacunación, informó la secretaria María Cristina Lesmes.

#Salud #H1N3 #notícias #Actualidad #360radio",55,12/16/2025 08:32,https://www.instagram.com/reel/DSVMU7ggmxi/,Reel de Instagram,,Total,2019,1539,22,15,0,1,0
18137527672463631,17841401871496039,360radioco,360 Radio Colombia,"#Colombia | El ministro Guillermo Alfonso Jaramillo reiteró que el Gobierno ha aumentado los recursos asignados al sistema de salud, destacando mayores inversiones para fortalecer la atención y los servicios médicos nacionales.

#actualidad #Salud #notícias #presidencia #informacion",114,12/16/2025 08:13,https://www.instagram.com/reel/DSVKJFugo5_/,Reel de Instagram,,Total,1371,1046,8,0,0,7,0
18114541897603767,17841401871496039,360radioco,360 Radio Colombia,"#Colombia | Se registra fuerte hostigamiento contra la Fuerza Pública en Buenos Aires, norte del Cauca, donde un grupo armado atacó con explosivos y ráfagas de fusil la estación de Policía, sin heridos.

#Seguridad #hostigamiento #notícias #Cauca #fuerzapublica #actualidad #ahora",59,12/16/2025 06:39,https://www.instagram.com/reel/DSU_csjAv6T/,Reel de Instagram,,Total,1633,1086,21,6,0,2,0
18082575974150696,17841401871496039,360radioco,360 Radio Colombia,"#Medellín | ""Por temporada de Navidad y vacaciones, levantamos la medida de pico y placa desde el martes 23 de Diciembre de 2025 hasta el viernes 16 de Enero de 2026. Ambas fechas incluidas"", dijo Fico Gutiérrez. 

Se reinicia el pico y placa el lunes 19 de Enero de 2026 con los mismos números de placas que hoy aplica.",0,12/16/2025 06:28,https://www.instagram.com/p/DSU-OSNDJ0t/,Imagen de Instagram,,Total,5179,2815,67,50,0,0,2
17915521206098556,17841401871496039,360radioco,360 Radio Colombia,"#Colombia | Tras la elección de Paloma Valencia como candidata presidencial del Centro Democrático, el expresidente Álvaro Uribe destacó su liderazgo y aseguró públicamente: “Vamos a ganar con Paloma” en las elecciones.

#político #actualidad #centrodemocratico #elecciones2025 #notícias",111,12/16/2025 05:41,https://www.instagram.com/reel/DSU4u32AhZl/,Reel de Instagram,,Total,1849,1260,54,0,0,9,2
18081607451144614,17841401871496039,360radioco,360 Radio Colombia,"#AHORA | Luego de un proceso largo y complejo, el Centro Democrático resolvió su contienda interna y eligió a Paloma Valencia como su candidata para las elecciones 2026.",0,12/15/2025 14:28,https://www.instagram.com/p/DSTQZH1DvnO/,Imagen de Instagram,,Total,6275,2997,255,43,1,16,2
18073416911590483,17841401871496039,360radioco,360 Radio Colombia,"#Mundo | Chile enviará una nota de protesta al presidente Gustavo Petro por sus “dichos inaceptables” tras el triunfo de José Antonio Kast. Petro afirmó: “jamás le daré la mano a un nazi”

#Chile #Colombia #notícias #actualidad #internacional",118,12/15/2025 11:38,https://www.instagram.com/reel/DSS8tbTgnvn/,Reel de Instagram,,Total,6854,4848,283,12,2,36,6
18080982617330994,17841401871496039,360radioco,360 Radio Colombia,"#bogotá | El alcalde Carlos Fernando Galán criticó negociaciones del Gobierno con el ELN tras amenazas de ingresar a capitales del país.

#Colombia #Noticias #paroarmado #actualidad #Seguridad",76,12/15/2025 05:26,https://www.instagram.com/reel/DSSSOUXguwm/,Reel de Instagram,,Total,2015,1333,56,5,2,2,3
18065836856629321,17841401871496039,360radioco,360 Radio Colombia,"#Mundo | Gabriel Boric llamó a José Antonio Kast tras ganar la segunda vuelta, y ambos manifestaron disposición a trabajar conjuntamente para garantizar una transición ordenada y responsable del nuevo gobierno chileno.
Ambos gobiernos son de ultra derecha, representando a los chilenos.

#eleccioneschile #notícias #actualidad #Chile #internacional",112,12/14/2025 16:07,https://www.instagram.com/reel/DSQ2yNVAuCO/,Reel de Instagram,,Total,3841,2765,129,4,1,7,2
18109511314620417,17841401871496039,360radioco,360 Radio Colombia,"#Mundo | Atentado terrorista sacudió celebración de Janucá en Bondi Beach, Sídney: dos atacantes dispararon contra asistentes y fueron abatidos por la Policía; autoridades investigan y refuerzan seguridad tras el ataque reciente.

#Atentadosidney #atentadoterrorista #Australia #notícias #actualidad",99,12/14/2025 08:04,https://www.instagram.com/reel/DSP_bDbgmnR/,Reel de Instagram,,Total,7980,4913,117,100,3,7,12
18083119324884734,17841401871496039,360radioco,360 Radio Colombia,"#Colombia | La plataforma que revolucionó el turismo podría operar solo hasta el 18 de diciembre, según reveló el periodista José Carlos García.

Un borrador de decreto del MinComercio endurecería las reglas, exigiendo a Airbnb operar prácticamente como un hotel. 🏨📄

Aunque no hay confirmación oficial, el panorama genera incertidumbre para miles de anfitriones que dependen de esta plataforma.

¿Crees que Airbnb se quedará o se irá del país? 💬

#Airbnb #turismocolombia #EconomíaDigital #Regulación #noticiascolombia",84,12/13/2025 10:58,https://www.instagram.com/reel/DSNumaiAhxP/,Reel de Instagram,,Total,1053,829,15,5,0,1,0
18075666644259403,17841401871496039,360radioco,360 Radio Colombia,"#Mundo | Donald Trump advirtió que ataques por tierra comenzarán pronto y no se limitarán a Venezuela; mencionó a Colombia, expresó inconformidad por narcotráfico y afirmó existencia de tres fábricas de cocaína.

#internacional #actualidad #notícias #EE.UU #maduro #Venezuela",71,12/13/2025 06:07,https://www.instagram.com/reel/DSNNXgWgqpY/,Reel de Instagram,,Total,3713,2118,85,5,0,1,3
18084405515510397,17841401871496039,360radioco,360 Radio Colombia,"#Ahora | ✈️ Caos aéreo en Barranquilla: 

Tras más de seis horas de suspensión en el Ernesto Cortissoz por un avión de Aerosucre varado, Aerolíneas activan transporte especial para movilizar a pasajeros de vuelos cancelados. Ahora podrán salir desde Santa Marta y Cartagena.

#Cartagena #aeropuertoernestocortissoz #notícias #actualidad #atencion",56,12/12/2025 06:40,https://www.instagram.com/reel/DSKsYMjgpJC/,Reel de Instagram,,Total,2752,1648,23,3,0,2,1
18159667465404524,17841401871496039,360radioco,360 Radio Colombia,"#Mundo | Maduro denunció que EE. UU. actuó como “piratas del Caribe” al incautar un buque petrolero y afirmó que su tripulación está “desaparecida”, mientras Washington confirmó interrogatorios.

#Venezuela #EE.UU #actualidad #notícias #internacional",101,12/12/2025 05:53,https://www.instagram.com/reel/DSKm8dDAj_j/,Reel de Instagram,,Total,2361,1402,16,1,0,6,0
18131944222441592,17841401871496039,360radioco,360 Radio Colombia,"#Mundo | Karoline Levitt, portavoz de la Casa Blanca, aseguró que esperarán que el presidente Trump responda personalmente a la invitación a Cartagena realizada por el mandatario colombiano Gustavo Petro.

#notícias #internacional #EE.UU #Petro #Donaldtrump #actualidad",27,12/11/2025 11:56,https://www.instagram.com/reel/DSIrvIpghhl/,Reel de Instagram,,Total,4881,2670,47,0,0,7,5
18097735720859657,17841401871496039,360radioco,360 Radio Colombia,"#Mundo | Tropas militares de Estados Unidos incautaron un gran barco petrolero frente a la costa de Venezuela, en un operativo que refleja la tensión regional y la presión de EE.UU en su lucha contra el tráfico ilegal. 

#venezuela #notícias #EE.UU #actualidad #seguridad",49,12/11/2025 10:06,https://www.instagram.com/reel/DSIfDugggcc/,Reel de Instagram,,Total,4760,2741,91,5,0,6,2
17898117318205188,17841401871496039,360radioco,360 Radio Colombia,"#Política | El expresidente @alvarouribevelez  alertó sobre la critica situación que vive el país a raíz de las decisiones que se han tomado en los últimos años, fue enfático en comparar el actual gobierno con ideales 'castristas' que gobernaron a Cuba.",0,12/11/2025 08:35,https://www.instagram.com/p/DSIU08ujmtX/,Imagen de Instagram,,Total,5730,3050,178,0,0,97,3
17891217189253817,17841401871496039,360radioco,360 Radio Colombia,"#Colombia | Fabio Arias, presidente de la CUT, reiteró que mantienen la exigencia de un incremento salarial de dos dígitos en las negociaciones actuales.

#Empresas #economía #notícias #salariominimo #actualidad",43,12/11/2025 08:28,https://www.instagram.com/reel/DSIT7r4AiJI/,Reel de Instagram,,Total,3029,2170,28,2,0,16,1
18166742278376903,17841401871496039,360radioco,360 Radio Colombia,"#Mundo | La nobel de paz aseguró que su tarea ahora es fortalecer la voluntad de los venezolanos, destacando que han logrado “lo imposible” en medio de la crisis política. Aunque no descartó aspirar a la presidencia de Venezuela en el futuro.

#Noticias #maduro #corina #actualidad",54,12/11/2025 06:30,https://www.instagram.com/reel/DSIGavbAplS/,Reel de Instagram,,Total,1046,693,26,0,0,2,1
18049840307416766,17841401871496039,360radioco,360 Radio Colombia,"#Empresas | El Consejo Gremial eligió a Natalia Gutiérrez como su nueva presidenta para 2026. Su principal desafío será liderar el diálogo entre la transición del gobierno Petro y la nueva administración, con el propósito de impulsar el desarrollo y la estabilidad de las empresas del país.

@natalia_gutierrezj",0,12/10/2025 15:40,https://www.instagram.com/p/DSGgrMak4UU/,Imagen de Instagram,,Total,4148,2216,38,1,0,0,0
17926892964035776,17841401871496039,360radioco,360 Radio Colombia,"#Colombia | Trump lanzó una nueva advertencia a Petro, afirmando que Colombia “produce mucha droga” y podría ser el “siguiente objetivo” tras el despliegue militar estadounidense en el Caribe.

#Mundo #EE.UU #Caribe #Donaltrump #Noticias #actualidad",67,12/10/2025 13:39,https://www.instagram.com/reel/DSGSluXgmB8/,Reel de Instagram,,Total,2004,1236,67,1,1,8,2
17931674961114321,17841401871496039,360radioco,360 Radio Colombia,"#Economía | 📌El órgano encabezado por Jerome Powell redujo nuevamente el costo del dinero en 25 puntos base, ubicándolo ahora en un rango de entre 3.50 % y 3.75 %, el nivel más bajo del año.

⛓️‍💥 La decisión contó con tres votos disconformes: el vicepresidente Stephen Miran, el caballo de Troya de Trump en la Fed, apostó por rebajar los tipos en 0,5 puntos. Por el contrario, el presidente de la Reserva Federal de Chicago, Austan Goolsbee; y el gobernador de la Fed regional de Kansas, Jeffrey Schmid, votaron por detener la reducción del precio del dinero.

👉🏼Lea la nota completa en 360radio.com.co",0,12/10/2025 11:17,https://www.instagram.com/p/DSGCiFFkyHD/,Imagen de Instagram,,Total,1731,849,15,3,0,0,1
17862413442469170,17841401871496039,360radioco,360 Radio Colombia,"#Colombia | Sergio Fajardo confirmó que no irá a las consultas de marzo y llamó a construir una nueva mayoría mediante encuestas calificadas que reúnan a quienes deseen unirse.

#Politíca #notícias #elecciones2025 #actualidad #fajardo",117,12/10/2025 10:04,https://www.instagram.com/reel/DSF56eBghC8/,Reel de Instagram,,Total,2517,1675,42,0,0,55,2
17886794502404394,17841401871496039,360radioco,360 Radio Colombia,"#Bogotá | Indígenas identificados como Emberá ingresaron al Portal 80 de TransMilenio sin pagar. Las comunidades permanecen desde la madrugada cerca del puente de Guadua, generando preocupación.

#transporte #transmilenio #Calle80 #Noticias #bloqueos",46,12/10/2025 07:52,https://www.instagram.com/reel/DSFq7R4gjtY/,Reel de Instagram,,Total,4514,3284,48,17,0,11,1
18116373178583861,17841401871496039,360radioco,360 Radio Colombia,"Bavaria anunció que Michelob Ultra será patrocinador oficial de la FIFA World Cup 2026™️, un movimiento que refuerza la presencia de la marca en los grandes escenarios del fútbol mundial. El anuncio se realizó durante el sorteo del torneo y estuvo acompañado de una apuesta clave: el lanzamiento de una nueva plataforma pensada para invitar a los hinchas a ser parte activa de la conversación global alrededor del Mundial.

📍Se trata de Grupo M, el espacio simbólico desde el cual los fans vivirán el torneo desde una perspectiva superior gracias a Superior Access. Esta propuesta brindará a los consumidores beneficios exclusivos, activaciones especiales y experiencias únicas diseñadas para acercarlos como nunca antes a la emoción del campeonato, incluyendo invitaciones a partidos, hospitalidad especial y espacios privilegiados para vivir el Mundial.",0,12/10/2025 06:55,https://www.instagram.com/p/DSFkl1yjpJW/,Imagen de Instagram,,Total,111096,16465,198,6,4,4,4
18080072557909620,17841401871496039,360radioco,360 Radio Colombia,"#Mundo | María Corina Machado cerró su discurso, en voz de su hija Ana Corina Sosa, agradeciendo a los venezolanos anónimos que arriesgan sus vidas para defender la democracia.

#Paz #Nobel #Noticias #actualidad",59,12/10/2025 06:38,https://www.instagram.com/reel/DSFigIwgusm/,Reel de Instagram,,Total,3622,2172,152,4,0,2,0
17903238108325437,17841401871496039,360radioco,360 Radio Colombia,"#Mundo | Nicolás Maduro, anunció una decisión que podría marcar un nuevo capítulo en la relación energética entre su país y Colombia: el inicio de exportaciones de gas hacia territorio colombiano. Durante su declaración, Maduro afirmó que el primer envío no será una transacción comercial, sino una donación destinada a beneficiar directamente a las comunidades que habitan en la zona fronteriza

#notícias #Energía #Actualidad #Colombia",128,12/10/2025 05:43,https://www.instagram.com/reel/DSFcGVGAgoN/,Reel de Instagram,,Total,5415,3054,48,2,0,21,5
18114377884584486,17841401871496039,360radioco,360 Radio Colombia,"#Colombia | El ministro de Trabajo, Antonio Sanguino, reveló las propuestas para el aumento del salario mínimo en 2026: las centrales obreras piden un 16% y los empresarios un 7.21%. Ahora el Gobierno, junto al presidente Gustavo Petro, evaluará ambas cifras para avanzar hacia un acuerdo equilibrado para el país.

#Trabajo #Salariominimo #notícias #actualidad",99,12/09/2025 12:58,https://www.instagram.com/reel/DSDpI_Igp97/,Reel de Instagram,,Total,2823,1749,22,2,1,2,0
18543370306061113,17841401871496039,360radioco,360 Radio Colombia,"#Colombia | El senador Efraín Cepeda celebró el hundimiento de la Reforma Tributaria y afirmó que el país necesita una propuesta fiscal seria, consensuada y enfocada en reactivar la economía.

#política #notícias #Reformatributaria #actualidad",113,12/09/2025 12:30,https://www.instagram.com/reel/DSDlyx2gjQD/,Reel de Instagram,,Total,2276,1867,183,1,1,6,2
18329813707214294,17841401871496039,360radioco,360 Radio Colombia,"#AHORA 

El proyecto de Ley de Financiamiento o Reforma Tributaria presentado por el Gobierno nacional al Congreso, con el objetivo de recaudar $16.3 billones, fue rechazado en las Comisiones económicas.",0,12/09/2025 10:16,https://www.instagram.com/p/DSDW0mTEQWq/,Imagen de Instagram,,Total,5207,2993,203,6,0,28,1
18087232373079554,17841401871496039,360radioco,360 Radio Colombia,"#Antioquia | Un atentado terrorista se registró en el peaje Palocabildo, en la vía vieja entre Copacabana y Barbosa, Antioquia. Testigos afirmaron que varios hombres, identificándose como miembros del ELN, evacuaron a los trabajadores y luego detonaron un artefacto explosivo. 

Las autoridades investigan el hecho y refuerzan la seguridad en la zona.

#Colombia #notícias #ELN #actualidad #pejaes",19,12/09/2025 09:30,https://www.instagram.com/reel/DSDRerRAqnL/,Reel de Instagram,,Total,5114,3355,33,10,0,0,1
17895325902221015,17841401871496039,360radioco,360 Radio Colombia,"#Mundo | Diosdado Cabello cuestionó la propuesta de Panamá para mediar entre Venezuela y EE. UU., asegurando que es un asunto que debe resolverse sin intervenciones externas ni presiones.

#Venezuela #Noticias #Panama #actualidad #EE.UU",98,12/09/2025 07:13,https://www.instagram.com/reel/DSDBh4DgnfB/,Reel de Instagram,,Total,3277,2003,19,0,0,0,0
18087583702957396,17841401871496039,360radioco,360 Radio Colombia,"#Colombia | Sergio Fajardo confirmó en las últimas horas que no irá a consultas de marzo. 

¿Está de acuerdo con esta decisión?",0,12/09/2025 06:36,https://www.instagram.com/p/DSC9mwojOJg/,Imagen de Instagram,,Total,2900,1428,35,0,0,19,1
18324826111301323,17841401871496039,360radioco,360 Radio Colombia,"#Ahora | Un tractocamión chocó contra un poste y su carga cayó sobre la Av. Centenario con Av. Boyacá, sentido oriente-occidente. El incidente genera fuerte afectación vial en la zona. Las autoridades recomiendan tomar rutas alternas como la Av. Guayacanes y la Av. Esperanza mientras avanzan las labores de atención.

#Bogota #transito #movilidad #notícias #actualidad",26,12/09/2025 06:29,https://www.instagram.com/reel/DSC8sDRgkLQ/,Reel de Instagram,,Total,4898,3058,27,3,0,0,1
18079787680897882,17841401871496039,360radioco,360 Radio Colombia,"#Antioquia | El departamento apuesta en grande.
El gobernador Andrés Julián Rendón busca asegurar $2,6 billones en vigencias futuras por 30 años para reactivar el Ferrocarril de Antioquia, con dos posibles rutas entre Bello–Barbosa o Puerto Berrío–Caldas.
La meta: garantizar un proyecto férreo que trascienda gobiernos y conecte al departamento.

Más en www.360Radio.com.co

#Medellin #movilidad #Infraestructura #notícias #actualidad #gobernaciónantioquia",92,12/08/2025 16:38,https://www.instagram.com/reel/DSBddy1AgVP/,Reel de Instagram,,Total,1002,762,17,3,0,0,1
18102890290672677,17841401871496039,360radioco,360 Radio Colombia,"#Empresa | 🌎💼 La competencia por atraer inversión y talento en Latinoamérica no solo se juega en la innovación: también en el precio del metro cuadrado. Las oficinas premium se han convertido en un termómetro del dinamismo económico, la demanda corporativa y la capacidad de cada ciudad para posicionarse como centro de negocios.

📈✨ Este ranking revela cuáles urbes están liderando la región con los espacios corporativos más costosos, reflejando su consolidación como polos de crecimiento, modernización y proyección internacional. En este listado conviven ciudades que llevan años como referentes financieros con otras que sorprenden por su rápido ascenso.

🏙️🚀 Para empresas, inversionistas y profesionales, entender estas tendencias es clave: no solo muestran dónde se está moviendo el mercado, sino también hacia dónde se dirige el futuro laboral y corporativo en América Latina. La región sigue transformándose… y sus ciudades también.",0,12/08/2025 10:30,https://www.instagram.com/p/DSAzicKgP_x/,Imagen de Instagram,,Total,5016,2147,40,1,0,0,4
17869127871490718,17841401871496039,360radioco,360 Radio Colombia,"#colombia | Jeffrey Fajardo, líder ejecutivo de Porkcolombia, contó en 360 Radio cómo la porcicultura impulsa el desarrollo económico del país, resaltó las regiones que marcan la diferencia; además, indicó que, de seguir así el sector porcicultor, será el más importante del agro en la próxima década.

#Agro #economía #notícias #360Radio #Pocicultura #porkcolombia #atualidad",82,12/07/2025 09:14,https://www.instagram.com/reel/DR-F3sBAu8g/,Reel de Instagram,,Total,4126,2954,51,3,2,0,3
18303399319283498,17841401871496039,360radioco,360 Radio Colombia,"#Economía l 🌍 En un mundo que avanza hacia pagos digitales, aún hay territorios donde el efectivo sigue marcando el ritmo diario. Desde mercados tradicionales hasta zonas con baja penetración tecnológica, el billete físico continúa siendo el puente principal para realizar compras y transacciones cotidianas.

📊 Nuevas cifras muestran que en varios países el uso del efectivo supera el 90% de la población, ya sea por falta de acceso a servicios financieros, desconfianza en los sistemas electrónicos o simplemente por costumbre cultural. Mientras tanto, otros territorios avanzan más rápido hacia modelos digitales, creando un contraste evidente en la región.

🇨🇴 Colombia aparece en la posición 25, con un 70% de uso de dinero físico, una cifra que refleja la transición gradual hacia la digitalización, pero también la necesidad de fortalecer infraestructura y confianza en los medios virtuales.",0,12/07/2025 08:30,https://www.instagram.com/p/DR-BAG7jWPa/,Imagen de Instagram,,Total,9335,2950,91,4,1,0,12
18086066489087232,17841401871496039,360radioco,360 Radio Colombia,"#medellín | ✨ ¿Planeando tu ruta de alumbrados en Medellín? ✨
Parques del Río, el paseo por el río Medellín, Parque Norte, El Poblado, Envigado y los bulevares de Laureles te esperan con miles de figuras y millones de luces. Todo creado por más de 440 artesanos, incluidos 150 madres cabeza de familia.

#navidad#alumbradosmedellin #findeaño #EPM#notícias",89,12/06/2025 10:02,https://www.instagram.com/reel/DR7mYZygp_H/,Reel de Instagram,,Total,1142,753,29,7,6,0,1
18088071542292813,17841401871496039,360radioco,360 Radio Colombia,"#ATENCIÓN 

Inflación de Colombia se ubicó en 5,30% durante noviembre. 

Cifra que será clave para la discusión del salario mínimo de 2026. 

360radio.com.co",0,12/05/2025 15:03,https://www.instagram.com/p/DR5kd9JGNf3/,Imagen de Instagram,,Total,2764,1229,24,0,0,2,0
18070361027602978,17841401871496039,360radioco,360 Radio Colombia,"#Colombia | Luego de conocerse los rivales de @fcfseleccioncol ¿cómo cree que le irá al combinado colombiano en el Mundial 2026? 

La selección enfrentará a la Portugal de Cristiano Ronaldo y se medirá también a Uzbekistán y el ganador del repechaje de la CONCACAF. Déjanos tu comentario acerca de cómo crees que le irá a Colombia en el Mundial.",0,12/05/2025 14:29,https://www.instagram.com/p/DR5gkAPloyj/,Imagen de Instagram,,Total,7177,2437,60,1,0,6,1
18095371849854119,17841401871496039,360radioco,360 Radio Colombia,"#Colombia | Jeffrey Fajardo, presidente de Porkcolombia, habló con 360 Radio sobre el papel clave de la porcicultura en la economía nacional, el liderazgo regional y las expectativas del gremio frente al próximo presidente en 2026. Un análisis imprescindible para entender el futuro del sector porcicultor en Colombia.

#Agro #porcicultura #actualidad #economía #desarrolloregional",145,12/05/2025 12:35,https://www.instagram.com/reel/DR5TMpvAizF/,Reel de Instagram,,Total,3386,2598,109,10,6,3,2
18071508431068719,17841401871496039,360radioco,360 Radio Colombia,"#Colombia | El Partido Conservador sí estará en la consulta interpartidista. Así lo confirmó la senadora Nadia Blel, destacando el compromiso con el proceso electoral. 🗳️

#Elecciones2026 #política #notícias #actualidad #partidocoservador",97,12/05/2025 12:22,https://www.instagram.com/reel/DR5RtQEglKC/,Reel de Instagram,,Total,2379,1470,30,2,1,4,0
18021815996789368,17841401871496039,360radioco,360 Radio Colombia,"#Colombia Juan Carlos Pinzón oficializó su intención de participar en la consulta interpartidista del 8 de marzo de 2026, en busca de liderar una coalición amplia con respaldo ciudadano.",0,12/05/2025 07:23,https://www.instagram.com/p/DR4v2LPgc8T/,Imagen de Instagram,,Total,4394,2267,94,43,0,32,1
18097240987834050,17841401871496039,360radioco,360 Radio Colombia,"#Bogotá | El alcalde Galán anunció que Pico y Placa NO aplicará el 26 de diciembre ni el 2 de enero en Bogotá. El resto del mes sigue vigente; además, añadió que habrá pico y placa regional los puentes festivos del 8 de diciembre y el 12 de enero. 🚗

#trafico #Actualidad #noticiasdemovildiad #bogotamovilidad #Noticias #picoyplacabogotá",50,12/05/2025 07:05,https://www.instagram.com/reel/DR4thsMgrTq/,Reel de Instagram,,Total,1156,723,15,5,0,0,3
18081676466129151,17841401871496039,360radioco,360 Radio Colombia,"#Mundo | El Comando Sur de EE. UU. confirmó que una narcolancha fue atacada en el Pacífico, dejando un cargamento de droga incautado en ruta del narcotráfico. 

#luchacontraelnarcotráfico #notícias #actualidad #donaldtrump #Colombia",28,12/05/2025 05:29,https://www.instagram.com/reel/DR4ilK-gpJT/,Reel de Instagram,,Total,2862,1593,59,0,0,10,0
18110475064545564,17841401871496039,360radioco,360 Radio Colombia,"#Política | 📌El precandidato presidencial aseguró que su decisión responde a un compromiso adquirido con los ciudadanos que respaldaron su aspiración con casi cinco millones de firmas, un capital político que, según dijo, debe honrar sin someterlo a negociaciones internas.

🔗De la Espriella insistió en que su aspiración apunta a la primera vuelta presidencial, prevista para mayo de 2026, y que su campaña continuará bajo esa premisa. 

👉Lea la nota completa en 360Radio.com.co",0,12/04/2025 13:33,https://www.instagram.com/p/DR21V6ND8e4/,Imagen de Instagram,,Total,4222,2115,159,0,0,46,3
18215073055309307,17841401871496039,360radioco,360 Radio Colombia,"#Colombia | En la tarde de este jueves 4 de diciembre, el presidente Gustavo Petro respondió a las advertencias de Trump y pidió a las Fuerzas Militares estar listas para proteger a Colombia. El diálogo, dijo, nunca será bajo amenazas.

#política #actualidad #notícias #donaldtrump #gustavopetro #Información",85,12/04/2025 12:30,https://www.instagram.com/reel/DR2t5YNAikA/,Reel de Instagram,,Total,7433,4307,58,4,0,121,6
17888166777401162,17841401871496039,360radioco,360 Radio Colombia,"#Colombia | El precandidato presidencial afirmó que su decisión obedece al compromiso asumido con los ciudadanos que respaldaron su aspiración con casi cinco millones de firmas.

#Elecciones2026 #Centrodemocratico #Noticias #actualidad",41,12/04/2025 11:34,https://www.instagram.com/reel/DR2nlZdAuQJ/,Reel de Instagram,,Total,8834,5319,373,14,2,64,9
17870907885396256,17841401871496039,360radioco,360 Radio Colombia,"#Empresas l La Cámara Colombiana de la Infraestructura (CCI) anunció que su Junta Directiva Nacional eligió por unanimidad a María Consuelo Araújo Castro como nueva presidenta ejecutiva del gremio. El relevo se hará efectivo el 25 de febrero de 2026, durante la Asamblea Estatutaria, y marcará el cierre del ciclo de más de dos décadas de Juan Martín Caicedo Ferrer al frente de la entidad. @camaradelainfra",0,12/04/2025 08:36,https://www.instagram.com/p/DR2TWsPk6nF/,Imagen de Instagram,,Total,2955,1442,51,0,0,1,1
18086740552989270,17841401871496039,360radioco,360 Radio Colombia,"#Colombia | Continúa la actividad sísmica en el volcán Puracé: dos emisiones de ceniza alcanzaron 700 metros. Organismos de emergencia mantienen el monitoreo y avanza la evacuación preventiva en la zona.

#Volcánpuracaé #notícias #sismo #actualidad #volcan",89,12/04/2025 06:59,https://www.instagram.com/reel/DR2H-jmAu2f/,Reel de Instagram,,Total,1463,1164,21,0,1,0,0
18101230003776126,17841401871496039,360radioco,360 Radio Colombia,"#Mundo | Nicolas Maduro confirmó que habló por teléfono con Donald Trump y calificó la conversación como “cordial” y “respetuosa”, incluso en medio de las tensiones por el despliegue militar de EE. UU. en el Caribe.

El mandatario venezolano aseguró que la llamada llegó desde la Casa Blanca y expresó que podría ser un primer paso hacia un diálogo entre ambos países, sin relaciones diplomáticas desde 2019

#Venezuela #Mundo #Donaldtrump ##Caribe #Noticias #actualidad",70,12/04/2025 06:35,https://www.instagram.com/reel/DR2FVH0Apv1/,Reel de Instagram,,Total,2643,1704,24,3,0,8,0
18011770604807624,17841401871496039,360radioco,360 Radio Colombia,"#Colombia | Senadores Iván Cepeda y Paloma Valencia protagonizaron un tenso cruce en debate. Cepeda pidió calma y Valencia respondió: “Iván Cepeda, no me vaya a mandar a matar”, generando polémica.

#política #noticas #actualidad #centrodemocrático #ivancepeda",59,12/03/2025 12:09,https://www.instagram.com/reel/DR0G0YGgs_6/,Reel de Instagram,,Total,12807,8523,378,28,4,102,25
18194180080332502,17841401871496039,360radioco,360 Radio Colombia,"#Empresas | La compañía de telecomunicaciones WOM Colombia ha anunciado a  Gyorgy Zsembery como su nuevo CEO, uno de los retos que tendrá será la consolidación de la compañía en el país, luego del proceso de reorganización y retornar a la empresa a la competitividad en el sector. @womcolombia",0,12/03/2025 09:10,https://www.instagram.com/p/DRzyeFFk6Ai/,Imagen de Instagram,,Total,2552,1227,14,1,0,0,0
18186375928343545,17841401871496039,360radioco,360 Radio Colombia,"#Bogotá | Inició el trasbordo de carga del tractocamión con material de INDUMIL, varado en la Autopista Norte con calle 233, sentido norte-sur. Autoridades acompañan la operación.

#trafico #notícias #actualidad #autopistanorte #viralvídeos",13,12/03/2025 08:19,https://www.instagram.com/reel/DRzskUdAiSl/,Reel de Instagram,,Total,1496,979,13,0,0,0,0
17868344544496977,17841401871496039,360radioco,360 Radio Colombia,"#Mundo | El papa León XIV indicó que la tensión que se vive en el Caribe, muy cerca de territorio venezolano, no debe pasar al campo de la batalla, debido a que los que resultarían afectados serían los pueblos. También añadió que desde la Iglesia católica se buscan opciones para evitar una escalada.  

#Venezuela #Caribe #luchanarcotráfico #notícias #actualidad",75,12/03/2025 06:31,https://www.instagram.com/reel/DRzgJf5gglM/,Reel de Instagram,,Total,1062,753,10,1,0,0,0
18004792727674321,17841401871496039,360radioco,360 Radio Colombia,"#Colombia | Bavaria anunció la llegada de James Rodríguez como nuevo embajador de Cerveza Aguila en un momento clave para el fútbol colombiano. La Selección Colombia regresa al Mundial de Fútbol 2026 tras un recorrido en el que el liderazgo de James ha sido decisivo para cohesionar, inspirar y guiar al equipo hacia el torneo deportivo más importante del mundo.",0,12/02/2025 18:53,https://www.instagram.com/p/DRyQaM1DOQy/,Imagen de Instagram,,Total,12130,6281,95,16,1,1,4
18356035456167390,17841401871496039,360radioco,360 Radio Colombia,"#Colombia | Miguel Uribe Londoño afirma que tanto Abelardo de la Espriella como él desconocen las fuentes del desentendido que provocó su salida del partido. Así mismo Miguel indicó que había integrantes del partido que se sentían incómodos con su presencia en el Centro Democrático. 

#política #actualidad #migueluribelondoño #elecciones2026 #centrodemocratico",97,12/02/2025 13:59,https://www.instagram.com/reel/DRxuhUcAgat/,Reel de Instagram,,Total,1267,878,17,3,0,1,0
18542864419001680,17841401871496039,360radioco,360 Radio Colombia,"#Colombia | Miguel Uribe Londoño indicó que hay precandidatos que llevan 12 años en el congreso y que hoy no llegan ni al 1% en las encuestas, haciendo alusión a su alto porcentaje e intención de voto frente a sus ex compañeros del Centro Democrático. 

#política #actualidad #Elecciones20026 #migueluribelondoño",76,12/02/2025 13:33,https://www.instagram.com/reel/DRxrjAQAjky/,Reel de Instagram,,Total,3015,1857,62,5,2,2,1
18129273619494382,17841401871496039,360radioco,360 Radio Colombia,"#Colombia | Miguel Uribe Londoño se refirió a la decisión del partido Centro Democrático que da por terminado su apoyo como precandidato, indicó que cometieron un error, agradeció al expresidente Álvaro Uribe. 

#política #elecciones2026 #notícias #actualidad #migueluribelondoño",0,12/02/2025 12:52,https://www.instagram.com/reel/DRxm2LDgmWC/,Reel de Instagram,,Total,3759,2167,47,5,0,4,1
18067934303121754,17841401871496039,360radioco,360 Radio Colombia,"""El presidente Petro es el responsable político de la muerte de Miguel Uribe""

Miguel Uribe Londoño lanzó una fuerte acusación en medio de una rueda de prensa en la que se prounciaba sobre su futuro político y su relación con el Centro Democrático. 

@petrogustavo",0,12/02/2025 12:44,https://www.instagram.com/p/DRxmJjzlZrG/,Imagen de Instagram,,Total,30923,21463,673,6,1,445,12
18074586536210685,17841401871496039,360radioco,360 Radio Colombia,"#Empresas | 📌La Fábrica de Licores de Antioquia (FLA) ha marcado un precedente histórico para la industria de bebidas alcohólicas al convertirse en la primera licorera de Colombia en certificar sus aguardientes insignia como carbono neutro.

🔗El gerente de la FLA, Esteban Ramos, destacó que este logro es fruto del trabajo conjunto entre el talento humano y la cadena de proveedores. “Es un gran hito y, por supuesto, el reconocimiento a todos los empleados de la fábrica que hacen esto realidad y también a los proveedores que han surtido un gran trabajo para poder aportar que esta huella de carbono sea cero para la fábrica de licores”, afirmó.

👉Lea la nota completa en 360radio.com.co",0,12/02/2025 12:00,https://www.instagram.com/p/DRxhD52jxQ3/,Imagen de Instagram,,Total,10741,6369,261,8,4,2,4
18143492851402450,17841401871496039,360radioco,360 Radio Colombia,"#Mundo | En medio de la tensión por un posible ataque terrestre a carteles de droga en Venezuela, el presidente de los Estados Unidos, Donald Trump, indicó que Colombia puede ser sujeto de ataques debido a su alta producción de cocaína; las afirmaciones han elevado las alarmas en la región. 

#caribe #notícias #actualidad #Donaldtrump #luchaantidrogas",60,12/02/2025 11:45,https://www.instagram.com/reel/DRxfMmwgoZC/,Reel de Instagram,,Total,4116,2484,110,37,1,16,4
17885519856287539,17841401871496039,360radioco,360 Radio Colombia,"#Bogotá | Habitantes del Chocó bloquean la Av. El Dorado con carrera 94, sentido oriente-occidente, para exigir atención del Ministerio del Interior.
La Policía ya hace presencia en el lugar.

⚠️ Evita la zona y toma rutas alternas.
#noticiasbogota #actualidad #Bloqueosavdorado #trafico #notícias",23,12/02/2025 07:10,https://www.instagram.com/reel/DRw_5a4Ak-5/,Reel de Instagram,,Total,6101,4324,60,26,0,6,4
18095978464894898,17841401871496039,360radioco,360 Radio Colombia,"#Colombia | El expresidente Álvaro Uribe confirmó que avanza la elección del candidato presidencial del Centro Democrático.
“Reiteramos la voluntad de aportar a un gran acuerdo por la democracia, desde el Dr. Abelardo hasta el Dr. Fajardo”, señaló.

#ultimominuto🚨 #elecciones2026 #política #notícias #centrodemocrático",103,12/02/2025 06:50,https://www.instagram.com/reel/DRw9Qb8giuX/,Reel de Instagram,,Total,2485,1591,64,6,0,11,2
17862188391541559,17841401871496039,360radioco,360 Radio Colombia,"#Colombia | El presidente de Fenalco, Jaime Alberto Cabal, explicó por qué el gremio no participó en la mesa de concertación.
En respuesta, Fabio Arias, presidente de la CUT, cuestionó duramente la ausencia y calificó de “irracionales” a los empresarios.

📌 El debate por el aumento del salario mínimo sigue encendido en el país.

#saláriomínimo #Elecciones2026 #fenalco #Cut #notícias #actualidad",142,12/02/2025 05:54,https://www.instagram.com/reel/DRw26vFgoo7/,Reel de Instagram,,Total,1092,795,19,0,0,3,0
17882760927306572,17841401871496039,360radioco,360 Radio Colombia,"#Minería | ¡Tras tres décadas de historia@drummondltdco sigue trabajando comprometida con el país! Desde su llegada a Colombia y tras su primera exportación de carbón en 1995 en #PuertoDrummond, la compañía aporta constantemente a las comunidades y construye un futuro sostenible, apuntándole al desarrollo de una minería económicamente viable, ambientalmente responsable y socialmente sostenible.",91,12/01/2025 14:08,https://www.instagram.com/reel/DRvK3OMEehN/,Reel de Instagram,,Total,1122,828,11,1,0,0,0
18087920008792266,17841401871496039,360radioco,360 Radio Colombia,"#Economía | 📌El precio de la camiseta oficial de la Selección Colombia vuelve a poner sobre la mesa la discusión sobre el poder adquisitivo del salario mínimo en el país. 

🔗En un contexto de inflación persistente y aumento del costo de vida, analizar cuántos días de trabajo requiere la compra de artículos populares ofrece una mirada concreta a la realidad económica de millones de trabajadores. 📊🔍 Estas mediciones funcionan como termómetro para entender el alcance real del salario mínimo.

👉Más allá del fútbol, este dato ilustra la relación entre ingresos, precios y capacidad de compra. ⚙️📈",0,12/01/2025 13:11,https://www.instagram.com/p/DRvEfPWD2D0/,Imagen de Instagram,,Total,17329,4180,99,34,0,1,6
18083611397020328,17841401871496039,360radioco,360 Radio Colombia,"#Colombia | María Fernanda Cabal celebró la decisión del Centro Democrático de mantener en firme el proceso para elegir su candidatura presidencial, en el que también participan Paloma Valencia y Paola Holguín. Un pulso clave para definir el rumbo del partido de cara a 2026.

#Elecciones2026 #Noticias #política #actualidad #centrodemocrático",36,12/01/2025 12:34,https://www.instagram.com/reel/DRvABqWguVG/,Reel de Instagram,,Total,2988,1837,52,2,1,6,3
17917934013213384,17841401871496039,360radioco,360 Radio Colombia,"#Colombia | Tensión en el Centro Democrático: el partido expulsó a Miguel Uribe de la contienda electoral, pero el candidato confirmó a 360 Radio que no renunció a su candidatura y pide al partido rectificar.",0,12/01/2025 11:35,https://www.instagram.com/p/DRu5aZjjpQ9/,Imagen de Instagram,,Total,3530,1784,35,2,0,2,0
18025417520786256,17841401871496039,360radioco,360 Radio Colombia,"#Atención | El precandidato del Centro Democrático Miguel Uribe Londoño, desmintió la información sobre una supuesta renuncia de su parte a la contienda electoral de 2026, pidió al partido aclarar la situación. 

#Noticias #actualidad #política #notícias",48,12/01/2025 10:12,https://www.instagram.com/reel/DRuvt9GAqYG/,Reel de Instagram,,Total,3444,2240,68,6,2,11,2
18493951498073842,17841401871496039,360radioco,360 Radio Colombia,"#Colombia | El Centro Democrático definió el mecanismo con el que escogerá a quienes buscarán la candidatura presidencial de la colectividad para 2026. 

La decisión marca un giro dentro del partido orientado por el expresidente Álvaro Uribe Vélez, pues ya no se seleccionará un único aspirante para competir en las elecciones internas, sino que serán dos los nombres que pasarán a la consulta interpartidista programada para el 8 de marzo del próximo año, junto con sectores de derecha y centroderecha.",0,12/01/2025 06:53,https://www.instagram.com/p/DRuZMMkDx34/,Imagen de Instagram,,Total,8185,3493,81,9,0,2,3
18089664769755531,17841401871496039,360radioco,360 Radio Colombia,"#Colombia | La ministra de Transporte, María Fernanda Rojas, confirmó que ya vienen desde Europa las cajas con el software que permitirá actualizar cinco de los 19 aviones que faltan. La instalación se realizará en Medellín, fortaleciendo la operación aérea del país.

#transporte #avianca #actualidad #Colombia #notícias",99,12/01/2025 05:48,https://www.instagram.com/reel/DRuRf1rAlp_/,Reel de Instagram,,Total,4000,2531,38,0,0,1,2
17868959466412485,17841401871496039,360radioco,360 Radio Colombia,"#Mundo| Este sábado el presidente Donald Trump anunció que el espacio aéreo ""sobre"" y ""alrededor"" de Venezuela será cerrado ""por completo""
El mandatario indicó que es una maniobra más en la lucha contra el narcotráfico en el Caribe. 

#Venezuela #Donaldtrump #Noticias #Actualidad",30,12/01/2025 05:37,https://www.instagram.com/reel/DRuQZO8gsb3/,Reel de Instagram,,Total,3028,1811,56,0,0,2,1
17868177177491145,17841401871496039,360radioco,360 Radio Colombia,"#Mundo l 📊 ¿Sabías que en algunos países se trabaja más de 50 horas a la semana? Las diferencias laborales alrededor del mundo siguen siendo enormes, y este ranking lo demuestra. Según datos de World Population Review, naciones como Bután, Sudán y Lesoto lideran la lista con jornadas que superan ampliamente la media internacional.

🌍 Mientras en algunos territorios se debate la reducción de la jornada laboral y el equilibrio entre trabajo y vida personal, en otros las extensas horas de actividad siguen siendo parte de la rutina. Factores como menor protección laboral, alta demanda de mano de obra y escasez de empleo influyen en que millones de personas deban pasar más tiempo trabajando para sostenerse.

⏳ Este mapa es un recordatorio de que la productividad no siempre significa bienestar. Países con menos horas laborales suelen mostrar mejores niveles de satisfacción y calidad de vida. El desafío, entonces, está en encontrar ese punto donde el trabajo permita avanzar, pero también vivir.",0,12/01/2025 02:07,https://www.instagram.com/p/DRt4fL7DhGg/,Imagen de Instagram,,Total,3297,1507,26,1,0,0,1
18035921447519569,17841401871496039,360radioco,360 Radio Colombia,"#Mundo | Dormir bien ya no es un lujo… es una necesidad que muchos países están dejando de lado 😴🌙. La falta de descanso se convierte en un desafío global que afecta la productividad, la salud mental y el bienestar general. Mientras algunos ajustan sus rutinas, otros viven atrapados en jornadas interminables que apenas dejan espacio para recuperar energía.

Esta gráfica revela una tendencia que preocupa: millones de personas duermen menos de lo recomendado. Y aunque cada país tiene sus propias dinámicas laborales, culturales y sociales, el impacto es el mismo: menos sueño significa más estrés, menor concentración y un mayor riesgo para la salud ❤️‍🩹📉. ¿Qué tanto influye el ritmo acelerado de vida en esta realidad?

Es momento de poner el descanso en la agenda personal y colectiva 🕰️✨. Priorizar el sueño no solo mejora el rendimiento, también transforma la calidad de vida. Dormir no es perder tiempo… es invertirlo en bienestar. ¿Tú cómo estás durmiendo últimamente? 🌏💤",0,11/30/2025 18:13,https://www.instagram.com/p/DRtCOEzDlFD/,Imagen de Instagram,,Total,8411,4039,97,8,1,0,18
18088040077781543,17841401871496039,360radioco,360 Radio Colombia,"#Colombia | Se registra alto flujo vehicular en la entrada al Aeropuerto El Dorado por manifestaciones en la Av. El Dorado con Cra. 96A, a pocos metros de la terminal aérea. Planea tu llegada con anticipación. ✈️🛣️

#Aeropuerto #Bogotá #noticias #Actualidad #Trafico",30,11/28/2025 14:11,https://www.instagram.com/reel/DRnYCQRgjjT/,Reel de Instagram,,Total,3064,1946,18,3,0,0,2
18075697229226316,17841401871496039,360radioco,360 Radio Colombia,"#AHORA 

""Hoy, Airbus notificó que una parte significativa de la flota de  aviones de la familia A320 a nivel global requiere una actualización urgente de software. Por esta  razón, los aviones involucrados deberán permanecer en tierra cuando lleguen a sus bases de  mantenimiento hasta que se hayan realizado los trabajos. Esta orden afecta a más del 70% de la  flota de Avianca"", dijeron.",0,11/28/2025 11:53,https://www.instagram.com/p/DRnNKx5kd1K/,Imagen de Instagram,,Total,12044,5158,129,95,0,5,13
18099387106783384,17841401871496039,360radioco,360 Radio Colombia,"#Colombia | El Departamento Administrativo Nacional de Estadística de Colombia, confirmó que el desempleo en octubre fue de 8,2%, la cifra más baja desde 2017, reflejando una recuperación sostenida del mercado laboral en el país.

#Economía #dane #Noticias #actualidad #Empleocolombia",0,11/28/2025 08:13,https://www.instagram.com/reel/DRmzzWYgrHp/,Reel de Instagram,,Total,892,661,10,1,0,1,0
17874389808452375,17841401871496039,360radioco,360 Radio Colombia,"#Colombia | 📌Según el más reciente informe de la Gran Encuesta Integrada de Hogares (GEIH), la tasa de desocupación nacional se ubicó en 8,2%, una reducción de 0,9 puntos porcentuales frente al mismo mes de 2024 y uno de los niveles más bajos registrados desde 2017, excluyendo las distorsiones derivadas de la pandemia.

🔗 El boletín del DANE muestra además un aumento en la participación laboral: la tasa global de participación llegó a 65,0%, 1,1 puntos por encima de la registrada un año atrás. 

👉La tasa de ocupación también repuntó con fuerza y alcanzó 59,7%, lo que refleja que más colombianos encontraron empleo en medio del repunte de la actividad económica.",0,11/28/2025 07:26,https://www.instagram.com/p/DRmujsZD5iI/,Imagen de Instagram,,Total,2350,1086,19,1,0,3,0
17985142634917395,17841401871496039,360radioco,360 Radio Colombia,"#Mundo | l presidente de EE. UU. anunció que las Fuerzas Armadas, desplegadas frente a Venezuela, “muy pronto” actuarán por tierra para detener a presuntos narcotraficantes. 
Según Trump, las operaciones en el mar han sido “un éxito”, con más de 20 narcolanchas neutralizadas, desde el inicio de su operación. 

#Caribe #Venezuela #Trump #notícias #actualidad",0,11/28/2025 06:18,https://www.instagram.com/reel/DRmmw5MArdC/,Reel de Instagram,,Total,2618,1580,58,0,0,2,0
17924413938081774,17841401871496039,360radioco,360 Radio Colombia,"#Colombia | Juan Fernando Cristo celebró la decisión de la Corte Constitucional que ordena al CNE inscribir de inmediato a En Marcha. Aseguró que el fallo impulsa la participación del movimiento en coaliciones para el Congreso y habilita su presencia en la contienda presidencial.

#enmarcha #juanfernandocristo #corteconstitucional #política #elecciones2026",84,11/28/2025 05:55,https://www.instagram.com/reel/DRmj2HMAoMM/,Reel de Instagram,,Total,2408,1599,20,1,2,2,0
18128150938502393,17841401871496039,360radioco,360 Radio Colombia,"La Cámara Colombiana de la Infraestructura (CCI) otorgó a Jorge Mario Velásquez, presidente de Grupo Argos, el Premio Nacional a la Excelencia en Infraestructura, categoría Empresario Distinguido, un reconocimiento que exalta más de cuatro décadas de trayectoria dedicadas a fortalecer la competitividad del país a través del desarrollo responsable de infraestructura. 

@camaradelainfra @grupoargos",0,11/28/2025 05:25,https://www.instagram.com/p/DRmgx-xjjFa/,Imagen de Instagram,,Total,2903,1476,41,0,0,0,1
18104202568725843,17841401871496039,360radioco,360 Radio Colombia,"#Bogotá| El alcalde Carlos Fernando Galán habló sobre las obras que serán entregadas en 2026 en la ciudad de Bogotá; indicó que en mayo se comenzarán las pruebas del metro y también que llegarán los vagones restantes al patio taller al sur de la ciudad. 

#Noticias #actualidad #infraestrutura #bogotà #metrobogota",0,11/27/2025 14:07,https://www.instagram.com/reel/DRk3gQoAurO/,Reel de Instagram,,Total,864,700,22,0,0,0,1
18086724697996884,17841401871496039,360radioco,360 Radio Colombia,"#Colombia | El candidato Sergio Fajardo destacó el papel de los inversores extranjeros en el sector de la infraestructura, señaló la importancia de brindar garantías y confianza que propicien la inversión en el país. Así mismo se refirió a la valorización por obra en los diferentes proyectos de infraestructura en el país. 

#elecciones2026 #actualidad #notícias #infraestructura",98,11/27/2025 12:47,https://www.instagram.com/reel/DRkuSHcgjTX/,Reel de Instagram,,Total,1097,852,20,0,0,2,0
18067785611452930,17841401871496039,360radioco,360 Radio Colombia,"🙋🏻‍♂️🙋🏽‍♀️Acompáñanos en la Audiencia Pública de Rendición de Cuentas 2025🧡💚🧡

📊Este será un espacio orientado a la transparencia y al diálogo con la comunidad, en el que podrás conocer nuestros avances en deporte, actividad física, educación física y recreación.

🗓️ Miércoles 10 de diciembre
🕓 4:00 p. m.
📍 Auditorio del Bloque 14 de la IUE (carrera 27B # 39A sur - 57)

🫱🏼‍🫲🏾¡Te esperamos!🫶🏻
 
📲 Más información: https://www.inderenvigado.gov.co/noticias/participa-en-la-audiencia-publica-de-rendicion-de-cuentas

#EnvigadoVamosAdelante
#AmorPorNuestraBandera",0,11/27/2025 10:17,https://www.instagram.com/p/DRkdWEakXo3/,Imagen de Instagram,,Total,789,230,6,0,0,0,0
17906275623274026,17841401871496039,360radioco,360 Radio Colombia,"#Colombia | El ministro de Justicia, Andrés Idárraga, detalló las sustancias sobre las cuales se tendrá mayor control, para evitar que Colombia se convierta en una fuente de fentanilo; así lo indicó el funcionario. 

#Ahora #Seguridad #Noticias #Actualidad #Fentanilo #politicaantidrogas",113,11/27/2025 10:06,https://www.instagram.com/reel/DRkb1SFAnUP/,Reel de Instagram,,Total,1752,1242,11,1,0,4,0
18103519198708951,17841401871496039,360radioco,360 Radio Colombia,"#Colombia | En la mañana de este jueves, El ministro del Interior, Armando Benedetti, cuestionó al CNE por una “animadversión” contra el presidente Petro y tildó de sospechosa la sanción a la campaña, a meses de las elecciones de 2026.

#notícias #actualidad #política #petro",0,11/27/2025 08:06,https://www.instagram.com/reel/DRkOO6YgvAp/,Reel de Instagram,,Total,2046,1303,17,1,0,13,0
17890389711384342,17841401871496039,360radioco,360 Radio Colombia,"#Colombia | 📌El Consejo Nacional Electoral (CNE) finalmente logró avanzar en la decisión sobre el proceso que investigaba la financiación de la campaña Petro Presidente 2022. 

🔗La votación, que permanecía bloqueada, se destrabó luego de que el conjuez Majer Nayib Abushihab emitiera su voto, permitiendo que el organismo adoptara una determinación de fondo. 

👉Con su participación, el CNE aprobó sanciones tras concluir que hubo financiación irregular y violación de topes electorales por un monto superior a 3.500 millones de pesos.",0,11/27/2025 06:35,https://www.instagram.com/p/DRkD5SRDxyZ/,Imagen de Instagram,,Total,2487,1284,54,3,0,3,0
17863140051532916,17841401871496039,360radioco,360 Radio Colombia,"#Mundo | Donald Trump ordena reevaluar el estatus migratorio de todos los afganos admitidos bajo Biden, tras señalar que el sospechoso del ataque a dos guardias llegó en 2021 desde Afganistán.

#Trump #notícias #actualidad #EE.UU #información",51,11/27/2025 06:26,https://www.instagram.com/reel/DRkC1UPAnIJ/,Reel de Instagram,,Total,2836,1709,40,0,0,0,0
17929654995016308,17841401871496039,360radioco,360 Radio Colombia,"#Colombia |  Juan Carlos Pinzón, candidato presidencial, conversó con 360 Radio sobre sus propuestas para llegar a la Casa de Nariño en 2026, los retos a los que se enfrenta el próximo mandatario, la importancia de mantener una sana relación entre el sector privado y público y realizar una coalición que pese en las elecciones presidenciales.

#política #noticas #actualidad #elecciones2026",310,11/26/2025 16:24,https://www.instagram.com/reel/DRiiBaUgge3/,Reel de Instagram,,Total,2629,2132,42,4,1,2,0
18065043248527496,17841401871496039,360radioco,360 Radio Colombia,"#Colombia l El país requiere $19 billones anuales entre 2023 y 2035 para completar el plan carretero priorizado y no priorizado, y $5,6 billones adicionales para atender la malla vial terciaria. Para el periodo 2036-2045, la demanda estimada es de $11,9 billones anuales para obras en vías primarias y secundarias, y $6,7 billones para las terciarias. En suma, una necesidad sostenida de inversión que los mecanismos actuales no logran cubrir.",0,11/26/2025 14:01,https://www.instagram.com/p/DRiSIfvE2Hc/,Imagen de Instagram,,Total,3511,1221,30,3,0,0,2
17858101284557547,17841401871496039,360radioco,360 Radio Colombia,"#Colombia | El presidente Gustavo Petro decidió no conciliar y seguirá adelante con su denuncia contra Miguel Polo Polo por presunta injuria, calumnia y hostigamiento agravado.

#política #polopolo #gustavopetro #actualidad #notícias",150,11/25/2025 13:39,https://www.instagram.com/reel/DRfqjLyAtNO/,Reel de Instagram,,Total,6681,3941,81,6,2,64,1
17954537652031917,17841401871496039,360radioco,360 Radio Colombia,"#Judicial | 📌La Sala Penal de Decisión, en fallo fechado el 25 de noviembre de 2025, determinó que el hermano del expresidente Álvaro Uribe deberá cumplir 28 años y 4 meses de prisión por su participación en hechos que el tribunal calificó como homicidio agravado y concierto para delinquir agravado.

🔗Según el fallo, el Tribunal declaró a Uribe responsable de un homicidio agravado en los términos de los artículos 103 y 104 del Código Penal, así como del delito de concierto para delinquir agravado conforme al artículo 340 de la misma normativa.

👉Lea la nota completa en 360Radio.com.co",0,11/25/2025 08:37,https://www.instagram.com/p/DRfIUZ3D7PY/,Imagen de Instagram,,Total,3706,1634,35,1,0,5,1
18307459063248611,17841401871496039,360radioco,360 Radio Colombia,"#Colombia | l precandidato exige al presidente Petro retirar de inmediato al general Juan Miguel Huertas, tras las graves denuncias que lo vinculan con disidencias de las FARC.

#notícias #actualidad #Seguridad #gustavopetro",72,11/25/2025 08:29,https://www.instagram.com/reel/DRfHTGtguZM/,Reel de Instagram,,Total,1009,733,20,0,0,2,0
18399017311127852,17841401871496039,360radioco,360 Radio Colombia,"#Colombia | El alcalde de Medellín, Federico Gutiérrez, se refirió a las últimas noticias que presuntamente vinculan a miembros del gobierno con alias Calarcá.
Así mismo, indicó que en su época de candidato a la presidencia fue testigo de varias irregularidades y acosos por parte de grupos al margen de la ley.

#notícias #política #aliascalarcá #actualidad #antioquia #Seguridad",133,11/25/2025 07:49,https://www.instagram.com/reel/DRfCnJEgkOz/,Reel de Instagram,,Total,1275,928,53,1,0,0,0
17927298804157914,17841401871496039,360radioco,360 Radio Colombia,"#Política | 📌El plazo para la inscripción de las listas al Congreso de la República a punto de vencer y teniendo en cuenta que el 8 de diciembre es festivo, convirtiendo así al viernes previo en el último día hábil para formalizar los registros.

⛓️El ambiente al interior del Centro Democrático no es simple, las discusiones técnicas sobre el modelo de listas se suma la incertidumbre por varias figuras que aún no han decidido si van a aspirar al Congreso de la República.

👉🏼Hasta el momento, el Centro Democrático ha decidido que la lista al Senado será cerrada.",0,11/25/2025 06:53,https://www.instagram.com/p/DRe8dWUD9mB/,Imagen de Instagram,,Total,2989,1292,43,3,0,0,1
18114299632604889,17841401871496039,360radioco,360 Radio Colombia,"#Bogotá | La Policía confirmó que se encuentran en la búsqueda del sujeto que disparó al aire frente a Panoramia Park, en Suba. Autoridades indican que el hombre se refugio y no se recibió mayor información sobre el lugar de residencia.

#seguridad #policia #noticiasbogotá #actualidad #intolerancia",51,11/24/2025 13:20,https://www.instagram.com/reel/DRdDtbNguco/,Reel de Instagram,,Total,8272,4560,48,10,1,10,7
18096481372865829,17841401871496039,360radioco,360 Radio Colombia,"#Colombia | El procurador Gregorio Eljach abrió indagación preliminar contra varios funcionarios del Gobierno por un presunto entramado de corrupción con jefes de las disidencias de alias Calarcá. 

#política #actualidad #notícias #seguridad",168,11/24/2025 08:34,https://www.instagram.com/reel/DRcixuXgk47/,Reel de Instagram,,Total,2034,1309,64,5,0,14,1
17857480389560039,17841401871496039,360radioco,360 Radio Colombia,"#AHORA

Capturaron al General (r) Rodolfo Palomino, quien habría intervenido de manera irregular para solicitar la suspensión de la orden de captura que pesaba sobre Luis Gonzalo Gallo Restrepo, empresario. 

#Colombia",0,11/24/2025 07:28,https://www.instagram.com/p/DRcbksrjsGu/,Imagen de Instagram,,Total,6885,2623,63,18,0,3,2
17944535196079591,17841401871496039,360radioco,360 Radio Colombia,"#Colombia | El precandidato presidencia Juan Carlos Pinzón, afirmó que existen pruebas claras de vínculos entre el Presidente Gustavo Petro y grupos armados.

 ""Las pruebas son claras! Es evidente la relación entre Petro, las FARC, el ELN y el crimen"". Indicó el precandidato.

#Politíca #notícias #elecciones2026 #gustavopetro #actualidad",93,11/24/2025 06:36,https://www.instagram.com/reel/DRcVVA_gotA/,Reel de Instagram,,Total,1720,1129,62,1,0,3,0
18192322072328152,17841401871496039,360radioco,360 Radio Colombia,"#Ahora | Tras la alerta de la FAA por el aumento de movimientos militares en Venezuela, varias aerolíneas tomaron decisiones autónomas que generaron cancelaciones y afectando viajeros en Bogotá y Caracas.
El coronel Álvaro Mujica, de la Aerocivil, aseguró que el espacio aéreo colombiano opera con normalidad. A las 9:00 a.m. habrá reunión entre la Aeronáutica y las aerolíneas para definir medidas y reducir el impacto en los usuarios

#Colombia #vuelos #notícias #actualidad #información",118,11/24/2025 05:15,https://www.instagram.com/reel/DRcMC35goq0/,Reel de Instagram,,Total,1671,1122,22,0,0,0,1
18065568803614856,17841401871496039,360radioco,360 Radio Colombia,"#Mundo l La industria de la plata sigue moviéndose con fuerza en 2025, y México vuelve a liderar el ranking global con más de 202 millones de onzas producidas. Detrás aparecen China y Perú, que completan el podio y mantienen una participación clave en el mercado internacional.

⛏️ América Latina continúa siendo protagonista: Chile, Bolivia, Perú, México y Argentina consolidan a la región como una de las más relevantes en la extracción de este metal estratégico, fundamental para sectores como la tecnología, la medicina y la energía.

📈 Mientras tanto, países como Polonia, Rusia, Australia y Estados Unidos también aportan a un escenario global cada vez más competitivo. El comportamiento de la plata muestra cómo los recursos naturales siguen definiendo dinámicas económicas y geopolíticas en todo el mundo.",0,11/23/2025 11:15,https://www.instagram.com/p/DRaQwjTjFa8/,Imagen de Instagram,,Total,44174,4764,102,5,1,0,18
17899565283337187,17841401871496039,360radioco,360 Radio Colombia,"#Mundo | 🌍✨ El mundo está lleno de lugares que roban el aliento, pero solo unos pocos logran quedarse grabados en la memoria colectiva. Cada país de este ranking no solo destaca por su belleza natural o su riqueza cultural, sino por la capacidad de enamorar a quienes lo visitan. Un recordatorio de que viajar es una de las formas más poderosas de reconectar con lo que realmente importa.

✈️🌅 Desde paisajes que parecen sacados de una película hasta ciudades vibrantes llenas de historia, esta selección refleja lo mejor que nuestro planeta tiene para ofrecer. Inspiración pura para los amantes de la aventura, la fotografía, la gastronomía y la diversidad. Cada destino es una invitación a explorar, aprender y dejarse sorprender.

🇨🇴💛 Y sí, Latinoamérica vuelve a brillar: la belleza, la calidez y la autenticidad de nuestra región siguen conquistando corazones en el mundo. Que esta lista sea un impulso para soñar, planear y descubrir los lugares que nos recuerdan por qué viajar transforma vidas. ¿Cuál visitarías primero? 🌎✨",0,11/22/2025 14:00,https://www.instagram.com/p/DRX-3SsjUZG/,Imagen de Instagram,,Total,3142,1105,41,4,0,1,2
18327213109243924,17841401871496039,360radioco,360 Radio Colombia,"#Colombia | Innovación, sostenibilidad y el futuro energético de Colombia 

Así cerró la VIII Cumbre de Petróleo, Gas y Energía, un encuentro que reunió a más de 2.400 asistentes y decenas de empresas para construir consensos y fortalecer la seguridad energética del país. ⚡🌱

🚀 Inteligencia artificial, nuevos modelos de energía y análisis técnico marcaron una jornada que reafirma a la Cumbre como el escenario más influyente del sector.

#Energía #transiciónenergética #acp #notícias #actualidad",171,11/21/2025 18:53,https://www.instagram.com/reel/DRV7SUvgjUe/,Reel de Instagram,,Total,1102,879,14,3,0,0,0
18065685071144384,17841401871496039,360radioco,360 Radio Colombia,"📊 En conjunto con la IA, evaluamos a quienes quieren llegar a la Casa de Nariño.

Presentamos un compacto de 19 candidatos analizado con cuatro IAs para entender, sin pasiones ni sesgos, cómo se desempeñan en formación, experiencia y conocimiento.

🤖 ChatGPT, Gemini, Copilot y Perplexity revisaron sus hojas de vida verificadas y cruzaron datos en cinco rondas independientes para darle solidez a los puntajes.

🔍 ¿Qué se midió?

Formación académica y estudios

Idiomas

Experiencia en sector público, privado y gremial

Seguridad, economía y finanzas

Gobernabilidad, alianzas y proyección internacional

🔎 No es una encuesta ni una preferencia. Es una radiografía comparativa que permite ver en qué áreas destaca cada candidato y dónde tienen vacíos.

#Colombia #Elecciones #IA",0,11/20/2025 12:56,https://www.instagram.com/p/DRSt8iojnLM/,Imagen de Instagram,,Total,70759,35792,666,422,45,116,130
18082101374118984,17841401871496039,360radioco,360 Radio Colombia,"#Colombia | La Corte Suprema de Justicia eligió a Francisco Ternera como su nuevo presidente. Magistrado de la Sala Civil, académico destacado y con 28 años de trayectoria, asumirá el periodo dejado por Octavio Tejeiro.",0,11/20/2025 09:47,https://www.instagram.com/p/DRSYY9wjG1I/,Imagen de Instagram,,Total,3698,1468,39,0,0,0,0
18107187343549829,17841401871496039,360radioco,360 Radio Colombia,"✈️ Wingo ajusta su tarifa en ruta Bogotá–Caracas

La aerolínea anunció que la maleta de 23 kg dejará de estar incluida en la Tarifa Basic. Con el cambio, el valor del tiquete baja hasta 20% y el equipaje podrá agregarse desde USD 20 por trayecto.

Los viajeros ahora elegirán si viajan solo con artículo personal o si suman equipaje de bodega, según sus necesidades.",0,11/20/2025 08:26,https://www.instagram.com/p/DRSPH9yD2_K/,Imagen de Instagram,,Total,5718,1666,31,4,0,0,1
18095329291868189,17841401871496039,360radioco,360 Radio Colombia,"❗ El Barómetro Petrolero 2025, dejó una fotografía contundente:

 ➡️ Las empresas petroleras mejoran su imagen a nivel nacional.
 ➡️ Pero en las regiones productoras, el respaldo cae por menor inversión social y menos presencia territorial.

@arteaga_latam",0,11/20/2025 07:45,https://www.instagram.com/p/DRSKWKkjAcm/,Imagen de Instagram,,Total,2212,671,22,2,0,0,2
17953748169004806,17841401871496039,360radioco,360 Radio Colombia,"#Colombia | El registrador Nacional, Hernán Penagos se refirió a las declaraciones de Iván Mordisco sobre la interrupción de las próximas elecciones presidenciales 2026, Afirmo que ninguna situación impedirá que se lleven a cabo las elecciones que buscan al sucesor de Gustavo Petro. 

#Eleciones2026 #notícias #Actualidad
#política #seguridadelectoral",99,11/20/2025 06:15,https://www.instagram.com/reel/DRR_w6CgnN8/,Reel de Instagram,,Total,1060,764,13,0,0,1,0
18182873038348024,17841401871496039,360radioco,360 Radio Colombia,"#ATENCIÓN 

Juan Carlos Cárdenas renunció a su candidatura en pleno debate, por lo que Aníbal Gaviria queda como candidato oficial de La Fuerza de las Regiones para la Presidencia de Colombia. 

Ampliación en 360radio.com.co",0,11/19/2025 15:17,https://www.instagram.com/p/DRQZXDBABpJ/,Imagen de Instagram,,Total,7736,3696,117,17,2,8,0
17988198551899532,17841401871496039,360radioco,360 Radio Colombia,"🚨 #ATENCIÓN | Un atentado terrorista en la vía Medellín–Costa Atlántica, a la altura de Yarumal. La explosión dejó un enorme cráter que bloquea el paso y pone en alerta a la región.

#antioquia #medellín #notícias #actualidad #ultimominuto",24,11/19/2025 12:51,https://www.instagram.com/reel/DRQIaYJgvL7/,Reel de Instagram,,Total,5689,3423,74,31,0,9,6
18066976304123690,17841401871496039,360radioco,360 Radio Colombia,"#Colombia | 📌La operación, presentada como un paso estratégico en la modernización de la defensa aérea del país, ahora será objeto de escrutinio por parte del órgano de control.

🔗El contralor Carlos Hernán Rodríguez envió un oficio al ministro de Defensa, Pedro Sánchez, solicitándole información completa sobre la contratación que respaldó la compra. En particular, pidió copia del acuerdo firmado con la empresa que asesoró al Ministerio durante todo el proceso de selección y negociación de las aeronaves, con el fin de verificar el alcance de esa consultoría y su incidencia en la decisión final.

👉Lea la nota en 360Radio.com.co",0,11/19/2025 12:19,https://www.instagram.com/p/DRQE7CCD1TG/,Imagen de Instagram,,Total,7241,2093,70,3,0,3,5
18096196720836104,17841401871496039,360radioco,360 Radio Colombia,"#Colombia | Tres menores murieron en Guaviare y el ministro Pedro Sánchez aclaró la verdad: fue un combate, no un bombardeo. La polémica crece y las preguntas también.

#notícias #actualidad #defensa #información",62,11/19/2025 12:12,https://www.instagram.com/reel/DRQDYwyAijL/,Reel de Instagram,,Total,1586,1011,13,0,0,0,1
18050754608347449,17841401871496039,360radioco,360 Radio Colombia,"#CumbrePetróleoGasYEnergía | Nelson Castañeda, Presidente Ejecutivo de Campetrol indicó que los bloqueos provocan cerca de $1 billones de pesos menos al año. Asimismo, invito a los actores del sector a tener unión para enfrentar los retos económicos y políticos que enfrenta el sector energético. 

#Economía #política #notícias #petróleo #actualidad",81,11/19/2025 11:43,https://www.instagram.com/reel/DRQAHemgjx-/,Reel de Instagram,,Total,1045,770,3,0,0,0,0
17866240080426897,17841401871496039,360radioco,360 Radio Colombia,"🔎 En el marco de la #CumbrePetroleoGasyEnergía que se desarrolla en Cartagena, el presidente de Ecopetrol, Ricardo Roa, anunció inversión por más de US$170 millones en proyectos de transporte, de los cuales US$100 millones aproximadamente, serán para el proyecto de regasificación en Coveñas. 

También, aseguró que el plan de ahorros que ha desarrollado Ecopetrol en los últimos tres años llega a $15 billones",0,11/19/2025 08:55,https://www.instagram.com/p/DRPtm57khLX/,Imagen de Instagram,,Total,3598,1136,16,2,0,0,1
18076681195953084,17841401871496039,360radioco,360 Radio Colombia,"#Colombia | En la ruta hacia la descarbonización, Ecopetrol acelera el cambio. Su presidente, Ricardo Roa, destacó que la compañía lidera la transición energética en Latinoamérica, superando a sus pares en la región.

#Energía #notícias #actualidad #transicionenergrtica",94,11/19/2025 07:17,https://www.instagram.com/reel/DRPgVI1AvlC/,Reel de Instagram,,Total,1064,783,4,0,0,2,0
18075975953247700,17841401871496039,360radioco,360 Radio Colombia,"#Colombia | El exministro Juan Fernando Cristo destacó la necesidad del frente amplio, sin embargo, aseguró que aún hacen falta conversaciones con algunas de las partes que conformarían este frente amplio en el país.

#política #notícias #actualidad #elecciones2026",78,11/19/2025 06:53,https://www.instagram.com/reel/DRPeuGugoqb/,Reel de Instagram,,Total,1431,996,8,1,0,4,0
17863597086523777,17841401871496039,360radioco,360 Radio Colombia,"Mineros inicia una nueva etapa con el nombramiento de Daniel Henao como CEO.

Un liderazgo con experiencia en exploración, operaciones, adquisiciones y sostenibilidad llega en un momento clave para la compañía, que avanza en una reconfiguración estratégica de su dirección y su gobierno corporativo.

Henao asume el reto de guiar a Mineros en un entorno donde la innovación, la disciplina financiera y la responsabilidad ambiental son determinantes para competir y crecer en la región.

#Mineros #Empresas",0,11/19/2025 06:10,https://www.instagram.com/p/DRPauTsjHaH/,Imagen de Instagram,,Total,5885,2696,63,10,2,0,8
