Identificador de la pieza de vídeo,Identificador de vídeo universal,Identificador de la página,Nombre de la página,Título,Duración (segundos),Hora de publicación,Etiquetas personalizadas,Comentario sobre los datos,Fecha,Alcance,Visualizaciones de vídeo de 3 segundos,Visualizaciones de vídeo de 1 minuto,Segundos reproducidos,Segundos reproducidos de media,Espectadores de 3 segundos,Espectadores de 1 minuto,"Reacciones, comentarios y veces que se ha compartido",Reacciones,Comentarios,Veces que se ha compartido,Segundos reproducidos de Seguidores,Segundos reproducidos de Recomendaciones,Segundos reproducidos de Veces compartido,Segundos reproducidos de Publicaciones promocionadas,Segundos reproducidos de media de Recomendaciones,Segundos reproducidos de media de Seguidores,Segundos reproducidos de media de Veces compartido,Segundos reproducidos de media de Publicaciones promocionadas,Porcentaje del total de reproducciones en el intervalo 1,Porcentaje del total de reproducciones en el intervalo 2,Porcentaje del total de reproducciones en el intervalo 3,Porcentaje del total de reproducciones en el intervalo 0,Porcentaje del total de reproducciones en el intervalo 4,Porcentaje del total de reproducciones en el intervalo 5,Porcentaje del total de reproducciones en el intervalo 6,Porcentaje del total de reproducciones en el intervalo 7,Porcentaje del total de reproducciones en el intervalo 8,Porcentaje del total de reproducciones en el intervalo 9,Porcentaje del total de reproducciones en el intervalo 10,Porcentaje del total de reproducciones en el intervalo 11,Porcentaje del total de reproducciones en el intervalo 12,Porcentaje del total de reproducciones en el intervalo 13,Porcentaje del total de reproducciones en el intervalo 14,Porcentaje del total de reproducciones en el intervalo 15,Porcentaje del total de reproducciones en el intervalo 16,Porcentaje del total de reproducciones en el intervalo 17,Porcentaje del total de reproducciones en el intervalo 18,Porcentaje del total de reproducciones en el intervalo 19,Porcentaje del total de reproducciones en el intervalo 20,Porcentaje del total de reproducciones en el intervalo 21,Porcentaje del total de reproducciones en el intervalo 22,Porcentaje del total de reproducciones en el intervalo 23,Porcentaje del total de reproducciones en el intervalo 24,Porcentaje del total de reproducciones en el intervalo 25,Porcentaje del total de reproducciones en el intervalo 26,Porcentaje del total de reproducciones en el intervalo 27,Porcentaje del total de reproducciones en el intervalo 28,Porcentaje del total de reproducciones en el intervalo 29,Porcentaje del total de reproducciones en el intervalo 33,Porcentaje del total de reproducciones en el intervalo 31,Porcentaje del total de reproducciones en el intervalo 32,Porcentaje del total de reproducciones en el intervalo 30,Porcentaje del total de reproducciones en el intervalo 34,Porcentaje del total de reproducciones en el intervalo 35,Porcentaje del total de reproducciones en el intervalo 36,Porcentaje del total de reproducciones en el intervalo 37,Porcentaje del total de reproducciones en el intervalo 38,Porcentaje del total de reproducciones en el intervalo 39,Porcentaje del total de reproducciones en el intervalo 40,Porcentaje de reproducciones de 15 segundos en el intervalo 0,Porcentaje de reproducciones de 15 segundos en el intervalo 11,Porcentaje de reproducciones de 15 segundos en el intervalo 18,Porcentaje de reproducciones de 15 segundos en el intervalo 17,Porcentaje de reproducciones de 15 segundos en el intervalo 16,Porcentaje de reproducciones de 15 segundos en el intervalo 15,Porcentaje de reproducciones de 15 segundos en el intervalo 14,Porcentaje de reproducciones de 15 segundos en el intervalo 13,Porcentaje de reproducciones de 15 segundos en el intervalo 1,Porcentaje de reproducciones de 15 segundos en el intervalo 12,Porcentaje de reproducciones de 15 segundos en el intervalo 10,Porcentaje de reproducciones de 15 segundos en el intervalo 9,Porcentaje de reproducciones de 15 segundos en el intervalo 8,Porcentaje de reproducciones de 15 segundos en el intervalo 7,Porcentaje de reproducciones de 15 segundos en el intervalo 6,Porcentaje de reproducciones de 15 segundos en el intervalo 5,Porcentaje de reproducciones de 15 segundos en el intervalo 4,Porcentaje de reproducciones de 15 segundos en el intervalo 3,Porcentaje de reproducciones de 15 segundos en el intervalo 2,Porcentaje de reproducciones de 15 segundos en el intervalo 19,Porcentaje de reproducciones de 15 segundos en el intervalo 20,Porcentaje de reproducciones de 15 segundos en el intervalo 21,Porcentaje de reproducciones de 15 segundos en el intervalo 22,Porcentaje de reproducciones de 15 segundos en el intervalo 23,Porcentaje de reproducciones de 15 segundos en el intervalo 24,Porcentaje de reproducciones de 15 segundos en el intervalo 25,Porcentaje de reproducciones de 15 segundos en el intervalo 26,Porcentaje de reproducciones de 15 segundos en el intervalo 27,Porcentaje de reproducciones de 15 segundos en el intervalo 28,Porcentaje de reproducciones de 15 segundos en el intervalo 29,Porcentaje de reproducciones de 15 segundos en el intervalo 33,Porcentaje de reproducciones de 15 segundos en el intervalo 31,Porcentaje de reproducciones de 15 segundos en el intervalo 32,Porcentaje de reproducciones de 15 segundos en el intervalo 30,Porcentaje de reproducciones de 15 segundos en el intervalo 34,Porcentaje de reproducciones de 15 segundos en el intervalo 35,Porcentaje de reproducciones de 15 segundos en el intervalo 36,Porcentaje de reproducciones de 15 segundos en el intervalo 37,Porcentaje de reproducciones de 15 segundos en el intervalo 38,Porcentaje de reproducciones de 15 segundos en el intervalo 39,Porcentaje de reproducciones de 15 segundos en el intervalo 40,Ingresos estimados (USD),Ingresos aproximados por monetización de contenido,"Visualizaciones de vídeo de 3 segundos por audiencia principal (M, 65+)","Visualizaciones de vídeo de 3 segundos por audiencia principal (M, 55-64)","Visualizaciones de vídeo de 3 segundos por audiencia principal (F, 65+)","Visualizaciones de vídeo de 3 segundos por audiencia principal (M, 45-54)","Visualizaciones de vídeo de 3 segundos por audiencia principal (M, 35-44)","Visualizaciones de vídeo de 3 segundos por audiencia principal (F, 55-64)","Visualizaciones de vídeo de 3 segundos por audiencia principal (M, 25-34)","Visualizaciones de vídeo de 3 segundos por audiencia principal (F, 45-54)","Visualizaciones de vídeo de 3 segundos por audiencia principal (F, 35-44)","Visualizaciones de vídeo de 3 segundos por audiencia principal (F, 25-34)","Visualizaciones de vídeo de 3 segundos por audiencia principal (F, 18-24)","Visualizaciones de vídeo de 3 segundos por audiencia principal (M, 18-24)",Visualizaciones de vídeo de 3 segundos por país (Colombia (CO)),Visualizaciones de vídeo de 3 segundos por país (United States (US)),Visualizaciones de vídeo de 3 segundos por país (Venezuela (VE)),Visualizaciones de vídeo de 3 segundos por país (Mexico (MX)),Visualizaciones de vídeo de 3 segundos por país (Ecuador (EC)),Visualizaciones de vídeo de 3 segundos por país (Spain (ES)),Visualizaciones de vídeo de 3 segundos por país (Peru (PE)),Visualizaciones de vídeo de 3 segundos por país (Aruba (AW)),Visualizaciones de vídeo de 3 segundos por país (Dominican Republic (DO)),Visualizaciones de vídeo de 3 segundos por país (France (FR)),Visualizaciones de vídeo de 3 segundos por país (Bolivia (BO)),Visualizaciones de vídeo de 3 segundos por país (Panama (PA)),Visualizaciones de vídeo de 3 segundos por país (Argentina (AR)),Visualizaciones de vídeo de 3 segundos por país (Vietnam (VN)),Visualizaciones de vídeo de 3 segundos por país (Italy (IT)),Visualizaciones de vídeo de 3 segundos por país (Germany (DE)),Visualizaciones de vídeo de 3 segundos por país (Honduras (HN)),Visualizaciones de vídeo de 3 segundos por país (Chile (CL)),Visualizaciones de vídeo de 3 segundos por país (Portugal (PT)),Visualizaciones de vídeo de 3 segundos por país (Guatemala (GT)),Visualizaciones de vídeo de 3 segundos por país (Curaçao (CW)),Visualizaciones de vídeo de 3 segundos por país (Poland (PL)),Visualizaciones de vídeo de 3 segundos por país (Belgium (BE)),Visualizaciones de vídeo de 3 segundos por país (Puerto Rico (PR)),Visualizaciones de vídeo de 3 segundos por país (Brazil (BR)),Visualizaciones de vídeo de 3 segundos por país (United Kingdom (GB)),Visualizaciones de vídeo de 3 segundos por país (Australia (AU)),Visualizaciones de vídeo de 3 segundos por país (United Arab Emirates (AE)),Visualizaciones de vídeo de 3 segundos por país (Costa Rica (CR)),Visualizaciones de vídeo de 3 segundos por país (Kuwait (KW)),Visualizaciones de vídeo de 3 segundos por país (Paraguay (PY)),Visualizaciones de vídeo de 3 segundos por país (Netherlands (NL)),Visualizaciones de vídeo de 3 segundos por país (Cuba (CU)),Visualizaciones de vídeo de 3 segundos por país (Egypt (EG)),Visualizaciones de vídeo de 3 segundos por país (Sint Maarten (SX)),Visualizaciones de vídeo de 3 segundos por país (El Salvador (SV)),Visualizaciones de vídeo de 3 segundos por país (Ireland (IE)),Visualizaciones de vídeo de 3 segundos por país (India (IN)),Visualizaciones de vídeo de 3 segundos por país (Japan (JP)),Visualizaciones de vídeo de 3 segundos por país (Sweden (SE)),Visualizaciones de vídeo de 3 segundos por país (Serbia (RS)),Visualizaciones de vídeo de 3 segundos por país (Nicaragua (NI)),Visualizaciones de vídeo de 3 segundos por país (Belize (BZ)),Visualizaciones de vídeo de 3 segundos por país (Philippines (PH)),Visualizaciones de vídeo de 1 minuto de Seguidores,Visualizaciones de vídeo de 1 minuto de Recomendaciones,Visualizaciones de vídeo de 1 minuto de Veces compartido,Visualizaciones de vídeo de 1 minuto de Publicaciones promocionadas,Visualizaciones de vídeo de 3 segundos por país (Switzerland (CH)),Visualizaciones de vídeo de 3 segundos por país (Norway (NO)),Visualizaciones de vídeo de 3 segundos por país (Malta (MT)),Visualizaciones de vídeo de 3 segundos por país (Israel (IL)),Visualizaciones de vídeo de 3 segundos por país (Denmark (DK)),Visualizaciones de vídeo de 3 segundos por país (New Zealand (NZ)),Visualizaciones de vídeo de 3 segundos por país (Kenya (KE)),Visualizaciones de vídeo de 3 segundos por país (Qatar (QA)),Visualizaciones de vídeo de 3 segundos por país (Saudi Arabia (SA)),Visualizaciones de vídeo de 3 segundos por país (Canada (CA)),Visualizaciones de vídeo de 3 segundos por país (Hungary (HU)),Visualizaciones de vídeo de 3 segundos por país (Trinidad and Tobago (TT)),Visualizaciones de vídeo de 3 segundos por país (Uruguay (UY)),"Visualizaciones de vídeo de 3 segundos por país (Bonaire, Sint Eustatius and Saba (BQ))",Visualizaciones de vídeo de 3 segundos por país (Austria (AT)),Visualizaciones de vídeo de 3 segundos por país (Singapore (SG)),Visualizaciones de vídeo de 3 segundos por país (Nepal (NP)),Visualizaciones de vídeo de 3 segundos por país (Ukraine (UA)),Visualizaciones de vídeo de 3 segundos por país (Andorra (AD)),Visualizaciones de vídeo de 3 segundos por país (China (CN)),Visualizaciones de vídeo de 3 segundos por país (Angola (AO)),Visualizaciones de vídeo de 3 segundos por país (Guyana (GY)),Visualizaciones de vídeo de 3 segundos por país (Myanmar (MM)),Visualizaciones de vídeo de 3 segundos por país (Indonesia (ID)),Visualizaciones de vídeo de 3 segundos por país (Czech Republic (CZ)),Visualizaciones de vídeo de 3 segundos por país (Cambodia (KH)),Visualizaciones de vídeo de 3 segundos por país (Nigeria (NG)),Visualizaciones de vídeo de 3 segundos por país (Romania (RO)),Visualizaciones de vídeo de 3 segundos por país (Democratic Republic of the Congo (CD)),Visualizaciones de vídeo de 3 segundos por país (Libya (LY)),Visualizaciones de vídeo de 3 segundos por país (Taiwan (TW)),Visualizaciones de vídeo de 3 segundos por país (Thailand (TH)),Visualizaciones de vídeo de 3 segundos por país (Iraq (IQ)),Visualizaciones de vídeo de 3 segundos por país (Sudan (SD)),Visualizaciones de vídeo de 3 segundos por país (South Korea (KR)),Visualizaciones de vídeo de 3 segundos por país (Algeria (DZ)),Visualizaciones de vídeo de 3 segundos por país (Lebanon (LB)),Visualizaciones de vídeo de 3 segundos por país (Tunisia (TN)),Visualizaciones de vídeo de 3 segundos por país (Morocco (MA)),Visualizaciones de vídeo de 3 segundos por país (Martinique (MQ)),Visualizaciones de vídeo de 3 segundos por país (Bulgaria (BG)),Visualizaciones de vídeo de 3 segundos por país (The Bahamas (BS)),Visualizaciones de vídeo de 3 segundos por país (Turkey (TR)),Visualizaciones de vídeo de 3 segundos por país (Kosovo (XK)),Visualizaciones de vídeo de 3 segundos por país (Malaysia (MY)),Visualizaciones de vídeo de 3 segundos por país (Finland (FI)),Visualizaciones de vídeo de 3 segundos por país (US Virgin Islands (VI)),Visualizaciones de vídeo de 3 segundos por país (Bosnia and Herzegovina (BA)),Visualizaciones de vídeo de 3 segundos por país (Georgia (GE)),Visualizaciones de vídeo de 3 segundos por país (Côte d'Ivoire (CI)),identificador de la publicación,Descripción,Tipo de subtítulo,Enlace permanente,Es una publicación cruzada,Se ha compartido,Tipo de publicación,Idiomas,"Estado ""Contenido financiado""",Visualizaciones,Total de clics,Otros clics,Consumo de segmentación de la audiencia coincidente (Photo Click),Consumo de segmentación de la audiencia coincidente (Video Click),Clics en el enlace,Visualizaciones de Publicaciones orgánicas,Visualizaciones de Publicaciones promocionadas,Alcance de Publicaciones orgánicas,Alcance de Publicaciones promocionadas,Visualizaciones de vídeo de 3 segundos de Publicaciones orgánicas,Visualizaciones de vídeo de 3 segundos de Publicaciones promocionadas,Ingresos por estrellas estimados (USD),Comentarios negativos de los usuarios,Comentarios negativos únicos de los usuarios,Comentarios negativos de los usuarios: Ocultar todo,Comentarios negativos únicos de los usuarios: Ocultar todo,Comentarios negativos de los usuarios: Ocultar,Comentarios negativos únicos de los usuarios: Ocultar,Visualizaciones de vídeo de 3 segundos por país (Pakistan (PK)),Visualizaciones de vídeo de 3 segundos por país (Armenia (AM)),Visualizaciones de vídeo de 3 segundos por país (South Africa (ZA)),Visualizaciones de vídeo de 3 segundos por país (Croatia (HR)),Visualizaciones de vídeo de 3 segundos por país (Saint Vincent and the Grenadines (VC))
776710268843824.0,,518584978213629,360 Radio Colombia,,78,03/04/2026 13:40,,,Total,288,198,31,4934.582,16.448,194,31,24,13,1,10,3570.625,1311.889,52.068,,23.426589285714,15.390625,4.339,0.0,0.99,0.92,0.73,0.99,0.66,0.53,0.44,0.41,0.4,0.38,0.34,0.32,0.32,0.31,0.28,0.27,0.25,0.25,0.24,0.23,0.22,0.22,0.21,0.21,0.21,0.19,0.18,0.18,0.17,0.16,0.15,0.16,0.16,0.16,0.15,0.15,0.14,0.14,0.14,0.14,0.14,1.0,0.8,0.6,0.63,0.63,0.66,0.7,0.78,1.0,0.79,0.85,0.95,0.99,1.0,1.0,1.0,1.0,1.0,1.0,0.56,0.55,0.55,0.53,0.51,0.51,0.46,0.45,0.44,0.43,0.4,0.38,0.39,0.39,0.39,0.38,0.36,0.35,0.34,0.34,0.34,0.34,0.0,0.0,28.0,38.0,32.0,28.0,17.0,19.0,14.0,7.0,6.0,4.0,,1.0,170.0,12.0,1.0,1.0,1.0,5.0,,,1.0,,,2.0,,,,1.0,,1.0,,,1.0,,,,,,1.0,,1.0,,,,,,,,,,,,,,,,18.0,13.0,,,,,,,,,,,,,,,,,,,,,,,,,,,,,,,,,,,,,,,,,,,,,,,,,,,,,,,,,,,,,,,,,,,,,,,,,,,,,,,,,,,,,
,,100036645439789,360 Radio Colombia,#Economía | El análisis de la federación de comerciantes lanza una alerta sobre la composición del crecimiento económico.,0,03/17/2026 15:06,,,Total,82,0,0,,,0,0,2,1,0,1,0.0,0.0,0.0,0.0,0.0,0.0,0.0,0.0,,,,,,,,,,,,,,,,,,,,,,,,,,,,,,,,,,,,,,,,,,,,,,,,,,,,,,,,,,,,,,,,,,,,,,,,,,,,,,,,,,,,0.0,,,,,,,,,,,,,,,,,,,,,,,,,,,,,,,,,,,,,,,,,,,,,,,,,,,,,,,,,0.0,0.0,0.0,0.0,,,,,,,,,,,,,,,,,,,,,,,,,,,,,,,,,,,,,,,,,,,,,,,,,,,1743565206874977.0,,,https://www.facebook.com/360RadioColombia/posts/pfbid02kicyVsuutwQFkg16BdwhWMHekPNWR685k1bFUp7ryxP9kfWrymrUKtDwpNcwmZjPl,0.0,0.0,Enlaces,,,112.0,0.0,,,,,112.0,0.0,82.0,0.0,0.0,0.0,0.0,0.0,0.0,,,,,,,,,
,,100036645439789,360 Radio Colombia,"#Entretenimiento | Según explicó el propio Silvestre Dangond, la elección de Bogotá como sede principal de su gira 2026 responde a una estrategia de conectividad nacional.",0,03/17/2026 13:38,,,Total,77,0,0,,,0,0,2,1,0,1,0.0,0.0,0.0,0.0,0.0,0.0,0.0,0.0,,,,,,,,,,,,,,,,,,,,,,,,,,,,,,,,,,,,,,,,,,,,,,,,,,,,,,,,,,,,,,,,,,,,,,,,,,,,,,,,,,,,0.0,,,,,,,,,,,,,,,,,,,,,,,,,,,,,,,,,,,,,,,,,,,,,,,,,,,,,,,,,0.0,0.0,0.0,0.0,,,,,,,,,,,,,,,,,,,,,,,,,,,,,,,,,,,,,,,,,,,,,,,,,,,1743524076879090.0,,,https://www.facebook.com/360RadioColombia/posts/pfbid0xXG3mdFDH12Ukt4b6UqBHczEJYw877nuBGhc1hG4aV3JkyeX1gjcnjQdpGF5a7ppl,0.0,0.0,Enlaces,,,100.0,0.0,,,,,100.0,0.0,77.0,0.0,0.0,0.0,0.0,0.0,0.0,,,,,,,,,
,,100036645439789,360 Radio Colombia,"🚗 Vecinos alertan sobre una preocupante modalidad atribuida a algunos repartidores de Rappi: luego de que un conductor les reclamara por omitir una señal de “PARE” en la calle 102 con carrera 19, estos habrían reunido a varias personas para perseguirlo hasta la carrera 19 con calle 109, donde lo interceptaron y causaron graves daños a su vehículo. Denuncias también señalan que este tipo de grupos han agredido en conjunto a mujeres y adultos mayores.",106,03/31/2026 16:40,,,Total,238,168,21,4802.619,20.436,167,21,3,2,1,0,3684.712,1117.907,0.0,0.0,25.407,19.292,0.0,0.0,0.99,0.9,0.83,0.99,0.69,0.6,0.5,0.43,0.4,0.35,0.3,0.27,0.26,0.25,0.24,0.23,0.2,0.2,0.19,0.17,0.16,0.15,0.14,0.13,0.13,0.13,0.11,0.11,0.11,0.11,0.08,0.1,0.08,0.11,0.08,0.08,0.07,0.07,0.06,0.05,0.05,1.0,0.53,0.37,0.39,0.39,0.44,0.46,0.48,1.0,0.51,0.59,0.68,0.76,0.82,0.95,1.0,1.0,1.0,1.0,0.33,0.31,0.29,0.28,0.24,0.25,0.24,0.22,0.22,0.21,0.21,0.15,0.2,0.16,0.21,0.16,0.15,0.14,0.13,0.11,0.1,0.1,0.0,0.0,22.0,32.0,16.0,21.0,18.0,14.0,13.0,9.0,10.0,7.0,2.0,,152.0,6.0,1.0,1.0,1.0,4.0,1.0,1.0,,,,,,,,,,,,1.0,,,,,,,,,,,,,,,,,,,,,,,,,0.0,0.0,0.0,0.0,,,,,,,,,,,,,,,,,,,,,,,,,,,,,,,,,,,,,,,,,,,,,,,,,,,1756273158937515.0,"🚗 Vecinos alertan sobre una preocupante modalidad atribuida a algunos repartidores de Rappi: luego de que un conductor les reclamara por omitir una señal de “PARE” en la calle 102 con carrera 19, estos habrían reunido a varias personas para perseguirlo hasta la carrera 19 con calle 109, donde lo interceptaron y causaron graves daños a su vehículo. Denuncias también señalan que este tipo de grupos han agredido en conjunto a mujeres y adultos mayores.",,https://www.facebook.com/reel/1677696149906342/,1.0,0.0,Vídeos,,,251.0,10.0,10.0,,,,250.0,0.0,238.0,0.0,168.0,0.0,0.0,0.0,0.0,,,,,,,,,
,,100036645439789,360 Radio Colombia,"🇨🇴 Sergio Fajardo, aspirante a la Presidencia, junto a su fórmula vicepresidencial Edna Bonilla, remitieron una comunicación al contralor Carlos Hernán Rodríguez solicitando vigilancia inmediata, preventiva y simultánea sobre el manejo de los recursos provenientes del impuesto al patrimonio, en medio de la emergencia económica declarada por el Gobierno.

“Es inaceptable que los dineros destinados a quienes hoy atraviesan situaciones críticas sean utilizados con fines políticos”, afirmó Fajardo.",85,03/31/2026 16:15,,,Total,273,156,10,3172.253,12.638,156,10,7,3,3,1,3097.896,74.357,0.0,0.0,4.131,13.296,0.0,0.0,1.0,0.92,0.69,1.0,0.58,0.42,0.38,0.31,0.27,0.26,0.24,0.21,0.19,0.18,0.17,0.15,0.14,0.13,0.13,0.11,0.1,0.1,0.09,0.09,0.09,0.09,0.08,0.08,0.06,0.06,0.03,0.04,0.03,0.06,0.03,0.03,0.03,0.02,0.02,0.02,0.02,1.0,0.67,0.41,0.43,0.45,0.49,0.53,0.57,1.0,0.59,0.76,0.84,0.86,1.0,1.0,1.0,1.0,1.0,1.0,0.35,0.33,0.31,0.29,0.29,0.29,0.29,0.27,0.24,0.2,0.2,0.08,0.14,0.1,0.18,0.08,0.08,0.08,0.06,0.06,0.06,0.06,0.0,0.0,26.0,38.0,14.0,22.0,15.0,12.0,10.0,8.0,1.0,5.0,1.0,2.0,146.0,4.0,,1.0,,3.0,,,,,,1.0,,,,,,,,,,,1.0,,,,,,,,,,,,,,,,,,,,,,0.0,0.0,0.0,0.0,,,,,,,,,,,,,,,,,,,,,,,,,,,,,,,,,,,,,,,,,,,,,,,,,,,1756256682272496.0,"🇨🇴 Sergio Fajardo, aspirante a la Presidencia, junto a su fórmula vicepresidencial Edna Bonilla, remitieron una comunicación al contralor Carlos Hernán Rodríguez solicitando vigilancia inmediata, preventiva y simultánea sobre el manejo de los recursos provenientes del impuesto al patrimonio, en medio de la emergencia económica declarada por el Gobierno.

“Es inaceptable que los dineros destinados a quienes hoy atraviesan situaciones críticas sean utilizados con fines políticos”, afirmó Fajardo.",,https://www.facebook.com/reel/1464480685412640/,1.0,0.0,Vídeos,,,275.0,13.0,13.0,,,,275.0,0.0,273.0,0.0,156.0,0.0,0.0,0.0,0.0,,,,,,,,,
,,100036645439789,360 Radio Colombia,"“El debate no debería enfrentarse a las instituciones. En una democracia sólida, la independencia del Banco de la República no es un lujo ni una ocurrencia: es un resguardo para las familias, el ahorro, la inversión y el equilibrio económico”

José Manuel Restrepo, fórmula vicepresidencial de #AbelardoDeLaEspriella.",107,03/31/2026 14:27,,,Total,139,72,5,1287.228,10.817,71,5,8,6,0,2,1152.101,103.481,31.646,0.0,6.899,12.257,3.165,0.0,1.0,0.74,0.54,1.0,0.25,0.21,0.21,0.19,0.18,0.18,0.15,0.15,0.14,0.13,0.11,0.11,0.11,0.1,0.1,0.08,0.08,0.07,0.07,0.07,0.06,0.06,0.06,0.06,0.06,0.06,0.06,0.06,0.06,0.06,0.06,0.06,0.06,0.04,0.04,0.04,0.04,1.0,0.73,0.47,0.47,0.53,0.53,0.53,0.6,1.0,0.67,0.73,0.87,0.87,0.93,1.0,1.0,1.0,1.0,1.0,0.4,0.4,0.33,0.33,0.33,0.27,0.27,0.27,0.27,0.27,0.27,0.27,0.27,0.27,0.27,0.27,0.27,0.27,0.2,0.2,0.2,0.2,0.0,0.0,,,,,,,,,,,,,,,,,,,,,,,,,,,,,,,,,,,,,,,,,,,,,,,,,,,,,,,,,0.0,0.0,0.0,0.0,,,,,,,,,,,,,,,,,,,,,,,,,,,,,,,,,,,,,,,,,,,,,,,,,,,1756203385611159.0,"“El debate no debería enfrentarse a las instituciones. En una democracia sólida, la independencia del Banco de la República no es un lujo ni una ocurrencia: es un resguardo para las familias, el ahorro, la inversión y el equilibrio económico”

José Manuel Restrepo, fórmula vicepresidencial de #AbelardoDeLaEspriella.",,https://www.facebook.com/reel/806063298754917/,1.0,0.0,Vídeos,,,130.0,7.0,7.0,,,,130.0,0.0,139.0,0.0,72.0,0.0,0.0,0.0,0.0,,,,,,,,,
,,100036645439789,360 Radio Colombia,"🗣️ “Ahora el Presidente #Petro sale con que “rompe relaciones” con el Banco de la República.
En democracia, las instituciones son independientes y no están para obedecer los caprichos del presidente. Sus medidas populistas disparan los precios, y por eso el Banco debía actuar para contener la inflación. Atacar la autonomía institucional es el camino  hacia la tiranía”.

Paloma Valencia, candidata presidencial del #CentroDemocrático, sobre la ruptura de las relaciones entre el Gobierno #GustavoPetro y el #BancodelaRepublica.",77,03/31/2026 13:59,,,Total,222,124,14,2516.2,12.039,123,14,19,10,7,2,2299.691,166.226,50.283,0.0,11.082,12.041,16.761,0.0,1.0,0.94,0.71,1.0,0.56,0.42,0.36,0.34,0.31,0.28,0.24,0.23,0.19,0.18,0.18,0.17,0.17,0.17,0.16,0.16,0.15,0.15,0.14,0.14,0.13,0.12,0.12,0.12,0.12,0.12,0.1,0.11,0.11,0.11,0.1,0.1,0.1,0.1,0.1,0.1,0.1,1.0,0.74,0.53,0.55,0.55,0.55,0.58,0.58,1.0,0.63,0.79,0.92,1.0,1.0,1.0,1.0,1.0,1.0,1.0,0.53,0.5,0.47,0.45,0.45,0.42,0.39,0.39,0.39,0.39,0.39,0.34,0.37,0.37,0.37,0.34,0.34,0.34,0.34,0.34,0.34,0.32,0.0,0.0,21.0,31.0,15.0,11.0,10.0,14.0,8.0,10.0,1.0,1.0,,1.0,114.0,6.0,1.0,,,1.0,1.0,,,,,,,,,,,,,,,1.0,,,,,,,,,,,,,,,,,,,,,,,0.0,0.0,0.0,0.0,,,,,,,,,,,,,,,,,,,,,,,,,,,,,,,,,,,,,,,,,,,,,,,,,,,1756189018945929.0,"🗣️ “Ahora el Presidente #Petro sale con que “rompe relaciones” con el Banco de la República.
En democracia, las instituciones son independientes y no están para obedecer los caprichos del presidente. Sus medidas populistas disparan los precios, y por eso el Banco debía actuar para contener la inflación. Atacar la autonomía institucional es el camino  hacia la tiranía”.

Paloma Valencia, candidata presidencial del #CentroDemocrático, sobre la ruptura de las relaciones entre el Gobierno #GustavoPetro y el #BancodelaRepublica.",,https://www.facebook.com/reel/1263089429299949/,1.0,0.0,Vídeos,,,232.0,15.0,15.0,,,,232.0,0.0,222.0,0.0,124.0,0.0,0.0,0.0,0.0,,,,,,,,,
,,100036645439789,360 Radio Colombia,"🏦 El gerente del Banco de la República, Leonardo Villar, salió a respaldar la gestión del Emisor frente al impacto en el costo de vida, luego de que el ministro de Hacienda, Germán Ávila, anunciara su retiro indefinido de la junta directiva.

Según Villar, antes de la Constitución de 1991 el país registraba niveles de inflación que oscilaban entre el 20 % y el 30 %, mientras que con la independencia del banco central se ha logrado una reducción significativa y sostenida en ese indicador.",101,03/31/2026 13:28,,,Total,192,88,8,1843.756,9.359,86,8,17,12,4,1,1701.063,142.693,0.0,0.0,3.319,11.046,0.0,0.0,1.0,0.72,0.43,0.99,0.33,0.3,0.27,0.23,0.19,0.17,0.16,0.16,0.16,0.16,0.15,0.14,0.14,0.13,0.13,0.13,0.13,0.13,0.09,0.09,0.09,0.09,0.09,0.09,0.08,0.06,0.06,0.06,0.06,0.06,0.06,0.06,0.06,0.06,0.06,0.06,0.06,1.0,0.58,0.46,0.46,0.5,0.5,0.54,0.58,1.0,0.58,0.58,0.63,0.71,0.83,1.0,1.0,1.0,1.0,1.0,0.46,0.46,0.46,0.33,0.33,0.33,0.33,0.33,0.33,0.29,0.21,0.21,0.21,0.21,0.21,0.21,0.21,0.21,0.21,0.21,0.21,0.21,0.0,0.0,,,,,,,,,,,,,,,,,,,,,,,,,,,,,,,,,,,,,,,,,,,,,,,,,,,,,,,,,0.0,0.0,0.0,0.0,,,,,,,,,,,,,,,,,,,,,,,,,,,,,,,,,,,,,,,,,,,,,,,,,,,1756172548947576.0,"🏦 El gerente del Banco de la República, Leonardo Villar, salió a respaldar la gestión del Emisor frente al impacto en el costo de vida, luego de que el ministro de Hacienda, Germán Ávila, anunciara su retiro indefinido de la junta directiva.

Según Villar, antes de la Constitución de 1991 el país registraba niveles de inflación que oscilaban entre el 20 % y el 30 %, mientras que con la independencia del banco central se ha logrado una reducción significativa y sostenida en ese indicador.",,https://www.facebook.com/reel/1678946449939975/,1.0,0.0,Vídeos,,,215.0,18.0,18.0,,,,215.0,0.0,192.0,0.0,88.0,0.0,0.0,0.0,0.0,,,,,,,,,
,,100036645439789,360 Radio Colombia,"🚨 Cayó alias ‘El Apóstol’, señalado de terrorismo y extorsión por el ataque con granada en Kennedy; el joven de 21 años fue ubicado mientras se ocultaba en Santander.",57,03/31/2026 12:30,,,Total,237,141,0,2366.823,10.957,140,0,8,6,0,2,1792.962,572.74,1.121,0.0,10.607,11.137,1.121,0.0,1.0,1.0,0.87,1.0,0.72,0.6,0.53,0.45,0.35,0.3,0.25,0.24,0.23,0.22,0.22,0.22,0.22,0.2,0.18,0.17,0.16,0.16,0.15,0.15,0.13,0.13,0.13,0.13,0.11,0.11,0.09,0.1,0.09,0.11,0.09,0.09,0.09,0.07,0.07,0.06,0.06,1.0,1.0,0.76,0.82,0.91,0.91,0.91,0.91,1.0,0.94,1.0,1.0,1.0,1.0,1.0,1.0,1.0,1.0,1.0,0.71,0.68,0.68,0.62,0.62,0.56,0.56,0.53,0.53,0.47,0.47,0.35,0.41,0.38,0.47,0.35,0.35,0.35,0.29,0.29,0.26,0.24,0.0,0.0,17.0,30.0,10.0,24.0,16.0,12.0,5.0,12.0,7.0,5.0,,1.0,134.0,6.0,1.0,,,,,,,,,,,,,,,,,,,,,,,,,,,,,,,,,,,,,,,,,,0.0,0.0,0.0,0.0,,,,,,,,,,,,,,,,,,,,,,,,,,,,,,,,,,,,,,,,,,,,,,,,,,,1756138918950939.0,"🚨 Cayó alias ‘El Apóstol’, señalado de terrorismo y extorsión por el ataque con granada en Kennedy; el joven de 21 años fue ubicado mientras se ocultaba en Santander.",,https://www.facebook.com/reel/1288107216587773/,1.0,0.0,Vídeos,,,232.0,2.0,2.0,,,,231.0,0.0,237.0,0.0,141.0,0.0,0.0,0.0,0.0,,,,,,,,,
,,100036645439789,360 Radio Colombia,"🗣️ “El mandato constitucional es explícito, proteger el poder adquisitivo de la moneda. El único miembro de la junta que tiene un jefe es el Ministro de Hacienda, quien responde al presidente. Todos los miembros de la junta actúan de cara al país”. 

El gerente del Banco de la República responde al Gobierno Nacional tras la ruptura de relaciones.",87,03/31/2026 12:27,,,Total,654,386,77,11581.07,18.441,385,77,23,17,4,2,8034.067,3260.857,286.146,0.0,13.044,22.825,11.006,0.0,1.0,0.86,0.69,1.0,0.57,0.5,0.45,0.42,0.4,0.38,0.35,0.34,0.33,0.32,0.3,0.29,0.29,0.27,0.27,0.26,0.25,0.24,0.23,0.23,0.23,0.22,0.21,0.2,0.2,0.19,0.18,0.19,0.18,0.19,0.18,0.18,0.17,0.17,0.17,0.16,0.16,1.0,0.8,0.64,0.65,0.67,0.69,0.72,0.75,1.0,0.79,0.83,0.91,0.94,0.99,1.0,1.0,1.0,1.0,1.0,0.63,0.6,0.56,0.55,0.54,0.53,0.52,0.5,0.48,0.47,0.45,0.42,0.44,0.43,0.44,0.42,0.42,0.41,0.41,0.4,0.39,0.39,0.0,0.0,69.0,84.0,40.0,59.0,49.0,24.0,27.0,11.0,8.0,6.0,1.0,3.0,346.0,24.0,,1.0,1.0,7.0,2.0,,1.0,,,,,,,,,1.0,,,,,,,1.0,,,,,,1.0,,,,,1.0,,,,,,,,,0.0,0.0,0.0,0.0,,,,,,,,,,,,,,,,,,,,,,,,,,,,,,,,,,,,,,,,,,,,,,,,,,,1756137212284443.0,"🗣️ “El mandato constitucional es explícito, proteger el poder adquisitivo de la moneda. El único miembro de la junta que tiene un jefe es el Ministro de Hacienda, quien responde al presidente. Todos los miembros de la junta actúan de cara al país”. 

El gerente del Banco de la República responde al Gobierno Nacional tras la ruptura de relaciones.",,https://www.facebook.com/reel/931793046487982/,1.0,0.0,Vídeos,,,686.0,21.0,21.0,,,,685.0,0.0,654.0,0.0,386.0,0.0,0.0,0.0,0.0,,,,,,,,,
,,100036645439789,360 Radio Colombia,"😡 Un hombre que se hacía pasar por vendedor ambulante intentó atacar con un destornillador a un pasajero en un bus del SITP, luego de que le reclamaran por colarse sin pagar; la intervención de otro usuario evitó una tragedia.",52,03/31/2026 12:00,,,Total,486,284,0,6792.963,14.422,280,0,9,4,4,1,3575.003,3099.334,118.626,0.0,11.608,17.965,23.726,0.0,1.0,1.0,0.95,1.0,0.86,0.75,0.66,0.61,0.54,0.5,0.45,0.42,0.4,0.39,0.38,0.38,0.37,0.37,0.36,0.35,0.35,0.33,0.32,0.32,0.32,0.32,0.31,0.3,0.28,0.27,0.21,0.24,0.23,0.25,0.21,0.2,0.19,0.19,0.18,0.18,0.17,1.0,1.0,0.89,0.91,0.92,0.94,0.94,0.96,1.0,0.99,1.0,1.0,1.0,1.0,1.0,1.0,1.0,1.0,1.0,0.87,0.86,0.82,0.81,0.8,0.8,0.79,0.77,0.75,0.7,0.68,0.53,0.6,0.56,0.62,0.52,0.51,0.48,0.47,0.46,0.45,0.43,0.0,0.0,23.0,39.0,26.0,32.0,44.0,17.0,30.0,16.0,20.0,21.0,7.0,5.0,258.0,12.0,4.0,1.0,1.0,4.0,1.0,,1.0,,,,,,,,,1.0,,,,,,1.0,,,,,,,,,,,,,,,,,,,,,0.0,0.0,0.0,0.0,,,,,,,,,,,,,,,,,,,,,,,,,,,,,,,,,,,,,,,,,,,,,,,,,,,1756122345619263.0,"😡 Un hombre que se hacía pasar por vendedor ambulante intentó atacar con un destornillador a un pasajero en un bus del SITP, luego de que le reclamaran por colarse sin pagar; la intervención de otro usuario evitó una tragedia.",,https://www.facebook.com/reel/1640140083896273/,1.0,0.0,Vídeos,,,530.0,12.0,12.0,,,,530.0,0.0,486.0,0.0,284.0,0.0,0.0,0.0,0.0,,,,,,,,,
,,100036645439789,360 Radio Colombia,"👀 Se viraliza video que mostraría a colombianos combatiendo en México junto al CJNG, en medio de la violenta arremetida tras operativos contra “El Mencho”.",31,03/31/2026 11:30,,,Total,3113,2211,0,38497.28,12.362,2184,0,21,18,1,2,6133.193,31363.145,1000.942,0.0,12.003,13.63,19.627,0.0,1.0,1.0,1.0,1.0,0.95,0.89,0.82,0.76,0.69,0.61,0.56,0.5,0.49,0.46,0.43,0.39,0.37,0.36,0.35,0.33,0.31,0.3,0.29,0.28,0.27,0.26,0.26,0.25,0.25,0.24,,0.21,0.2,0.22,,,,,,,,1.0,1.0,0.92,0.95,1.0,1.0,1.0,1.0,1.0,1.0,1.0,1.0,1.0,1.0,1.0,1.0,1.0,1.0,1.0,0.87,0.84,0.8,0.77,0.74,0.71,0.7,0.69,0.67,0.66,0.63,,0.56,0.53,0.6,,,,,,,,0.0,0.01,269.0,481.0,39.0,505.0,454.0,64.0,219.0,52.0,38.0,32.0,4.0,27.0,2075.0,74.0,9.0,5.0,2.0,23.0,1.0,1.0,,,1.0,4.0,,,1.0,1.0,,5.0,2.0,,,1.0,,,1.0,,1.0,,,,,,,,,,,,,,,,,,0.0,0.0,0.0,0.0,1.0,,1.0,,,,,,,,,,,,1.0,,,,1.0,,,,,,,,,,,,,,,,,,,,,,,,,,,,,,,,1756105175620980.0,"👀 Se viraliza video que mostraría a colombianos combatiendo en México junto al CJNG, en medio de la violenta arremetida tras operativos contra “El Mencho”.",,https://www.facebook.com/reel/962585626190681/,1.0,0.0,Vídeos,,,3686.0,44.0,44.0,,,,3685.0,0.0,3113.0,0.0,2211.0,0.0,0.0,0.0,0.0,,,,,,,,,
,,100036645439789,360 Radio Colombia,"😮 Impactante video: deportista logra un majestuoso encuentro con un cóndor de los Andes en Puracé, una escena única que reaviva el llamado urgente a proteger esta especie en peligro crítico en #Colombia.",28,03/31/2026 11:30,,,Total,2258,1425,0,21687.193,9.478,1396,0,57,52,1,4,2655.317,18735.187,296.689,0.0,9.243,11.802,8.242,0.0,1.0,1.0,1.0,1.0,0.91,0.82,0.76,0.68,0.62,0.58,0.52,0.46,0.42,0.37,0.33,0.31,0.29,0.27,0.25,0.24,0.22,0.2,0.2,0.18,0.18,0.17,0.16,0.15,0.14,,,,,,,,,,,,,1.0,1.0,0.81,0.87,0.95,1.0,1.0,1.0,1.0,1.0,1.0,1.0,1.0,1.0,1.0,1.0,1.0,1.0,1.0,0.78,0.72,0.67,0.65,0.6,0.58,0.56,0.52,0.49,0.45,,,,,,,,,,,,,0.0,0.0,159.0,262.0,39.0,257.0,273.0,62.0,143.0,70.0,57.0,50.0,6.0,25.0,1314.0,48.0,9.0,9.0,5.0,14.0,3.0,1.0,,,2.0,4.0,2.0,,,,,3.0,1.0,2.0,,1.0,,,1.0,1.0,1.0,,1.0,,,,2.0,,,,,,,,,1.0,,,0.0,0.0,0.0,0.0,,,,,,,,,,,,,,,,,,,,,,,,,,,,,,,,,,,,,,,,,,,,,,,,,,,1756105182287646.0,"😮 Impactante video: deportista logra un majestuoso encuentro con un cóndor de los Andes en Puracé, una escena única que reaviva el llamado urgente a proteger esta especie en peligro crítico en #Colombia.",,https://www.facebook.com/reel/1362591755599814/,1.0,0.0,Vídeos,,,2612.0,23.0,23.0,,,,2612.0,0.0,2258.0,0.0,1425.0,0.0,0.0,0.0,0.0,,,,,,,,,
,,100036645439789,360 Radio Colombia,"🚨 El ministro de Hacienda, Germán Ávila, manifestó su desacuerdo con la decisión respaldada por cuatro miembros de la Junta del Banco de la República de aumentar en 100 puntos básicos la tasa de interés.",0,03/31/2026 11:25,,,Total,34964,0,0,,,0,0,50,22,25,3,0.0,0.0,0.0,0.0,0.0,0.0,0.0,0.0,,,,,,,,,,,,,,,,,,,,,,,,,,,,,,,,,,,,,,,,,,,,,,,,,,,,,,,,,,,,,,,,,,,,,,,,,,,,,,,,,,,,0.96,,,,,,,,,,,,,,,,,,,,,,,,,,,,,,,,,,,,,,,,,,,,,,,,,,,,,,,,,0.0,0.0,0.0,0.0,,,,,,,,,,,,,,,,,,,,,,,,,,,,,,,,,,,,,,,,,,,,,,,,,,,1756102775621220.0,,,https://www.facebook.com/360RadioColombia/posts/pfbid0byT5DuphymUrFBoQVA5WuTjsSh5TXVSudCqkVEobGXwxo77wz5eEE3XSNR9F4Eh2l,0.0,0.0,Fotos,,,14866.0,514.0,301.0,213.0,,,14866.0,0.0,34964.0,0.0,0.0,0.0,0.0,0.0,0.0,,,,,,,,,
,,100036645439789,360 Radio Colombia,"🚨 El Gobierno de Gustavo #Petro tomó la decisión de cortar vínculos con el Banco de la República luego de que, por mayoría, se aprobara un aumento de 100 puntos básicos en las tasas de interés. En respuesta, el Ministerio de Hacienda anunció que se aparta de manera indefinida de la junta del Emisor.",46,03/31/2026 11:07,,,Total,254,139,0,1711.174,7.041,137,0,2,2,0,0,885.378,825.796,0.0,0.0,6.257,7.977,0.0,0.0,0.99,0.99,0.95,0.99,0.78,0.63,0.54,0.43,0.38,0.37,0.32,0.3,0.28,0.27,0.24,0.23,0.22,0.2,0.18,0.17,0.12,0.11,0.09,0.07,0.06,0.06,0.04,0.04,0.03,0.03,0.01,0.01,0.01,0.02,0.01,0.01,0.01,0.01,0.0,0.0,0.0,1.0,1.0,0.69,0.78,0.83,0.89,0.94,1.0,1.0,1.0,1.0,1.0,1.0,1.0,1.0,1.0,1.0,1.0,1.0,0.64,0.47,0.42,0.36,0.28,0.25,0.22,0.17,0.14,0.11,0.11,0.03,0.03,0.03,0.08,0.03,0.03,0.03,0.03,0.0,0.0,0.0,0.0,0.0,18.0,29.0,8.0,25.0,22.0,9.0,11.0,6.0,4.0,4.0,,1.0,131.0,3.0,,,,2.0,,,,,,,,,,,,,,,,,,,,1.0,2.0,,,,,,,,,,,,,,,,,,0.0,0.0,0.0,0.0,,,,,,,,,,,,,,,,,,,,,,,,,,,,,,,,,,,,,,,,,,,,,,,,,,,1756093165622181.0,"🚨 El Gobierno de Gustavo #Petro tomó la decisión de cortar vínculos con el Banco de la República luego de que, por mayoría, se aprobara un aumento de 100 puntos básicos en las tasas de interés. En respuesta, el Ministerio de Hacienda anunció que se aparta de manera indefinida de la junta del Emisor.",,https://www.facebook.com/reel/1701513531213972/,1.0,0.0,Vídeos,,,252.0,2.0,2.0,,,,252.0,0.0,254.0,0.0,139.0,0.0,0.0,0.0,0.0,,,,,,,,,
,,100036645439789,360 Radio Colombia,"El precio del ACPM en Colombia vuelve al centro del debate tras la propuesta del Gobierno de modificar su fórmula de cálculo, en medio de un creciente desfase frente a los precios internacionales que hoy presiona fuertemente las finanzas públicas.

Actualmente, el diésel mantiene un subsidio significativo —con una brecha de miles de pesos frente al valor real—, lo que ha generado un alto costo fiscal y abre la puerta a ajustes que impactarían directamente el transporte y la inflación.

De concretarse los cambios, el país podría enfrentar incrementos graduales en el precio del ACPM, una decisión sensible que pondría a prueba el equilibrio entre sostenibilidad fiscal y el impacto en el bolsillo de millones de colombianos.",0,03/31/2026 11:01,,,Total,456,0,0,,,0,0,2,0,1,1,0.0,0.0,0.0,0.0,0.0,0.0,0.0,0.0,,,,,,,,,,,,,,,,,,,,,,,,,,,,,,,,,,,,,,,,,,,,,,,,,,,,,,,,,,,,,,,,,,,,,,,,,,,,,,,,,,,,0.0,,,,,,,,,,,,,,,,,,,,,,,,,,,,,,,,,,,,,,,,,,,,,,,,,,,,,,,,,0.0,0.0,0.0,0.0,,,,,,,,,,,,,,,,,,,,,,,,,,,,,,,,,,,,,,,,,,,,,,,,,,,1756089392289225.0,,,https://www.facebook.com/360RadioColombia/posts/pfbid02QHoPT8nz1hxGSU2syzPcPLUbGPF63CgZK1gee3Evcq3qv78Who4BCzJzZRjRjxh4l,0.0,0.0,Fotos,,,490.0,3.0,3.0,,,,490.0,0.0,456.0,0.0,0.0,0.0,0.0,0.0,0.0,,,,,,,,,
,,100036645439789,360 Radio Colombia,"Alias “Iván Mordisco” estaría herido y en fuga tras un bombardeo de las Fuerzas Militares en Vaupés, lo que desató un intenso cerco en la selva para intentar capturar al jefe de las disidencias de las Farc.

Aunque el operativo dejó varios disidentes muertos, las autoridades confirmaron que el cabecilla no se encuentra entre los cuerpos recuperados y seguiría en movimiento, aumentando la tensión en la región.

El Gobierno intensificó las operaciones militares en la zona, considerando a “Mordisco” como uno de los criminales más buscados del país, en medio de una ofensiva clave para debilitar su estructura armada.",0,03/31/2026 10:25,,,Total,907,0,0,,,0,0,7,4,2,1,0.0,0.0,0.0,0.0,0.0,0.0,0.0,0.0,,,,,,,,,,,,,,,,,,,,,,,,,,,,,,,,,,,,,,,,,,,,,,,,,,,,,,,,,,,,,,,,,,,,,,,,,,,,,,,,,,,,0.0,,,,,,,,,,,,,,,,,,,,,,,,,,,,,,,,,,,,,,,,,,,,,,,,,,,,,,,,,0.0,0.0,0.0,0.0,,,,,,,,,,,,,,,,,,,,,,,,,,,,,,,,,,,,,,,,,,,,,,,,,,,1756067375624760.0,,,https://www.facebook.com/360RadioColombia/posts/pfbid08rH7vUsCpJViQ2waCuGxyTJaf7igc7LX2cv3HnsaFgH2jjwDFSBgpEJYrQt7tfkKl,0.0,0.0,Fotos,,,1130.0,19.0,11.0,8.0,,,1130.0,0.0,907.0,0.0,0.0,0.0,0.0,0.0,0.0,,,,,,,,,
,,100036645439789,360 Radio Colombia,"El senador Iván Cepeda anunció que interpondrá acciones legales contra el concejal de Medellín Andrés Felipe Rodríguez, conocido como “El Gury”, tras una fuerte confrontación que desató acusaciones de hostigamiento y conducta violenta.

La polémica surgió luego de la difusión de un video en el que el concejal aparece con un bate, lo que llevó a Cepeda a señalarlo de incitar a la violencia y afectar la dignidad de la función pública.

El caso escalará a instancias judiciales, en medio de un ambiente político tenso en Medellín, donde el enfrentamiento entre ambos ha generado fuertes reacciones y mayor polarización.",0,03/31/2026 10:00,,,Total,2535,0,0,,,0,0,111,37,72,2,0.0,0.0,0.0,0.0,0.0,0.0,0.0,0.0,,,,,,,,,,,,,,,,,,,,,,,,,,,,,,,,,,,,,,,,,,,,,,,,,,,,,,,,,,,,,,,,,,,,,,,,,,,,,,,,,,,,0.06,,,,,,,,,,,,,,,,,,,,,,,,,,,,,,,,,,,,,,,,,,,,,,,,,,,,,,,,,0.0,0.0,0.0,0.0,,,,,,,,,,,,,,,,,,,,,,,,,,,,,,,,,,,,,,,,,,,,,,,,,,,1756051428959688.0,,,https://www.facebook.com/360RadioColombia/posts/pfbid02oAbSaai2cp7x3roGpTso6f5PmXEV1PT7j7MYe4ediKhepDGdFNN5NKN18KwARd7pl,0.0,0.0,Fotos,,,2702.0,154.0,133.0,21.0,,,2702.0,0.0,2535.0,0.0,0.0,0.0,0.0,0.0,0.0,,,,,,,,,
,,100036645439789,360 Radio Colombia,"El presidente Gustavo #Petro solicitó la salida del jefe de la Fuerza Aérea tras un fuerte enfrentamiento por el accidente de una aeronave militar que dejó 69 uniformados fallecidos, un hecho que sacudió al país y generó conmoción nacional.

La controversia se intensificó por las versiones encontradas sobre las causas del siniestro, lo que llevó al mandatario a cuestionar el manejo de la situación dentro de la institución y a exigir responsabilidades en la cúpula militar.

El episodio ha abierto una nueva tensión entre el Gobierno y las Fuerzas Armadas, mientras avanzan las investigaciones para esclarecer lo ocurrido y determinar si hubo fallas que pudieron evitar la tragedia.",0,03/31/2026 09:22,,,Total,6063,0,0,,,0,0,123,45,64,14,0.0,0.0,0.0,0.0,0.0,0.0,0.0,0.0,,,,,,,,,,,,,,,,,,,,,,,,,,,,,,,,,,,,,,,,,,,,,,,,,,,,,,,,,,,,,,,,,,,,,,,,,,,,,,,,,,,,0.13,,,,,,,,,,,,,,,,,,,,,,,,,,,,,,,,,,,,,,,,,,,,,,,,,,,,,,,,,0.0,0.0,0.0,0.0,,,,,,,,,,,,,,,,,,,,,,,,,,,,,,,,,,,,,,,,,,,,,,,,,,,1756027418962089.0,,,https://www.facebook.com/360RadioColombia/posts/pfbid02JaEoFqRDUyVd72orXHu5UhujzHyqfMeg5nCd3pS2f7H15XVLWFUqdp3Vky4gQBoJl,0.0,0.0,Fotos,,,8513.0,293.0,236.0,57.0,,,8513.0,0.0,6063.0,0.0,0.0,0.0,0.0,0.0,0.0,,,,,,,,,
,,100036645439789,360 Radio Colombia,"El desempleo en Colombia bajó a 9,2% en febrero, marcando su nivel más bajo para este mes desde 2001 y reflejando una mejora en el mercado laboral impulsada por la creación de más de 600.000 empleos frente al año anterior.

El repunte estuvo liderado por sectores como actividades profesionales y el sector público, mientras el empleo formal tomó protagonismo con la mayoría de nuevos puestos, contrastando con la caída en trabajos informales y por cuenta propia.

Sin embargo, persisten retos estructurales: la brecha de género sigue marcada —con mayor desempleo en mujeres— y sectores como agricultura y transporte registraron pérdidas, evidenciando que la recuperación aún es desigual.",0,03/31/2026 08:50,,,Total,527,0,0,,,0,0,24,10,13,1,0.0,0.0,0.0,0.0,0.0,0.0,0.0,0.0,,,,,,,,,,,,,,,,,,,,,,,,,,,,,,,,,,,,,,,,,,,,,,,,,,,,,,,,,,,,,,,,,,,,,,,,,,,,,,,,,,,,0.0,,,,,,,,,,,,,,,,,,,,,,,,,,,,,,,,,,,,,,,,,,,,,,,,,,,,,,,,,0.0,0.0,0.0,0.0,,,,,,,,,,,,,,,,,,,,,,,,,,,,,,,,,,,,,,,,,,,,,,,,,,,1756005715630926.0,,,https://www.facebook.com/360RadioColombia/posts/pfbid0268aUFNVNypLtCccmXPtbdDAyxTCYkscN1tUi9vQLMJ6t4CVXNn3DzhF2uczr8Xs5l,0.0,0.0,Fotos,,,600.0,26.0,23.0,3.0,,,600.0,0.0,527.0,0.0,0.0,0.0,0.0,0.0,0.0,,,,,,,,,
,,100036645439789,360 Radio Colombia,"👀 El humorista Iván Marín alertó sobre un insólito método de hurto del que fue víctima en Bogotá, tras salir de un concierto. Según relató, un hombre simuló sufrir una crisis para abalanzarse sobre él, generar desconcierto y permitir que otros cómplices aprovecharan el momento para robarle.

Ante lo ocurrido, el comediante hizo un llamado a la ciudadanía a no bajar la guardia frente a este tipo de maniobras. Recomendó tomar distancia de inmediato si alguien invade el espacio personal o finge una emergencia en medio de aglomeraciones, pues sería una estrategia de distracción que estaría ganando terreno en la ciudad.",104,03/30/2026 12:53,,,Total,216,96,27,3366.161,16.029,96,27,4,3,0,1,2745.458,618.406,2.297,0.0,12.126,17.377,2.297,0.0,1.0,0.81,0.68,1.0,0.6,0.57,0.46,0.38,0.38,0.36,0.36,0.35,0.33,0.31,0.31,0.31,0.31,0.31,0.31,0.3,0.29,0.29,0.29,0.28,0.28,0.28,0.28,0.28,0.26,0.24,0.1,0.14,0.11,0.2,0.1,0.1,0.08,0.08,0.08,0.07,0.06,1.0,0.77,0.68,0.68,0.68,0.68,0.68,0.68,1.0,0.73,0.8,0.8,0.82,0.82,1.0,1.0,1.0,1.0,1.0,0.66,0.64,0.64,0.64,0.61,0.61,0.61,0.61,0.61,0.57,0.52,0.23,0.3,0.25,0.43,0.23,0.23,0.18,0.18,0.18,0.16,0.14,0.0,0.0,,,,,,,,,,,,,,,,,,,,,,,,,,,,,,,,,,,,,,,,,,,,,,,,,,,,,,,,,0.0,0.0,0.0,0.0,,,,,,,,,,,,,,,,,,,,,,,,,,,,,,,,,,,,,,,,,,,,,,,,,,,1755335059031325.0,"👀 El humorista Iván Marín alertó sobre un insólito método de hurto del que fue víctima en Bogotá, tras salir de un concierto. Según relató, un hombre simuló sufrir una crisis para abalanzarse sobre él, generar desconcierto y permitir que otros cómplices aprovecharan el momento para robarle.

Ante lo ocurrido, el comediante hizo un llamado a la ciudadanía a no bajar la guardia frente a este tipo de maniobras. Recomendó tomar distancia de inmediato si alguien invade el espacio personal o finge una emergencia en medio de aglomeraciones, pues sería una estrategia de distracción que estaría ganando terreno en la ciudad.",,https://www.facebook.com/reel/1679627403392671/,1.0,0.0,Vídeos,,,221.0,2.0,2.0,,,,220.0,0.0,216.0,0.0,96.0,0.0,0.0,0.0,0.0,,,,,,,,,
,,100036645439789,360 Radio Colombia,"🗣️ “Inicia la Semana Santa, un tiempo de reflexión, oración y recogimiento en familia. Recordemos el respeto y la importancia de vivir estos días sin divisiones. Porque en Dios vamos a encontrar el camino para sacar a Colombia adelante”

Paloma Valencia, candidata presidencial del Centro Democrático, sobre la Semana Mayor.",35,03/30/2026 10:49,,,Total,233,115,0,1300.977,5.94,114,0,15,9,6,0,1067.222,233.755,0.0,0.0,5.195,6.134,0.0,0.0,1.0,1.0,1.0,1.0,0.86,0.7,0.52,0.4,0.33,0.3,0.27,0.25,0.23,0.2,0.17,0.17,0.16,0.16,0.16,0.15,0.15,0.14,0.14,0.1,0.1,0.1,0.1,0.1,0.1,0.1,0.08,0.1,0.09,0.1,0.08,0.08,0.07,,,,,1.0,1.0,1.0,1.0,1.0,1.0,1.0,1.0,1.0,1.0,1.0,1.0,1.0,1.0,1.0,1.0,1.0,1.0,1.0,0.94,0.94,0.89,0.89,0.61,0.61,0.61,0.61,0.61,0.61,0.61,0.5,0.61,0.56,0.61,0.5,0.5,0.44,,,,,0.0,0.0,17.0,26.0,15.0,10.0,18.0,7.0,11.0,3.0,3.0,2.0,1.0,1.0,110.0,2.0,,,,2.0,,,,,,,,,1.0,,,,,,,,,,,,,,,,,,,,,,,,,,,,,,0.0,0.0,0.0,0.0,,,,,,,,,,,,,,,,,,,,,,,,,,,,,,,,,,,,,,,,,,,,,,,,,,,1755261919038639.0,"🗣️ “Inicia la Semana Santa, un tiempo de reflexión, oración y recogimiento en familia. Recordemos el respeto y la importancia de vivir estos días sin divisiones. Porque en Dios vamos a encontrar el camino para sacar a Colombia adelante”

Paloma Valencia, candidata presidencial del Centro Democrático, sobre la Semana Mayor.",,https://www.facebook.com/reel/4193031751011085/,1.0,0.0,Vídeos,,,238.0,6.0,6.0,,,,236.0,0.0,233.0,0.0,115.0,0.0,0.0,0.0,0.0,,,,,,,,,
,,100036645439789,360 Radio Colombia,"🗣️ “El cinismo de Petro no tiene límites. Ahora resulta que nuestros resultados son de él; de ese nivel es la pobreza de su mandato. Que quede claro que la reducción de la jornada laboral y la ampliación de la licencia de maternidad son logros del Centro Democrático”.

Paloma Valencia, candidata presidencial del Centro Democrático, sobre esta declaración del Presidente Petro.",16,03/30/2026 10:36,,,Total,494,293,0,4213.575,9.598,293,0,17,8,6,3,3996.323,214.888,2.364,0.0,4.776,10.195,1.182,0.0,1.0,1.0,1.0,1.0,0.94,0.83,0.77,0.74,0.68,0.61,0.57,0.52,0.48,0.46,0.43,0.41,0.39,,,,,,,,,,,,,,,,,,,,,,,,,1.0,1.0,,,0.97,1.0,1.0,1.0,1.0,1.0,1.0,1.0,1.0,1.0,1.0,1.0,1.0,1.0,1.0,,,,,,,,,,,,,,,,,,,,,,,0.0,0.0,51.0,57.0,38.0,31.0,19.0,38.0,21.0,14.0,7.0,9.0,1.0,3.0,270.0,13.0,6.0,,,3.0,,,,,,,,,,,,1.0,,,,,,,,,,,,,,,,,,,,,,,,,,,0.0,0.0,0.0,0.0,,,,,,,,,,,,,,,,,,,,,,,,,,,,,,,,,,,,,,,,,,,,,,,,,,,1755254392372725.0,"🗣️ “El cinismo de Petro no tiene límites. Ahora resulta que nuestros resultados son de él; de ese nivel es la pobreza de su mandato. Que quede claro que la reducción de la jornada laboral y la ampliación de la licencia de maternidad son logros del Centro Democrático”.

Paloma Valencia, candidata presidencial del Centro Democrático, sobre esta declaración del Presidente Petro.",,https://www.facebook.com/reel/965969612677586/,1.0,0.0,Vídeos,,,593.0,18.0,18.0,,,,590.0,0.0,494.0,0.0,293.0,0.0,0.0,0.0,0.0,,,,,,,,,
,,100036645439789,360 Radio Colombia,"⚽️🇨🇴 La derrota de la Selección Colombia, 3-1 a manos de su similar de Francia, ha dejado reacciones de todo tipo. Estas son algunas de las percepciones internacionales que dejó el equipo de todos.",0,03/30/2026 09:15,,,Total,188,0,0,,,0,0,2,1,0,1,0.0,0.0,0.0,0.0,0.0,0.0,0.0,0.0,,,,,,,,,,,,,,,,,,,,,,,,,,,,,,,,,,,,,,,,,,,,,,,,,,,,,,,,,,,,,,,,,,,,,,,,,,,,,,,,,,,,0.0,,,,,,,,,,,,,,,,,,,,,,,,,,,,,,,,,,,,,,,,,,,,,,,,,,,,,,,,,0.0,0.0,0.0,0.0,,,,,,,,,,,,,,,,,,,,,,,,,,,,,,,,,,,,,,,,,,,,,,,,,,,1755202022377962.0,,,https://www.facebook.com/360RadioColombia/posts/pfbid0cpV86uhWpQWY6k2MpcJoXU2s6C5cXUevdjC7riZDuq7bAhrpdCXx43iNU5KUVqJQl,0.0,0.0,Fotos,,,259.0,1.0,,1.0,,,259.0,0.0,188.0,0.0,0.0,0.0,0.0,0.0,0.0,,,,,,,,,
,,100036645439789,360 Radio Colombia,"🗣️ “No te estamos pidiendo que pienses igual. Te pedimos que sumemos, aún por encima de las diferencias y así poder construir una Colombia más grande: una Colombia donde quepamos todos. Escribamos juntos la página en blanco del futuro”.

🇨🇴 Paloma Valencia, candidata presidencial, y su fórmula vicepresidencial, Juan Daniel Oviedo",66,03/30/2026 08:41,,,Total,173,58,3,1071.681,7.004,58,3,2,1,0,1,532.749,536.941,1.991,0.0,8.015,6.343,0.996,0.0,1.0,0.97,0.72,1.0,0.55,0.47,0.43,0.41,0.38,0.33,0.28,0.28,0.26,0.26,0.24,0.24,0.24,0.24,0.19,0.19,0.16,0.14,0.14,0.12,0.12,0.1,0.09,0.09,0.09,0.07,0.07,0.07,0.07,0.07,0.05,0.05,0.05,0.05,0.05,0.05,0.05,1.0,0.89,0.61,0.78,0.78,0.78,0.78,0.83,1.0,0.83,0.89,1.0,1.0,1.0,1.0,1.0,1.0,1.0,1.0,0.61,0.5,0.44,0.44,0.39,0.39,0.33,0.28,0.28,0.28,0.22,0.22,0.22,0.22,0.22,0.17,0.17,0.17,0.17,0.17,0.17,0.17,0.0,0.0,,,,,,,,,,,,,,,,,,,,,,,,,,,,,,,,,,,,,,,,,,,,,,,,,,,,,,,,,0.0,0.0,0.0,0.0,,,,,,,,,,,,,,,,,,,,,,,,,,,,,,,,,,,,,,,,,,,,,,,,,,,1755180625713435.0,"🗣️ “No te estamos pidiendo que pienses igual. Te pedimos que sumemos, aún por encima de las diferencias y así poder construir una Colombia más grande: una Colombia donde quepamos todos. Escribamos juntos la página en blanco del futuro”.

🇨🇴 Paloma Valencia, candidata presidencial, y su fórmula vicepresidencial, Juan Daniel Oviedo",,https://www.facebook.com/reel/885238884566026/,1.0,0.0,Vídeos,,,161.0,0.0,,,,,161.0,0.0,173.0,0.0,58.0,0.0,0.0,0.0,0.0,,,,,,,,,
,,100036645439789,360 Radio Colombia,"🇨🇴 Irene Vélez, ministra de Ambiente, anunció apertura de proceso sancionatorio contra Hidroituango",0,03/30/2026 07:12,,,Total,237,0,0,,,0,0,7,4,1,2,0.0,0.0,0.0,0.0,0.0,0.0,0.0,0.0,,,,,,,,,,,,,,,,,,,,,,,,,,,,,,,,,,,,,,,,,,,,,,,,,,,,,,,,,,,,,,,,,,,,,,,,,,,,,,,,,,,,0.0,,,,,,,,,,,,,,,,,,,,,,,,,,,,,,,,,,,,,,,,,,,,,,,,,,,,,,,,,0.0,0.0,0.0,0.0,,,,,,,,,,,,,,,,,,,,,,,,,,,,,,,,,,,,,,,,,,,,,,,,,,,1755121992385965.0,,,https://www.facebook.com/360RadioColombia/posts/pfbid02wy9jkpTJuWQuTZwsrbXMy84gzrsCNfzzJeJbozZ7isi4T6NKYnPzN6MiBHtKR6LSl,0.0,0.0,Fotos,,,319.0,5.0,5.0,,,,319.0,0.0,237.0,0.0,0.0,0.0,0.0,0.0,0.0,,,,,,,,,
,,100036645439789,360 Radio Colombia,"😡 El candidato presidencial Miguel #Uribe Londoño anunció que llevará el caso ante la Comisión Interamericana de Derechos Humanos tras denunciar un supuesto plan para atentar contra fiscales que investigan el magnicidio de Miguel Uribe Turbay.

Según advirtió, existirían ofrecimientos millonarios para atacar a los investigadores, señalando a la Segunda Marquetalia como responsable de un intento por frenar la justicia.

Ante esto, exigió reforzar de forma urgente la seguridad de fiscales, investigadores y sus familias frente a la gravedad de las amenazas.",42,03/30/2026 06:30,,,Total,1648,734,0,14239.618,8.822,711,0,66,44,8,14,1671.348,12526.49,41.78,0.0,8.91,8.797,2.322,0.0,1.0,1.0,0.98,1.0,0.91,0.81,0.75,0.68,0.63,0.56,0.52,0.47,0.43,0.4,0.38,0.36,0.34,0.33,0.32,0.3,0.29,0.28,0.28,0.27,0.25,0.24,0.23,0.23,0.22,0.22,0.19,0.2,0.2,0.21,0.18,0.17,0.16,0.16,0.16,0.15,0.13,1.0,1.0,0.86,0.89,0.92,0.96,1.0,1.0,1.0,1.0,1.0,1.0,1.0,1.0,1.0,1.0,1.0,1.0,1.0,0.8,0.77,0.76,0.74,0.72,0.68,0.64,0.63,0.62,0.6,0.59,0.5,0.54,0.53,0.57,0.47,0.46,0.44,0.43,0.42,0.4,0.35,0.0,0.0,134.0,159.0,59.0,127.0,92.0,48.0,42.0,26.0,18.0,4.0,2.0,8.0,664.0,29.0,4.0,2.0,2.0,15.0,,1.0,,1.0,,6.0,,,1.0,1.0,,1.0,,,,1.0,,,,1.0,,,,,,1.0,,,,1.0,,,1.0,,,,,1.0,0.0,0.0,0.0,0.0,,,,,,1.0,,,,,,,,,,,,,,,,,,,,,,,,,,,,,,,,,,,,,,,,,,,,,1755093582388806.0,"😡 El candidato presidencial Miguel #Uribe Londoño anunció que llevará el caso ante la Comisión Interamericana de Derechos Humanos tras denunciar un supuesto plan para atentar contra fiscales que investigan el magnicidio de Miguel Uribe Turbay.

Según advirtió, existirían ofrecimientos millonarios para atacar a los investigadores, señalando a la Segunda Marquetalia como responsable de un intento por frenar la justicia.

Ante esto, exigió reforzar de forma urgente la seguridad de fiscales, investigadores y sus familias frente a la gravedad de las amenazas.",,https://www.facebook.com/reel/1737978230909635/,1.0,0.0,Vídeos,,,1810.0,20.0,20.0,,,,1801.0,0.0,1648.0,0.0,734.0,0.0,0.0,0.0,0.0,,,,,,,,,
,,100036645439789,360 Radio Colombia,"🕊️ Con ceremonia militar, fueron repatriados a Nariño los cuerpos de los soldados profesionales Arnulfo Gildardo Montanchez y Alexis Muñoz Cerón Deimer, fallecidos en un accidente aéreo en Puerto Leguízamo, en el Bajo Putumayo.",76,03/30/2026 05:53,,,Total,315,177,3,2447.319,6.356,175,3,15,12,2,1,728.879,1718.44,0.0,0.0,6.16,6.877,0.0,0.0,0.99,0.84,0.64,0.99,0.5,0.41,0.32,0.25,0.19,0.19,0.12,0.11,0.1,0.08,0.09,0.08,0.07,0.07,0.05,0.05,0.05,0.05,0.05,0.05,0.04,0.03,0.04,0.03,0.03,0.03,0.02,0.02,0.02,0.02,0.03,0.02,0.02,0.02,0.03,0.02,0.02,1.0,0.59,0.24,0.38,0.38,0.41,0.47,0.44,1.0,0.5,0.62,0.97,0.97,0.97,0.97,0.97,0.97,1.0,1.0,0.26,0.24,0.24,0.24,0.24,0.21,0.18,0.21,0.18,0.18,0.15,0.09,0.09,0.09,0.09,0.12,0.12,0.09,0.09,0.09,0.09,0.06,0.0,0.0,16.0,16.0,12.0,20.0,27.0,12.0,21.0,15.0,15.0,12.0,3.0,8.0,161.0,7.0,2.0,,,,1.0,,,,,,3.0,,,,,1.0,,2.0,,,,,,,,,,,,,,,,,,,,,,,,,0.0,0.0,0.0,0.0,,,,,,,,,,,,,,,,,,,,,,,,,,,,,,,,,,,,,,,,,,,,,,,,,,,1755066589058172.0,"🕊️ Con ceremonia militar, fueron repatriados a Nariño los cuerpos de los soldados profesionales Arnulfo Gildardo Montanchez y Alexis Muñoz Cerón Deimer, fallecidos en un accidente aéreo en Puerto Leguízamo, en el Bajo Putumayo.",,https://www.facebook.com/reel/917472040894226/,1.0,0.0,Vídeos,,,409.0,3.0,3.0,,,,409.0,0.0,315.0,0.0,177.0,0.0,0.0,0.0,0.0,,,,,,,,,
,,100036645439789,360 Radio Colombia,"🗣️ “Al país le digo que no deje de creer”.

🇨🇴 Luis Díaz, jugador de la Selección #Colombia",86,03/29/2026 18:59,,,Total,140,68,5,1177.204,9.728,67,5,4,2,1,1,1131.035,36.458,9.711,0.0,12.153,9.836,3.237,0.0,1.0,0.74,0.5,1.0,0.46,0.32,0.26,0.24,0.18,0.16,0.16,0.16,0.15,0.13,0.13,0.13,0.13,0.12,0.12,0.12,0.12,0.12,0.12,0.12,0.1,0.1,0.1,0.09,0.07,0.07,0.06,0.06,0.06,0.07,0.06,0.06,0.06,0.06,0.06,0.06,0.06,1.0,0.69,0.5,0.5,0.56,0.56,0.56,0.56,1.0,0.63,0.69,0.69,0.75,1.0,1.0,1.0,1.0,1.0,1.0,0.5,0.5,0.5,0.5,0.5,0.44,0.44,0.44,0.38,0.31,0.31,0.25,0.25,0.25,0.31,0.25,0.25,0.25,0.25,0.25,0.25,0.25,0.0,0.0,,,,,,,,,,,,,,,,,,,,,,,,,,,,,,,,,,,,,,,,,,,,,,,,,,,,,,,,,0.0,0.0,0.0,0.0,,,,,,,,,,,,,,,,,,,,,,,,,,,,,,,,,,,,,,,,,,,,,,,,,,,1754682719096559.0,"🗣️ “Al país le digo que no deje de creer”.

🇨🇴 Luis Díaz, jugador de la Selección #Colombia",,https://www.facebook.com/reel/1251902487116800/,1.0,0.0,Vídeos,,,129.0,6.0,6.0,,,,128.0,0.0,140.0,0.0,68.0,0.0,0.0,0.0,0.0,,,,,,,,,
,,100036645439789,360 Radio Colombia,"🗣️ “No estuvimos a la altura, pero son amistosos, nos queda corregir porque en el campeonato los podemos volver a enfrentar”

🇨🇴 Jefferson Lerma, mediocampista de la Selección #Colombia",168,03/29/2026 17:56,,,Total,147,91,9,2270.156,16.57,88,9,2,1,0,1,2212.62,56.344,1.192,0.0,4.335,17.989,1.192,0.0,0.9,0.55,0.4,1.0,0.32,0.27,0.23,0.21,0.18,0.16,0.14,0.13,0.11,0.1,0.1,0.1,0.09,0.09,0.09,0.07,0.07,0.07,0.05,0.05,0.05,0.05,0.05,0.05,0.05,0.04,0.04,0.04,0.04,0.04,0.04,0.04,0.04,0.04,0.04,0.04,0.04,1.0,0.38,0.25,0.25,0.25,0.28,0.28,0.28,1.0,0.31,0.41,0.47,0.5,0.59,0.66,0.78,0.91,1.0,1.0,0.19,0.19,0.19,0.16,0.16,0.16,0.16,0.16,0.16,0.16,0.13,0.13,0.13,0.13,0.13,0.13,0.13,0.13,0.13,0.13,0.13,0.13,0.0,0.0,,,,,,,,,,,,,,,,,,,,,,,,,,,,,,,,,,,,,,,,,,,,,,,,,,,,,,,,,0.0,0.0,0.0,0.0,,,,,,,,,,,,,,,,,,,,,,,,,,,,,,,,,,,,,,,,,,,,,,,,,,,1754652335766264.0,"🗣️ “No estuvimos a la altura, pero son amistosos, nos queda corregir porque en el campeonato los podemos volver a enfrentar”

🇨🇴 Jefferson Lerma, mediocampista de la Selección #Colombia",,https://www.facebook.com/reel/1274714777938258/,1.0,0.0,Vídeos,,,143.0,2.0,2.0,,,,143.0,0.0,147.0,0.0,91.0,0.0,0.0,0.0,0.0,,,,,,,,,
,,100036645439789,360 Radio Colombia,"🗣️ “Estoy con toda la fuerza y la fe para lo que viene. El grupo está muy fuerte. Contra Croacia merecimos empatar o ganar, Francia nos superó, pero les llegamos muchas veces. De pronto debemos mejorar la parte defensiva”

🇨🇴 Néstor Lorenzo, director técnico de la Selección #Colombia.",50,03/29/2026 17:19,,,Total,193,87,0,1545.837,8.783,83,0,3,0,3,0,1539.254,6.583,0.0,0.0,1.098,9.055,0.0,0.0,1.0,1.0,0.93,1.0,0.84,0.72,0.64,0.55,0.47,0.41,0.37,0.33,0.32,0.32,0.31,0.29,0.24,0.23,0.22,0.22,0.21,0.18,0.18,0.18,0.17,0.17,0.17,0.17,0.16,0.16,0.13,0.14,0.13,0.14,0.13,0.13,0.13,0.13,0.13,0.13,0.13,1.0,1.0,0.68,0.71,0.75,0.89,0.96,1.0,1.0,1.0,1.0,1.0,1.0,1.0,1.0,1.0,1.0,1.0,1.0,0.68,0.64,0.57,0.57,0.57,0.54,0.54,0.54,0.54,0.5,0.5,0.39,0.43,0.39,0.43,0.39,0.39,0.39,0.39,0.39,0.39,0.39,0.0,0.0,,,,,,,,,,,,,,,,,,,,,,,,,,,,,,,,,,,,,,,,,,,,,,,,,,,,,,,,,0.0,0.0,0.0,0.0,,,,,,,,,,,,,,,,,,,,,,,,,,,,,,,,,,,,,,,,,,,,,,,,,,,1754635079101323.0,"🗣️ “Estoy con toda la fuerza y la fe para lo que viene. El grupo está muy fuerte. Contra Croacia merecimos empatar o ganar, Francia nos superó, pero les llegamos muchas veces. De pronto debemos mejorar la parte defensiva”

🇨🇴 Néstor Lorenzo, director técnico de la Selección #Colombia.",,https://www.facebook.com/reel/1245466983962904/,1.0,0.0,Vídeos,,,187.0,9.0,9.0,,,,187.0,0.0,193.0,0.0,87.0,0.0,0.0,0.0,0.0,,,,,,,,,
,,100036645439789,360 Radio Colombia,⚽️🇨🇴 Así calentaba el 7 del equipo de todos para enfrentar a Francia.,19,03/29/2026 14:15,,,Total,98,38,0,572.362,6.289,36,0,1,1,0,0,569.463,2.899,0.0,0.0,2.899,6.328,0.0,0.0,1.0,1.0,1.0,1.0,0.95,0.89,0.82,0.76,0.68,0.55,0.45,0.39,0.39,0.39,0.39,0.39,0.37,0.34,0.34,0.34,0.29,,,,,,,,,,,,,,,,,,,,,1.0,1.0,0.93,0.93,1.0,1.0,1.0,1.0,1.0,1.0,1.0,1.0,1.0,1.0,1.0,1.0,1.0,1.0,1.0,0.93,0.79,,,,,,,,,,,,,,,,,,,,,0.0,0.0,,,,,,,,,,,,,,,,,,,,,,,,,,,,,,,,,,,,,,,,,,,,,,,,,,,,,,,,,0.0,0.0,0.0,0.0,,,,,,,,,,,,,,,,,,,,,,,,,,,,,,,,,,,,,,,,,,,,,,,,,,,1754554315776066.0,⚽️🇨🇴 Así calentaba el 7 del equipo de todos para enfrentar a Francia.,,https://www.facebook.com/reel/908565308670128/,1.0,0.0,Vídeos,,,107.0,1.0,1.0,,,,107.0,0.0,98.0,0.0,38.0,0.0,0.0,0.0,0.0,,,,,,,,,
,,100036645439789,360 Radio Colombia,"#Mundo l Desde clásicos como Super Mario Bros. hasta fenómenos globales como Fortnite, la industria de los videojuegos ha demostrado que entretener también puede ser un negocio multimillonario.

💰 Títulos como Pokémon, Call of Duty y Grand Theft Auto no solo marcaron generaciones, sino que se convirtieron en verdaderas máquinas de hacer dinero gracias a su impacto global y constante evolución.

🚀 Hoy, el gaming no es solo diversión: es una de las industrias más poderosas del mundo, donde cada lanzamiento puede mover millones y definir tendencias culturales. ¿Cuál de estos juegos has jugado?",0,03/29/2026 13:25,,,Total,132,0,0,,,0,0,2,0,0,2,0.0,0.0,0.0,0.0,0.0,0.0,0.0,0.0,,,,,,,,,,,,,,,,,,,,,,,,,,,,,,,,,,,,,,,,,,,,,,,,,,,,,,,,,,,,,,,,,,,,,,,,,,,,,,,,,,,,0.0,,,,,,,,,,,,,,,,,,,,,,,,,,,,,,,,,,,,,,,,,,,,,,,,,,,,,,,,,0.0,0.0,0.0,0.0,,,,,,,,,,,,,,,,,,,,,,,,,,,,,,,,,,,,,,,,,,,,,,,,,,,1754527059112125.0,,,https://www.facebook.com/360RadioColombia/posts/pfbid0wL8WTLVscomTye4uMnJbdno2qUed686bV68q8D4UdXTYxeg2mCZWYzownNHpvc54l,0.0,0.0,Fotos,,,178.0,2.0,,2.0,,,178.0,0.0,132.0,0.0,0.0,0.0,0.0,0.0,0.0,,,,,,,,,
,,100036645439789,360 Radio Colombia,"🔪 Un hombre decidió encarar a un presunto delincuente que le habría hurtado su iPhone, pero la situación dio un giro cuando otro sujeto intervino y lo agredió. Finalmente, ambos implicados escaparon del lugar mientras varias personas observaban lo ocurrido.",65,03/29/2026 12:30,,,Total,1852,1384,469,54529.631,31.213,1357,464,12,10,0,2,52893.485,976.113,660.033,0.0,22.701,31.447,30.002,0.0,1.0,0.99,0.95,1.0,0.9,0.85,0.81,0.76,0.72,0.68,0.64,0.6,0.56,0.54,0.51,0.49,0.46,0.44,0.42,0.41,0.41,0.4,0.39,0.38,0.37,0.37,0.36,0.36,0.36,0.36,0.36,0.36,0.36,0.36,0.36,0.36,0.35,0.35,0.35,0.34,0.34,1.0,0.91,0.64,0.67,0.7,0.74,0.77,0.81,1.0,0.84,0.97,1.0,1.0,1.0,1.0,1.0,1.0,1.0,1.0,0.62,0.62,0.6,0.58,0.57,0.56,0.55,0.55,0.55,0.55,0.55,0.55,0.55,0.55,0.55,0.54,0.54,0.53,0.52,0.52,0.52,0.51,0.0,0.02,174.0,258.0,105.0,184.0,172.0,127.0,122.0,83.0,70.0,56.0,7.0,11.0,1218.0,77.0,15.0,7.0,2.0,30.0,4.0,,1.0,,1.0,3.0,2.0,,1.0,1.0,,7.0,1.0,,,1.0,1.0,,2.0,,1.0,,1.0,,2.0,1.0,,,,1.0,,,,,,1.0,,,0.0,0.0,0.0,0.0,,,,,,,,,,1.0,,,,,,,,,,,1.0,,1.0,,,,,,,,,,,,,,,,,,,,,,,,,,,,1754498045781693.0,"🔪 Un hombre decidió encarar a un presunto delincuente que le habría hurtado su iPhone, pero la situación dio un giro cuando otro sujeto intervino y lo agredió. Finalmente, ambos implicados escaparon del lugar mientras varias personas observaban lo ocurrido.",,https://www.facebook.com/reel/1469228781657509/,1.0,0.0,Vídeos,,,2206.0,254.0,254.0,,,,2197.0,0.0,1852.0,0.0,1384.0,0.0,0.0,0.0,0.0,,,,,,,,,
,,100036645439789,360 Radio Colombia,"🚗 Así fue el instante en que un carro terminó impactando contra una vivienda en el conjunto El Laguito de Ruitoque, en Floridablanca. El propietario del vehículo señaló a la empresa de seguridad como responsable, al asegurar que dejaron salir el automóvil sin su autorización.",41,03/29/2026 12:00,,,Total,396,271,0,4749.982,12.632,268,0,2,1,0,1,4344.564,397.513,7.905,0.0,8.113,13.41,2.635,0.0,1.0,1.0,1.0,1.0,0.94,0.89,0.82,0.73,0.68,0.59,0.51,0.45,0.41,0.37,0.33,0.31,0.29,0.28,0.27,0.25,0.25,0.24,0.24,0.23,0.23,0.23,0.22,0.22,0.21,0.21,0.19,0.2,0.2,0.2,0.19,0.19,0.18,0.18,0.17,0.16,0.15,1.0,1.0,0.82,0.86,0.89,0.95,1.0,1.0,1.0,1.0,1.0,1.0,1.0,1.0,1.0,1.0,1.0,1.0,1.0,0.78,0.76,0.75,0.73,0.7,0.7,0.69,0.68,0.68,0.64,0.64,0.58,0.63,0.61,0.63,0.58,0.58,0.57,0.56,0.53,0.5,0.45,0.0,0.0,26.0,45.0,24.0,37.0,43.0,24.0,16.0,24.0,17.0,12.0,1.0,1.0,244.0,18.0,2.0,2.0,,1.0,,,1.0,,,1.0,,,,,,,1.0,,,,,,,,,,,,,,,,,,,,,,,1.0,,,0.0,0.0,0.0,0.0,,,,,,,,,,,,,,,,,,,,,,,,,,,,,,,,,,,,,,,,,,,,,,,,,,,1754476289117202.0,"🚗 Así fue el instante en que un carro terminó impactando contra una vivienda en el conjunto El Laguito de Ruitoque, en Floridablanca. El propietario del vehículo señaló a la empresa de seguridad como responsable, al asegurar que dejaron salir el automóvil sin su autorización.",,https://www.facebook.com/reel/925989260400110/,1.0,0.0,Vídeos,,,428.0,12.0,12.0,,,,428.0,0.0,396.0,0.0,271.0,0.0,0.0,0.0,0.0,,,,,,,,,
,,100036645439789,360 Radio Colombia,"🥺 Un video de un señor disfrazado del #ChavoDel8, triste, tomando cerveza y fumando un cigarrillo le da la vuelta al mundo.",26,03/29/2026 11:30,,,Total,451,317,0,4269.077,9.18,316,0,11,11,0,0,3338.761,930.316,0.0,0.0,6.081,10.702,0.0,0.0,1.0,1.0,1.0,1.0,0.96,0.91,0.84,0.79,0.71,0.64,0.59,0.52,0.5,0.44,0.37,0.34,0.32,0.29,0.26,0.24,0.22,0.2,0.18,0.15,0.13,0.12,0.11,0.11,0.1,,,,,,,,,,,,,1.0,1.0,0.88,0.99,1.0,1.0,1.0,1.0,1.0,1.0,1.0,1.0,1.0,1.0,1.0,1.0,1.0,1.0,1.0,0.82,0.76,0.67,0.61,0.52,0.45,0.4,0.37,0.36,0.35,,,,,,,,,,,,,0.0,0.0,16.0,35.0,21.0,44.0,45.0,27.0,38.0,26.0,32.0,14.0,4.0,10.0,258.0,13.0,6.0,18.0,1.0,3.0,3.0,,1.0,,3.0,3.0,,,,,,2.0,,2.0,,,,,,,1.0,,1.0,,1.0,1.0,,,,,,,,,,,,,0.0,0.0,0.0,0.0,,,,,,,,,,,,,,,,,,,,,,,,,,,,,,,,,,,,,,,,,,,,,,,,,,,1754458429118988.0,"🥺 Un video de un señor disfrazado del #ChavoDel8, triste, tomando cerveza y fumando un cigarrillo le da la vuelta al mundo.",,https://www.facebook.com/reel/1699303857724976/,1.0,0.0,Vídeos,,,518.0,4.0,4.0,,,,517.0,0.0,451.0,0.0,317.0,0.0,0.0,0.0,0.0,,,,,,,,,
,,100036645439789,360 Radio Colombia,"⚽️🇨🇴 Luis Díaz, jugador de la Selección #Colombia, y una jugada llena de calidad y talento que efectuó ante Croacia.",14,03/29/2026 11:00,,,Total,420,213,0,3280.422,8.201,212,0,2,2,0,0,1466.451,1813.971,0.0,0.0,7.786,8.782,0.0,0.0,1.0,1.0,1.0,1.0,0.99,0.91,0.78,0.71,0.64,0.55,0.51,0.48,0.46,0.45,0.43,0.39,0.38,,,,,,,,,,,,,,,,,,,,,,,,,1.0,1.0,,,0.96,1.0,1.0,1.0,1.0,1.0,1.0,1.0,1.0,1.0,1.0,1.0,1.0,1.0,1.0,,,,,,,,,,,,,,,,,,,,,,,0.0,0.0,16.0,37.0,7.0,39.0,45.0,4.0,41.0,3.0,8.0,3.0,1.0,6.0,194.0,4.0,3.0,2.0,2.0,3.0,,,,,1.0,1.0,,,,,,1.0,,,,,,,,,,,1.0,,,,,,,,,,,,,,,,0.0,0.0,0.0,0.0,,,,,,,,,,,,,,,,,,,,,,,,,,1.0,,,,,,,,,,,,,,,,,,,,,,,,,1754439535787544.0,"⚽️🇨🇴 Luis Díaz, jugador de la Selección #Colombia, y una jugada llena de calidad y talento que efectuó ante Croacia.",,https://www.facebook.com/reel/1585081856106672/,1.0,0.0,Vídeos,,,537.0,3.0,3.0,,,,537.0,0.0,420.0,0.0,213.0,0.0,0.0,0.0,0.0,,,,,,,,,
,,100036645439789,360 Radio Colombia,"🗣️ “Le tenemos un respeto enorme #Falcao, aquí las puertas están abiertas para todos”.

🇨🇴 Santiago Arias, lateral de la Selección #Colombia.",31,03/29/2026 10:30,,,Total,215,103,0,1266.61,6.495,103,0,3,3,0,0,295.264,971.346,0.0,0.0,7.589,4.407,0.0,0.0,1.0,1.0,1.0,1.0,0.96,0.82,0.73,0.62,0.54,0.49,0.4,0.36,0.31,0.3,0.25,0.22,0.22,0.2,0.18,0.16,0.14,0.13,0.12,0.09,0.08,0.08,0.08,0.06,0.04,0.04,,0.03,0.03,0.04,,,,,,,,1.0,1.0,0.83,0.91,1.0,1.0,1.0,1.0,1.0,1.0,1.0,1.0,1.0,1.0,1.0,1.0,1.0,1.0,1.0,0.7,0.61,0.57,0.52,0.39,0.35,0.35,0.35,0.26,0.17,0.17,,0.13,0.13,0.17,,,,,,,,0.0,0.0,10.0,16.0,5.0,16.0,21.0,7.0,16.0,2.0,3.0,1.0,,2.0,89.0,8.0,,,,1.0,2.0,,,1.0,,,,,,,,1.0,,,,1.0,,,,,,,,,,,,,,,,,,,,,,,0.0,0.0,0.0,0.0,,,,,,,,,,,,,,,,,,,,,,,,,,,,,,,,,,,,,,,,,,,,,,,,,,,1754420875789410.0,"🗣️ “Le tenemos un respeto enorme #Falcao, aquí las puertas están abiertas para todos”.

🇨🇴 Santiago Arias, lateral de la Selección #Colombia.",,https://www.facebook.com/reel/2248661959275089/,1.0,0.0,Vídeos,,,205.0,3.0,3.0,,,,205.0,0.0,215.0,0.0,103.0,0.0,0.0,0.0,0.0,,,,,,,,,
,,100036645439789,360 Radio Colombia,"😡 En redes sociales están difundiendo el caso de una mujer extranjera señalada de usar a su hijo para cometer robos mediante distracción. El hecho habría ocurrido en un establecimiento del sector Bosa Piamonte, en #Bogotá.",90,03/29/2026 10:05,,,Total,687,452,57,11435.058,16.266,444,57,12,7,0,5,3623.405,5788.354,2023.299,0.0,14.729,18.209,18.228,0.0,1.0,0.87,0.68,1.0,0.56,0.47,0.44,0.4,0.35,0.32,0.3,0.28,0.27,0.25,0.25,0.23,0.22,0.22,0.21,0.21,0.21,0.18,0.17,0.17,0.16,0.15,0.14,0.13,0.12,0.12,0.11,0.11,0.11,0.11,0.11,0.1,0.1,0.1,0.09,0.09,0.08,0.99,0.69,0.52,0.53,0.55,0.56,0.6,0.62,0.99,0.65,0.74,0.79,0.85,0.97,1.0,1.0,1.0,1.0,1.0,0.52,0.5,0.44,0.42,0.41,0.38,0.36,0.34,0.31,0.29,0.29,0.26,0.26,0.26,0.27,0.26,0.25,0.25,0.24,0.22,0.21,0.19,0.0,0.0,19.0,69.0,29.0,33.0,55.0,62.0,24.0,43.0,73.0,30.0,7.0,5.0,396.0,26.0,8.0,3.0,,8.0,,,,,1.0,,,,,,,4.0,,,,1.0,,1.0,,1.0,,,2.0,,,,1.0,,,,,,,,,,,,0.0,0.0,0.0,0.0,,,,,,,,,,,,,,,,,,,,,,,,,,,,,,,,,,,,,,,,,,,,,,,,,,,1754402719124559.0,"😡 En redes sociales están difundiendo el caso de una mujer extranjera señalada de usar a su hijo para cometer robos mediante distracción. El hecho habría ocurrido en un establecimiento del sector Bosa Piamonte, en #Bogotá.",,https://www.facebook.com/reel/911663308362673/,1.0,0.0,Vídeos,,,755.0,31.0,31.0,,,,752.0,0.0,687.0,0.0,452.0,0.0,0.0,0.0,0.0,,,,,,,,,
,,100036645439789,360 Radio Colombia,"📹 Hacia el mediodía del 25 de marzo, en la avenida NQS con calle 1A, en la localidad de Los Mártires, se registró un caso de intolerancia entre dos hombres que terminó en una riña. El enfrentamiento quedó grabado en video por un ciudadano, y hasta el momento se desconocen las causas del altercado.",20,03/29/2026 09:30,,,Total,91057,63105,0,1240074.69,14.871,60869,0,405,376,19,10,12550.273,1226040.868,1483.549,0.0,14.882,14.714,10.232,0.0,1.0,1.0,1.0,1.0,1.0,0.95,0.9,0.9,0.86,0.81,0.77,0.74,0.7,0.7,0.67,0.65,0.63,0.61,0.58,0.58,0.56,0.55,0.54,0.53,0.51,,,,,,,,,,,,,,,,,1.0,1.0,1.0,1.0,1.0,1.0,1.0,1.0,1.0,1.0,1.0,1.0,1.0,1.0,1.0,1.0,1.0,1.0,1.0,1.0,0.96,0.94,0.92,0.9,0.87,,,,,,,,,,,,,,,,,0.0,0.18,5582.0,13722.0,1334.0,16301.0,10479.0,2956.0,4430.0,3513.0,2371.0,1174.0,191.0,554.0,57043.0,1024.0,1928.0,191.0,583.0,951.0,173.0,31.0,22.0,40.0,36.0,62.0,108.0,,23.0,9.0,34.0,225.0,8.0,56.0,12.0,25.0,8.0,8.0,71.0,45.0,18.0,7.0,145.0,,46.0,6.0,12.0,,,24.0,,,,5.0,,31.0,,,0.0,0.0,0.0,0.0,21.0,,,3.0,2.0,5.0,,,,,,,8.0,3.0,,,,,5.0,,,3.0,,3.0,,,,3.0,2.0,,,,,,,,,,,,,,,,,,,,,,1754378289127002.0,"📹 Hacia el mediodía del 25 de marzo, en la avenida NQS con calle 1A, en la localidad de Los Mártires, se registró un caso de intolerancia entre dos hombres que terminó en una riña. El enfrentamiento quedó grabado en video por un ciudadano, y hasta el momento se desconocen las causas del altercado.",,https://www.facebook.com/reel/1259231119685057/,1.0,0.0,Vídeos,,,122451.0,3327.0,3327.0,,,,122312.0,0.0,91057.0,0.0,63105.0,0.0,0.0,0.0,0.0,,,,,,,,,
,,100036645439789,360 Radio Colombia,"#Educación l Países como Japón, Corea del Sur y Estonia lideran el ranking global de desempeño académico, demostrando que la educación sigue siendo un pilar clave para el desarrollo.

🌍 El listado también incluye a Canadá, Irlanda y Suiza, naciones que han apostado por sistemas educativos sólidos, innovación y acceso equitativo al aprendizaje.

🚀 Desde Australia hasta Reino Unido, el mensaje es claro: invertir en educación transforma sociedades. ¿Qué crees que le falta a tu país para estar en este ranking?",0,03/28/2026 16:05,,,Total,377,0,0,,,0,0,5,3,0,2,0.0,0.0,0.0,0.0,0.0,0.0,0.0,0.0,,,,,,,,,,,,,,,,,,,,,,,,,,,,,,,,,,,,,,,,,,,,,,,,,,,,,,,,,,,,,,,,,,,,,,,,,,,,,,,,,,,,0.0,,,,,,,,,,,,,,,,,,,,,,,,,,,,,,,,,,,,,,,,,,,,,,,,,,,,,,,,,0.0,0.0,0.0,0.0,,,,,,,,,,,,,,,,,,,,,,,,,,,,,,,,,,,,,,,,,,,,,,,,,,,1753734152524749.0,,,https://www.facebook.com/360RadioColombia/posts/pfbid0HLAJ5JC8C7JmmyXNyLSNov9CgMKDCcTfSgKigxCxUkxhXQySceVXyQcXw72Ss4Kfl,0.0,0.0,Fotos,,,479.0,5.0,1.0,4.0,,,479.0,0.0,377.0,0.0,0.0,0.0,0.0,0.0,0.0,,,,,,,,,
,,100036645439789,360 Radio Colombia,"#Opinión | Una crisis multinivel compleja de maniobrar: El FEPC, inflación de costos y el déficit fiscal

Por: Andrés David Rico Salazar",0,03/28/2026 15:04,,,Total,78,0,0,,,0,0,1,0,0,1,0.0,0.0,0.0,0.0,0.0,0.0,0.0,0.0,,,,,,,,,,,,,,,,,,,,,,,,,,,,,,,,,,,,,,,,,,,,,,,,,,,,,,,,,,,,,,,,,,,,,,,,,,,,,,,,,,,,0.0,,,,,,,,,,,,,,,,,,,,,,,,,,,,,,,,,,,,,,,,,,,,,,,,,,,,,,,,,0.0,0.0,0.0,0.0,,,,,,,,,,,,,,,,,,,,,,,,,,,,,,,,,,,,,,,,,,,,,,,,,,,1753704139194417.0,,,https://www.facebook.com/360RadioColombia/posts/pfbid0nsT2wz7aJ2XHqViNchN5BsU3jxTB5UTrEEjQKjY9ajo56SbiAx8PWRgxtN5swgYGl,0.0,0.0,Enlaces,,,122.0,0.0,,,,,122.0,0.0,78.0,0.0,0.0,0.0,0.0,0.0,0.0,,,,,,,,,
,,100036645439789,360 Radio Colombia,"#Entretenimiento | Mañana, Bogotá será testigo de un nuevo capítulo en la bitácora de una leyenda que se niega a guardar silencio en el panorama musical.",0,03/27/2026 17:33,,,Total,67,0,0,,,0,0,0,0,0,0,0.0,0.0,0.0,0.0,0.0,0.0,0.0,0.0,,,,,,,,,,,,,,,,,,,,,,,,,,,,,,,,,,,,,,,,,,,,,,,,,,,,,,,,,,,,,,,,,,,,,,,,,,,,,,,,,,,,0.0,,,,,,,,,,,,,,,,,,,,,,,,,,,,,,,,,,,,,,,,,,,,,,,,,,,,,,,,,0.0,0.0,0.0,0.0,,,,,,,,,,,,,,,,,,,,,,,,,,,,,,,,,,,,,,,,,,,,,,,,,,,1752887645942733.0,,,https://www.facebook.com/360RadioColombia/posts/pfbid02M53uRLZGfXh6oejy9113viVXCbsEX4cZw9whx1zd6FhYPgqxim5QigBJ5gpPCG97l,0.0,0.0,Enlaces,,,90.0,0.0,,,,,90.0,0.0,67.0,0.0,0.0,0.0,0.0,0.0,0.0,,,,,,,,,
,,100036645439789,360 Radio Colombia,"#Mundo | La frase ""Cuba es el siguiente"" encendió las alarmas en los círculos diplomáticos internacionales.",0,03/27/2026 17:06,,,Total,117,0,0,,,0,0,3,2,0,1,0.0,0.0,0.0,0.0,0.0,0.0,0.0,0.0,,,,,,,,,,,,,,,,,,,,,,,,,,,,,,,,,,,,,,,,,,,,,,,,,,,,,,,,,,,,,,,,,,,,,,,,,,,,,,,,,,,,0.0,,,,,,,,,,,,,,,,,,,,,,,,,,,,,,,,,,,,,,,,,,,,,,,,,,,,,,,,,0.0,0.0,0.0,0.0,,,,,,,,,,,,,,,,,,,,,,,,,,,,,,,,,,,,,,,,,,,,,,,,,,,1752874015944096.0,,,https://www.facebook.com/360RadioColombia/posts/pfbid02SgVocXJm3VPvnM6Ejc2NtHJETzdRVpNSJhv5uTkeYjUvrcehgcjReadfTUMnuZKHl,0.0,0.0,Enlaces,,,180.0,0.0,,,,,180.0,0.0,117.0,0.0,0.0,0.0,0.0,0.0,0.0,,,,,,,,,
,,100036645439789,360 Radio Colombia,#Cultura | Los datos confirman que más de un tercio de la producción editorial nacional posee una identidad nativa digital.,0,03/27/2026 16:42,,,Total,50,0,0,,,0,0,0,0,0,0,0.0,0.0,0.0,0.0,0.0,0.0,0.0,0.0,,,,,,,,,,,,,,,,,,,,,,,,,,,,,,,,,,,,,,,,,,,,,,,,,,,,,,,,,,,,,,,,,,,,,,,,,,,,,,,,,,,,0.0,,,,,,,,,,,,,,,,,,,,,,,,,,,,,,,,,,,,,,,,,,,,,,,,,,,,,,,,,0.0,0.0,0.0,0.0,,,,,,,,,,,,,,,,,,,,,,,,,,,,,,,,,,,,,,,,,,,,,,,,,,,1752862675945230.0,,,https://www.facebook.com/360RadioColombia/posts/pfbid022LjoXsVFrLxqhLD8og6DhVuW8P7LNLNi1LyWJ4cez5hb4aV2PPqzXR5uCxYuKLpzl,0.0,0.0,Enlaces,,,64.0,0.0,,,,,64.0,0.0,50.0,0.0,0.0,0.0,0.0,0.0,0.0,,,,,,,,,
,,100036645439789,360 Radio Colombia,#Infraestructura | La restricción operará en sentido norte-sur como parte del megaproyecto de transformación vial que abarca desde la calle 99 hasta la 127.,0,03/27/2026 16:04,,,Total,87,0,0,,,0,0,0,0,0,0,0.0,0.0,0.0,0.0,0.0,0.0,0.0,0.0,,,,,,,,,,,,,,,,,,,,,,,,,,,,,,,,,,,,,,,,,,,,,,,,,,,,,,,,,,,,,,,,,,,,,,,,,,,,,,,,,,,,0.0,,,,,,,,,,,,,,,,,,,,,,,,,,,,,,,,,,,,,,,,,,,,,,,,,,,,,,,,,0.0,0.0,0.0,0.0,,,,,,,,,,,,,,,,,,,,,,,,,,,,,,,,,,,,,,,,,,,,,,,,,,,1752843549280476.0,,,https://www.facebook.com/360RadioColombia/posts/pfbid0G1iPYfWzB74RhpLp3zQDpbU99NAXRq214KUVyzEF2MCk9h3ae8xU4VL2gjFU2mwUl,0.0,0.0,Enlaces,,,113.0,1.0,,,,1.0,113.0,0.0,87.0,0.0,0.0,0.0,0.0,0.0,0.0,,,,,,,,,
,,100036645439789,360 Radio Colombia,"#Cultura | Más allá del valor artístico, estas plataformas se consolidan como un motor para los sectores de gastronomía, transporte y turismo.",0,03/27/2026 14:54,,,Total,99,0,0,,,0,0,2,1,0,1,0.0,0.0,0.0,0.0,0.0,0.0,0.0,0.0,,,,,,,,,,,,,,,,,,,,,,,,,,,,,,,,,,,,,,,,,,,,,,,,,,,,,,,,,,,,,,,,,,,,,,,,,,,,,,,,,,,,0.0,,,,,,,,,,,,,,,,,,,,,,,,,,,,,,,,,,,,,,,,,,,,,,,,,,,,,,,,,0.0,0.0,0.0,0.0,,,,,,,,,,,,,,,,,,,,,,,,,,,,,,,,,,,,,,,,,,,,,,,,,,,1752804772617687.0,,,https://www.facebook.com/360RadioColombia/posts/pfbid0jE22QPJo8eUdXZXASvZkXeKVHgZW5oUUS9XYiRx7cTt84PFQGwG71uX2LKSTZLeEl,0.0,0.0,Enlaces,,,120.0,2.0,1.0,,,1.0,120.0,0.0,99.0,0.0,0.0,0.0,0.0,0.0,0.0,,,,,,,,,
,,100036645439789,360 Radio Colombia,#Movilidad | La autoridad aérea estimó que entre el 27 de marzo y el 6 de abril se registrará un flujo masivo de viajeros nacionales e internacionales.,0,03/27/2026 13:58,,,Total,95,0,0,,,0,0,2,1,0,1,0.0,0.0,0.0,0.0,0.0,0.0,0.0,0.0,,,,,,,,,,,,,,,,,,,,,,,,,,,,,,,,,,,,,,,,,,,,,,,,,,,,,,,,,,,,,,,,,,,,,,,,,,,,,,,,,,,,0.0,,,,,,,,,,,,,,,,,,,,,,,,,,,,,,,,,,,,,,,,,,,,,,,,,,,,,,,,,0.0,0.0,0.0,0.0,,,,,,,,,,,,,,,,,,,,,,,,,,,,,,,,,,,,,,,,,,,,,,,,,,,1752776102620554.0,,,https://www.facebook.com/360RadioColombia/posts/pfbid06g98nQ9WYkghsjTGnGSr3bXLvrGVyBjXxGFgbguvzAy8m6m4DSpwr591LhfURh63l,0.0,0.0,Enlaces,,,122.0,0.0,,,,,122.0,0.0,95.0,0.0,0.0,0.0,0.0,0.0,0.0,,,,,,,,,
,,100036645439789,360 Radio Colombia,"#Infraestructura | El Ministerio de Transporte y la ANI oficializaron un plan de intervención para revertir el rezago en la infraestructura aérea del país.

",0,03/27/2026 12:12,,,Total,80,0,0,,,0,0,0,0,0,0,0.0,0.0,0.0,0.0,0.0,0.0,0.0,0.0,,,,,,,,,,,,,,,,,,,,,,,,,,,,,,,,,,,,,,,,,,,,,,,,,,,,,,,,,,,,,,,,,,,,,,,,,,,,,,,,,,,,0.0,,,,,,,,,,,,,,,,,,,,,,,,,,,,,,,,,,,,,,,,,,,,,,,,,,,,,,,,,0.0,0.0,0.0,0.0,,,,,,,,,,,,,,,,,,,,,,,,,,,,,,,,,,,,,,,,,,,,,,,,,,,1752716375959860.0,,,https://www.facebook.com/360RadioColombia/posts/pfbid0pYeSD8BthirESngVVvTm7qcdGA1TMmZzrdVnkjP3F5b6SatPKdrce2j9gkUAN7Phl,0.0,0.0,Enlaces,,,104.0,1.0,,,,1.0,104.0,0.0,80.0,0.0,0.0,0.0,0.0,0.0,0.0,,,,,,,,,
,,100036645439789,360 Radio Colombia,"#Empresas | La Asamblea General ratificó la solidez financiera de la compañía, superando las proyecciones del mercado.",0,03/27/2026 11:24,,,Total,101,0,0,,,0,0,2,1,0,1,0.0,0.0,0.0,0.0,0.0,0.0,0.0,0.0,,,,,,,,,,,,,,,,,,,,,,,,,,,,,,,,,,,,,,,,,,,,,,,,,,,,,,,,,,,,,,,,,,,,,,,,,,,,,,,,,,,,0.0,,,,,,,,,,,,,,,,,,,,,,,,,,,,,,,,,,,,,,,,,,,,,,,,,,,,,,,,,0.0,0.0,0.0,0.0,,,,,,,,,,,,,,,,,,,,,,,,,,,,,,,,,,,,,,,,,,,,,,,,,,,1752686115962886.0,,,https://www.facebook.com/360RadioColombia/posts/pfbid02sVEQ7hpoE3Hpo4kr8MnhxezP738wcLR2GENHNWRvgiofdt3GiokLSApMZ8Ae5ixLl,0.0,0.0,Enlaces,,,131.0,0.0,,,,,131.0,0.0,101.0,0.0,0.0,0.0,0.0,0.0,0.0,,,,,,,,,
,,100036645439789,360 Radio Colombia,"👀 Un comensal que estaba usando su celular con tranquilidad en un restaurante de Ecuador fue sorprendido por un sujeto armado y con casco que intentó asaltarlo. En cuestión de segundos, reaccionó, logró quitarle el arma y someterlo a golpes, frustrando el robo.",48,03/27/2026 04:30,,,Total,1808,1190,0,45224.767,25.041,1169,0,36,30,3,3,36998.179,6215.063,2011.525,0.0,16.798,26.967,31.431,0.0,1.0,1.0,0.96,1.0,0.91,0.88,0.87,0.86,0.84,0.8,0.77,0.76,0.72,0.71,0.69,0.69,0.68,0.67,0.65,0.64,0.62,0.61,0.6,0.6,0.58,0.57,0.56,0.55,0.54,0.53,0.48,0.5,0.49,0.51,0.48,0.46,0.45,0.44,0.44,0.43,0.42,1.0,1.0,0.92,0.94,0.96,0.97,0.98,0.99,1.0,1.0,1.0,1.0,1.0,1.0,1.0,1.0,1.0,1.0,1.0,0.9,0.87,0.86,0.85,0.84,0.82,0.8,0.79,0.77,0.76,0.74,0.68,0.7,0.69,0.72,0.67,0.66,0.64,0.63,0.62,0.61,0.59,0.0,0.02,128.0,179.0,99.0,166.0,147.0,124.0,81.0,88.0,94.0,57.0,5.0,7.0,1009.0,83.0,14.0,5.0,5.0,35.0,3.0,1.0,,1.0,1.0,3.0,1.0,,2.0,,1.0,5.0,1.0,1.0,2.0,,2.0,1.0,2.0,,2.0,,1.0,,1.0,1.0,,,,,,,,,,4.0,,,0.0,0.0,0.0,0.0,1.0,,,,,,,,,,,,,,,,,,,,,1.0,1.0,,,,,,,,,,,,,,,,,,,,,,,,,,,,1752387922659372.0,"👀 Un comensal que estaba usando su celular con tranquilidad en un restaurante de Ecuador fue sorprendido por un sujeto armado y con casco que intentó asaltarlo. En cuestión de segundos, reaccionó, logró quitarle el arma y someterlo a golpes, frustrando el robo.",,https://www.facebook.com/reel/2163335671080183/,1.0,0.0,Vídeos,,,2301.0,128.0,128.0,,,,2296.0,0.0,1808.0,0.0,1190.0,0.0,0.0,0.0,0.0,,,,,,,,,
,,100036645439789,360 Radio Colombia,"🚍 Conductores reportan que en Villa Alsacia, en Bogotá, camiones de las cadenas D1 e Ísimo estarían estacionando en sitios no permitidos, obstaculizando la movilidad. Según las quejas, al ser confrontados, los conductores reaccionan con burlas, lo que ha generado inconformidad entre los residentes.",46,03/27/2026 04:00,,,Total,834,526,0,7543.983,9.089,526,0,6,4,0,2,1240.891,6298.332,4.76,0.0,8.947,10.008,2.38,0.0,1.0,1.0,0.96,1.0,0.89,0.83,0.75,0.67,0.56,0.48,0.41,0.37,0.32,0.25,0.23,0.2,0.17,0.15,0.14,0.12,0.11,0.1,0.09,0.09,0.09,0.08,0.08,0.08,0.07,0.06,0.05,0.05,0.05,0.06,0.05,0.04,0.04,0.04,0.04,0.04,0.04,1.0,1.0,0.56,0.62,0.69,0.81,0.93,1.0,1.0,0.99,1.0,1.0,1.0,1.0,1.0,1.0,1.0,1.0,1.0,0.5,0.43,0.4,0.37,0.35,0.35,0.34,0.31,0.31,0.27,0.24,0.19,0.21,0.21,0.22,0.18,0.17,0.17,0.17,0.16,0.16,0.15,0.0,0.0,46.0,78.0,14.0,91.0,110.0,18.0,73.0,21.0,25.0,24.0,1.0,12.0,483.0,12.0,5.0,1.0,2.0,13.0,,,,,1.0,1.0,2.0,,1.0,,,3.0,,,,,,,,1.0,1.0,,,,,,,,,,,,,,,,,,0.0,0.0,0.0,0.0,,,,,,,,,,,,,,,,,,,,,,,,,,,,,,,,,,,,,,,,,,,,,,,,,,,1752362962661868.0,"🚍 Conductores reportan que en Villa Alsacia, en Bogotá, camiones de las cadenas D1 e Ísimo estarían estacionando en sitios no permitidos, obstaculizando la movilidad. Según las quejas, al ser confrontados, los conductores reaccionan con burlas, lo que ha generado inconformidad entre los residentes.",,https://www.facebook.com/reel/971298505742883/,1.0,0.0,Vídeos,,,898.0,6.0,6.0,,,,897.0,0.0,834.0,0.0,526.0,0.0,0.0,0.0,0.0,,,,,,,,,
,,100036645439789,360 Radio Colombia,"🇨🇴 Los exdirigentes del Partido Conservador, Carlos Holguín y José Darío Salazar, se suman a la campaña presidencial de Paloma Valencia.

Además, hicieron un llamado a las bases del partido para respaldar esta candidatura, mientras que la colectividad definiría su postura oficial después de Semana Santa.",30,03/26/2026 18:30,,,Total,232,114,0,1940.141,9.194,110,0,13,5,7,1,1703.535,230.374,6.232,0.0,25.598,8.476,6.232,0.0,1.0,1.0,1.0,1.0,0.89,0.78,0.7,0.6,0.55,0.52,0.5,0.47,0.46,0.44,0.41,0.39,0.37,0.34,0.32,0.3,0.29,0.29,0.28,0.25,0.24,0.2,0.19,0.19,0.19,0.2,,0.18,0.16,0.19,,,,,,,,1.0,1.0,0.88,0.93,1.0,1.0,1.0,1.0,1.0,1.0,1.0,1.0,1.0,1.0,1.0,1.0,1.0,1.0,1.0,0.81,0.79,0.79,0.76,0.67,0.64,0.55,0.52,0.52,0.52,0.52,,0.45,0.4,0.5,,,,,,,,0.0,0.0,16.0,22.0,13.0,19.0,14.0,9.0,7.0,4.0,,3.0,3.0,1.0,107.0,5.0,1.0,,,,,,,,,,,,,,,,,,,,1.0,,,,,,,,,,,,,,,,,,,,,,0.0,0.0,0.0,0.0,,,,,,,,,,,,,,,,,,,,,,,,,,,,,,,,,,,,,,,,,,,,,,,,,,,1752013126030185.0,"🇨🇴 Los exdirigentes del Partido Conservador, Carlos Holguín y José Darío Salazar, se suman a la campaña presidencial de Paloma Valencia.

Además, hicieron un llamado a las bases del partido para respaldar esta candidatura, mientras que la colectividad definiría su postura oficial después de Semana Santa.",,https://www.facebook.com/reel/3972668562949186/,1.0,0.0,Vídeos,,,238.0,9.0,9.0,,,,238.0,0.0,232.0,0.0,114.0,0.0,0.0,0.0,0.0,,,,,,,,,
,,100036645439789,360 Radio Colombia,"🇨🇴 El senador Ivan Cepeda invitó a los jóvenes a apoyar su aspiración junto a Aida Quilcué y a involucrarse en la elaboración de su propuesta de gobierno.

“Queremos oír a las organizaciones juveniles”, aseguró.",259,03/26/2026 18:00,,,Total,243,150,11,3194.613,15.285,145,11,19,6,11,2,2899.628,265.82,29.165,0.0,26.582,15.103,4.167,0.0,0.71,0.27,0.17,0.99,0.11,0.1,0.09,0.08,0.07,0.07,0.07,0.07,0.05,0.05,0.05,0.05,0.05,0.04,0.04,0.03,0.03,0.04,0.04,0.03,0.03,0.02,0.02,0.02,0.02,0.02,0.02,0.02,0.02,0.02,0.03,0.03,0.03,0.02,0.02,0.02,0.01,1.0,0.31,0.19,0.19,0.22,0.22,0.22,0.22,1.0,0.25,0.34,0.34,0.34,0.38,0.41,0.47,0.53,0.81,1.0,0.16,0.16,0.19,0.19,0.13,0.13,0.09,0.09,0.09,0.09,0.09,0.09,0.09,0.09,0.09,0.13,0.13,0.13,0.09,0.09,0.09,0.03,0.0,0.0,11.0,29.0,20.0,24.0,21.0,12.0,5.0,12.0,3.0,8.0,,,142.0,6.0,1.0,,,,,,,,,1.0,,,,,,,,,,,,,,,,,,,,,,,,,,,,,,,,,0.0,0.0,0.0,0.0,,,,,,,,,,,,,,,,,,,,,,,,,,,,,,,,,,,,,,,,,,,,,,,,,,,1751994992698665.0,"🇨🇴 El senador Ivan Cepeda invitó a los jóvenes a apoyar su aspiración junto a Aida Quilcué y a involucrarse en la elaboración de su propuesta de gobierno.

“Queremos oír a las organizaciones juveniles”, aseguró.",,https://www.facebook.com/reel/26795534346745684/,1.0,0.0,Vídeos,,,227.0,31.0,31.0,,,,226.0,0.0,243.0,0.0,150.0,0.0,0.0,0.0,0.0,,,,,,,,,
,,100036645439789,360 Radio Colombia,"🗣️ “Es una situación que no se puede describir con palabras”, expresó uno de los militares que sobrevivió al accidente del avión Hércules de la FAC en Puerto Leguízamo, Putumayo. Afirmó que continuará al servicio del país, atribuyó su vida a un milagro y dijo que lo esperan sus seres queridos en casa.",40,03/26/2026 17:30,,,Total,434,313,0,5113.725,11.92,313,0,9,7,1,1,4208.896,880.159,24.67,0.0,11.285,12.13,6.168,0.0,0.99,0.99,0.99,0.99,0.9,0.8,0.69,0.63,0.56,0.49,0.45,0.43,0.39,0.38,0.37,0.35,0.34,0.31,0.29,0.27,0.27,0.26,0.26,0.24,0.23,0.22,0.21,0.21,0.2,0.2,0.18,0.19,0.18,0.19,0.16,0.16,0.16,0.14,0.14,0.12,0.12,0.99,1.0,0.83,0.89,0.96,1.0,1.0,1.0,0.99,1.0,1.0,1.0,1.0,1.0,0.99,0.99,0.99,0.99,0.99,0.79,0.77,0.75,0.73,0.69,0.65,0.63,0.61,0.6,0.59,0.59,0.5,0.53,0.5,0.56,0.47,0.46,0.46,0.39,0.39,0.36,0.34,0.0,0.0,22.0,44.0,35.0,37.0,35.0,38.0,12.0,27.0,23.0,19.0,8.0,4.0,286.0,11.0,4.0,4.0,,2.0,3.0,1.0,,,,1.0,,,,,,1.0,,,,,,,,,,,,,,,,,,,,,,,,,,,0.0,0.0,0.0,0.0,,,,,,,,,,,,,,,,,,,,,,,,,,,,,,,,,,,,,,,,,,,,,,,,,,,1751979222700242.0,"🗣️ “Es una situación que no se puede describir con palabras”, expresó uno de los militares que sobrevivió al accidente del avión Hércules de la FAC en Puerto Leguízamo, Putumayo. Afirmó que continuará al servicio del país, atribuyó su vida a un milagro y dijo que lo esperan sus seres queridos en casa.",,https://www.facebook.com/reel/1641338213856636/,1.0,0.0,Vídeos,,,478.0,13.0,13.0,,,,477.0,0.0,434.0,0.0,313.0,0.0,0.0,0.0,0.0,,,,,,,,,
,,100036645439789,360 Radio Colombia,"👀 Pese a la presencia de numerosos policías y funcionarios de la Alcaldía de Barranquilla, las dueñas de una vivienda donde habría más de 60 animales bloquearon el acceso de las autoridades. Cerraron la entrada con rejas y colocaron escombros para evitar cualquier ingreso.",18,03/26/2026 17:00,,,Total,379,271,0,3595.529,10.391,271,0,0,0,0,0,3565.825,29.704,0.0,0.0,7.426,10.427,0.0,0.0,1.0,1.0,1.0,1.0,0.98,0.93,0.86,0.76,0.67,0.62,0.57,0.49,0.44,0.39,0.33,0.3,0.29,0.27,0.26,0.23,0.21,,,,,,,,,,,,,,,,,,,,,1.0,1.0,0.95,0.99,1.0,1.0,1.0,1.0,1.0,1.0,1.0,1.0,1.0,1.0,1.0,1.0,1.0,1.0,1.0,0.85,0.78,,,,,,,,,,,,,,,,,,,,,0.0,0.0,27.0,45.0,30.0,34.0,30.0,33.0,11.0,23.0,18.0,6.0,1.0,4.0,256.0,10.0,3.0,,,1.0,,1.0,,,,,,,,,,,,,,,,,,,,,,,,,,,,,,,,,,,,,0.0,0.0,0.0,0.0,,,,,,,,,,,,,,,,,,,,,,,,,,,,,,,,,,,,,,,,,,,,,,,,,,,1751963922701772.0,"👀 Pese a la presencia de numerosos policías y funcionarios de la Alcaldía de Barranquilla, las dueñas de una vivienda donde habría más de 60 animales bloquearon el acceso de las autoridades. Cerraron la entrada con rejas y colocaron escombros para evitar cualquier ingreso.",,https://www.facebook.com/reel/948516651208640/,1.0,0.0,Vídeos,,,425.0,11.0,11.0,,,,424.0,0.0,379.0,0.0,271.0,0.0,0.0,0.0,0.0,,,,,,,,,
,,100036645439789,360 Radio Colombia,"🗣️ “Si hubo comportamientos indebidos, deben salir a la luz y asumir sus consecuencias. No vamos a encubrir ni restarle importancia a nada; la verdad es fundamental para mantener la confianza”, afirmó Gonzalo Córdoba, presidente de Caracol Televisión, frente a denuncias de acoso dentro del canal.",294,03/26/2026 16:30,,,Total,221,132,23,6781.252,33.737,132,23,3,2,0,1,6604.426,76.612,100.214,0.0,5.894,35.894,25.054,0.0,0.7,0.48,0.39,1.0,0.3,0.26,0.23,0.21,0.17,0.16,0.16,0.16,0.14,0.14,0.14,0.14,0.14,0.14,0.14,0.13,0.12,0.12,0.12,0.11,0.11,0.11,0.11,0.11,0.11,0.11,0.08,0.1,0.09,0.11,0.08,0.08,0.08,0.08,0.08,0.08,0.05,1.0,0.33,0.29,0.29,0.29,0.29,0.29,0.29,1.0,0.3,0.33,0.33,0.37,0.44,0.48,0.54,0.62,0.83,1.0,0.27,0.25,0.25,0.25,0.24,0.24,0.24,0.24,0.22,0.22,0.22,0.17,0.21,0.19,0.22,0.17,0.17,0.17,0.17,0.17,0.16,0.11,0.0,0.0,18.0,21.0,22.0,20.0,7.0,14.0,4.0,8.0,6.0,3.0,2.0,2.0,121.0,7.0,1.0,,1.0,1.0,,,,,,,,,,,,,,,,,,,,,,,,,,1.0,,,,,,,,,,,,,0.0,0.0,0.0,0.0,,,,,,,,,,,,,,,,,,,,,,,,,,,,,,,,,,,,,,,,,,,,,,,,,,,1751946639370167.0,"🗣️ “Si hubo comportamientos indebidos, deben salir a la luz y asumir sus consecuencias. No vamos a encubrir ni restarle importancia a nada; la verdad es fundamental para mantener la confianza”, afirmó Gonzalo Córdoba, presidente de Caracol Televisión, frente a denuncias de acoso dentro del canal.",,https://www.facebook.com/reel/1473156520935881/,1.0,0.0,Vídeos,,,212.0,13.0,13.0,,,,212.0,0.0,221.0,0.0,132.0,0.0,0.0,0.0,0.0,,,,,,,,,
,,100036645439789,360 Radio Colombia,"📲 Un jurado en Estados Unidos declaró culpables a YouTube y Meta en un fallo histórico que los responsabiliza por fomentar la adicción a las redes sociales, especialmente en menores. El caso se originó tras la demanda de una joven que aseguró haber desarrollado una dependencia severa desde la infancia, lo que derivó en problemas de salud mental. ￼

El tribunal determinó que ambas compañías fueron negligentes al diseñar plataformas con mecanismos altamente adictivos, como notificaciones constantes y sistemas de recomendación. Como resultado, deberán pagar una indemnización millonaria —con Meta asumiendo la mayor parte—, aunque el proceso continúa para definir posibles sanciones adicionales por daños punitivos. ￼

Este veredicto marca un precedente clave para la industria tecnológica, ya que abre la puerta a miles de demandas similares y pone en el centro del debate la responsabilidad de las grandes plataformas sobre la salud mental de sus usuarios. Expertos advierten que este tipo de decisiones podría obligar a rediseñar las redes sociales, priorizando el bienestar por encima del tiempo de uso.",0,03/26/2026 16:00,,,Total,295,0,0,,,0,0,7,2,2,3,0.0,0.0,0.0,0.0,0.0,0.0,0.0,0.0,,,,,,,,,,,,,,,,,,,,,,,,,,,,,,,,,,,,,,,,,,,,,,,,,,,,,,,,,,,,,,,,,,,,,,,,,,,,,,,,,,,,0.0,,,,,,,,,,,,,,,,,,,,,,,,,,,,,,,,,,,,,,,,,,,,,,,,,,,,,,,,,0.0,0.0,0.0,0.0,,,,,,,,,,,,,,,,,,,,,,,,,,,,,,,,,,,,,,,,,,,,,,,,,,,1751932139371617.0,,,https://www.facebook.com/360RadioColombia/posts/pfbid024AtcBdT6PLw5fnAwUiHVX1X1o54q2vNzXeDUJeeLkVf4mNGVPp9xXBd3c49egZKLl,0.0,0.0,Fotos,,,386.0,6.0,4.0,2.0,,,386.0,0.0,295.0,0.0,0.0,0.0,0.0,0.0,0.0,,,,,,,,,
,,100036645439789,360 Radio Colombia,"🇨🇴 Colombia y Croacia se enfrentan este jueves en Orlando en un duelo inédito que sirve como termómetro de cara al Mundial 2026. La Tricolor llega en un gran momento bajo el mando de Néstor Lorenzo, con una racha positiva y victorias recientes que respaldan su crecimiento, mientras que los europeos mantienen su jerarquía tras dominar su grupo eliminatorio y con referentes como Luka Modric liderando el equipo.  ￼

En cuanto al pronóstico, no hay un favorito claro. Algunas casas de apuestas se inclinan levemente por Croacia debido a su experiencia y regularidad internacional, mientras que otras dan ventaja a Colombia por su presente y rendimiento ofensivo reciente. En números, el partido luce muy parejo, con probabilidades cercanas para ambos lados y un alto margen de empate.  ￼

Eso sí, hay coincidencia en un punto clave: se espera un partido con goles. Las estadísticas recientes muestran a ambos equipos con gran capacidad ofensiva, por lo que apuestas como “ambos marcan” o “más de 2.5 goles” aparecen como las más atractivas en la previa de este choque.",0,03/26/2026 15:33,,,Total,540,0,0,,,0,0,4,3,0,1,0.0,0.0,0.0,0.0,0.0,0.0,0.0,0.0,,,,,,,,,,,,,,,,,,,,,,,,,,,,,,,,,,,,,,,,,,,,,,,,,,,,,,,,,,,,,,,,,,,,,,,,,,,,,,,,,,,,0.0,,,,,,,,,,,,,,,,,,,,,,,,,,,,,,,,,,,,,,,,,,,,,,,,,,,,,,,,,0.0,0.0,0.0,0.0,,,,,,,,,,,,,,,,,,,,,,,,,,,,,,,,,,,,,,,,,,,,,,,,,,,1751918189373012.0,,,https://www.facebook.com/360RadioColombia/posts/pfbid035ByLp3s1CbNRGLj9o9YFbgNqxnXdPdfddQoHyaLxvGm3zq6LmCBr8BVw25LbohbEl,0.0,0.0,Fotos,,,712.0,5.0,2.0,3.0,,,712.0,0.0,540.0,0.0,0.0,0.0,0.0,0.0,0.0,,,,,,,,,
,,100036645439789,360 Radio Colombia,"#Opinión | El nuevo motor de divisas de Colombia se llama talento digital

Por: Daniel Londoño Tapia, Country Manager Global66 Colombia",0,03/26/2026 10:32,,,Total,67,0,0,,,0,0,3,2,0,1,0.0,0.0,0.0,0.0,0.0,0.0,0.0,0.0,,,,,,,,,,,,,,,,,,,,,,,,,,,,,,,,,,,,,,,,,,,,,,,,,,,,,,,,,,,,,,,,,,,,,,,,,,,,,,,,,,,,0.0,,,,,,,,,,,,,,,,,,,,,,,,,,,,,,,,,,,,,,,,,,,,,,,,,,,,,,,,,0.0,0.0,0.0,0.0,,,,,,,,,,,,,,,,,,,,,,,,,,,,,,,,,,,,,,,,,,,,,,,,,,,1751739662724198.0,,,https://www.facebook.com/360RadioColombia/posts/pfbid02bVATcCSv6gF212iQPkCFycGTPUkT5b4SEqRUjNKEtxUdYokgYTwnS29XaF5JnLd5l,0.0,0.0,Enlaces,,,98.0,3.0,1.0,,,2.0,98.0,0.0,67.0,0.0,0.0,0.0,0.0,0.0,0.0,,,,,,,,,
,,100036645439789,360 Radio Colombia,"#Entretenimiento | La plataforma confirmó la fecha de lanzamiento de su apuesta más ambiciosa, marcando el regreso de la saga a las pantallas.",0,03/26/2026 10:23,,,Total,49,0,0,,,0,0,3,2,0,1,0.0,0.0,0.0,0.0,0.0,0.0,0.0,0.0,,,,,,,,,,,,,,,,,,,,,,,,,,,,,,,,,,,,,,,,,,,,,,,,,,,,,,,,,,,,,,,,,,,,,,,,,,,,,,,,,,,,0.0,,,,,,,,,,,,,,,,,,,,,,,,,,,,,,,,,,,,,,,,,,,,,,,,,,,,,,,,,0.0,0.0,0.0,0.0,,,,,,,,,,,,,,,,,,,,,,,,,,,,,,,,,,,,,,,,,,,,,,,,,,,1751733062724858.0,,,https://www.facebook.com/360RadioColombia/posts/pfbid0WRpvJHmXmZwPXqhnCAzZ9cQRwZnvqFE2AYMmnMP5AaZooB4VpihdF7NgvnY7Ud4jl,0.0,0.0,Enlaces,,,72.0,0.0,,,,,72.0,0.0,49.0,0.0,0.0,0.0,0.0,0.0,0.0,,,,,,,,,
,,100036645439789,360 Radio Colombia,"#Colombia | A través del Decreto 0322, el presidente Gustavo Petro oficializó la salida de Cielo Rusinque y la llegada de Solano Osorio a la cúpula de la entidad.

",0,03/26/2026 09:48,,,Total,172,0,0,,,0,0,2,1,0,1,0.0,0.0,0.0,0.0,0.0,0.0,0.0,0.0,,,,,,,,,,,,,,,,,,,,,,,,,,,,,,,,,,,,,,,,,,,,,,,,,,,,,,,,,,,,,,,,,,,,,,,,,,,,,,,,,,,,0.0,,,,,,,,,,,,,,,,,,,,,,,,,,,,,,,,,,,,,,,,,,,,,,,,,,,,,,,,,0.0,0.0,0.0,0.0,,,,,,,,,,,,,,,,,,,,,,,,,,,,,,,,,,,,,,,,,,,,,,,,,,,1751706749394156.0,,,https://www.facebook.com/360RadioColombia/posts/pfbid08oDmCojWpgWBCJUqpxZVXSKh6c1KsGTMcpSx81hH39LZzthuZHZuUr9H3285Efffl,0.0,0.0,Enlaces,,,240.0,3.0,2.0,,,1.0,240.0,0.0,172.0,0.0,0.0,0.0,0.0,0.0,0.0,,,,,,,,,
,,100036645439789,360 Radio Colombia,#Deportes | El estadio de Florida será el escenario de un duelo sin precedentes entre la Tricolor y el conjunto balcánico.,0,03/26/2026 08:58,,,Total,53,0,0,,,0,0,1,1,0,0,0.0,0.0,0.0,0.0,0.0,0.0,0.0,0.0,,,,,,,,,,,,,,,,,,,,,,,,,,,,,,,,,,,,,,,,,,,,,,,,,,,,,,,,,,,,,,,,,,,,,,,,,,,,,,,,,,,,0.0,,,,,,,,,,,,,,,,,,,,,,,,,,,,,,,,,,,,,,,,,,,,,,,,,,,,,,,,,0.0,0.0,0.0,0.0,,,,,,,,,,,,,,,,,,,,,,,,,,,,,,,,,,,,,,,,,,,,,,,,,,,1751671379397693.0,,,https://www.facebook.com/360RadioColombia/posts/pfbid02CwNbxV8riJRkPpJrAVuN5QciUV55s9qh4ST4LZV4qDZiaFvE7uUEqG6zu58YFwUXl,0.0,0.0,Enlaces,,,68.0,0.0,,,,,68.0,0.0,53.0,0.0,0.0,0.0,0.0,0.0,0.0,,,,,,,,,
,,100036645439789,360 Radio Colombia,"🥊 Escena escandalosa en el Centro Histórico de Cartagena: frente a la Torre del Reloj, una mujer que ejercía el trabajo sexual y un turista extranjero terminaron enfrentándose a golpes y patadas, ante la mirada de decenas de visitantes.",11,03/26/2026 08:30,,,Total,1100,759,0,13996.361,13.191,753,0,17,13,1,3,11964.686,1446.925,584.75,0.0,7.576,14.717,10.259,0.0,1.0,1.0,1.0,1.0,0.96,0.92,0.87,0.83,0.81,0.78,0.74,0.7,0.68,,,,,,,,,,,,,,,,,,,,,,,,,,,,,1.0,1.0,,,,,,,1.0,0.99,1.0,1.0,1.0,1.0,1.0,1.0,1.0,1.0,1.0,,,,,,,,,,,,,,,,,,,,,,,0.0,0.0,112.0,123.0,64.0,101.0,84.0,79.0,48.0,52.0,43.0,40.0,1.0,5.0,678.0,36.0,10.0,3.0,2.0,14.0,2.0,1.0,,,,2.0,1.0,,2.0,2.0,,1.0,,,1.0,,,,1.0,,,,,,,1.0,,,,,,,,,,,,,0.0,0.0,0.0,0.0,,,,,,,,,,,,,,,,,,,,,,,1.0,1.0,,,,,,,,,,,,,,,,,,,,,,,,,,,1751650792733085.0,"🥊 Escena escandalosa en el Centro Histórico de Cartagena: frente a la Torre del Reloj, una mujer que ejercía el trabajo sexual y un turista extranjero terminaron enfrentándose a golpes y patadas, ante la mirada de decenas de visitantes.",,https://www.facebook.com/reel/1476937364141046/,1.0,0.0,Vídeos,,,1943.0,44.0,44.0,,,,1943.0,0.0,1100.0,0.0,759.0,0.0,0.0,0.0,0.0,,,,,,,,,
,,100036645439789,360 Radio Colombia,"🚓 La secretaria de Movilidad, Claudia Díaz, ratificó que la medida de pico y placa seguirá vigente durante los días de Semana Santa. Además, anunció que el domingo 5 de abril se aplicará el pico y placa regional en los accesos a Bogotá para organizar el flujo de vehículos en el plan retorno.",23,03/26/2026 08:00,,,Total,119,68,0,814.798,6.624,68,0,2,1,0,1,725.724,88.015,1.059,0.0,4.401,7.115,1.059,0.0,1.0,1.0,1.0,1.0,0.9,0.75,0.57,0.44,0.38,0.34,0.26,0.19,0.18,0.15,0.12,0.12,0.09,0.09,0.09,0.09,0.09,0.09,0.09,0.09,0.09,,,,,,,,,,,,,,,,,1.0,1.0,1.0,1.0,1.0,1.0,1.0,1.0,1.0,1.0,1.0,1.0,1.0,1.0,1.0,1.0,1.0,1.0,1.0,1.0,1.0,1.0,1.0,1.0,1.0,,,,,,,,,,,,,,,,,0.0,0.0,,,,,,,,,,,,,,,,,,,,,,,,,,,,,,,,,,,,,,,,,,,,,,,,,,,,,,,,,0.0,0.0,0.0,0.0,,,,,,,,,,,,,,,,,,,,,,,,,,,,,,,,,,,,,,,,,,,,,,,,,,,1751627612735403.0,"🚓 La secretaria de Movilidad, Claudia Díaz, ratificó que la medida de pico y placa seguirá vigente durante los días de Semana Santa. Además, anunció que el domingo 5 de abril se aplicará el pico y placa regional en los accesos a Bogotá para organizar el flujo de vehículos en el plan retorno.",,https://www.facebook.com/reel/2062852960932694/,1.0,0.0,Vídeos,,,137.0,0.0,,,,,137.0,0.0,119.0,0.0,68.0,0.0,0.0,0.0,0.0,,,,,,,,,
,,100036645439789,360 Radio Colombia,#Deportes | El repechaje global entra en su fase decisiva con duelos simultáneos en México y Europa.,0,03/26/2026 07:56,,,Total,46,0,0,,,0,0,0,0,0,0,0.0,0.0,0.0,0.0,0.0,0.0,0.0,0.0,,,,,,,,,,,,,,,,,,,,,,,,,,,,,,,,,,,,,,,,,,,,,,,,,,,,,,,,,,,,,,,,,,,,,,,,,,,,,,,,,,,,0.0,,,,,,,,,,,,,,,,,,,,,,,,,,,,,,,,,,,,,,,,,,,,,,,,,,,,,,,,,0.0,0.0,0.0,0.0,,,,,,,,,,,,,,,,,,,,,,,,,,,,,,,,,,,,,,,,,,,,,,,,,,,1751624512735713.0,,,https://www.facebook.com/360RadioColombia/posts/pfbid033V8uNdpy2cQLJGGH9EYSgWc14esDW6fC5PLDxoWxM4XVfgBtamFLJuoPvEYhwhqml,0.0,0.0,Enlaces,,,74.0,1.0,,,,1.0,74.0,0.0,46.0,0.0,0.0,0.0,0.0,0.0,0.0,,,,,,,,,
,,100036645439789,360 Radio Colombia,"⚽️🇨🇴 Néstor Lorenzo, director técnico de la #SelecciónColombia, se refirió a la posibilidad de que Sebastián Villa, jugador de Independiente Rivadavia en Argentina, sea convocado al equipo nacional. Jugador que en el pasado fue declarado culpable por violencia de género.",0,03/26/2026 07:45,,,Total,396,0,0,,,0,0,3,1,0,2,0.0,0.0,0.0,0.0,0.0,0.0,0.0,0.0,,,,,,,,,,,,,,,,,,,,,,,,,,,,,,,,,,,,,,,,,,,,,,,,,,,,,,,,,,,,,,,,,,,,,,,,,,,,,,,,,,,,0.0,,,,,,,,,,,,,,,,,,,,,,,,,,,,,,,,,,,,,,,,,,,,,,,,,,,,,,,,,0.0,0.0,0.0,0.0,,,,,,,,,,,,,,,,,,,,,,,,,,,,,,,,,,,,,,,,,,,,,,,,,,,1751614549403376.0,,,https://www.facebook.com/360RadioColombia/posts/pfbid0uhLSBRPVnwgkF5TUpSTWMQA5VXeEFRwFDbrqHoei91QusgkTfbwbM6jwd7rN8NMSl,0.0,0.0,Fotos,,,474.0,1.0,,1.0,,,474.0,0.0,396.0,0.0,0.0,0.0,0.0,0.0,0.0,,,,,,,,,
,,100036645439789,360 Radio Colombia,"🇨🇴 El presidente de FENALCO, Jaime Alberto Cabal, confirmó que interpuso una demanda de nulidad contra el Decreto 234 de 2026, al considerar que el Gobierno habría extralimitado sus funciones al establecer un régimen autónomo de negociación colectiva sin aprobación del Congreso, lo que, según afirmó, vulnera los principios de legalidad y separación de poderes establecidos en la Constitución.",63,03/26/2026 07:30,,,Total,185,105,7,2627.385,14.928,104,7,10,6,2,2,2481.689,130.177,15.519,0.0,6.852,16.115,5.173,0.0,1.0,0.99,0.79,1.0,0.68,0.54,0.49,0.44,0.39,0.32,0.31,0.28,0.25,0.24,0.23,0.21,0.2,0.19,0.17,0.17,0.16,0.15,0.13,0.13,0.13,0.12,0.11,0.1,0.1,0.1,0.09,0.1,0.1,0.1,0.09,0.09,0.09,0.07,0.07,0.07,0.07,1.0,0.88,0.55,0.61,0.64,0.67,0.73,0.76,1.0,0.79,1.0,1.0,1.0,1.0,1.0,1.0,1.0,1.0,1.0,0.55,0.52,0.48,0.42,0.42,0.42,0.39,0.36,0.33,0.33,0.33,0.27,0.33,0.3,0.33,0.27,0.27,0.27,0.21,0.21,0.21,0.21,0.0,0.0,18.0,22.0,16.0,13.0,7.0,12.0,5.0,5.0,2.0,1.0,,,92.0,7.0,1.0,,,3.0,1.0,,,,,,,,,,,,,,,1.0,,,,,,,,,,,,,,,,,,,,,,,0.0,0.0,0.0,0.0,,,,,,,,,,,,,,,,,,,,,,,,,,,,,,,,,,,,,,,,,,,,,,,,,,,1751603486071149.0,"🇨🇴 El presidente de FENALCO, Jaime Alberto Cabal, confirmó que interpuso una demanda de nulidad contra el Decreto 234 de 2026, al considerar que el Gobierno habría extralimitado sus funciones al establecer un régimen autónomo de negociación colectiva sin aprobación del Congreso, lo que, según afirmó, vulnera los principios de legalidad y separación de poderes establecidos en la Constitución.",,https://www.facebook.com/reel/963908986218760/,1.0,0.0,Vídeos,,,187.0,9.0,9.0,,,,187.0,0.0,185.0,0.0,105.0,0.0,0.0,0.0,0.0,,,,,,,,,
,,100036645439789,360 Radio Colombia,"#Educación | La medición de 2026 destaca la expansión de la competitividad educativa del país, con 170 programas clasificados en 17 universidades.",0,03/26/2026 07:13,,,Total,48,0,0,,,0,0,0,0,0,0,0.0,0.0,0.0,0.0,0.0,0.0,0.0,0.0,,,,,,,,,,,,,,,,,,,,,,,,,,,,,,,,,,,,,,,,,,,,,,,,,,,,,,,,,,,,,,,,,,,,,,,,,,,,,,,,,,,,0.0,,,,,,,,,,,,,,,,,,,,,,,,,,,,,,,,,,,,,,,,,,,,,,,,,,,,,,,,,0.0,0.0,0.0,0.0,,,,,,,,,,,,,,,,,,,,,,,,,,,,,,,,,,,,,,,,,,,,,,,,,,,1751590786072419.0,,,https://www.facebook.com/360RadioColombia/posts/pfbid0342UpEoSHUBWXpgrvx1wvum5jmMoGC45HYGCYZiqPw42LRXmuj7ym6yz43KyRSpM1l,0.0,0.0,Enlaces,,,69.0,1.0,,,,1.0,69.0,0.0,48.0,0.0,0.0,0.0,0.0,0.0,0.0,,,,,,,,,
,,100036645439789,360 Radio Colombia,"🇨🇴 El Gobierno de #GustavoPetro decretó un incremento del 7 % en el salario de los servidores públicos para 2026. El ajuste será retroactivo y se pagará en abril a sectores como docentes, jueces, funcionarios de la Contraloría, la Dian, la Aeronáutica Civil, el personal civil de Defensa y la Fiscalía.",0,03/26/2026 07:11,,,Total,1480,0,0,,,0,0,28,10,16,2,0.0,0.0,0.0,0.0,0.0,0.0,0.0,0.0,,,,,,,,,,,,,,,,,,,,,,,,,,,,,,,,,,,,,,,,,,,,,,,,,,,,,,,,,,,,,,,,,,,,,,,,,,,,,,,,,,,,0.0,,,,,,,,,,,,,,,,,,,,,,,,,,,,,,,,,,,,,,,,,,,,,,,,,,,,,,,,,0.0,0.0,0.0,0.0,,,,,,,,,,,,,,,,,,,,,,,,,,,,,,,,,,,,,,,,,,,,,,,,,,,1751589099405921.0,,,https://www.facebook.com/360RadioColombia/posts/pfbid0qjzfj45t4Nbzsdrp9oxUH5UfdtFi2CUDeYhUjuMaTffxWe1nXW4Uo9uY112ChPxvl,0.0,0.0,Fotos,,,2160.0,86.0,77.0,9.0,,,2160.0,0.0,1480.0,0.0,0.0,0.0,0.0,0.0,0.0,,,,,,,,,
,,100036645439789,360 Radio Colombia,🐶 En video quedó registrado cómo disfruta este perrito en la playa. Todos quieren ser él.,11,03/26/2026 07:00,,,Total,99106,69495,0,683415.552,7.463,69008,0,2530,2392,10,128,3443.002,666745.068,13227.482,0.0,7.495,7.897,6.099,0.0,1.0,1.0,1.0,1.0,0.96,0.83,0.69,0.59,0.52,0.47,0.42,0.38,0.33,,,,,,,,,,,,,,,,,,,,,,,,,,,,,1.0,1.0,,,,,,,1.0,0.95,1.0,1.0,1.0,1.0,1.0,1.0,1.0,1.0,1.0,,,,,,,,,,,,,,,,,,,,,,,0.0,0.0,654.0,1532.0,1294.0,4388.0,7722.0,3743.0,6794.0,10060.0,17073.0,12793.0,1694.0,686.0,59134.0,1934.0,1183.0,1117.0,546.0,1576.0,370.0,61.0,45.0,76.0,218.0,156.0,744.0,,109.0,81.0,55.0,589.0,32.0,107.0,29.0,55.0,19.0,75.0,68.0,71.0,134.0,15.0,348.0,,111.0,29.0,23.0,,,81.0,5.0,,,7.0,,37.0,,,0.0,0.0,0.0,0.0,47.0,4.0,27.0,8.0,,18.0,,,,7.0,,,58.0,6.0,,,,,14.0,,,,,,7.0,,,,,,,,,,,,,,,,,,,,,,,,,,1751581246073373.0,🐶 En video quedó registrado cómo disfruta este perrito en la playa. Todos quieren ser él.,,https://www.facebook.com/reel/1285909500118179/,1.0,0.0,Vídeos,,,122247.0,1604.0,1603.0,,,1.0,121899.0,0.0,99106.0,0.0,69495.0,0.0,0.0,0.0,0.0,,,,,,,,,
,,100036645439789,360 Radio Colombia,"😾 Los médicos atendían a un hombre enfermo mientras su gato permanecía a su lado, observando todo con evidente inquietud.",62,03/26/2026 06:30,,,Total,567,268,18,5519.919,11.334,263,18,7,7,0,0,2437.565,3082.354,0.0,0.0,10.041,13.543,0.0,0.0,1.0,0.99,0.88,1.0,0.78,0.69,0.59,0.53,0.49,0.44,0.41,0.39,0.38,0.34,0.31,0.29,0.26,0.25,0.25,0.21,0.19,0.19,0.18,0.17,0.16,0.15,0.15,0.14,0.13,0.13,0.13,0.13,0.13,0.13,0.11,0.1,0.09,0.08,0.08,0.06,0.06,1.0,0.94,0.59,0.61,0.63,0.7,0.75,0.82,1.0,0.9,0.99,1.0,1.0,1.0,1.0,1.0,1.0,1.0,1.0,0.5,0.46,0.46,0.44,0.41,0.38,0.36,0.35,0.33,0.32,0.31,0.3,0.3,0.3,0.31,0.26,0.23,0.21,0.2,0.19,0.15,0.14,0.0,0.0,12.0,24.0,26.0,24.0,23.0,27.0,14.0,36.0,44.0,29.0,3.0,2.0,236.0,13.0,2.0,2.0,1.0,7.0,,,,,1.0,,,,,,,1.0,,1.0,1.0,1.0,,,,1.0,,,,,,,,,,,,,,,,1.0,,,0.0,0.0,0.0,0.0,,,,,,,,,,,,,,,,,,,,,,,,,,,,,,,,,,,,,,,,,,,,,,,,,,,1751558959408935.0,"😾 Los médicos atendían a un hombre enfermo mientras su gato permanecía a su lado, observando todo con evidente inquietud.",,https://www.facebook.com/reel/1491045505712513/,1.0,0.0,Vídeos,,,505.0,15.0,15.0,,,,505.0,0.0,567.0,0.0,268.0,0.0,0.0,0.0,0.0,,,,,,,,,
,,100036645439789,360 Radio Colombia,"🇧🇷 El presidente de Brasil, Luiz Inácio Lula da Silva, calificó como un “momento histórico” el vuelo en el que fue escoltado por el primer avión Gripen fabricado en el país.“El cielo de Brasil vivió un hecho simbólico que refleja a una nación que confía en sí misma, apuesta por la tecnología y reafirma su soberanía”, señaló.",105,03/26/2026 06:00,,,Total,615,346,6,5974.023,10.371,341,5,14,12,0,2,1330.564,3761.671,881.788,0.0,8.81,10.477,40.082,0.0,1.0,0.81,0.61,1.0,0.45,0.36,0.3,0.21,0.16,0.14,0.13,0.12,0.11,0.08,0.06,0.06,0.05,0.04,0.04,0.03,0.03,0.03,0.03,0.02,0.02,0.02,0.01,0.01,0.01,0.01,0.01,0.01,0.01,0.01,0.01,0.01,0.01,0.01,0.01,0.01,0.01,1.0,0.37,0.12,0.12,0.15,0.19,0.19,0.25,1.0,0.35,0.41,0.44,0.52,0.68,0.95,1.0,1.0,1.0,1.0,0.1,0.09,0.08,0.07,0.06,0.06,0.06,0.05,0.05,0.05,0.04,0.03,0.04,0.03,0.04,0.03,0.03,0.03,0.03,0.03,0.03,0.02,0.0,0.0,28.0,34.0,13.0,40.0,53.0,17.0,72.0,15.0,18.0,33.0,3.0,16.0,271.0,12.0,2.0,19.0,,10.0,2.0,,,,1.0,,,,,2.0,,4.0,,1.0,,,1.0,,14.0,,1.0,,,,2.0,1.0,1.0,,,,,,,,,,,,0.0,0.0,0.0,0.0,,,,,,,,,,,,,1.0,,,,,,,,,,,,,,,,,1.0,,,,,,,,,,,,,,,,,,,,,1751537386077759.0,"🇧🇷 El presidente de Brasil, Luiz Inácio Lula da Silva, calificó como un “momento histórico” el vuelo en el que fue escoltado por el primer avión Gripen fabricado en el país.“El cielo de Brasil vivió un hecho simbólico que refleja a una nación que confía en sí misma, apuesta por la tecnología y reafirma su soberanía”, señaló.",,https://www.facebook.com/reel/1244336251207172/,1.0,0.0,Vídeos,,,613.0,3.0,3.0,,,,611.0,0.0,615.0,0.0,346.0,0.0,0.0,0.0,0.0,,,,,,,,,
,,100036645439789,360 Radio Colombia,"💵 Durante la exposición de su modelo económico, el presidente Gustavo Petro afirmó que Camacol ha guardado silencio frente a la caída en la construcción de vivienda, la cual atribuyó al aumento de las tasas de interés del Banco de la República. Además, aseguró que “Camacol no se pronuncia porque es de Cambio Radical”.",72,03/25/2026 19:30,,,Total,208,137,16,3049.339,16.219,134,16,9,5,3,1,2929.392,115.819,4.128,0.0,6.435,17.437,2.064,0.0,1.0,0.97,0.85,1.0,0.7,0.62,0.47,0.42,0.39,0.39,0.37,0.34,0.31,0.28,0.26,0.26,0.22,0.2,0.2,0.19,0.18,0.17,0.17,0.15,0.15,0.15,0.15,0.14,0.14,0.14,0.12,0.12,0.12,0.12,0.12,0.12,0.11,0.11,0.11,0.09,0.09,1.0,0.89,0.51,0.53,0.57,0.68,0.68,0.74,1.0,0.79,0.96,1.0,1.0,1.0,1.0,1.0,1.0,1.0,1.0,0.49,0.47,0.43,0.43,0.38,0.38,0.38,0.38,0.36,0.36,0.36,0.3,0.32,0.3,0.32,0.3,0.3,0.28,0.28,0.28,0.25,0.25,0.0,0.0,14.0,20.0,13.0,26.0,22.0,17.0,7.0,8.0,5.0,3.0,,,122.0,8.0,1.0,,,4.0,,,,,,1.0,,,,,,,,,,1.0,,,,,,,,,,,,,,,,,,,,,,,0.0,0.0,0.0,0.0,,,,,,,,,,,,,,,,,,,,,,,,,,,,,,,,,,,,,,,,,,,,,,,,,,,1751096159455215.0,"💵 Durante la exposición de su modelo económico, el presidente Gustavo Petro afirmó que Camacol ha guardado silencio frente a la caída en la construcción de vivienda, la cual atribuyó al aumento de las tasas de interés del Banco de la República. Además, aseguró que “Camacol no se pronuncia porque es de Cambio Radical”.",,https://www.facebook.com/reel/789914074182109/,1.0,0.0,Vídeos,,,205.0,15.0,15.0,,,,204.0,0.0,208.0,0.0,137.0,0.0,0.0,0.0,0.0,,,,,,,,,
,,100036645439789,360 Radio Colombia,"🇨🇴 El registrador Hernán Penagos resaltó que el preconteo de las recientes elecciones legislativas logró una precisión del 99,8%, la más alta registrada en el país.

“Nunca antes se había alcanzado un nivel tan cercano al escrutinio. Actualmente hay más de 800.000 actas electorales publicadas”, afirmó.",90,03/25/2026 19:30,,,Total,187,85,5,1581.299,8.235,84,5,8,5,1,2,1186.871,245.24,149.188,0.0,4.905,8.727,24.865,0.0,0.99,0.84,0.69,0.99,0.52,0.33,0.29,0.25,0.24,0.19,0.19,0.18,0.18,0.15,0.13,0.13,0.13,0.11,0.09,0.08,0.08,0.08,0.08,0.08,0.08,0.08,0.08,0.06,0.05,0.05,0.05,0.05,0.05,0.05,0.05,0.05,0.04,0.04,0.04,0.04,0.04,0.95,0.68,0.36,0.41,0.5,0.5,0.5,0.59,0.95,0.68,0.73,0.73,0.91,0.95,1.0,1.0,1.0,0.95,0.95,0.32,0.32,0.32,0.32,0.32,0.32,0.32,0.32,0.23,0.18,0.18,0.18,0.18,0.18,0.18,0.18,0.18,0.14,0.14,0.14,0.14,0.14,0.0,0.0,,,,,,,,,,,,,,,,,,,,,,,,,,,,,,,,,,,,,,,,,,,,,,,,,,,,,,,,,0.0,0.0,0.0,0.0,,,,,,,,,,,,,,,,,,,,,,,,,,,,,,,,,,,,,,,,,,,,,,,,,,,1751096176121880.0,"🇨🇴 El registrador Hernán Penagos resaltó que el preconteo de las recientes elecciones legislativas logró una precisión del 99,8%, la más alta registrada en el país.

“Nunca antes se había alcanzado un nivel tan cercano al escrutinio. Actualmente hay más de 800.000 actas electorales publicadas”, afirmó.",,https://www.facebook.com/reel/1160809789384299/,1.0,0.0,Vídeos,,,199.0,6.0,6.0,,,,197.0,0.0,187.0,0.0,85.0,0.0,0.0,0.0,0.0,,,,,,,,,
,,100036645439789,360 Radio Colombia,"😡 Tras la difusión en redes de un video que muestra enfrentamientos entre funcionarios de TransMilenio y presuntos colados en la estación Pradera, la entidad rechazó lo ocurrido y pidió a la ciudadanía mantener un comportamiento adecuado dentro del sistema de transporte público.",178,03/25/2026 19:11,,,Total,356,231,28,6193.736,18.27,230,28,8,6,1,1,3129.892,2763.733,300.111,0.0,16.956,18.304,60.023,0.0,0.85,0.57,0.38,0.99,0.29,0.23,0.22,0.2,0.19,0.18,0.16,0.15,0.13,0.12,0.11,0.1,0.1,0.08,0.07,0.06,0.06,0.06,0.06,0.06,0.05,0.06,0.05,0.05,0.06,0.05,0.04,0.04,0.04,0.05,0.04,0.04,0.03,0.03,0.03,0.03,0.03,0.99,0.44,0.2,0.24,0.28,0.3,0.33,0.35,0.99,0.36,0.46,0.53,0.55,0.58,0.64,0.66,0.83,1.0,1.0,0.19,0.18,0.16,0.16,0.16,0.15,0.16,0.15,0.15,0.15,0.14,0.13,0.13,0.13,0.14,0.11,0.11,0.1,0.09,0.09,0.09,0.09,0.0,0.0,17.0,41.0,12.0,38.0,45.0,19.0,22.0,11.0,7.0,9.0,2.0,4.0,208.0,12.0,,1.0,,5.0,,,,,,1.0,,,,,,,,,,,1.0,,1.0,,1.0,,,,,,,,,,,1.0,,,,,,,0.0,0.0,0.0,0.0,,,,,,,,,,,,,,,,,,,,,,,,,,,,,,,,,,,,,,,,,,,,,,,,,,,1751082719456559.0,"😡 Tras la difusión en redes de un video que muestra enfrentamientos entre funcionarios de TransMilenio y presuntos colados en la estación Pradera, la entidad rechazó lo ocurrido y pidió a la ciudadanía mantener un comportamiento adecuado dentro del sistema de transporte público.",,https://www.facebook.com/reel/1610545860273584/,1.0,0.0,Vídeos,,,359.0,8.0,8.0,,,,359.0,0.0,356.0,0.0,231.0,0.0,0.0,0.0,0.0,,,,,,,,,
,,100036645439789,360 Radio Colombia,"🇺🇸 El Comando Sur de Estados Unidos ejecutó un nuevo “ataque cinético letal” contra una presunta narcolancha vinculada a Organizaciones Terroristas Designadas.

La operación se llevó a cabo cuando la embarcación navegaba por corredores habituales del narcotráfico en el Caribe, dejando como saldo cuatro hombres muertos.",16,03/25/2026 19:00,,,Total,53,24,0,237.138,4.311,23,0,4,3,0,1,226.23,3.629,7.279,0.0,0.908,4.714,2.427,0.0,1.0,0.96,0.96,1.0,0.88,0.88,0.71,0.54,0.54,0.42,0.42,0.25,0.17,0.17,0.17,0.13,0.08,,,,,,,,,,,,,,,,,,,,,,,,,1.0,1.0,,,1.0,1.0,1.0,1.0,1.0,1.0,1.0,1.0,1.0,1.0,1.0,1.0,1.0,1.0,1.0,,,,,,,,,,,,,,,,,,,,,,,0.0,0.0,,,,,,,,,,,,,,,,,,,,,,,,,,,,,,,,,,,,,,,,,,,,,,,,,,,,,,,,,0.0,0.0,0.0,0.0,,,,,,,,,,,,,,,,,,,,,,,,,,,,,,,,,,,,,,,,,,,,,,,,,,,1751074709457360.0,"🇺🇸 El Comando Sur de Estados Unidos ejecutó un nuevo “ataque cinético letal” contra una presunta narcolancha vinculada a Organizaciones Terroristas Designadas.

La operación se llevó a cabo cuando la embarcación navegaba por corredores habituales del narcotráfico en el Caribe, dejando como saldo cuatro hombres muertos.",,https://www.facebook.com/reel/1288120423235391/,1.0,0.0,Vídeos,,,57.0,0.0,,,,,57.0,0.0,53.0,0.0,24.0,0.0,0.0,0.0,0.0,,,,,,,,,
,,100036645439789,360 Radio Colombia,"👀 El presidente del Senado se pronunció sobre los enfrentamientos entre Paloma Valencia e Iván Cepeda en la plenaria, en medio del ambiente electoral: “Este es el espacio propio de la política (…) hemos insistido en mantener un debate sereno y con mínimas ofensas, pero los micrófonos están abiertos para que ambos sean escuchados por el país”.",67,03/25/2026 18:30,,,Total,1787,1235,94,24225.119,14.051,1211,94,39,32,6,1,6693.326,17491.899,39.894,0.0,13.384,16.446,3.99,0.0,1.0,0.96,0.8,1.0,0.67,0.55,0.47,0.41,0.38,0.34,0.33,0.3,0.27,0.24,0.23,0.21,0.21,0.19,0.18,0.17,0.16,0.16,0.15,0.14,0.14,0.14,0.13,0.12,0.12,0.11,0.09,0.11,0.1,0.11,0.09,0.08,0.08,0.07,0.07,0.07,0.06,1.0,0.88,0.53,0.57,0.61,0.63,0.68,0.72,1.0,0.79,0.96,1.0,1.0,1.0,1.0,1.0,1.0,1.0,1.0,0.52,0.48,0.46,0.45,0.43,0.42,0.41,0.4,0.37,0.35,0.34,0.28,0.31,0.29,0.32,0.27,0.24,0.23,0.22,0.21,0.2,0.18,0.0,0.01,179.0,257.0,89.0,224.0,144.0,86.0,90.0,58.0,38.0,31.0,4.0,10.0,1142.0,46.0,6.0,1.0,1.0,14.0,,1.0,1.0,,,4.0,,,,2.0,1.0,3.0,,1.0,,,,,2.0,1.0,4.0,,,,,1.0,1.0,,,,,,1.0,,,,,,0.0,0.0,0.0,0.0,,,,2.0,,,,,,,,,,,,,,,,,,,,,,,,,,,,,,,,,,,,,,,,,,,,,,,1751054136126084.0,"👀 El presidente del Senado se pronunció sobre los enfrentamientos entre Paloma Valencia e Iván Cepeda en la plenaria, en medio del ambiente electoral: “Este es el espacio propio de la política (…) hemos insistido en mantener un debate sereno y con mínimas ofensas, pero los micrófonos están abiertos para que ambos sean escuchados por el país”.",,https://www.facebook.com/reel/1673418560684562/,1.0,0.0,Vídeos,,,1860.0,38.0,38.0,,,,1857.0,0.0,1787.0,0.0,1235.0,0.0,0.0,0.0,0.0,,,,,,,,,
,,100036645439789,360 Radio Colombia,"🚓 Tres supuestos narcotraficantes fueron detenidos en operativos conjuntos de la DIJIN y la DEA en Medellín, Guatapé (Antioquia) y Cartago (Valle). De acuerdo con las autoridades, tendrían vínculos con las Autodefensas Gaitanistas y el ELN, y estarían involucrados en el envío de cocaína hacia Estados Unidos mediante veleros y contenedores.",104,03/25/2026 18:00,,,Total,1670,1090,101,24442.058,15.125,1090,101,29,28,0,1,5645.191,18629.05,167.817,0.0,13.549,23.921,33.564,0.0,1.0,0.78,0.57,1.0,0.45,0.39,0.36,0.33,0.31,0.29,0.27,0.24,0.2,0.19,0.17,0.17,0.16,0.15,0.13,0.13,0.11,0.11,0.1,0.09,0.09,0.09,0.08,0.08,0.08,0.07,0.07,0.07,0.07,0.07,0.06,0.06,0.05,0.05,0.05,0.05,0.05,1.0,0.65,0.37,0.4,0.44,0.45,0.47,0.51,1.0,0.55,0.75,0.81,0.86,0.92,0.98,1.0,1.0,1.0,1.0,0.35,0.31,0.29,0.28,0.26,0.26,0.25,0.22,0.22,0.21,0.2,0.17,0.19,0.18,0.2,0.17,0.16,0.13,0.13,0.13,0.13,0.12,0.0,0.01,85.0,170.0,54.0,191.0,187.0,71.0,127.0,68.0,65.0,34.0,11.0,18.0,988.0,45.0,5.0,3.0,2.0,22.0,2.0,2.0,,1.0,,2.0,,,2.0,,1.0,7.0,1.0,,,1.0,1.0,,1.0,1.0,,,,,,1.0,,,,,,,,,,,,,0.0,0.0,0.0,0.0,,,1.0,,,,,,,,,,,1.0,,,,,,,,,,,,,,,,,,,,,,,,,,,,,,,,,,,,,1751029209461910.0,"🚓 Tres supuestos narcotraficantes fueron detenidos en operativos conjuntos de la DIJIN y la DEA en Medellín, Guatapé (Antioquia) y Cartago (Valle). De acuerdo con las autoridades, tendrían vínculos con las Autodefensas Gaitanistas y el ELN, y estarían involucrados en el envío de cocaína hacia Estados Unidos mediante veleros y contenedores.",,https://www.facebook.com/reel/1197925755573074/,1.0,0.0,Vídeos,,,1707.0,17.0,17.0,,,,1704.0,0.0,1670.0,0.0,1090.0,0.0,0.0,0.0,0.0,,,,,,,,,
,,100036645439789,360 Radio Colombia,"👀 El ministro de Defensa, Pedro Sánchez, afirmó que aún no está confirmado que alias ‘Zarco Aldinever’ haya sido asesinado por el ELN, como lo sostiene la Segunda Marquetalia.

“Ya están en marcha todos los protocolos para ubicarlo y lograr su captura, junto a otras cinco personas vinculadas a la Segunda Marquetalia”.",157,03/25/2026 17:30,,,Total,1316,906,112,23222.451,17.794,889,112,29,18,7,4,5509.692,17373.889,338.87,0.0,15.999,26.489,30.807,0.0,0.95,0.67,0.43,1.0,0.35,0.32,0.26,0.24,0.21,0.2,0.18,0.16,0.15,0.14,0.13,0.13,0.12,0.1,0.09,0.08,0.08,0.07,0.07,0.07,0.06,0.05,0.05,0.05,0.04,0.04,0.04,0.04,0.04,0.04,0.03,0.03,0.03,0.03,0.03,0.02,0.02,1.0,0.46,0.24,0.28,0.33,0.35,0.36,0.39,1.0,0.41,0.49,0.55,0.58,0.66,0.74,0.89,0.97,1.0,1.0,0.23,0.21,0.19,0.19,0.18,0.17,0.15,0.15,0.13,0.12,0.12,0.1,0.1,0.11,0.12,0.1,0.1,0.09,0.08,0.07,0.06,0.05,0.0,0.0,112.0,163.0,67.0,160.0,135.0,63.0,64.0,51.0,41.0,27.0,3.0,11.0,852.0,25.0,8.0,,,1.0,2.0,,,,,3.0,1.0,,,1.0,,6.0,,,,1.0,,,2.0,,2.0,,,,,1.0,,,,,,,,,,,,,0.0,0.0,0.0,0.0,,,1.0,,,,,,,,,,,,,,,,,,,,,,,,,,,,,,,,,,,,,,,,,,,,,,,,1751008629463968.0,"👀 El ministro de Defensa, Pedro Sánchez, afirmó que aún no está confirmado que alias ‘Zarco Aldinever’ haya sido asesinado por el ELN, como lo sostiene la Segunda Marquetalia.

“Ya están en marcha todos los protocolos para ubicarlo y lograr su captura, junto a otras cinco personas vinculadas a la Segunda Marquetalia”.",,https://www.facebook.com/reel/1954405508519130/,1.0,0.0,Vídeos,,,1363.0,25.0,25.0,,,,1360.0,0.0,1316.0,0.0,906.0,0.0,0.0,0.0,0.0,,,,,,,,,
,,100036645439789,360 Radio Colombia,#Empresas | Más de 15.000 compañías deberán desembolsar el 50% del gravamen establecido bajo la emergencia económica.,0,03/25/2026 12:28,,,Total,54,0,0,,,0,0,2,1,0,1,0.0,0.0,0.0,0.0,0.0,0.0,0.0,0.0,,,,,,,,,,,,,,,,,,,,,,,,,,,,,,,,,,,,,,,,,,,,,,,,,,,,,,,,,,,,,,,,,,,,,,,,,,,,,,,,,,,,0.0,,,,,,,,,,,,,,,,,,,,,,,,,,,,,,,,,,,,,,,,,,,,,,,,,,,,,,,,,0.0,0.0,0.0,0.0,,,,,,,,,,,,,,,,,,,,,,,,,,,,,,,,,,,,,,,,,,,,,,,,,,,1750839756147522.0,,,https://www.facebook.com/360RadioColombia/posts/pfbid02zf6vxzaNmvuQqqbxikgtvR7j3poapyB5CRia7WDmSTuKt9oNeB5n5mfMYPPe7d6Vl,0.0,0.0,Enlaces,,,79.0,0.0,,,,,79.0,0.0,54.0,0.0,0.0,0.0,0.0,0.0,0.0,,,,,,,,,
,,100036645439789,360 Radio Colombia,#Judicial | La demanda contra el acto administrativo de la Procuraduría será el próximo escenario de esta batalla legal.,0,03/25/2026 11:10,,,Total,121,0,0,,,0,0,1,0,0,1,0.0,0.0,0.0,0.0,0.0,0.0,0.0,0.0,,,,,,,,,,,,,,,,,,,,,,,,,,,,,,,,,,,,,,,,,,,,,,,,,,,,,,,,,,,,,,,,,,,,,,,,,,,,,,,,,,,,0.0,,,,,,,,,,,,,,,,,,,,,,,,,,,,,,,,,,,,,,,,,,,,,,,,,,,,,,,,,0.0,0.0,0.0,0.0,,,,,,,,,,,,,,,,,,,,,,,,,,,,,,,,,,,,,,,,,,,,,,,,,,,1750786346152863.0,,,https://www.facebook.com/360RadioColombia/posts/pfbid0dmCYtSpbvx89mJeeXWGfhET5ztEjtzkdwAuaJGKfYPQBAYT2fpNPhqEGzUzmve2El,0.0,0.0,Enlaces,,,171.0,5.0,1.0,,,4.0,171.0,0.0,121.0,0.0,0.0,0.0,0.0,0.0,0.0,,,,,,,,,
,,100036645439789,360 Radio Colombia,#Judicial | El político del Centro Democrático no podrá ocupar funciones estatales durante un tiempo equivalente a su condena.,0,03/25/2026 10:18,,,Total,149,0,0,,,0,0,3,1,1,1,0.0,0.0,0.0,0.0,0.0,0.0,0.0,0.0,,,,,,,,,,,,,,,,,,,,,,,,,,,,,,,,,,,,,,,,,,,,,,,,,,,,,,,,,,,,,,,,,,,,,,,,,,,,,,,,,,,,0.0,,,,,,,,,,,,,,,,,,,,,,,,,,,,,,,,,,,,,,,,,,,,,,,,,,,,,,,,,0.0,0.0,0.0,0.0,,,,,,,,,,,,,,,,,,,,,,,,,,,,,,,,,,,,,,,,,,,,,,,,,,,1750751072823057.0,,,https://www.facebook.com/360RadioColombia/posts/pfbid02ziGfwLk3Nw8m68uo7v8tvoFnZgYSS1aT9CL6fLQ6BAJ3X2fUuSJY6ywMEWWTATY3l,0.0,0.0,Enlaces,,,222.0,3.0,2.0,,,1.0,222.0,0.0,149.0,0.0,0.0,0.0,0.0,0.0,0.0,,,,,,,,,
,,100036645439789,360 Radio Colombia,#Entretenimiento | La sentencia que reconoce la filiación de Alex Teherán no es solo simbólica; abre la puerta a un millonario patrimonio económico.,0,03/25/2026 09:55,,,Total,147,0,0,,,0,0,2,1,0,1,0.0,0.0,0.0,0.0,0.0,0.0,0.0,0.0,,,,,,,,,,,,,,,,,,,,,,,,,,,,,,,,,,,,,,,,,,,,,,,,,,,,,,,,,,,,,,,,,,,,,,,,,,,,,,,,,,,,0.0,,,,,,,,,,,,,,,,,,,,,,,,,,,,,,,,,,,,,,,,,,,,,,,,,,,,,,,,,0.0,0.0,0.0,0.0,,,,,,,,,,,,,,,,,,,,,,,,,,,,,,,,,,,,,,,,,,,,,,,,,,,1750731852824979.0,,,https://www.facebook.com/360RadioColombia/posts/pfbid0itgseWigoqx7kypSKgAawW5pTWWaocLwyGFy3REYQ3MHAjBCBtqsCgfxVN2VdW2Gl,0.0,0.0,Enlaces,,,219.0,2.0,,,,2.0,219.0,0.0,147.0,0.0,0.0,0.0,0.0,0.0,0.0,,,,,,,,,
,,100036645439789,360 Radio Colombia,#Tecnología | Una de las mayores dudas sobre el cobro mediante iPhone es la protección de datos.,0,03/25/2026 09:03,,,Total,41,0,0,,,0,0,0,0,0,0,0.0,0.0,0.0,0.0,0.0,0.0,0.0,0.0,,,,,,,,,,,,,,,,,,,,,,,,,,,,,,,,,,,,,,,,,,,,,,,,,,,,,,,,,,,,,,,,,,,,,,,,,,,,,,,,,,,,0.0,,,,,,,,,,,,,,,,,,,,,,,,,,,,,,,,,,,,,,,,,,,,,,,,,,,,,,,,,0.0,0.0,0.0,0.0,,,,,,,,,,,,,,,,,,,,,,,,,,,,,,,,,,,,,,,,,,,,,,,,,,,1750689812829183.0,,,https://www.facebook.com/360RadioColombia/posts/pfbid074Ce7Lbz5deeR1dhtu17WmrSeTa3NyvwqanH7VDPvYc3sWMeUQd2aVWeYovu4LXwl,0.0,0.0,Enlaces,,,57.0,0.0,,,,,57.0,0.0,41.0,0.0,0.0,0.0,0.0,0.0,0.0,,,,,,,,,
,,100036645439789,360 Radio Colombia,"#Movilidad | Con el inicio de la Semana Mayor, las principales capitales del país ajustan sus esquemas de movilidad.",0,03/25/2026 08:20,,,Total,57,0,0,,,0,0,0,0,0,0,0.0,0.0,0.0,0.0,0.0,0.0,0.0,0.0,,,,,,,,,,,,,,,,,,,,,,,,,,,,,,,,,,,,,,,,,,,,,,,,,,,,,,,,,,,,,,,,,,,,,,,,,,,,,,,,,,,,0.0,,,,,,,,,,,,,,,,,,,,,,,,,,,,,,,,,,,,,,,,,,,,,,,,,,,,,,,,,0.0,0.0,0.0,0.0,,,,,,,,,,,,,,,,,,,,,,,,,,,,,,,,,,,,,,,,,,,,,,,,,,,1750657906165707.0,,,https://www.facebook.com/360RadioColombia/posts/pfbid02eKJjxopBSTezMY1fcsPJjRUdVom3VUyC5LGCYsNsD9wuFjxc2ovVs1XUBvLhA3ogl,0.0,0.0,Enlaces,,,80.0,1.0,,,,1.0,80.0,0.0,57.0,0.0,0.0,0.0,0.0,0.0,0.0,,,,,,,,,
,,100036645439789,360 Radio Colombia,"#Bogotá | El crimen, que habría ocurrido el viernes 20 de marzo, solo fue descubierto el martes 24 tras una entrada forzada de los Bomberos al domicilio de las víctimas.",0,03/25/2026 07:46,,,Total,119,0,0,,,0,0,1,1,0,0,0.0,0.0,0.0,0.0,0.0,0.0,0.0,0.0,,,,,,,,,,,,,,,,,,,,,,,,,,,,,,,,,,,,,,,,,,,,,,,,,,,,,,,,,,,,,,,,,,,,,,,,,,,,,,,,,,,,0.0,,,,,,,,,,,,,,,,,,,,,,,,,,,,,,,,,,,,,,,,,,,,,,,,,,,,,,,,,0.0,0.0,0.0,0.0,,,,,,,,,,,,,,,,,,,,,,,,,,,,,,,,,,,,,,,,,,,,,,,,,,,1750629482835216.0,,,https://www.facebook.com/360RadioColombia/posts/pfbid02zeEHLcBHBrEg8v2FAAj1zXUxEuMqo92LhAwTjwbLjDJuoLEv3Pj1wycn1BYZ6U5ml,0.0,0.0,Enlaces,,,171.0,0.0,,,,,171.0,0.0,119.0,0.0,0.0,0.0,0.0,0.0,0.0,,,,,,,,,
,,100036645439789,360 Radio Colombia,"#Judicial | Más allá de los términos jurídicos, la audiencia en el Distrito Sur de Nueva York representa un punto de inflexión para la transición en Venezuela.

",0,03/25/2026 06:54,,,Total,185,0,0,,,0,0,4,2,1,1,0.0,0.0,0.0,0.0,0.0,0.0,0.0,0.0,,,,,,,,,,,,,,,,,,,,,,,,,,,,,,,,,,,,,,,,,,,,,,,,,,,,,,,,,,,,,,,,,,,,,,,,,,,,,,,,,,,,0.0,,,,,,,,,,,,,,,,,,,,,,,,,,,,,,,,,,,,,,,,,,,,,,,,,,,,,,,,,0.0,0.0,0.0,0.0,,,,,,,,,,,,,,,,,,,,,,,,,,,,,,,,,,,,,,,,,,,,,,,,,,,1750589899505841.0,,,https://www.facebook.com/360RadioColombia/posts/pfbid0YM7RwaCmwatymYH6tVYdvjY1892hzY1hokH52ovwaowKxyVwkWXSafNZzDx6LUJQl,0.0,0.0,Enlaces,,,280.0,5.0,2.0,,,3.0,280.0,0.0,185.0,0.0,0.0,0.0,0.0,0.0,0.0,,,,,,,,,
,,100036645439789,360 Radio Colombia,#Bogotá | La Empresa de Acueducto de Bogotá (EAAB) marcó un hito en la modernización de la Planta de Tibitoc con la instalación de cinco nuevas compuertas de alta tecnología,0,03/24/2026 14:18,,,Total,78,0,0,,,0,0,2,1,0,1,0.0,0.0,0.0,0.0,0.0,0.0,0.0,0.0,,,,,,,,,,,,,,,,,,,,,,,,,,,,,,,,,,,,,,,,,,,,,,,,,,,,,,,,,,,,,,,,,,,,,,,,,,,,,,,,,,,,0.0,,,,,,,,,,,,,,,,,,,,,,,,,,,,,,,,,,,,,,,,,,,,,,,,,,,,,,,,,0.0,0.0,0.0,0.0,,,,,,,,,,,,,,,,,,,,,,,,,,,,,,,,,,,,,,,,,,,,,,,,,,,1749960002902164.0,,,https://www.facebook.com/360RadioColombia/posts/pfbid02WbKuhTtfGVtGnzFLbZv7HDdckZ2h5mWD4oQT9KbCpxP5f7dZQLriiQz3wSyXg5Ykl,0.0,0.0,Enlaces,,,110.0,0.0,,,,,110.0,0.0,78.0,0.0,0.0,0.0,0.0,0.0,0.0,,,,,,,,,
,,100036645439789,360 Radio Colombia,"#Colombia | Mientras la Fundación Pares ejecuta un millonario contrato estatal, su director León Valencia promociona una biografía del candidato presidencial Iván Cepeda.",0,03/24/2026 13:08,,,Total,139,0,0,,,0,0,4,2,1,1,0.0,0.0,0.0,0.0,0.0,0.0,0.0,0.0,,,,,,,,,,,,,,,,,,,,,,,,,,,,,,,,,,,,,,,,,,,,,,,,,,,,,,,,,,,,,,,,,,,,,,,,,,,,,,,,,,,,0.0,,,,,,,,,,,,,,,,,,,,,,,,,,,,,,,,,,,,,,,,,,,,,,,,,,,,,,,,,0.0,0.0,0.0,0.0,,,,,,,,,,,,,,,,,,,,,,,,,,,,,,,,,,,,,,,,,,,,,,,,,,,1749922846239213.0,,,https://www.facebook.com/360RadioColombia/posts/pfbid02Z5NgBYkHwzq9Eo4CQvZihqLU7sBkJRdSCtVCA3e2vQcR4CoLEerxb6Hjk2aseHt1l,0.0,0.0,Enlaces,,,214.0,11.0,4.0,,,7.0,214.0,0.0,139.0,0.0,0.0,0.0,0.0,0.0,0.0,,,,,,,,,
,,100036645439789,360 Radio Colombia,"#Tecnología | Tras un debut histórico, la realidad del mercado global obliga a Nintendo Co. a reajustar sus planes.",0,03/24/2026 11:34,,,Total,45,0,0,,,0,0,2,1,0,1,0.0,0.0,0.0,0.0,0.0,0.0,0.0,0.0,,,,,,,,,,,,,,,,,,,,,,,,,,,,,,,,,,,,,,,,,,,,,,,,,,,,,,,,,,,,,,,,,,,,,,,,,,,,,,,,,,,,0.0,,,,,,,,,,,,,,,,,,,,,,,,,,,,,,,,,,,,,,,,,,,,,,,,,,,,,,,,,0.0,0.0,0.0,0.0,,,,,,,,,,,,,,,,,,,,,,,,,,,,,,,,,,,,,,,,,,,,,,,,,,,1749870916244406.0,,,https://www.facebook.com/360RadioColombia/posts/pfbid0qvb4RUevGZbWrKV89uesUkffsRRuvkkSNHRVevEsbmy9F98Gpg49HxsVXBxPnS4Tl,0.0,0.0,Enlaces,,,80.0,0.0,,,,,80.0,0.0,45.0,0.0,0.0,0.0,0.0,0.0,0.0,,,,,,,,,
,,100036645439789,360 Radio Colombia,"#Opinión | El verdadero reto de 2026 no es vender, es cobrar: la crisis silenciosa de liquidez en las MiPymes

Por: Nicolás Villa Peláez",0,03/24/2026 10:57,,,Total,57,0,0,,,0,0,3,1,0,2,0.0,0.0,0.0,0.0,0.0,0.0,0.0,0.0,,,,,,,,,,,,,,,,,,,,,,,,,,,,,,,,,,,,,,,,,,,,,,,,,,,,,,,,,,,,,,,,,,,,,,,,,,,,,,,,,,,,0.0,,,,,,,,,,,,,,,,,,,,,,,,,,,,,,,,,,,,,,,,,,,,,,,,,,,,,,,,,0.0,0.0,0.0,0.0,,,,,,,,,,,,,,,,,,,,,,,,,,,,,,,,,,,,,,,,,,,,,,,,,,,1749846656246832.0,,,https://www.facebook.com/360RadioColombia/posts/pfbid0bnRLzgEa41VTBcRbRZoaBNhKqjdozdpRyzC7bKuzXm2nSJjogfDvMtZxfpy3zxsBl,0.0,0.0,Enlaces,,,90.0,0.0,,,,,90.0,0.0,57.0,0.0,0.0,0.0,0.0,0.0,0.0,,,,,,,,,
,,100036645439789,360 Radio Colombia,"#Movilidad | En una alianza estratégica para dinamizar el mercado aéreo, JetSMART y Claro club anunciaron tarifas preferenciales para miles de usuarios.",0,03/24/2026 10:39,,,Total,55,0,0,,,0,0,2,1,0,1,0.0,0.0,0.0,0.0,0.0,0.0,0.0,0.0,,,,,,,,,,,,,,,,,,,,,,,,,,,,,,,,,,,,,,,,,,,,,,,,,,,,,,,,,,,,,,,,,,,,,,,,,,,,,,,,,,,,0.0,,,,,,,,,,,,,,,,,,,,,,,,,,,,,,,,,,,,,,,,,,,,,,,,,,,,,,,,,0.0,0.0,0.0,0.0,,,,,,,,,,,,,,,,,,,,,,,,,,,,,,,,,,,,,,,,,,,,,,,,,,,1749834672914697.0,,,https://www.facebook.com/360RadioColombia/posts/pfbid02ZJNUAuCaGGXuafbuVTW23GkxfgHtASUa6a6zjE9f9Rjm4avBaveQDrsFvGfuLFV8l,0.0,0.0,Enlaces,,,79.0,2.0,1.0,,,1.0,79.0,0.0,55.0,0.0,0.0,0.0,0.0,0.0,0.0,,,,,,,,,
,,100036645439789,360 Radio Colombia,"#Entretenimiento | En un mundo dominado por la inmediatez del streaming, el disco de vinilo propone una pausa necesaria.",0,03/24/2026 09:50,,,Total,39,0,0,,,0,0,0,0,0,0,0.0,0.0,0.0,0.0,0.0,0.0,0.0,0.0,,,,,,,,,,,,,,,,,,,,,,,,,,,,,,,,,,,,,,,,,,,,,,,,,,,,,,,,,,,,,,,,,,,,,,,,,,,,,,,,,,,,0.0,,,,,,,,,,,,,,,,,,,,,,,,,,,,,,,,,,,,,,,,,,,,,,,,,,,,,,,,,0.0,0.0,0.0,0.0,,,,,,,,,,,,,,,,,,,,,,,,,,,,,,,,,,,,,,,,,,,,,,,,,,,1749802426251255.0,,,https://www.facebook.com/360RadioColombia/posts/pfbid02ZmM1ixcuaA76CYQkq33xVgbPFC8NkSW6KXC6tkpit6NvvRf36PT6N3nWpSEtSEvCl,0.0,0.0,Enlaces,,,62.0,0.0,,,,,62.0,0.0,39.0,0.0,0.0,0.0,0.0,0.0,0.0,,,,,,,,,
,,100036645439789,360 Radio Colombia,#Colombia | Un despliegue sin precedentes en 32 ciudades capitales marcó el concurso de méritos de la Contraloría General de la República (2024-2026).,0,03/24/2026 08:30,,,Total,65,0,0,,,0,0,4,1,0,3,0.0,0.0,0.0,0.0,0.0,0.0,0.0,0.0,,,,,,,,,,,,,,,,,,,,,,,,,,,,,,,,,,,,,,,,,,,,,,,,,,,,,,,,,,,,,,,,,,,,,,,,,,,,,,,,,,,,0.0,,,,,,,,,,,,,,,,,,,,,,,,,,,,,,,,,,,,,,,,,,,,,,,,,,,,,,,,,0.0,0.0,0.0,0.0,,,,,,,,,,,,,,,,,,,,,,,,,,,,,,,,,,,,,,,,,,,,,,,,,,,1749731139591717.0,,,https://www.facebook.com/360RadioColombia/posts/pfbid0haZwqFfmjgLdcPSpweBLMjrp8cw25s7WhY6EENQDUUGMRbDFNaxQFYYmt8F52yW9l,0.0,0.0,Enlaces,,,112.0,1.0,,,,1.0,112.0,0.0,65.0,0.0,0.0,0.0,0.0,0.0,0.0,,,,,,,,,
,,100036645439789,360 Radio Colombia,#Colombia | La Registraduría Nacional recordó que queda menos de una semana para que los ciudadanos actualicen su puesto de votación de cara a la primera vuelta del 31 de mayo.,0,03/24/2026 07:37,,,Total,68,0,0,,,0,0,2,1,0,1,0.0,0.0,0.0,0.0,0.0,0.0,0.0,0.0,,,,,,,,,,,,,,,,,,,,,,,,,,,,,,,,,,,,,,,,,,,,,,,,,,,,,,,,,,,,,,,,,,,,,,,,,,,,,,,,,,,,0.0,,,,,,,,,,,,,,,,,,,,,,,,,,,,,,,,,,,,,,,,,,,,,,,,,,,,,,,,,0.0,0.0,0.0,0.0,,,,,,,,,,,,,,,,,,,,,,,,,,,,,,,,,,,,,,,,,,,,,,,,,,,1749691729595658.0,,,https://www.facebook.com/360RadioColombia/posts/pfbid0xuYDryDEfUkfn8ie3n3Mx22yJcZVZFn88VY1u2rhk1ppURVwXd4d1KkMMrmdDZxbl,0.0,0.0,Enlaces,,,98.0,1.0,,,,1.0,98.0,0.0,68.0,0.0,0.0,0.0,0.0,0.0,0.0,,,,,,,,,
,,100036645439789,360 Radio Colombia,#Empresas | Ecopetrol confirmó este martes 24 de marzo que la Refinería de Cartagena (Reficar) ha normalizado todas sus unidades de proceso.,0,03/24/2026 06:57,,,Total,90,0,0,,,0,0,3,1,1,1,0.0,0.0,0.0,0.0,0.0,0.0,0.0,0.0,,,,,,,,,,,,,,,,,,,,,,,,,,,,,,,,,,,,,,,,,,,,,,,,,,,,,,,,,,,,,,,,,,,,,,,,,,,,,,,,,,,,0.0,,,,,,,,,,,,,,,,,,,,,,,,,,,,,,,,,,,,,,,,,,,,,,,,,,,,,,,,,0.0,0.0,0.0,0.0,,,,,,,,,,,,,,,,,,,,,,,,,,,,,,,,,,,,,,,,,,,,,,,,,,,1749662886265209.0,,,https://www.facebook.com/360RadioColombia/posts/pfbid0t1A13Dt7ByM4x65MekNYhvspYFNGmmVoEt5erSt29JyB3UXUhvko9LiU3GyowcY4l,0.0,0.0,Enlaces,,,118.0,3.0,2.0,,,1.0,118.0,0.0,90.0,0.0,0.0,0.0,0.0,0.0,0.0,,,,,,,,,
,,100036645439789,360 Radio Colombia,#Antioquia | La visión del nuevo Ecoparque Ferroviario apunta a un objetivo audaz: reactivar el tránsito por el legendario túnel de La Quiebra.,0,03/21/2026 08:22,,,Total,135,0,0,,,0,0,6,4,0,2,0.0,0.0,0.0,0.0,0.0,0.0,0.0,0.0,,,,,,,,,,,,,,,,,,,,,,,,,,,,,,,,,,,,,,,,,,,,,,,,,,,,,,,,,,,,,,,,,,,,,,,,,,,,,,,,,,,,0.0,,,,,,,,,,,,,,,,,,,,,,,,,,,,,,,,,,,,,,,,,,,,,,,,,,,,,,,,,0.0,0.0,0.0,0.0,,,,,,,,,,,,,,,,,,,,,,,,,,,,,,,,,,,,,,,,,,,,,,,,,,,1746949709869860.0,,,https://www.facebook.com/360RadioColombia/posts/pfbid02Kq5hb1pthzV1FQn8BDWRvoukiFPgGxGwJZcZ14fufWA3Gf4evTQNwZJFbbW9ZSKNl,0.0,0.0,Enlaces,,,205.0,0.0,,,,,205.0,0.0,135.0,0.0,0.0,0.0,0.0,0.0,0.0,,,,,,,,,
,,100036645439789,360 Radio Colombia,"#Entretenimiento | El Festival Estéreo Picnic no es solo una cita musical, sino el mayor desafío de convivencia y seguridad del año para la capital.",0,03/21/2026 07:49,,,Total,84,0,0,,,0,0,2,1,0,1,0.0,0.0,0.0,0.0,0.0,0.0,0.0,0.0,,,,,,,,,,,,,,,,,,,,,,,,,,,,,,,,,,,,,,,,,,,,,,,,,,,,,,,,,,,,,,,,,,,,,,,,,,,,,,,,,,,,0.0,,,,,,,,,,,,,,,,,,,,,,,,,,,,,,,,,,,,,,,,,,,,,,,,,,,,,,,,,0.0,0.0,0.0,0.0,,,,,,,,,,,,,,,,,,,,,,,,,,,,,,,,,,,,,,,,,,,,,,,,,,,1746925459872285.0,,,https://www.facebook.com/360RadioColombia/posts/pfbid0egpdqxPwm2TCiDQzh7snT3pgJ3sczyNJ96esiLmpPuK6kW5FnTMJqbbh2RTQ5vwKl,0.0,0.0,Enlaces,,,130.0,0.0,,,,,130.0,0.0,84.0,0.0,0.0,0.0,0.0,0.0,0.0,,,,,,,,,
,,100036645439789,360 Radio Colombia,"#Medellín | Con el fin de facilitar el trámite a quienes no pueden asistir en semana, el Metro de Medellín abrirá ocho puntos de atención este sábado 21 de marzo.",0,03/21/2026 07:45,,,Total,86,0,0,,,0,0,3,2,0,1,0.0,0.0,0.0,0.0,0.0,0.0,0.0,0.0,,,,,,,,,,,,,,,,,,,,,,,,,,,,,,,,,,,,,,,,,,,,,,,,,,,,,,,,,,,,,,,,,,,,,,,,,,,,,,,,,,,,0.0,,,,,,,,,,,,,,,,,,,,,,,,,,,,,,,,,,,,,,,,,,,,,,,,,,,,,,,,,0.0,0.0,0.0,0.0,,,,,,,,,,,,,,,,,,,,,,,,,,,,,,,,,,,,,,,,,,,,,,,,,,,1746922079872623.0,,,https://www.facebook.com/360RadioColombia/posts/pfbid0tbEGUTMnqfshyFtk7sR8Kuvsn2CJNHkkfLFga166Yz256MBt4YHUabpN9njPeBJil,0.0,0.0,Enlaces,,,120.0,0.0,,,,,120.0,0.0,86.0,0.0,0.0,0.0,0.0,0.0,0.0,,,,,,,,,
,,100036645439789,360 Radio Colombia,#Cultura | El tercer puente festivo de marzo convierte a Villa de Leyva en el epicentro científico de la región.,0,03/20/2026 16:31,,,Total,68,0,0,,,0,0,1,1,0,0,0.0,0.0,0.0,0.0,0.0,0.0,0.0,0.0,,,,,,,,,,,,,,,,,,,,,,,,,,,,,,,,,,,,,,,,,,,,,,,,,,,,,,,,,,,,,,,,,,,,,,,,,,,,,,,,,,,,0.0,,,,,,,,,,,,,,,,,,,,,,,,,,,,,,,,,,,,,,,,,,,,,,,,,,,,,,,,,0.0,0.0,0.0,0.0,,,,,,,,,,,,,,,,,,,,,,,,,,,,,,,,,,,,,,,,,,,,,,,,,,,1746307579934073.0,,,https://www.facebook.com/360RadioColombia/posts/pfbid02NAPkt7wexVeZWgDB6AYa2aUQEP8sr5d7stiUy5ex8pcZDkKHtgnV58WTNU6sBmVil,0.0,0.0,Enlaces,,,119.0,0.0,,,,,119.0,0.0,68.0,0.0,0.0,0.0,0.0,0.0,0.0,,,,,,,,,
,,100036645439789,360 Radio Colombia,"#Infraestructura | El megaproyecto Lagos de Torca alcanza un hito fundamental al entregar al Distrito sus primeros 5,2 kilómetros de infraestructura vial.",0,03/20/2026 13:59,,,Total,87,0,0,,,0,0,3,2,0,1,0.0,0.0,0.0,0.0,0.0,0.0,0.0,0.0,,,,,,,,,,,,,,,,,,,,,,,,,,,,,,,,,,,,,,,,,,,,,,,,,,,,,,,,,,,,,,,,,,,,,,,,,,,,,,,,,,,,0.0,,,,,,,,,,,,,,,,,,,,,,,,,,,,,,,,,,,,,,,,,,,,,,,,,,,,,,,,,0.0,0.0,0.0,0.0,,,,,,,,,,,,,,,,,,,,,,,,,,,,,,,,,,,,,,,,,,,,,,,,,,,1746219346609563.0,,,https://www.facebook.com/360RadioColombia/posts/pfbid0JaErj4KNv9kyhufZofZg7gsKEKqXPN4kD8kL4feTqvM5e4aXLSDU3LPorQdxCrkbl,0.0,0.0,Enlaces,,,115.0,0.0,,,,,115.0,0.0,87.0,0.0,0.0,0.0,0.0,0.0,0.0,,,,,,,,,
,,100036645439789,360 Radio Colombia,"#Empresas | Con el objetivo de fortalecer la permanencia educativa en 13 municipios del país, la compañía Aris Mining completó la entrega de sus ""Maletines del Saber"".",0,03/20/2026 13:27,,,Total,96,0,0,,,0,0,5,4,0,1,0.0,0.0,0.0,0.0,0.0,0.0,0.0,0.0,,,,,,,,,,,,,,,,,,,,,,,,,,,,,,,,,,,,,,,,,,,,,,,,,,,,,,,,,,,,,,,,,,,,,,,,,,,,,,,,,,,,0.0,,,,,,,,,,,,,,,,,,,,,,,,,,,,,,,,,,,,,,,,,,,,,,,,,,,,,,,,,0.0,0.0,0.0,0.0,,,,,,,,,,,,,,,,,,,,,,,,,,,,,,,,,,,,,,,,,,,,,,,,,,,1746200429944788.0,,,https://www.facebook.com/360RadioColombia/posts/pfbid02Jy4eGCA7WfbYEpGKgkc7JduxqYchRRce6j8pQ9FWGJqj6DTTn8brAEAojfsnC5edl,0.0,0.0,Enlaces,,,148.0,2.0,,,,2.0,148.0,0.0,96.0,0.0,0.0,0.0,0.0,0.0,0.0,,,,,,,,,
,,100036645439789,360 Radio Colombia,"#Movilidad | Aunque el turismo interno lidera las proyecciones, el componente internacional mantiene un peso estratégico del 38% en la operación aérea de este puente de San José.",0,03/20/2026 12:58,,,Total,52,0,0,,,0,0,1,1,0,0,0.0,0.0,0.0,0.0,0.0,0.0,0.0,0.0,,,,,,,,,,,,,,,,,,,,,,,,,,,,,,,,,,,,,,,,,,,,,,,,,,,,,,,,,,,,,,,,,,,,,,,,,,,,,,,,,,,,0.0,,,,,,,,,,,,,,,,,,,,,,,,,,,,,,,,,,,,,,,,,,,,,,,,,,,,,,,,,0.0,0.0,0.0,0.0,,,,,,,,,,,,,,,,,,,,,,,,,,,,,,,,,,,,,,,,,,,,,,,,,,,1746183809946450.0,,,https://www.facebook.com/360RadioColombia/posts/pfbid02kEzT5qc2rr8tHMgyDbioETmDkFHFNspfYm3tBvqtaX6EiswMQDJP244EGrKjrpdol,0.0,0.0,Enlaces,,,83.0,1.0,,,,1.0,83.0,0.0,52.0,0.0,0.0,0.0,0.0,0.0,0.0,,,,,,,,,
,,100036645439789,360 Radio Colombia,"#Empresas | En un movimiento estratégico liderado por Ecopetrol y Frontera Energy, la terminal de Puerto Bahía ampliará su capacidad de regasificación de 126 a 300 millones de pies cúbicos diarios (Mpcd) este mismo año",0,03/20/2026 12:41,,,Total,81,0,0,,,0,0,2,1,0,1,0.0,0.0,0.0,0.0,0.0,0.0,0.0,0.0,,,,,,,,,,,,,,,,,,,,,,,,,,,,,,,,,,,,,,,,,,,,,,,,,,,,,,,,,,,,,,,,,,,,,,,,,,,,,,,,,,,,0.0,,,,,,,,,,,,,,,,,,,,,,,,,,,,,,,,,,,,,,,,,,,,,,,,,,,,,,,,,0.0,0.0,0.0,0.0,,,,,,,,,,,,,,,,,,,,,,,,,,,,,,,,,,,,,,,,,,,,,,,,,,,1746173566614141.0,,,https://www.facebook.com/360RadioColombia/posts/pfbid0p2cXwPdsQKM5NtrpkZNiMKak9Q1sCsj1Q8uWYs83sLcJhrPbFmcLcZjRWnuugosbl,0.0,0.0,Enlaces,,,114.0,0.0,,,,,114.0,0.0,81.0,0.0,0.0,0.0,0.0,0.0,0.0,,,,,,,,,
,,100036645439789,360 Radio Colombia,"#Empresas | En un mercado de licores cada vez más disputado, la Fábrica de Licores de Antioquia logró distanciarse de sus competidores al reportar un crecimiento sostenido y utilidades operacionales por $308.000 millones.",0,03/20/2026 11:40,,,Total,137,0,0,,,0,0,3,1,0,2,0.0,0.0,0.0,0.0,0.0,0.0,0.0,0.0,,,,,,,,,,,,,,,,,,,,,,,,,,,,,,,,,,,,,,,,,,,,,,,,,,,,,,,,,,,,,,,,,,,,,,,,,,,,,,,,,,,,0.0,,,,,,,,,,,,,,,,,,,,,,,,,,,,,,,,,,,,,,,,,,,,,,,,,,,,,,,,,0.0,0.0,0.0,0.0,,,,,,,,,,,,,,,,,,,,,,,,,,,,,,,,,,,,,,,,,,,,,,,,,,,1746132056618292.0,,,https://www.facebook.com/360RadioColombia/posts/pfbid0x78CAqT27DXGwvpcYguZyEuPabuwGzsM9CYpJvT7vpP2Ppf5Sfi6P5xXZNahse7wl,0.0,0.0,Enlaces,,,190.0,2.0,1.0,,,1.0,190.0,0.0,137.0,0.0,0.0,0.0,0.0,0.0,0.0,,,,,,,,,
,,100036645439789,360 Radio Colombia,"#Deportes l Claro Colombia se convierte en Socio Oficial de las Selecciones Colombia tras sellar una alianza con la Federación Colombiana de Fútbol, apostándole a fortalecer el vínculo con los hinchas a través de tecnología e innovación. La compañía será la “señal oficial” en todas las categorías, incluyendo femeninas, juveniles y futsal.",0,03/20/2026 10:41,,,Total,456,0,0,,,0,0,4,2,0,2,0.0,0.0,0.0,0.0,0.0,0.0,0.0,0.0,,,,,,,,,,,,,,,,,,,,,,,,,,,,,,,,,,,,,,,,,,,,,,,,,,,,,,,,,,,,,,,,,,,,,,,,,,,,,,,,,,,,0.0,,,,,,,,,,,,,,,,,,,,,,,,,,,,,,,,,,,,,,,,,,,,,,,,,,,,,,,,,0.0,0.0,0.0,0.0,,,,,,,,,,,,,,,,,,,,,,,,,,,,,,,,,,,,,,,,,,,,,,,,,,,1746092109955620.0,,,https://www.facebook.com/360RadioColombia/posts/pfbid02rg41Jv94Kzwt623dhYnduo986Z9nbN3JvpwEWE14xnsKqrr96jApkRMxGLcUfcuul,0.0,0.0,Fotos,,,649.0,2.0,,2.0,,,649.0,0.0,456.0,0.0,0.0,0.0,0.0,0.0,0.0,,,,,,,,,
,,100036645439789,360 Radio Colombia,#Cultura | El tercer lunes festivo de marzo llega con una agenda cultural sin precedentes que moviliza al país de norte a sur.,0,03/19/2026 17:45,,,Total,74,0,0,,,0,0,5,3,0,2,0.0,0.0,0.0,0.0,0.0,0.0,0.0,0.0,,,,,,,,,,,,,,,,,,,,,,,,,,,,,,,,,,,,,,,,,,,,,,,,,,,,,,,,,,,,,,,,,,,,,,,,,,,,,,,,,,,,0.0,,,,,,,,,,,,,,,,,,,,,,,,,,,,,,,,,,,,,,,,,,,,,,,,,,,,,,,,,0.0,0.0,0.0,0.0,,,,,,,,,,,,,,,,,,,,,,,,,,,,,,,,,,,,,,,,,,,,,,,,,,,1745330920031739.0,,,https://www.facebook.com/360RadioColombia/posts/pfbid0fav3SdQSbSiWR8w6hFZHbnJ4rrsAikBEkmH67Wt4H9bU1rNBeHbvNTMDvDJLbKXkl,0.0,0.0,Enlaces,,,110.0,0.0,,,,,110.0,0.0,74.0,0.0,0.0,0.0,0.0,0.0,0.0,,,,,,,,,
,,100036645439789,360 Radio Colombia,"#Colombia | Con una deuda que ya alcanza los $43.000 millones a corte de febrero de 2026, el sector del gas licuado en Colombia enfrenta una asfixia financiera sin precedentes.",0,03/19/2026 16:12,,,Total,223,0,0,,,0,0,7,3,3,1,0.0,0.0,0.0,0.0,0.0,0.0,0.0,0.0,,,,,,,,,,,,,,,,,,,,,,,,,,,,,,,,,,,,,,,,,,,,,,,,,,,,,,,,,,,,,,,,,,,,,,,,,,,,,,,,,,,,0.0,,,,,,,,,,,,,,,,,,,,,,,,,,,,,,,,,,,,,,,,,,,,,,,,,,,,,,,,,0.0,0.0,0.0,0.0,,,,,,,,,,,,,,,,,,,,,,,,,,,,,,,,,,,,,,,,,,,,,,,,,,,1745279256703572.0,,,https://www.facebook.com/360RadioColombia/posts/pfbid0togN7ZQ6gAhj6gKqJenv99KfvTGfrekCXmaCaonVFJQc422zQ9BQb2v1b54BLFH9l,0.0,0.0,Enlaces,,,357.0,14.0,8.0,,,6.0,357.0,0.0,223.0,0.0,0.0,0.0,0.0,0.0,0.0,,,,,,,,,
,,100036645439789,360 Radio Colombia,"#Entretenimiento | Mientras los conciertos lideran las transacciones con un 76%, los festivales y eventos gastronómicos ganan terreno en un calendario nacional cada vez más nutrido.",0,03/19/2026 15:33,,,Total,73,0,0,,,0,0,2,1,0,1,0.0,0.0,0.0,0.0,0.0,0.0,0.0,0.0,,,,,,,,,,,,,,,,,,,,,,,,,,,,,,,,,,,,,,,,,,,,,,,,,,,,,,,,,,,,,,,,,,,,,,,,,,,,,,,,,,,,0.0,,,,,,,,,,,,,,,,,,,,,,,,,,,,,,,,,,,,,,,,,,,,,,,,,,,,,,,,,0.0,0.0,0.0,0.0,,,,,,,,,,,,,,,,,,,,,,,,,,,,,,,,,,,,,,,,,,,,,,,,,,,1745255340039297.0,,,https://www.facebook.com/360RadioColombia/posts/pfbid027oEFTy52Rb2sxfapvx1nfu8x1g9XP5RdoVWvv4F7r9DMDuioKrTrFsgAJant4JCRl,0.0,0.0,Enlaces,,,107.0,2.0,2.0,,,,107.0,0.0,73.0,0.0,0.0,0.0,0.0,0.0,0.0,,,,,,,,,
,,100036645439789,360 Radio Colombia,"#Antioquia | A través de seis proyectos clave y una visión a diez años, el plan pretende capitalizar la salida al mar de Antioquia para dinamizar la economía nacional mediante una alianza público-privada sin precedentes.",0,03/19/2026 15:07,,,Total,142,0,0,,,0,0,2,1,0,1,0.0,0.0,0.0,0.0,0.0,0.0,0.0,0.0,,,,,,,,,,,,,,,,,,,,,,,,,,,,,,,,,,,,,,,,,,,,,,,,,,,,,,,,,,,,,,,,,,,,,,,,,,,,,,,,,,,,0.0,,,,,,,,,,,,,,,,,,,,,,,,,,,,,,,,,,,,,,,,,,,,,,,,,,,,,,,,,0.0,0.0,0.0,0.0,,,,,,,,,,,,,,,,,,,,,,,,,,,,,,,,,,,,,,,,,,,,,,,,,,,1745240666707431.0,,,https://www.facebook.com/360RadioColombia/posts/pfbid02ke9FNLL3zakPPLkhA3cPWADSd5Mw7iBWBzsoPKfEP5tGMKUXmvjKqdRSreXLFCVwl,0.0,0.0,Enlaces,,,186.0,1.0,,,,1.0,186.0,0.0,142.0,0.0,0.0,0.0,0.0,0.0,0.0,,,,,,,,,
,,100036645439789,360 Radio Colombia,#Cultura | Las terminales de transporte de Bogotá reportan una cifra récord de llegada de pasajeros durante la primera quincena de marzo de 2026.,0,03/19/2026 12:19,,,Total,76,0,0,,,0,0,2,1,0,1,0.0,0.0,0.0,0.0,0.0,0.0,0.0,0.0,,,,,,,,,,,,,,,,,,,,,,,,,,,,,,,,,,,,,,,,,,,,,,,,,,,,,,,,,,,,,,,,,,,,,,,,,,,,,,,,,,,,0.0,,,,,,,,,,,,,,,,,,,,,,,,,,,,,,,,,,,,,,,,,,,,,,,,,,,,,,,,,0.0,0.0,0.0,0.0,,,,,,,,,,,,,,,,,,,,,,,,,,,,,,,,,,,,,,,,,,,,,,,,,,,1745136636717834.0,,,https://www.facebook.com/360RadioColombia/posts/pfbid02qXYVBVWJx9XdVuDijie1dcKKf7G9iXnZcB6NByu2Pj9odftt3AtM7UzfsE9WqDcel,0.0,0.0,Enlaces,,,110.0,1.0,,,,1.0,110.0,0.0,76.0,0.0,0.0,0.0,0.0,0.0,0.0,,,,,,,,,
,,100036645439789,360 Radio Colombia,#Economía | El Gobierno Nacional inició procesos administrativos contra 70 estaciones de servicio (EDS) en todo el país tras confirmar que ignoraron la reducción de $500 en el precio del galón de gasolina corriente.,0,03/19/2026 11:24,,,Total,128,0,0,,,0,0,3,2,0,1,0.0,0.0,0.0,0.0,0.0,0.0,0.0,0.0,,,,,,,,,,,,,,,,,,,,,,,,,,,,,,,,,,,,,,,,,,,,,,,,,,,,,,,,,,,,,,,,,,,,,,,,,,,,,,,,,,,,0.0,,,,,,,,,,,,,,,,,,,,,,,,,,,,,,,,,,,,,,,,,,,,,,,,,,,,,,,,,0.0,0.0,0.0,0.0,,,,,,,,,,,,,,,,,,,,,,,,,,,,,,,,,,,,,,,,,,,,,,,,,,,1745099586721539.0,,,https://www.facebook.com/360RadioColombia/posts/pfbid0kR9b9uhEdKQFNDzSR38wuc81wLwj4jZZmQjjfLLA9DvWVEz6mxBPt3iLZUaKJBGtl,0.0,0.0,Enlaces,,,166.0,0.0,,,,,166.0,0.0,128.0,0.0,0.0,0.0,0.0,0.0,0.0,,,,,,,,,
,,100036645439789,360 Radio Colombia,"El IDEAM advirtió que la actual temporada de lluvias en Colombia se mantendrá durante las próximas semanas, como parte del comportamiento climático habitual del primer semestre del año. Según la entidad, abril será uno de los meses con mayores precipitaciones en gran parte del territorio nacional.

De acuerdo con los pronósticos, las lluvias podrían extenderse hasta mediados de junio, afectando principalmente regiones como la Andina, Caribe y Pacífica, donde se esperan incrementos en los niveles de ríos y posibles emergencias asociadas a deslizamientos e inundaciones.

Ante este panorama, las autoridades recomiendan a la ciudadanía mantenerse alerta, seguir los reportes oficiales y tomar medidas preventivas, especialmente en zonas de alto riesgo, para evitar afectaciones mayores durante esta temporada invernal.",0,03/19/2026 09:00,,,Total,310,0,0,,,0,0,4,2,0,2,0.0,0.0,0.0,0.0,0.0,0.0,0.0,0.0,,,,,,,,,,,,,,,,,,,,,,,,,,,,,,,,,,,,,,,,,,,,,,,,,,,,,,,,,,,,,,,,,,,,,,,,,,,,,,,,,,,,0.0,,,,,,,,,,,,,,,,,,,,,,,,,,,,,,,,,,,,,,,,,,,,,,,,,,,,,,,,,0.0,0.0,0.0,0.0,,,,,,,,,,,,,,,,,,,,,,,,,,,,,,,,,,,,,,,,,,,,,,,,,,,1744998693398295.0,,,https://www.facebook.com/360RadioColombia/posts/pfbid02ad9RicREkDmE3aN4psa5uUZrUKhL5z9sQNXPPmvs7PuJetVe7P477XDDBZnEoC38l,0.0,0.0,Fotos,,,434.0,0.0,,,,,434.0,0.0,310.0,0.0,0.0,0.0,0.0,0.0,0.0,,,,,,,,,
,,100036645439789,360 Radio Colombia,"La Selección Colombia ultima detalles para sus amistosos frente a Croacia y Francia, dos duelos clave en la preparación rumbo al Mundial 2026. En medio de la expectativa por los rivales de alto nivel, el cuerpo técnico encabezado por Néstor Lorenzo define la lista de jugadores que representarán al país en esta doble fecha FIFA.

Según información revelada por Caracol Radio, la convocatoria oficial se dará a conocer el viernes 20 de marzo, justo una semana antes del primer compromiso ante Croacia. No se esperan grandes sorpresas, ya que la base del equipo se mantendría con los habituales convocados.

Colombia enfrentará a Croacia el 26 de marzo en Orlando y posteriormente a Francia el 29 de marzo en Maryland, en dos partidos que servirán como termómetro definitivo antes de la Copa del Mundo, donde el combinado nacional buscará llegar en su mejor nivel competitivo.",0,03/19/2026 08:30,,,Total,375,0,0,,,0,0,6,2,1,3,0.0,0.0,0.0,0.0,0.0,0.0,0.0,0.0,,,,,,,,,,,,,,,,,,,,,,,,,,,,,,,,,,,,,,,,,,,,,,,,,,,,,,,,,,,,,,,,,,,,,,,,,,,,,,,,,,,,0.0,,,,,,,,,,,,,,,,,,,,,,,,,,,,,,,,,,,,,,,,,,,,,,,,,,,,,,,,,0.0,0.0,0.0,0.0,,,,,,,,,,,,,,,,,,,,,,,,,,,,,,,,,,,,,,,,,,,,,,,,,,,1744978066733691.0,,,https://www.facebook.com/360RadioColombia/posts/pfbid0287FPdQbqc6is1QXwa3R4D6q2MnxxufJ27NNxgDo5wqxdaFxUgAtHBLqitpCecQuel,0.0,0.0,Fotos,,,508.0,7.0,4.0,3.0,,,508.0,0.0,375.0,0.0,0.0,0.0,0.0,0.0,0.0,,,,,,,,,
,,100036645439789,360 Radio Colombia,"El cantante colombiano Feid anunció el lanzamiento de “Feid vs Ferxxo”, un nuevo álbum con el que busca impulsar su próxima gira “Falxo Tour” y marcar una nueva etapa en su carrera musical. Este proyecto representa una confrontación simbólica entre sus dos facetas artísticas: el Feid original y el personaje de Ferxxo, que lo llevó al estrellato.

Según lo revelado, este disco no será un lanzamiento aislado, sino el primero de varios trabajos que el artista ya tiene preparados, lo que confirma una estrategia ambiciosa para dominar la escena urbana en los próximos años. Además, el álbum serviría como punto de partida para una nueva era musical, dejando atrás el ciclo que consolidó su identidad como Ferxxo.

El anuncio ha generado alta expectativa entre sus seguidores, quienes ven este proyecto como un regreso a sus raíces, pero con una evolución artística más marcada. Todo apunta a que 2026 será un año clave para Feid, no solo por la música, sino por la expansión de su marca dentro de la industria.",0,03/19/2026 08:03,,,Total,942,0,0,,,0,0,40,39,0,1,0.0,0.0,0.0,0.0,0.0,0.0,0.0,0.0,,,,,,,,,,,,,,,,,,,,,,,,,,,,,,,,,,,,,,,,,,,,,,,,,,,,,,,,,,,,,,,,,,,,,,,,,,,,,,,,,,,,0.02,,,,,,,,,,,,,,,,,,,,,,,,,,,,,,,,,,,,,,,,,,,,,,,,,,,,,,,,,0.0,0.0,0.0,0.0,,,,,,,,,,,,,,,,,,,,,,,,,,,,,,,,,,,,,,,,,,,,,,,,,,,1744959050068926.0,,,https://www.facebook.com/360RadioColombia/posts/pfbid0pc98TcLgQmb4vT4rke6wvy4mfLX5NS7x1VMC5iaHpyHAmZjyJkg1cGTwoF1QCWXzl,0.0,0.0,Fotos,,,1326.0,10.0,3.0,7.0,,,1326.0,0.0,942.0,0.0,0.0,0.0,0.0,0.0,0.0,,,,,,,,,
,,100036645439789,360 Radio Colombia,"El Día del Hombre en Colombia en 2026 se celebra el 19 de marzo, una fecha que coincide con la conmemoración de San José, figura central en la tradición católica y símbolo de paternidad, responsabilidad y trabajo.

A diferencia de otros países donde esta celebración tiene lugar en noviembre, en Colombia su origen es principalmente religioso, ya que se adoptó esta fecha para rendir homenaje a un modelo de hombre basado en valores familiares y sociales.

Más allá de su raíz histórica, hoy el Día del Hombre también busca visibilizar el rol masculino en la sociedad, promover el bienestar emocional y abrir conversaciones sobre temas como la salud mental y los estereotipos de género.",0,03/19/2026 07:46,,,Total,137,0,0,,,0,0,2,1,0,1,0.0,0.0,0.0,0.0,0.0,0.0,0.0,0.0,,,,,,,,,,,,,,,,,,,,,,,,,,,,,,,,,,,,,,,,,,,,,,,,,,,,,,,,,,,,,,,,,,,,,,,,,,,,,,,,,,,,0.0,,,,,,,,,,,,,,,,,,,,,,,,,,,,,,,,,,,,,,,,,,,,,,,,,,,,,,,,,0.0,0.0,0.0,0.0,,,,,,,,,,,,,,,,,,,,,,,,,,,,,,,,,,,,,,,,,,,,,,,,,,,1744947066736791.0,,,https://www.facebook.com/360RadioColombia/posts/pfbid02VFvruFqhGHxxajUqP1rmZypAemEVMCsEDWfrwFZgGyea3SrSEEt5fuLTMmDh3Apl,0.0,0.0,Fotos,,,171.0,0.0,,,,,171.0,0.0,137.0,0.0,0.0,0.0,0.0,0.0,0.0,,,,,,,,,
,,100036645439789,360 Radio Colombia,"#Mundo | En una drástica escalada del conflicto regional, Irán lanzó este miércoles una serie de ataques con misiles y drones contra infraestructuras críticas en el Golfo Pérsico.",0,03/18/2026 17:47,,,Total,85,0,0,,,0,0,1,1,0,0,0.0,0.0,0.0,0.0,0.0,0.0,0.0,0.0,,,,,,,,,,,,,,,,,,,,,,,,,,,,,,,,,,,,,,,,,,,,,,,,,,,,,,,,,,,,,,,,,,,,,,,,,,,,,,,,,,,,0.0,,,,,,,,,,,,,,,,,,,,,,,,,,,,,,,,,,,,,,,,,,,,,,,,,,,,,,,,,0.0,0.0,0.0,0.0,,,,,,,,,,,,,,,,,,,,,,,,,,,,,,,,,,,,,,,,,,,,,,,,,,,1744441510120680.0,,,https://www.facebook.com/360RadioColombia/posts/pfbid0XZu5Tfk5baePJghicxWpfkvA3EQiWiNw3khxVhgQStZ4z8uE1Kdn19qmQdMLr6CFl,0.0,0.0,Enlaces,,,111.0,0.0,,,,,111.0,0.0,85.0,0.0,0.0,0.0,0.0,0.0,0.0,,,,,,,,,
,,100036645439789,360 Radio Colombia,#Infraestructura | La concesionaria Ferrocarriles del Norte de Colombia (Fenoco) puso en marcha la modernización de los tramos más críticos de su red vial en el Caribe.,0,03/18/2026 16:56,,,Total,82,0,0,,,0,0,2,1,0,1,0.0,0.0,0.0,0.0,0.0,0.0,0.0,0.0,,,,,,,,,,,,,,,,,,,,,,,,,,,,,,,,,,,,,,,,,,,,,,,,,,,,,,,,,,,,,,,,,,,,,,,,,,,,,,,,,,,,0.0,,,,,,,,,,,,,,,,,,,,,,,,,,,,,,,,,,,,,,,,,,,,,,,,,,,,,,,,,0.0,0.0,0.0,0.0,,,,,,,,,,,,,,,,,,,,,,,,,,,,,,,,,,,,,,,,,,,,,,,,,,,1744416870123144.0,,,https://www.facebook.com/360RadioColombia/posts/pfbid02Hwer1waiUkNsrgrnJFV7e1Hwpg8QtnayPhgisWNTrMt2GL2vqGzrjo5swJzyRMHml,0.0,0.0,Enlaces,,,126.0,1.0,,,,1.0,126.0,0.0,82.0,0.0,0.0,0.0,0.0,0.0,0.0,,,,,,,,,
,,100036645439789,360 Radio Colombia,#Colombia | La ANH destacó que los resultados en el pozo Copoazú-1 superan las expectativas iniciales de perforación iniciada en noviembre de 2025.,0,03/18/2026 16:00,,,Total,67,0,0,,,0,0,1,1,0,0,0.0,0.0,0.0,0.0,0.0,0.0,0.0,0.0,,,,,,,,,,,,,,,,,,,,,,,,,,,,,,,,,,,,,,,,,,,,,,,,,,,,,,,,,,,,,,,,,,,,,,,,,,,,,,,,,,,,0.0,,,,,,,,,,,,,,,,,,,,,,,,,,,,,,,,,,,,,,,,,,,,,,,,,,,,,,,,,0.0,0.0,0.0,0.0,,,,,,,,,,,,,,,,,,,,,,,,,,,,,,,,,,,,,,,,,,,,,,,,,,,1744387030126128.0,,,https://www.facebook.com/360RadioColombia/posts/pfbid0rE4Z793xegRgN5U9f5FEHx7kFuBVgae7Cvs4Y4WFmfS15twy1aroADmecjgDoVtql,0.0,0.0,Enlaces,,,101.0,3.0,2.0,,,1.0,101.0,0.0,67.0,0.0,0.0,0.0,0.0,0.0,0.0,,,,,,,,,
,,100036645439789,360 Radio Colombia,"#Empresas | El sindicato de trabajadores petroleros más grande de Colombia, la USO, solicitó a la Junta Directiva de Ecopetrol apartar de su cargo al presidente de la compañía, Ricardo Roa.",0,03/18/2026 14:55,,,Total,168,0,0,,,0,0,7,6,0,1,0.0,0.0,0.0,0.0,0.0,0.0,0.0,0.0,,,,,,,,,,,,,,,,,,,,,,,,,,,,,,,,,,,,,,,,,,,,,,,,,,,,,,,,,,,,,,,,,,,,,,,,,,,,,,,,,,,,0.0,,,,,,,,,,,,,,,,,,,,,,,,,,,,,,,,,,,,,,,,,,,,,,,,,,,,,,,,,0.0,0.0,0.0,0.0,,,,,,,,,,,,,,,,,,,,,,,,,,,,,,,,,,,,,,,,,,,,,,,,,,,1744354376796060.0,,,https://www.facebook.com/360RadioColombia/posts/pfbid0uy4XsNRwe2VbQfFgf5twFQDwHa6yGdSPEZ8nVXuosVEz4k5fgLVPkwr5ByiFEy7Vl,0.0,0.0,Enlaces,,,223.0,3.0,,,,3.0,223.0,0.0,168.0,0.0,0.0,0.0,0.0,0.0,0.0,,,,,,,,,
,,100036645439789,360 Radio Colombia,#Colombia | El Tribunal Administrativo de Cundinamarca confirmó que seguirá adelante con el proceso de nulidad contra el convenio para la producción de pasaportes en Colombia.,0,03/18/2026 14:40,,,Total,81,0,0,,,0,0,5,3,0,2,0.0,0.0,0.0,0.0,0.0,0.0,0.0,0.0,,,,,,,,,,,,,,,,,,,,,,,,,,,,,,,,,,,,,,,,,,,,,,,,,,,,,,,,,,,,,,,,,,,,,,,,,,,,,,,,,,,,0.0,,,,,,,,,,,,,,,,,,,,,,,,,,,,,,,,,,,,,,,,,,,,,,,,,,,,,,,,,0.0,0.0,0.0,0.0,,,,,,,,,,,,,,,,,,,,,,,,,,,,,,,,,,,,,,,,,,,,,,,,,,,1744347576796740.0,,,https://www.facebook.com/360RadioColombia/posts/pfbid02xD8VKXRMu1tNmGci7VGbZnFzmLcTdhiEGojtbdcN4ovBvochn938GPAkeFVKQLY8l,0.0,0.0,Enlaces,,,117.0,1.0,,,,1.0,117.0,0.0,81.0,0.0,0.0,0.0,0.0,0.0,0.0,,,,,,,,,
,,100036645439789,360 Radio Colombia,"#Entretenimiento | Más allá de la música, el Festival Estéreo Picnic 2026 se presenta como un balance de resultados de la industria global",0,03/18/2026 13:58,,,Total,77,0,0,,,0,0,2,1,0,1,0.0,0.0,0.0,0.0,0.0,0.0,0.0,0.0,,,,,,,,,,,,,,,,,,,,,,,,,,,,,,,,,,,,,,,,,,,,,,,,,,,,,,,,,,,,,,,,,,,,,,,,,,,,,,,,,,,,0.0,,,,,,,,,,,,,,,,,,,,,,,,,,,,,,,,,,,,,,,,,,,,,,,,,,,,,,,,,0.0,0.0,0.0,0.0,,,,,,,,,,,,,,,,,,,,,,,,,,,,,,,,,,,,,,,,,,,,,,,,,,,1744326843465480.0,,,https://www.facebook.com/360RadioColombia/posts/pfbid02ikpkchUkY4bYgDKid6rF4g6byLaKUGZ1SM8LC3PfbzP1eutok7d9kqUCTMGf81NFl,0.0,0.0,Enlaces,,,108.0,2.0,,,,2.0,108.0,0.0,77.0,0.0,0.0,0.0,0.0,0.0,0.0,,,,,,,,,
,,100036645439789,360 Radio Colombia,"#Tecnología | A pocas semanas de su lanzamiento, el dispositivo estrella de Samsung comenzó a registrar quejas por roturas espontáneas y píxeles muertos en su panel plegable.",0,03/18/2026 12:11,,,Total,48,0,0,,,0,0,0,0,0,0,0.0,0.0,0.0,0.0,0.0,0.0,0.0,0.0,,,,,,,,,,,,,,,,,,,,,,,,,,,,,,,,,,,,,,,,,,,,,,,,,,,,,,,,,,,,,,,,,,,,,,,,,,,,,,,,,,,,0.0,,,,,,,,,,,,,,,,,,,,,,,,,,,,,,,,,,,,,,,,,,,,,,,,,,,,,,,,,0.0,0.0,0.0,0.0,,,,,,,,,,,,,,,,,,,,,,,,,,,,,,,,,,,,,,,,,,,,,,,,,,,1744272663470898.0,,,https://www.facebook.com/360RadioColombia/posts/pfbid02s9TtPnaVMBFgm2dt8nizfxac8W5X8h5vQy6WBqfMb56ERHcKeK2oSmkBJKeddJxil,0.0,0.0,Enlaces,,,65.0,1.0,,,,1.0,65.0,0.0,48.0,0.0,0.0,0.0,0.0,0.0,0.0,,,,,,,,,
,,100036645439789,360 Radio Colombia,#Economía | La plataforma Nequi confirmó una actualización técnica que dejará sus servicios fuera de línea entre las 3:00 a. m. y las 5:00 a. m. del lunes 23 de marzo.,0,03/18/2026 11:39,,,Total,36,0,0,,,0,0,0,0,0,0,0.0,0.0,0.0,0.0,0.0,0.0,0.0,0.0,,,,,,,,,,,,,,,,,,,,,,,,,,,,,,,,,,,,,,,,,,,,,,,,,,,,,,,,,,,,,,,,,,,,,,,,,,,,,,,,,,,,0.0,,,,,,,,,,,,,,,,,,,,,,,,,,,,,,,,,,,,,,,,,,,,,,,,,,,,,,,,,0.0,0.0,0.0,0.0,,,,,,,,,,,,,,,,,,,,,,,,,,,,,,,,,,,,,,,,,,,,,,,,,,,1744254426806055.0,,,https://www.facebook.com/360RadioColombia/posts/pfbid0xmEpmZrN7Hd9C1xxobJ7zEkbrGKs44nJxkWEVTmJAy2cgZ4Z7PXVPK7GnsDU3onUl,0.0,0.0,Enlaces,,,48.0,0.0,,,,,48.0,0.0,36.0,0.0,0.0,0.0,0.0,0.0,0.0,,,,,,,,,
,,100036645439789,360 Radio Colombia,#Medellín | El festival gastronómico Burgerville regresará a la capital antioqueña del 10 al 12 de abril de 2026.,0,03/17/2026 18:28,,,Total,60,0,0,,,0,0,2,1,0,1,0.0,0.0,0.0,0.0,0.0,0.0,0.0,0.0,,,,,,,,,,,,,,,,,,,,,,,,,,,,,,,,,,,,,,,,,,,,,,,,,,,,,,,,,,,,,,,,,,,,,,,,,,,,,,,,,,,,0.0,,,,,,,,,,,,,,,,,,,,,,,,,,,,,,,,,,,,,,,,,,,,,,,,,,,,,,,,,0.0,0.0,0.0,0.0,,,,,,,,,,,,,,,,,,,,,,,,,,,,,,,,,,,,,,,,,,,,,,,,,,,1743665296864968.0,,,https://www.facebook.com/360RadioColombia/posts/pfbid0qPgV684hYGYb6LkfUJSkjfhwRHH2Y5uuawFABiPofjF6TovTqxvE1Li5wsMR4ay9l,0.0,0.0,Enlaces,,,102.0,0.0,,,,,102.0,0.0,60.0,0.0,0.0,0.0,0.0,0.0,0.0,,,,,,,,,
,,100036645439789,360 Radio Colombia,#Entretenimiento | La edición de este año de los premios nacionales refleja la transformación en los hábitos de consumo musical.,0,03/17/2026 18:05,,,Total,62,0,0,,,0,0,2,1,0,1,0.0,0.0,0.0,0.0,0.0,0.0,0.0,0.0,,,,,,,,,,,,,,,,,,,,,,,,,,,,,,,,,,,,,,,,,,,,,,,,,,,,,,,,,,,,,,,,,,,,,,,,,,,,,,,,,,,,0.0,,,,,,,,,,,,,,,,,,,,,,,,,,,,,,,,,,,,,,,,,,,,,,,,,,,,,,,,,0.0,0.0,0.0,0.0,,,,,,,,,,,,,,,,,,,,,,,,,,,,,,,,,,,,,,,,,,,,,,,,,,,1743651526866345.0,,,https://www.facebook.com/360RadioColombia/posts/pfbid02r6CQe6AvY2sUUYfuufHJq3WaeGTTjgpeSan4Pkjp93tzm8gJnewkCN5EeuwraLN2l,0.0,0.0,Enlaces,,,82.0,0.0,,,,,82.0,0.0,62.0,0.0,0.0,0.0,0.0,0.0,0.0,,,,,,,,,
,,100036645439789,360 Radio Colombia,"#Empresas | El negocio de generación de energía se consolidó como el principal motor financiero del Grupo EPM durante el último año, impulsado por una operación balanceada entre fuentes hidráulicas y térmicas.",0,03/17/2026 17:17,,,Total,61,0,0,,,0,0,2,1,0,1,0.0,0.0,0.0,0.0,0.0,0.0,0.0,0.0,,,,,,,,,,,,,,,,,,,,,,,,,,,,,,,,,,,,,,,,,,,,,,,,,,,,,,,,,,,,,,,,,,,,,,,,,,,,,,,,,,,,0.0,,,,,,,,,,,,,,,,,,,,,,,,,,,,,,,,,,,,,,,,,,,,,,,,,,,,,,,,,0.0,0.0,0.0,0.0,,,,,,,,,,,,,,,,,,,,,,,,,,,,,,,,,,,,,,,,,,,,,,,,,,,1743627330202098.0,,,https://www.facebook.com/360RadioColombia/posts/pfbid02Fczo23zboPwVKKkE1duDAUf1nDEqXy2nvUeuXxuYYd8fsNBGzxsYJqv25ZGX4Tydl,0.0,0.0,Enlaces,,,88.0,0.0,,,,,88.0,0.0,61.0,0.0,0.0,0.0,0.0,0.0,0.0,,,,,,,,,
,,100036645439789,360 Radio Colombia,"#Empresas | En un movimiento clave para el balance energético nacional, Ecopetrol y su socio estratégico Gran Tierra formalizaron un plan de inversión por más de 92 millones de dólares.",0,03/17/2026 15:41,,,Total,205,0,0,,,0,0,2,1,0,1,0.0,0.0,0.0,0.0,0.0,0.0,0.0,0.0,,,,,,,,,,,,,,,,,,,,,,,,,,,,,,,,,,,,,,,,,,,,,,,,,,,,,,,,,,,,,,,,,,,,,,,,,,,,,,,,,,,,0.0,,,,,,,,,,,,,,,,,,,,,,,,,,,,,,,,,,,,,,,,,,,,,,,,,,,,,,,,,0.0,0.0,0.0,0.0,,,,,,,,,,,,,,,,,,,,,,,,,,,,,,,,,,,,,,,,,,,,,,,,,,,1743582100206621.0,,,https://www.facebook.com/360RadioColombia/posts/pfbid0aGizbwBYaHWk2z5iXXHZEKPjSHKbJZGan1JCef5H5ScoXYd7idUfTmk5VW3pZpqrl,0.0,0.0,Enlaces,,,279.0,2.0,1.0,,,1.0,279.0,0.0,205.0,0.0,0.0,0.0,0.0,0.0,0.0,,,,,,,,,
,,100036645439789,360 Radio Colombia,"😡 Una mujer fue capturada en la estación Universidades de la troncal Décima de TransMilenio con cinco celulares que habían sido robados.

El procedimiento se dio luego de que las cámaras de videovigilancia detectaran a tres personas que, presuntamente, estaban cometiendo hurtos dentro de la estación bajo la modalidad de cosquilleo.",45,03/07/2026 07:10,,,Total,190,99,0,1458.105,8.284,98,0,0,0,0,0,1188.74,269.365,0.0,0.0,6.414,8.872,0.0,0.0,0.99,0.99,0.96,0.99,0.91,0.79,0.64,0.56,0.53,0.46,0.39,0.37,0.3,0.28,0.28,0.27,0.27,0.27,0.26,0.24,0.23,0.21,0.18,0.15,0.14,0.11,0.11,0.1,0.1,0.1,0.05,0.09,0.06,0.1,0.04,0.03,0.02,0.02,0.02,0.02,0.02,1.0,1.0,0.93,0.96,0.96,0.96,1.0,1.0,1.0,1.0,1.0,1.0,1.0,1.0,1.0,1.0,1.0,1.0,1.0,0.86,0.82,0.75,0.64,0.54,0.5,0.39,0.39,0.36,0.36,0.36,0.18,0.32,0.21,0.36,0.14,0.11,0.07,0.07,0.07,0.07,0.07,0.0,0.0,,,,,,,,,,,,,,,,,,,,,,,,,,,,,,,,,,,,,,,,,,,,,,,,,,,,,,,,,0.0,0.0,0.0,0.0,,,,,,,,,,,,,,,,,,,,,,,,,,,,,,,,,,,,,,,,,,,,,,,,,,,1734877544410410.0,"😡 Una mujer fue capturada en la estación Universidades de la troncal Décima de TransMilenio con cinco celulares que habían sido robados.

El procedimiento se dio luego de que las cámaras de videovigilancia detectaran a tres personas que, presuntamente, estaban cometiendo hurtos dentro de la estación bajo la modalidad de cosquilleo.",,https://www.facebook.com/reel/3497349580414544/,1.0,0.0,Vídeos,,,186.0,3.0,3.0,,,,186.0,0.0,190.0,0.0,99.0,0.0,0.0,0.0,0.0,,,,,,,,,
,,100036645439789,360 Radio Colombia,🇦🇿 Ángel Barajas se coronó campeón en la final de las paralelas en la Copa Mundo de gimnasia artística en Baku,59,03/07/2026 06:37,,,Total,440,206,0,5748.043,13.784,204,0,33,28,0,5,1787.509,3598.309,362.225,0.0,13.133,15.149,14.489,0.0,1.0,1.0,0.78,1.0,0.67,0.62,0.56,0.52,0.49,0.47,0.46,0.45,0.41,0.39,0.39,0.37,0.37,0.37,0.36,0.35,0.35,0.35,0.35,0.35,0.35,0.35,0.34,0.34,0.33,0.33,0.32,0.32,0.33,0.32,0.32,0.31,0.31,0.3,0.28,0.24,0.23,1.0,0.98,0.79,0.82,0.82,0.82,0.85,0.85,1.0,0.9,0.99,1.0,1.0,1.0,1.0,1.0,1.0,1.0,1.0,0.78,0.78,0.78,0.77,0.77,0.77,0.77,0.74,0.73,0.71,0.72,0.7,0.7,0.71,0.7,0.69,0.68,0.68,0.66,0.62,0.53,0.5,0.0,0.0,22.0,20.0,21.0,19.0,11.0,30.0,12.0,31.0,26.0,8.0,,2.0,141.0,30.0,7.0,,1.0,10.0,1.0,2.0,,1.0,,1.0,,,,1.0,,2.0,,,,,,,,3.0,1.0,,,,1.0,,,,,,1.0,,,,,,,,0.0,0.0,0.0,0.0,2.0,,,,,,,,,,,,1.0,,,,,,,,,,,,,,,,,,,,,,,,,,,,,,,,,,,,,,1734856184412546.0,🇦🇿 Ángel Barajas se coronó campeón en la final de las paralelas en la Copa Mundo de gimnasia artística en Baku,,https://www.facebook.com/reel/1364092615489871/,1.0,0.0,Vídeos,,,456.0,13.0,13.0,,,,456.0,0.0,440.0,0.0,206.0,0.0,0.0,0.0,0.0,,,,,,,,,
,,100036645439789,360 Radio Colombia,#Mundo | El retiro de Argentina ha intensificado el debate sobre la vigencia de la OMS en otras naciones.,0,03/17/2026 11:46,,,Total,69,0,0,,,0,0,1,1,0,0,0.0,0.0,0.0,0.0,0.0,0.0,0.0,0.0,,,,,,,,,,,,,,,,,,,,,,,,,,,,,,,,,,,,,,,,,,,,,,,,,,,,,,,,,,,,,,,,,,,,,,,,,,,,,,,,,,,,0.0,,,,,,,,,,,,,,,,,,,,,,,,,,,,,,,,,,,,,,,,,,,,,,,,,,,,,,,,,0.0,0.0,0.0,0.0,,,,,,,,,,,,,,,,,,,,,,,,,,,,,,,,,,,,,,,,,,,,,,,,,,,1743461390218692.0,,,https://www.facebook.com/360RadioColombia/posts/pfbid02PNiyQdzWpu2suknvEW7nfwG88yFbdqmWsZuG4LGiYHGYBX2R1vWXWNmZdL654hBAl,0.0,0.0,Enlaces,,,88.0,1.0,,,,1.0,88.0,0.0,69.0,0.0,0.0,0.0,0.0,0.0,0.0,,,,,,,,,
,,100036645439789,360 Radio Colombia,"Avianca lanzó una nueva jornada de descuentos con tiquetes desde $48.500 por trayecto, en el marco de campañas como el Hot Sale, con compras disponibles por tiempo limitado y vuelos programados hasta junio de 2026. La oferta incluye tarifas con impuestos y tasas, pero sujetas a disponibilidad de cupos y condiciones específicas.

Entre las rutas destacadas aparecen trayectos como Medellín–Santa Marta, así como conexiones hacia ciudades como Pereira, Armenia, Cali, Barranquilla, Bucaramanga y Montería, con precios que varían según el destino y la demanda.

La aerolínea busca impulsar el turismo nacional antes de mitad de año con descuentos de hasta 70% en vuelos domésticos, además de promociones adicionales en rutas internacionales y beneficios como redención de millas, consolidando una de las ofertas más agresivas del mercado aéreo en Colombia.",0,03/17/2026 09:00,,,Total,1005,0,0,,,0,0,6,4,0,2,0.0,0.0,0.0,0.0,0.0,0.0,0.0,0.0,,,,,,,,,,,,,,,,,,,,,,,,,,,,,,,,,,,,,,,,,,,,,,,,,,,,,,,,,,,,,,,,,,,,,,,,,,,,,,,,,,,,0.02,,,,,,,,,,,,,,,,,,,,,,,,,,,,,,,,,,,,,,,,,,,,,,,,,,,,,,,,,0.0,0.0,0.0,0.0,,,,,,,,,,,,,,,,,,,,,,,,,,,,,,,,,,,,,,,,,,,,,,,,,,,1743352600229571.0,,,https://www.facebook.com/360RadioColombia/posts/pfbid02hd5aAh8Rey15ZniaPCCuLfABUeAg6hwBjzPjwvsxMGUkMfV8niey88biZCTe7F9ml,0.0,0.0,Fotos,,,1325.0,13.0,8.0,5.0,,,1325.0,0.0,1005.0,0.0,0.0,0.0,0.0,0.0,0.0,,,,,,,,,
,,100036645439789,360 Radio Colombia,"La Línea 2 del Metro de Bogotá avanza como uno de los proyectos de infraestructura más ambiciosos del país, con un trazado de 15,5 kilómetros que conectará la calle 72 con Fontanar del Río, en Suba, reduciendo significativamente los tiempos de desplazamiento en la ciudad.

El sistema contará con 11 estaciones —en su mayoría subterráneas— y beneficiará a cerca de 2,5 millones de personas, integrándose con TransMilenio y otros modos de transporte para fortalecer la movilidad en el noroccidente de la capital.

Además, se proyecta que la nueva línea movilice hasta 800.000 viajes diarios, reduzca hasta en 42% los tiempos desde Suba al centro y contribuya a disminuir emisiones contaminantes, consolidándose como un eje clave para la movilidad sostenible en Bogotá.",0,03/17/2026 08:30,,,Total,20662,0,0,,,0,0,433,353,47,33,0.0,0.0,0.0,0.0,0.0,0.0,0.0,0.0,,,,,,,,,,,,,,,,,,,,,,,,,,,,,,,,,,,,,,,,,,,,,,,,,,,,,,,,,,,,,,,,,,,,,,,,,,,,,,,,,,,,0.55,,,,,,,,,,,,,,,,,,,,,,,,,,,,,,,,,,,,,,,,,,,,,,,,,,,,,,,,,0.0,0.0,0.0,0.0,,,,,,,,,,,,,,,,,,,,,,,,,,,,,,,,,,,,,,,,,,,,,,,,,,,1743331886898309.0,,,https://www.facebook.com/360RadioColombia/posts/pfbid02Gi1ctzUZUCDuCVEZcd7VK55o63VcruDpHfiPhjxJjgXnwVH2CYmMBb2FCT7QxLscl,0.0,0.0,Fotos,,,28744.0,584.0,436.0,148.0,,,28743.0,1.0,20662.0,0.0,0.0,0.0,0.0,0.0,0.0,,,,,,,,,
,,100036645439789,360 Radio Colombia,"Las universidades privadas en Colombia pidieron a la Corte Constitucional tumbar el impuesto al patrimonio que el Gobierno busca aplicarles, al considerar que la medida es inconstitucional y afecta directamente la sostenibilidad del sistema de educación superior. Según el sector, el tributo obligaría a destinar recursos clave de funcionamiento al pago de impuestos, poniendo en riesgo su misión educativa.

El reclamo, liderado por la Asociación Colombiana de Universidades (Ascún), advierte que el gravamen podría impactar a decenas de instituciones y generar efectos como el aumento de matrículas, la reducción de becas y mayores barreras de acceso para los estudiantes. Además, señalan que se vulnera la autonomía financiera de estas entidades sin ánimo de lucro.

De acuerdo con estimaciones del sector, al menos 92 universidades tendrían que asumir este impuesto al superar el umbral fijado por el Gobierno, lo que ha intensificado la controversia jurídica y económica en torno a la medida, cuya legalidad ahora quedará en manos de la Corte Constitucional.",0,03/17/2026 08:00,,,Total,612,0,0,,,0,0,9,6,0,3,0.0,0.0,0.0,0.0,0.0,0.0,0.0,0.0,,,,,,,,,,,,,,,,,,,,,,,,,,,,,,,,,,,,,,,,,,,,,,,,,,,,,,,,,,,,,,,,,,,,,,,,,,,,,,,,,,,,0.0,,,,,,,,,,,,,,,,,,,,,,,,,,,,,,,,,,,,,,,,,,,,,,,,,,,,,,,,,0.0,0.0,0.0,0.0,,,,,,,,,,,,,,,,,,,,,,,,,,,,,,,,,,,,,,,,,,,,,,,,,,,1743311416900356.0,,,https://www.facebook.com/360RadioColombia/posts/pfbid029wqZFDDshLQRbLVr7EechdAVzzEbAcyhYtdarc3LCZs4zVm88topb9E2DuLVix3Dl,0.0,0.0,Fotos,,,770.0,3.0,,3.0,,,770.0,0.0,612.0,0.0,0.0,0.0,0.0,0.0,0.0,,,,,,,,,
,,100036645439789,360 Radio Colombia,"El arquero Aldair Quintana se despidió de Atlético Bucaramanga con un emotivo mensaje, agradeciendo al club y a la hinchada tras su paso como figura del histórico título de liga. Su salida se da luego de rescindir contrato por decisión propia, cerrando un ciclo marcado por atajadas clave y liderazgo.

El guardameta, visiblemente conmovido, deja el equipo santandereano para asumir un nuevo reto internacional, con destino casi definido en Ecuador, mientras la afición le reconoce su legado como uno de los grandes referentes recientes del club.",0,03/17/2026 07:23,,,Total,929,0,0,,,0,0,12,10,0,2,0.0,0.0,0.0,0.0,0.0,0.0,0.0,0.0,,,,,,,,,,,,,,,,,,,,,,,,,,,,,,,,,,,,,,,,,,,,,,,,,,,,,,,,,,,,,,,,,,,,,,,,,,,,,,,,,,,,0.01,,,,,,,,,,,,,,,,,,,,,,,,,,,,,,,,,,,,,,,,,,,,,,,,,,,,,,,,,0.0,0.0,0.0,0.0,,,,,,,,,,,,,,,,,,,,,,,,,,,,,,,,,,,,,,,,,,,,,,,,,,,1743283283569836.0,,,https://www.facebook.com/360RadioColombia/posts/pfbid0XKGGjGyBMZxGzRBFnCK6rKmJL3K16Vsd2vL2sdzawxQksdi1AMxX1Et4d5LmGMt2l,0.0,0.0,Fotos,,,1288.0,13.0,6.0,7.0,,,1288.0,0.0,929.0,0.0,0.0,0.0,0.0,0.0,0.0,,,,,,,,,
,,100036645439789,360 Radio Colombia,"#Entretenimiento | Con una puesta en escena renovada y un sonido que transita entre la balada clásica y matices electrónicos, Pablo Alborán demostró su madurez artística en el Movistar Arena.",0,03/16/2026 13:46,,,Total,79,0,0,,,0,0,2,1,0,1,0.0,0.0,0.0,0.0,0.0,0.0,0.0,0.0,,,,,,,,,,,,,,,,,,,,,,,,,,,,,,,,,,,,,,,,,,,,,,,,,,,,,,,,,,,,,,,,,,,,,,,,,,,,,,,,,,,,0.0,,,,,,,,,,,,,,,,,,,,,,,,,,,,,,,,,,,,,,,,,,,,,,,,,,,,,,,,,0.0,0.0,0.0,0.0,,,,,,,,,,,,,,,,,,,,,,,,,,,,,,,,,,,,,,,,,,,,,,,,,,,1742654333632731.0,,,https://www.facebook.com/360RadioColombia/posts/pfbid0btY2znrrChmjYFDY7f9CH1B2Zz2i5cT6vkfnu4XnVeEjHsgM6BnU6P9YS8TMEkoJl,0.0,0.0,Enlaces,,,106.0,0.0,,,,,106.0,0.0,79.0,0.0,0.0,0.0,0.0,0.0,0.0,,,,,,,,,
,,100036645439789,360 Radio Colombia,"#Opinión | La elección del destino

Por: Aldumar Forero Orjuela

https://360radio.com.co/la-eleccion-del-destino/213856/",0,03/16/2026 11:52,,,Total,132,0,0,,,0,0,1,0,0,1,0.0,0.0,0.0,0.0,0.0,0.0,0.0,0.0,,,,,,,,,,,,,,,,,,,,,,,,,,,,,,,,,,,,,,,,,,,,,,,,,,,,,,,,,,,,,,,,,,,,,,,,,,,,,,,,,,,,0.0,,,,,,,,,,,,,,,,,,,,,,,,,,,,,,,,,,,,,,,,,,,,,,,,,,,,,,,,,0.0,0.0,0.0,0.0,,,,,,,,,,,,,,,,,,,,,,,,,,,,,,,,,,,,,,,,,,,,,,,,,,,1742590826972415.0,,,https://www.facebook.com/360RadioColombia/posts/pfbid09BHGXkBzMN6wZm7hrp2SwoHW9Zrv6mVa5LpKQZ7D911XPgsMd6NWJVFHYmpgqsEvl,0.0,0.0,Texto,,,178.0,0.0,,,,,178.0,0.0,132.0,0.0,0.0,0.0,0.0,0.0,0.0,,,,,,,,,
,,100036645439789,360 Radio Colombia,"#Movilidad | Con motivo de su segundo año de operaciones en Colombia, la aerolínea JetSMART activó una jornada de precios especiales denominada SMART SALE.",0,03/16/2026 10:29,,,Total,34,0,0,,,0,0,0,0,0,0,0.0,0.0,0.0,0.0,0.0,0.0,0.0,0.0,,,,,,,,,,,,,,,,,,,,,,,,,,,,,,,,,,,,,,,,,,,,,,,,,,,,,,,,,,,,,,,,,,,,,,,,,,,,,,,,,,,,0.0,,,,,,,,,,,,,,,,,,,,,,,,,,,,,,,,,,,,,,,,,,,,,,,,,,,,,,,,,0.0,0.0,0.0,0.0,,,,,,,,,,,,,,,,,,,,,,,,,,,,,,,,,,,,,,,,,,,,,,,,,,,1742535753644589.0,,,https://www.facebook.com/360RadioColombia/posts/pfbid0qg4b5HdnxShnbyNzA9s15dToBsPRvk9gNrfk6gE3JkAihtLmMsFebat9QvJEdCYal,0.0,0.0,Enlaces,,,46.0,0.0,,,,,46.0,0.0,34.0,0.0,0.0,0.0,0.0,0.0,0.0,,,,,,,,,
,,100036645439789,360 Radio Colombia,#Bogotá | La segunda línea del sistema Metro de Bogotá avanza como una de las obras de infraestructura más importantes del país.,0,03/16/2026 07:29,,,Total,89,0,0,,,0,0,2,1,0,1,0.0,0.0,0.0,0.0,0.0,0.0,0.0,0.0,,,,,,,,,,,,,,,,,,,,,,,,,,,,,,,,,,,,,,,,,,,,,,,,,,,,,,,,,,,,,,,,,,,,,,,,,,,,,,,,,,,,0.0,,,,,,,,,,,,,,,,,,,,,,,,,,,,,,,,,,,,,,,,,,,,,,,,,,,,,,,,,0.0,0.0,0.0,0.0,,,,,,,,,,,,,,,,,,,,,,,,,,,,,,,,,,,,,,,,,,,,,,,,,,,1742403426991155.0,,,https://www.facebook.com/360RadioColombia/posts/pfbid02szcJ6DrAxLsRPuSyf3UEYkZxthYfEfRXJaJGmLYov1r33Kaf9URNuNfSBrR79qvAl,0.0,0.0,Enlaces,,,126.0,3.0,,,,3.0,126.0,0.0,89.0,0.0,0.0,0.0,0.0,0.0,0.0,,,,,,,,,
,,100036645439789,360 Radio Colombia,#Energía | La interrupción del suministro de energía en la Refinería de Cartagena motivó la activación de planes de respuesta inmediata para mitigar impactos operativos.,0,03/16/2026 06:44,,,Total,40,0,0,,,0,0,0,0,0,0,0.0,0.0,0.0,0.0,0.0,0.0,0.0,0.0,,,,,,,,,,,,,,,,,,,,,,,,,,,,,,,,,,,,,,,,,,,,,,,,,,,,,,,,,,,,,,,,,,,,,,,,,,,,,,,,,,,,0.0,,,,,,,,,,,,,,,,,,,,,,,,,,,,,,,,,,,,,,,,,,,,,,,,,,,,,,,,,0.0,0.0,0.0,0.0,,,,,,,,,,,,,,,,,,,,,,,,,,,,,,,,,,,,,,,,,,,,,,,,,,,1742373986994099.0,,,https://www.facebook.com/360RadioColombia/posts/pfbid0VieuYebPwKgDcDTFuSthWM5gPZYsCvTvzG7WZuGMFLb3DMRGgKNjYfSHBUP28R6ql,0.0,0.0,Enlaces,,,51.0,0.0,,,,,51.0,0.0,40.0,0.0,0.0,0.0,0.0,0.0,0.0,,,,,,,,,
,,100036645439789,360 Radio Colombia,#Bogotá | Bogotá se prepara para recibir la quinta edición de Burgerville del 13 al 15 de marzo.,0,03/13/2026 14:52,,,Total,59,0,0,,,0,0,0,0,0,0,0.0,0.0,0.0,0.0,0.0,0.0,0.0,0.0,,,,,,,,,,,,,,,,,,,,,,,,,,,,,,,,,,,,,,,,,,,,,,,,,,,,,,,,,,,,,,,,,,,,,,,,,,,,,,,,,,,,0.0,,,,,,,,,,,,,,,,,,,,,,,,,,,,,,,,,,,,,,,,,,,,,,,,,,,,,,,,,0.0,0.0,0.0,0.0,,,,,,,,,,,,,,,,,,,,,,,,,,,,,,,,,,,,,,,,,,,,,,,,,,,1740141577217340.0,,,https://www.facebook.com/360RadioColombia/posts/pfbid02WvsjDjzKSvUrUBSG4pZXcvYMUdzraR5DBxEEpHPkZcU5rE713ZnZ4b5AuqhuRdRml,0.0,0.0,Enlaces,,,90.0,1.0,,,,1.0,90.0,0.0,59.0,0.0,0.0,0.0,0.0,0.0,0.0,,,,,,,,,
,,100036645439789,360 Radio Colombia,#Bogotá | Una incursión no autorizada de una aeronave de ala rotatoria en el eje de la pista 14 derecha generó momentos de tensión en el Aeropuerto El Dorado,0,03/13/2026 13:56,,,Total,87,0,0,,,0,0,0,0,0,0,0.0,0.0,0.0,0.0,0.0,0.0,0.0,0.0,,,,,,,,,,,,,,,,,,,,,,,,,,,,,,,,,,,,,,,,,,,,,,,,,,,,,,,,,,,,,,,,,,,,,,,,,,,,,,,,,,,,0.0,,,,,,,,,,,,,,,,,,,,,,,,,,,,,,,,,,,,,,,,,,,,,,,,,,,,,,,,,0.0,0.0,0.0,0.0,,,,,,,,,,,,,,,,,,,,,,,,,,,,,,,,,,,,,,,,,,,,,,,,,,,1740114390553392.0,,,https://www.facebook.com/360RadioColombia/posts/pfbid022N3p8JYYzRUtqxZ7SMADhfN1nrt93cEXABso5oz33Lq7AsdfQdzySMKMh43cSrgKl,0.0,0.0,Enlaces,,,127.0,3.0,1.0,,,2.0,127.0,0.0,87.0,0.0,0.0,0.0,0.0,0.0,0.0,,,,,,,,,
,,100036645439789,360 Radio Colombia,"#Tecnología | Durante un evento exclusivo en Los Ángeles, Tinder presentó una serie de actualizaciones diseñadas para transformar la dinámica de las citas digitales.",0,03/13/2026 11:52,,,Total,44,0,0,,,0,0,0,0,0,0,0.0,0.0,0.0,0.0,0.0,0.0,0.0,0.0,,,,,,,,,,,,,,,,,,,,,,,,,,,,,,,,,,,,,,,,,,,,,,,,,,,,,,,,,,,,,,,,,,,,,,,,,,,,,,,,,,,,0.0,,,,,,,,,,,,,,,,,,,,,,,,,,,,,,,,,,,,,,,,,,,,,,,,,,,,,,,,,0.0,0.0,0.0,0.0,,,,,,,,,,,,,,,,,,,,,,,,,,,,,,,,,,,,,,,,,,,,,,,,,,,1740046320560199.0,,,https://www.facebook.com/360RadioColombia/posts/pfbid02JMMN5vMowL59oDs4dbG8SK5Nt8QY8Kia7TvU7ho3SpqT4KMnQEXteHayezMJucKwl,0.0,0.0,Enlaces,,,56.0,1.0,,,,1.0,56.0,0.0,44.0,0.0,0.0,0.0,0.0,0.0,0.0,,,,,,,,,
,,100036645439789,360 Radio Colombia,"🤝 “El Nuevo Liberalismo tiene candidata presidencial y vicepresidencial. Con orgullo, pero también con gran responsabilidad, damos el coaval a Paloma Valencia y Juan Daniel Oviedo para la primera vuelta”.

Juan Manuel Galán, director nacional del Nuevo Liberalismo.",140,03/13/2026 11:22,,,Total,414,219,51,9641.829,26.058,217,51,18,12,2,4,7548.383,1105.366,988.08,0.0,22.108,25.675,38.004,0.0,0.94,0.77,0.67,1.0,0.56,0.51,0.45,0.4,0.37,0.36,0.32,0.32,0.31,0.3,0.28,0.26,0.25,0.24,0.21,0.21,0.2,0.2,0.19,0.19,0.19,0.18,0.18,0.18,0.18,0.18,0.16,0.17,0.16,0.17,0.16,0.16,0.16,0.16,0.16,0.15,0.14,1.0,0.59,0.4,0.44,0.46,0.48,0.52,0.56,1.0,0.58,0.6,0.66,0.69,0.75,0.83,0.95,1.0,1.0,1.0,0.4,0.37,0.36,0.35,0.35,0.35,0.34,0.34,0.34,0.33,0.33,0.31,0.31,0.31,0.32,0.3,0.3,0.3,0.3,0.29,0.28,0.26,0.0,0.0,44.0,37.0,24.0,35.0,16.0,24.0,15.0,9.0,8.0,5.0,,1.0,198.0,12.0,3.0,,,1.0,,,,,,1.0,,,,,,,,,,1.0,1.0,,,,1.0,,,,,1.0,,,,,,,,,,,,,0.0,0.0,0.0,0.0,,,,,,,,,,,,,,,,,,,,,,,,,,,,,,,,,,,,,,,,,,,,,,,,,,,1740029377228560.0,"🤝 “El Nuevo Liberalismo tiene candidata presidencial y vicepresidencial. Con orgullo, pero también con gran responsabilidad, damos el coaval a Paloma Valencia y Juan Daniel Oviedo para la primera vuelta”.

Juan Manuel Galán, director nacional del Nuevo Liberalismo.",,https://www.facebook.com/reel/788776917635057/,1.0,0.0,Vídeos,,,430.0,31.0,31.0,,,,429.0,0.0,414.0,0.0,219.0,0.0,0.0,0.0,0.0,,,,,,,,,
,,100036645439789,360 Radio Colombia,"🤝 El excontralor general Felipe Córdoba, quien había reunido las firmas necesarias para aspirar a la Presidencia, decidió sumarse a la campaña de Paloma Valencia y Juan Daniel Oviedo.",106,03/13/2026 11:06,,,Total,203,93,3,1618.266,9.354,92,3,13,8,4,1,1503.669,112.798,1.799,0.0,4.905,10.092,1.799,0.0,1.0,0.69,0.45,1.0,0.3,0.24,0.18,0.16,0.16,0.15,0.15,0.15,0.14,0.13,0.13,0.13,0.12,0.11,0.09,0.06,0.06,0.06,0.04,0.03,0.02,0.02,0.02,0.02,0.02,0.02,0.02,0.02,0.02,0.02,0.02,0.02,0.02,0.02,0.02,0.02,0.02,1.0,0.82,0.47,0.59,0.65,0.71,0.71,0.71,1.0,0.76,0.82,0.82,0.88,0.88,1.0,1.0,1.0,1.0,1.0,0.35,0.35,0.35,0.24,0.18,0.12,0.12,0.12,0.12,0.12,0.12,0.12,0.12,0.12,0.12,0.12,0.12,0.12,0.12,0.12,0.12,0.12,0.0,0.0,,,,,,,,,,,,,,,,,,,,,,,,,,,,,,,,,,,,,,,,,,,,,,,,,,,,,,,,,0.0,0.0,0.0,0.0,,,,,,,,,,,,,,,,,,,,,,,,,,,,,,,,,,,,,,,,,,,,,,,,,,,1740020763896088.0,"🤝 El excontralor general Felipe Córdoba, quien había reunido las firmas necesarias para aspirar a la Presidencia, decidió sumarse a la campaña de Paloma Valencia y Juan Daniel Oviedo.",,https://www.facebook.com/reel/25999361299727767/,1.0,0.0,Vídeos,,,187.0,10.0,10.0,,,,187.0,0.0,203.0,0.0,93.0,0.0,0.0,1.0,1.0,,,,,,,,,
,,100036645439789,360 Radio Colombia,"#Cultura | El artista colombiano Carlos Vives recibió este jueves el premio a la Trayectoria en la 30ª edición de los Premios Dial en Tenerife, España.",0,03/13/2026 11:06,,,Total,56,0,0,,,0,0,0,0,0,0,0.0,0.0,0.0,0.0,0.0,0.0,0.0,0.0,,,,,,,,,,,,,,,,,,,,,,,,,,,,,,,,,,,,,,,,,,,,,,,,,,,,,,,,,,,,,,,,,,,,,,,,,,,,,,,,,,,,0.0,,,,,,,,,,,,,,,,,,,,,,,,,,,,,,,,,,,,,,,,,,,,,,,,,,,,,,,,,0.0,0.0,0.0,0.0,,,,,,,,,,,,,,,,,,,,,,,,,,,,,,,,,,,,,,,,,,,,,,,,,,,1740020527229445.0,,,https://www.facebook.com/360RadioColombia/posts/pfbid02MdGYDbUzDHRrA6okU9yaC5pVADyBNQpun38yE7Eg2PfX668LeeZLgJtYbjSJn15ql,0.0,0.0,Enlaces,,,89.0,2.0,,,,2.0,89.0,0.0,56.0,0.0,0.0,0.0,0.0,0.0,0.0,,,,,,,,,
,,100036645439789,360 Radio Colombia,"🗣️ En Colombia cabemos Todos. La unión es el camino para construir el país que queremos. Desde #LaGranConsulta apoyamos una fórmula que sume y una: Paloma Valencia presidenta y Juan Daniel Oviedo vicepresidente”.

Aníbal Gaviria, ex precandiato presidencial de la Gran Consulta por Colombia.",97,03/13/2026 10:19,,,Total,208,128,5,2013.409,10.596,126,5,8,5,1,2,1806.384,194.416,12.609,0.0,6.944,11.22,12.609,0.0,1.0,0.8,0.59,1.0,0.46,0.35,0.25,0.2,0.19,0.18,0.16,0.14,0.12,0.1,0.09,0.09,0.09,0.05,0.05,0.05,0.05,0.05,0.05,0.05,0.04,0.04,0.04,0.04,0.04,0.04,0.03,0.04,0.03,0.04,0.03,0.03,0.03,0.03,0.03,0.02,0.02,1.0,0.64,0.25,0.25,0.39,0.39,0.43,0.46,1.0,0.54,0.71,0.82,0.86,0.93,1.0,1.0,1.0,1.0,1.0,0.25,0.25,0.25,0.25,0.21,0.18,0.18,0.18,0.18,0.18,0.18,0.14,0.18,0.14,0.18,0.14,0.14,0.14,0.14,0.14,0.11,0.07,0.0,0.0,26.0,23.0,14.0,15.0,6.0,12.0,11.0,7.0,6.0,6.0,,,122.0,2.0,,,1.0,1.0,,,,,,,,,,,,,,,,,,,,,1.0,,,,,,,,,1.0,,,,,,,,,0.0,0.0,0.0,0.0,,,,,,,,,,,,,,,,,,,,,,,,,,,,,,,,,,,,,,,,,,,,,,,,,,,1739992257232272.0,"🗣️ En Colombia cabemos Todos. La unión es el camino para construir el país que queremos. Desde #LaGranConsulta apoyamos una fórmula que sume y una: Paloma Valencia presidenta y Juan Daniel Oviedo vicepresidente”.

Aníbal Gaviria, ex precandiato presidencial de la Gran Consulta por Colombia.",,https://www.facebook.com/reel/3084069545109575/,1.0,0.0,Vídeos,,,201.0,2.0,2.0,,,,201.0,0.0,208.0,0.0,128.0,0.0,0.0,0.0,0.0,,,,,,,,,
,,100036645439789,360 Radio Colombia,Tu reel,72,03/13/2026 09:41,,,Total,227,122,16,2787.873,13.87,121,16,9,6,2,1,2004.967,770.515,12.391,0.0,11.332,15.306,6.196,0.0,1.0,0.89,0.7,1.0,0.57,0.52,0.39,0.36,0.34,0.34,0.34,0.3,0.28,0.28,0.27,0.27,0.25,0.25,0.24,0.22,0.21,0.21,0.21,0.2,0.2,0.19,0.19,0.16,0.15,0.14,0.13,0.13,0.13,0.14,0.13,0.13,0.13,0.13,0.12,0.12,0.12,1.0,0.86,0.69,0.74,0.74,0.79,0.79,0.81,1.0,0.81,0.98,1.0,1.0,1.0,1.0,1.0,1.0,1.0,1.0,0.64,0.62,0.62,0.62,0.6,0.6,0.55,0.55,0.48,0.43,0.4,0.38,0.38,0.38,0.4,0.38,0.38,0.38,0.38,0.36,0.36,0.36,0.0,0.0,26.0,17.0,15.0,20.0,5.0,16.0,9.0,4.0,1.0,4.0,1.0,2.0,113.0,5.0,,,,1.0,1.0,,,,,,,,,1.0,,,,,,,,,,1.0,,,,,,,,,,,,,,,,,,,0.0,0.0,0.0,0.0,,,,,,,,,,,,,,,,,,,,,,,,,,,,,,,,,,,,,,,,,,,,,,,,,,,1739967853901379.0,,,https://www.facebook.com/reel/779999028518713/,1.0,0.0,Vídeos,,,223.0,7.0,7.0,,,,222.0,0.0,227.0,0.0,122.0,0.0,0.0,0.0,0.0,,,,,,,,,
,,100036645439789,360 Radio Colombia,"#Antioquia | La Policía Nacional capturó en el sur del Valle de Aburrá a Juan Camilo Muñoz Rodríguez, alias Lalo, presunto cabecilla de una red logística dedicada al tráfico transnacional de estupefacientes.",0,03/13/2026 09:41,,,Total,151,0,0,,,0,0,3,2,0,1,0.0,0.0,0.0,0.0,0.0,0.0,0.0,0.0,,,,,,,,,,,,,,,,,,,,,,,,,,,,,,,,,,,,,,,,,,,,,,,,,,,,,,,,,,,,,,,,,,,,,,,,,,,,,,,,,,,,0.0,,,,,,,,,,,,,,,,,,,,,,,,,,,,,,,,,,,,,,,,,,,,,,,,,,,,,,,,,0.0,0.0,0.0,0.0,,,,,,,,,,,,,,,,,,,,,,,,,,,,,,,,,,,,,,,,,,,,,,,,,,,1739967773901387.0,,,https://www.facebook.com/360RadioColombia/posts/pfbid032nBapdoUtcvF6kW5ZWggwN1cUmF2yi2RLg8rSGbwuRj3ZjcfFrvxZAwGSid1honZl,0.0,0.0,Enlaces,,,200.0,1.0,,,,1.0,200.0,0.0,151.0,0.0,0.0,0.0,0.0,0.0,0.0,,,,,,,,,
,,100036645439789,360 Radio Colombia,"El icónico restaurante Andrés Carne de Res anunció su próxima apertura en la capital del Valle, llevando su mezcla de gastronomía, fiesta, cultura y espectáculo a un nuevo escenario. 💃🎶

Aunque aún no hay puertas abiertas ni fecha exacta confirmada, la expectativa ya se siente entre los amantes de la buena carne, el baile y las experiencias inolvidables.",0,03/13/2026 09:40,,,Total,245,0,0,,,0,0,2,1,0,1,0.0,0.0,0.0,0.0,0.0,0.0,0.0,0.0,,,,,,,,,,,,,,,,,,,,,,,,,,,,,,,,,,,,,,,,,,,,,,,,,,,,,,,,,,,,,,,,,,,,,,,,,,,,,,,,,,,,0.0,,,,,,,,,,,,,,,,,,,,,,,,,,,,,,,,,,,,,,,,,,,,,,,,,,,,,,,,,0.0,0.0,0.0,0.0,,,,,,,,,,,,,,,,,,,,,,,,,,,,,,,,,,,,,,,,,,,,,,,,,,,1739967270568104.0,,,https://www.facebook.com/360RadioColombia/posts/pfbid06narNMgDKd79GaCdHkTvMZq8b95xA3MbCmRr6PSF1W7Qnfe1w98RzLKBLyfn2hvUl,0.0,0.0,Fotos,,,323.0,0.0,,,,,323.0,0.0,245.0,0.0,0.0,0.0,0.0,0.0,0.0,,,,,,,,,
,,100036645439789,360 Radio Colombia,#Política | La exalcaldesa de Bogotá puso fin a las especulaciones este viernes al oficializar al académico y jurista Leonardo huerta en su tarjetón.,0,03/13/2026 09:12,,,Total,167,0,0,,,0,0,2,1,0,1,0.0,0.0,0.0,0.0,0.0,0.0,0.0,0.0,,,,,,,,,,,,,,,,,,,,,,,,,,,,,,,,,,,,,,,,,,,,,,,,,,,,,,,,,,,,,,,,,,,,,,,,,,,,,,,,,,,,0.0,,,,,,,,,,,,,,,,,,,,,,,,,,,,,,,,,,,,,,,,,,,,,,,,,,,,,,,,,0.0,0.0,0.0,0.0,,,,,,,,,,,,,,,,,,,,,,,,,,,,,,,,,,,,,,,,,,,,,,,,,,,1739948080570023.0,,,https://www.facebook.com/360RadioColombia/posts/pfbid028WqaKBdA8nzm1ABvmjPBQUEM2QYEe2KHBY8UVgwEBcbmNmHNgUwtyaLGdqZZ9dyXl,0.0,0.0,Enlaces,,,246.0,2.0,,,,2.0,246.0,0.0,167.0,0.0,0.0,0.0,0.0,1.0,1.0,1.0,1.0,,,,,,,
,,100036645439789,360 Radio Colombia,"🤝 A esta hora, Juan Daniel Oviedo arriba a la Registraduría ara formalizar su inscripción como compañero de fórmula vicepresidencial de Paloma Valencia.",10,03/13/2026 07:46,,,Total,19180,10223,0,92584.197,5.726,10192,0,53,48,3,2,1601.978,90982.219,0.0,0.0,5.708,7.058,0.0,0.0,1.0,1.0,1.0,1.0,1.0,0.89,0.76,0.64,0.53,0.43,0.36,0.3,0.25,,,,,,,,,,,,,,,,,,,,,,,,,,,,,1.0,1.0,,,,,,,1.0,0.94,1.0,1.0,1.0,1.0,1.0,1.0,1.0,1.0,1.0,,,,,,,,,,,,,,,,,,,,,,,0.0,0.0,624.0,624.0,1716.0,638.0,450.0,1724.0,235.0,1747.0,1426.0,608.0,45.0,26.0,9412.0,366.0,35.0,26.0,13.0,135.0,4.0,4.0,1.0,17.0,,12.0,9.0,,8.0,23.0,,17.0,3.0,1.0,2.0,,7.0,1.0,3.0,22.0,19.0,7.0,20.0,,1.0,4.0,,,,,,,,6.0,,,,,0.0,0.0,0.0,0.0,17.0,3.0,3.0,2.0,2.0,2.0,1.0,1.0,1.0,1.0,1.0,1.0,1.0,1.0,1.0,1.0,1.0,,,,,,,,,,,,,,,,,,,,,,,,,,,,,,,,,,1739883857243112.0,"🤝 A esta hora, Juan Daniel Oviedo arriba a la Registraduría ara formalizar su inscripción como compañero de fórmula vicepresidencial de Paloma Valencia.",,https://www.facebook.com/reel/1442528724023166/,1.0,0.0,Vídeos,,,20045.0,357.0,357.0,,,,20036.0,0.0,19180.0,0.0,10223.0,0.0,0.0,0.0,0.0,,,,,,,,,
,,100036645439789,360 Radio Colombia,#Colombia | La suplantación de entidades gubernamentales se ha convertido en una herramienta para el robo de identidad y el acceso a billeteras digitales.,0,03/13/2026 06:53,,,Total,47,0,0,,,0,0,0,0,0,0,0.0,0.0,0.0,0.0,0.0,0.0,0.0,0.0,,,,,,,,,,,,,,,,,,,,,,,,,,,,,,,,,,,,,,,,,,,,,,,,,,,,,,,,,,,,,,,,,,,,,,,,,,,,,,,,,,,,0.0,,,,,,,,,,,,,,,,,,,,,,,,,,,,,,,,,,,,,,,,,,,,,,,,,,,,,,,,,0.0,0.0,0.0,0.0,,,,,,,,,,,,,,,,,,,,,,,,,,,,,,,,,,,,,,,,,,,,,,,,,,,1739847630580068.0,,,https://www.facebook.com/360RadioColombia/posts/pfbid02tkHwn46vTvM8dWJiwntQsn4Ggr3Mmp7mJCiJRq5Gz5WqRMMTfBPVa5hDGCotjx6Pl,0.0,0.0,Enlaces,,,61.0,0.0,,,,,61.0,0.0,47.0,0.0,0.0,0.0,0.0,0.0,0.0,,,,,,,,,
,,100036645439789,360 Radio Colombia,"🤝 Juan Daniel Oviedo afirmó que, en conversaciones con Paloma Valencia, acordaron impulsar que la Jurisdicción Especial para la Paz disponga de los recursos financieros e institucionales necesarios para presentar un informe de resultados al término de su eventual gobierno.

Según explicó, la prioridad no está en debatir si debe ampliarse o no el periodo de la JEP, sino en enfocarse en que su trabajo se realice con eficacia.",48,03/12/2026 19:42,,,Total,275,178,0,3628.043,14.172,176,0,8,6,1,1,3271.693,356.35,0.0,0.0,16.97,13.923,0.0,0.0,1.0,1.0,0.96,1.0,0.84,0.74,0.7,0.65,0.61,0.54,0.51,0.48,0.46,0.44,0.43,0.41,0.35,0.32,0.32,0.32,0.31,0.3,0.27,0.26,0.26,0.25,0.22,0.22,0.21,0.21,0.19,0.19,0.19,0.19,0.18,0.17,0.17,0.17,0.17,0.17,0.15,1.0,1.0,0.72,0.72,0.8,0.92,0.96,1.0,1.0,1.0,1.0,1.0,1.0,1.0,1.0,1.0,1.0,1.0,1.0,0.72,0.71,0.68,0.61,0.59,0.58,0.57,0.51,0.49,0.47,0.47,0.42,0.43,0.42,0.43,0.41,0.38,0.38,0.38,0.38,0.38,0.33,0.0,0.0,29.0,34.0,23.0,26.0,12.0,19.0,12.0,8.0,5.0,7.0,,1.0,165.0,5.0,,1.0,,4.0,,,1.0,,,,,,,,,1.0,,,,,,,,,,,,,,,,,,,,,,,,,,,0.0,0.0,0.0,0.0,1.0,,,,,,,,,,,,,,,,,,,,,,,,,,,,,,,,,,,,,,,,,,,,,,,,,,1739449800619851.0,"🤝 Juan Daniel Oviedo afirmó que, en conversaciones con Paloma Valencia, acordaron impulsar que la Jurisdicción Especial para la Paz disponga de los recursos financieros e institucionales necesarios para presentar un informe de resultados al término de su eventual gobierno.

Según explicó, la prioridad no está en debatir si debe ampliarse o no el periodo de la JEP, sino en enfocarse en que su trabajo se realice con eficacia.",,https://www.facebook.com/reel/1325573342734391/,1.0,0.0,Vídeos,,,289.0,9.0,9.0,,,,289.0,0.0,275.0,0.0,178.0,0.0,0.0,0.0,0.0,,,,,,,,,
,,100036645439789,360 Radio Colombia,Tu reel,37,03/12/2026 19:22,,,Total,303,205,0,4334.366,15.261,201,0,8,6,1,1,4162.598,171.768,0.0,0.0,11.452,15.475,0.0,0.0,1.0,1.0,1.0,1.0,0.95,0.9,0.84,0.78,0.74,0.71,0.67,0.63,0.62,0.59,0.57,0.55,0.53,0.49,0.47,0.46,0.44,0.44,0.44,0.42,0.42,0.4,0.4,0.39,0.39,0.38,0.35,0.37,0.35,0.38,0.33,0.32,0.31,0.29,0.28,0.27,0.27,1.0,1.0,0.92,0.95,1.0,1.0,1.0,1.0,1.0,1.0,1.0,1.0,1.0,1.0,1.0,1.0,1.0,1.0,1.0,0.89,0.86,0.86,0.85,0.82,0.82,0.78,0.76,0.75,0.75,0.73,0.67,0.71,0.68,0.73,0.64,0.61,0.59,0.56,0.54,0.53,0.52,0.0,0.0,39.0,44.0,24.0,31.0,14.0,20.0,12.0,8.0,3.0,7.0,1.0,2.0,193.0,6.0,2.0,,,2.0,,,1.0,,,,,,,,,,,,,,,,,,,,,,,1.0,,,,,,,,,,,,,0.0,0.0,0.0,0.0,,,,,,,,,,,,,,,,,,,,,,,,,,,,,,,,,,,,,,,,,,,,,,,,,,,1739438897287608.0,,,https://www.facebook.com/reel/930975086000243/,1.0,0.0,Vídeos,,,316.0,11.0,11.0,,,,316.0,0.0,303.0,0.0,205.0,0.0,0.0,0.0,0.0,,,,,,,,,
,,100036645439789,360 Radio Colombia,"🗣️ “Dicen que se me pegó el uribismo o que ahora soy santista (…) pero yo soy de mi mamá”.

Juan Daniel Oviedo, fórmula vicepresidencial de Paloma Valencia, aseguró que su candidatura no es del Centro Democrático sino de una coalición de nueve movimientos que será inscrita este viernes.",61,03/12/2026 18:59,,,Total,553,368,52,8002.071,13.94,354,52,24,11,6,7,5360.919,699.817,1941.335,0.0,11.473,14.412,13.769,0.0,1.0,0.99,0.86,1.0,0.77,0.65,0.57,0.52,0.43,0.39,0.36,0.35,0.34,0.32,0.3,0.29,0.29,0.27,0.27,0.26,0.26,0.26,0.24,0.23,0.22,0.22,0.21,0.19,0.18,0.18,0.16,0.16,0.16,0.17,0.16,0.15,0.15,0.14,0.14,0.14,0.14,1.0,0.96,0.73,0.75,0.78,0.81,0.84,0.87,1.0,0.93,0.99,1.0,1.0,1.0,1.0,1.0,1.0,1.0,1.0,0.72,0.71,0.7,0.65,0.64,0.61,0.6,0.57,0.51,0.5,0.49,0.44,0.44,0.44,0.46,0.43,0.43,0.4,0.4,0.4,0.39,0.39,0.0,0.0,46.0,71.0,45.0,59.0,33.0,33.0,25.0,17.0,15.0,13.0,,3.0,341.0,19.0,1.0,,,3.0,,,1.0,,,1.0,,,,,,,,,,,,,,1.0,1.0,,,,,,,,,,,,,,,,,,0.0,0.0,0.0,0.0,,,,,,,,,,,,,,,,,,,,,,,,,,,,,,,,,,,,,,,,,,,,,,,,,,,1739420437289454.0,"🗣️ “Dicen que se me pegó el uribismo o que ahora soy santista (…) pero yo soy de mi mamá”.

Juan Daniel Oviedo, fórmula vicepresidencial de Paloma Valencia, aseguró que su candidatura no es del Centro Democrático sino de una coalición de nueve movimientos que será inscrita este viernes.",,https://www.facebook.com/reel/1621200869032031/,1.0,0.0,Vídeos,,,643.0,31.0,31.0,,,,642.0,0.0,553.0,0.0,368.0,0.0,0.0,0.0,0.0,,,,,,,,,
,,100036645439789,360 Radio Colombia,🤝 La aspirante presidencial Paloma Valencia afirmó que el exmandatario Álvaro #Uribe Vélez recibió con agrado la designación de Juan Daniel Oviedo como su compañero de fórmula a la Vicepresidencia por el partido Centro Democrático.,12,03/12/2026 18:43,,,Total,8145,3528,0,42711.941,7.065,3289,0,110,86,22,2,3002.305,35025.512,0.0,4684.124,6.773,9.717,0.0,8.306,1.0,1.0,1.0,1.0,1.0,1.0,1.0,1.0,1.0,1.0,1.0,1.0,1.0,0.9,0.9,0.9,0.81,0.81,0.81,0.71,0.71,0.71,0.71,0.62,0.62,0.62,0.55,0.55,0.55,0.5,0.45,0.5,0.45,0.5,0.45,0.41,0.41,0.41,0.38,0.38,0.38,1.0,1.0,,,,,,,1.0,0.97,1.0,1.0,1.0,1.0,1.0,1.0,1.0,1.0,1.0,,,,,,,,,,,,,,,,,,,,,,,0.0,0.01,872.0,557.0,639.0,368.0,169.0,349.0,109.0,198.0,104.0,76.0,15.0,19.0,3306.0,114.0,16.0,5.0,,44.0,1.0,,1.0,2.0,,5.0,2.0,,3.0,3.0,1.0,4.0,,1.0,,,,,2.0,3.0,3.0,,5.0,,,2.0,,,,,,,,,,1.0,,,0.0,0.0,0.0,0.0,3.0,,,,,,,,,1.0,,,,,,,,,,,,,,,,,,,,,,,,,,,,,,,,,,,,,,,,,1739410510623780.0,🤝 La aspirante presidencial Paloma Valencia afirmó que el exmandatario Álvaro #Uribe Vélez recibió con agrado la designación de Juan Daniel Oviedo como su compañero de fórmula a la Vicepresidencia por el partido Centro Democrático.,,https://www.facebook.com/reel/26483982297884972/,1.0,0.0,Vídeos,,,7780.0,338.0,203.0,,,135.0,7030.0,743.0,7035.0,1136.0,3136.0,392.0,0.0,0.0,0.0,,,,,,,,,
,,100036645439789,360 Radio Colombia,#Empresas | El compromiso del Grupo Argos en el Estéreo Picnic 2026 trasciende el escenario.,0,03/12/2026 13:50,,,Total,72,0,0,,,0,0,3,2,0,1,0.0,0.0,0.0,0.0,0.0,0.0,0.0,0.0,,,,,,,,,,,,,,,,,,,,,,,,,,,,,,,,,,,,,,,,,,,,,,,,,,,,,,,,,,,,,,,,,,,,,,,,,,,,,,,,,,,,0.0,,,,,,,,,,,,,,,,,,,,,,,,,,,,,,,,,,,,,,,,,,,,,,,,,,,,,,,,,0.0,0.0,0.0,0.0,,,,,,,,,,,,,,,,,,,,,,,,,,,,,,,,,,,,,,,,,,,,,,,,,,,1739260190638812.0,,,https://www.facebook.com/360RadioColombia/posts/pfbid02q6XyxKK2CDdfaaAL3WukhdbyU8SVYeZEu5z7odnqdkmmZCp22GtYhRhSR2fKKDhTl,0.0,0.0,Enlaces,,,93.0,0.0,,,,,93.0,0.0,72.0,0.0,0.0,0.0,0.0,0.0,0.0,,,,,,,,,
,,100036645439789,360 Radio Colombia,"🗣️ “Esta es una coalición en la que somos capaces de reconocer nuestras diferencias pero unirnos alrededor de un propósito: mirar hacia el futuro y reconocer que voces distintas pueden aportar a un futuro en el que todos quepamos”, Juan Daniel Oviedo al aceptar ser candidato a la vicepresidencia de Paloma Valencia.",69,03/12/2026 12:00,,,Total,724,369,51,8280.874,13.291,369,51,21,16,4,1,5105.784,3168.32,6.77,0.0,10.354,16.261,2.257,0.0,1.0,0.94,0.77,1.0,0.63,0.53,0.46,0.4,0.36,0.34,0.33,0.31,0.3,0.28,0.27,0.26,0.25,0.25,0.24,0.21,0.21,0.19,0.18,0.18,0.18,0.17,0.17,0.16,0.16,0.15,0.14,0.14,0.14,0.15,0.14,0.14,0.14,0.14,0.14,0.14,0.14,1.0,0.89,0.69,0.72,0.74,0.76,0.79,0.83,1.0,0.86,0.97,0.99,1.0,1.0,1.0,1.0,1.0,1.0,1.0,0.62,0.61,0.56,0.54,0.53,0.51,0.5,0.48,0.46,0.46,0.45,0.41,0.42,0.42,0.43,0.41,0.4,0.4,0.4,0.39,0.39,0.39,0.0,0.0,63.0,65.0,37.0,44.0,36.0,32.0,24.0,20.0,23.0,11.0,,5.0,339.0,17.0,3.0,,,5.0,,,1.0,,,,,,,,,,,1.0,,,,,1.0,2.0,,,,,,,,,,,,,,,,,,,0.0,0.0,0.0,0.0,,,,,,,,,,,,,,,,,,,,,,,,,,,,,,,,,,,,,,,,,,,,,,,,,,,1739202630644568.0,"🗣️ “Esta es una coalición en la que somos capaces de reconocer nuestras diferencias pero unirnos alrededor de un propósito: mirar hacia el futuro y reconocer que voces distintas pueden aportar a un futuro en el que todos quepamos”, Juan Daniel Oviedo al aceptar ser candidato a la vicepresidencia de Paloma Valencia.",,https://www.facebook.com/reel/1581822153125790/,1.0,0.0,Vídeos,,,670.0,32.0,32.0,,,,669.0,0.0,724.0,0.0,369.0,0.0,0.0,0.0,0.0,,,,,,,,,
,,100036645439789,360 Radio Colombia,"#Opinión | El disfraz de centro: la verdad detrás de Oviedo

Por: Juan Nicolás Pérez Torres",0,03/12/2026 11:27,,,Total,104,0,0,,,0,0,0,0,0,0,0.0,0.0,0.0,0.0,0.0,0.0,0.0,0.0,,,,,,,,,,,,,,,,,,,,,,,,,,,,,,,,,,,,,,,,,,,,,,,,,,,,,,,,,,,,,,,,,,,,,,,,,,,,,,,,,,,,0.0,,,,,,,,,,,,,,,,,,,,,,,,,,,,,,,,,,,,,,,,,,,,,,,,,,,,,,,,,0.0,0.0,0.0,0.0,,,,,,,,,,,,,,,,,,,,,,,,,,,,,,,,,,,,,,,,,,,,,,,,,,,1739183363979828.0,,,https://www.facebook.com/360RadioColombia/posts/pfbid0NGwsKW8J6BHznMxcdqCk11fa586hbZ9Zj3yWW7eAJGchPYeSVTEykMqkqbtXMrdil,0.0,0.0,Enlaces,,,133.0,2.0,,,,2.0,133.0,0.0,104.0,0.0,0.0,0.0,0.0,0.0,0.0,,,,,,,,,
,,100036645439789,360 Radio Colombia,"#Política | El candidato presidencial anunció oficialmente a la exjurista Martha Lucía Zamora como su coequipera, apostando por una figura con una trayectoria impecable en la justicia colombiana.",0,03/12/2026 10:48,,,Total,217,0,0,,,0,0,7,3,4,0,0.0,0.0,0.0,0.0,0.0,0.0,0.0,0.0,,,,,,,,,,,,,,,,,,,,,,,,,,,,,,,,,,,,,,,,,,,,,,,,,,,,,,,,,,,,,,,,,,,,,,,,,,,,,,,,,,,,0.0,,,,,,,,,,,,,,,,,,,,,,,,,,,,,,,,,,,,,,,,,,,,,,,,,,,,,,,,,0.0,0.0,0.0,0.0,,,,,,,,,,,,,,,,,,,,,,,,,,,,,,,,,,,,,,,,,,,,,,,,,,,1739158293982335.0,,,https://www.facebook.com/360RadioColombia/posts/pfbid034nGpk55ukJbfzEr5tP3HN8cidrKufLFLrRThHjuYQFhPRjqqA1BoTV9n1sVZZjfZl,0.0,0.0,Enlaces,,,310.0,15.0,12.0,,,3.0,310.0,0.0,217.0,0.0,0.0,0.0,0.0,1.0,1.0,,,1.0,1.0,,,,,
,,100036645439789,360 Radio Colombia,"#Entretenimiento | Con el objetivo de despejar dudas sobre la sostenibilidad del streaming, Spotify presentó este miércoles su análisis anual de pagos y regalías.",0,03/12/2026 09:47,,,Total,43,0,0,,,0,0,2,1,0,1,0.0,0.0,0.0,0.0,0.0,0.0,0.0,0.0,,,,,,,,,,,,,,,,,,,,,,,,,,,,,,,,,,,,,,,,,,,,,,,,,,,,,,,,,,,,,,,,,,,,,,,,,,,,,,,,,,,,0.0,,,,,,,,,,,,,,,,,,,,,,,,,,,,,,,,,,,,,,,,,,,,,,,,,,,,,,,,,0.0,0.0,0.0,0.0,,,,,,,,,,,,,,,,,,,,,,,,,,,,,,,,,,,,,,,,,,,,,,,,,,,1739116100653221.0,,,https://www.facebook.com/360RadioColombia/posts/pfbid02CMxKPEYio2BGh8UfnSgnSKf6KAzhqZ8CQVwBLG7Nzj7GuTQ9F6hmG9dUQN2xmJ1Hl,0.0,0.0,Enlaces,,,60.0,0.0,,,,,60.0,0.0,43.0,0.0,0.0,0.0,0.0,0.0,0.0,,,,,,,,,
,,100036645439789,360 Radio Colombia,Tu reel,25,03/12/2026 08:33,,,Total,509,334,0,5413.175,10.826,324,0,22,16,3,3,3803.035,1473.009,137.131,0.0,10.301,11.056,10.549,0.0,1.0,1.0,1.0,1.0,0.95,0.84,0.75,0.68,0.64,0.61,0.57,0.56,0.49,0.45,0.41,0.4,0.4,0.38,0.37,0.35,0.34,0.34,0.31,0.31,0.3,0.29,0.29,0.28,0.27,,,,,,,,,,,,,1.0,1.0,0.98,1.0,1.0,1.0,1.0,1.0,1.0,1.0,1.0,1.0,1.0,1.0,1.0,1.0,1.0,1.0,1.0,0.94,0.89,0.89,0.83,0.81,0.79,0.78,0.78,0.74,0.72,,,,,,,,,,,,,0.0,0.0,49.0,44.0,21.0,42.0,42.0,32.0,37.0,13.0,23.0,18.0,2.0,8.0,307.0,11.0,2.0,,,5.0,,,,1.0,,,,,1.0,1.0,,3.0,,,,1.0,,,,,1.0,,,,,,,,,,,,,,,,,,0.0,0.0,0.0,0.0,,,,,,,,,,,,,,,,,,,,1.0,,,,,,,,,,,,,,,,,,,,,,,,,,,,,,,1739066490658182.0,,,https://www.facebook.com/reel/932830115899001/,1.0,0.0,Vídeos,,,639.0,19.0,19.0,,,,639.0,0.0,509.0,0.0,334.0,0.0,0.0,0.0,0.0,,,,,,,,,
,,100036645439789,360 Radio Colombia,#Política | La baraja de candidatos presidenciales para 2026 pierde a una de sus figuras más visibles del sector empresarial.,0,03/12/2026 07:49,,,Total,131,0,0,,,0,0,3,2,0,1,0.0,0.0,0.0,0.0,0.0,0.0,0.0,0.0,,,,,,,,,,,,,,,,,,,,,,,,,,,,,,,,,,,,,,,,,,,,,,,,,,,,,,,,,,,,,,,,,,,,,,,,,,,,,,,,,,,,0.0,,,,,,,,,,,,,,,,,,,,,,,,,,,,,,,,,,,,,,,,,,,,,,,,,,,,,,,,,0.0,0.0,0.0,0.0,,,,,,,,,,,,,,,,,,,,,,,,,,,,,,,,,,,,,,,,,,,,,,,,,,,1739033523994812.0,,,https://www.facebook.com/360RadioColombia/posts/pfbid0XirUrHdbin38fzNFbwGsbYPGuJaaXssEiKoDBpcy1UiUGt6SkW2nbeqiYcpszdEhl,0.0,0.0,Enlaces,,,198.0,9.0,2.0,,,7.0,198.0,0.0,131.0,0.0,0.0,0.0,0.0,0.0,0.0,,,,,,,,,
,,100036645439789,360 Radio Colombia,"#Cultura | El legendario cantante español Raphael regresa a Colombia para celebrar más de 60 años de música con su gira ""Raphaelísimo Tour"".",0,03/12/2026 07:11,,,Total,56,0,0,,,0,0,0,0,0,0,0.0,0.0,0.0,0.0,0.0,0.0,0.0,0.0,,,,,,,,,,,,,,,,,,,,,,,,,,,,,,,,,,,,,,,,,,,,,,,,,,,,,,,,,,,,,,,,,,,,,,,,,,,,,,,,,,,,0.0,,,,,,,,,,,,,,,,,,,,,,,,,,,,,,,,,,,,,,,,,,,,,,,,,,,,,,,,,0.0,0.0,0.0,0.0,,,,,,,,,,,,,,,,,,,,,,,,,,,,,,,,,,,,,,,,,,,,,,,,,,,1739003573997807.0,,,https://www.facebook.com/360RadioColombia/posts/pfbid02F5et9tPHMgfnrGjtvJbwiryGhFgTQRYhYHagPkqR2iLHijjt1LXWis9Yr7E6d86Bl,0.0,0.0,Enlaces,,,74.0,0.0,,,,,74.0,0.0,56.0,0.0,0.0,0.0,0.0,0.0,0.0,,,,,,,,,
,,100036645439789,360 Radio Colombia,"#Cultura | En un esfuerzo por mitigar el impacto de su infraestructura de talla mundial, el Estéreo Picnic 2026 ha diseñado un plan de choque contra el calentamiento global",0,03/11/2026 14:54,,,Total,51,0,0,,,0,0,0,0,0,0,0.0,0.0,0.0,0.0,0.0,0.0,0.0,0.0,,,,,,,,,,,,,,,,,,,,,,,,,,,,,,,,,,,,,,,,,,,,,,,,,,,,,,,,,,,,,,,,,,,,,,,,,,,,,,,,,,,,0.0,,,,,,,,,,,,,,,,,,,,,,,,,,,,,,,,,,,,,,,,,,,,,,,,,,,,,,,,,0.0,0.0,0.0,0.0,,,,,,,,,,,,,,,,,,,,,,,,,,,,,,,,,,,,,,,,,,,,,,,,,,,1738394947392003.0,,,https://www.facebook.com/360RadioColombia/posts/pfbid0Q6mfpepoqkG5xfXHoH7dCtmuFDP2LjQBVMjnUiD96XWBVRdxzTy3DgLgDC2CeLR9l,0.0,0.0,Enlaces,,,68.0,0.0,,,,,68.0,0.0,51.0,0.0,0.0,0.0,0.0,0.0,0.0,,,,,,,,,
,,100036645439789,360 Radio Colombia,"🤝 El candidato presidencial Flavio Bolsonaro, hijo del exmandatario brasileño Jair Bolsonaro, se pronunció tras reunirse con @mariacorinamachado.

“La ganadora del Premio Nobel es una inspiración para quienes resistimos los retrocesos y el autoritarismo de la izquierda. ¡Viva la libertad!”, expresó.",31,03/11/2026 14:35,,,Total,953,704,0,11673.703,12.97,683,0,29,23,3,3,10913.994,759.709,0.0,0.0,9.867,13.262,0.0,0.0,1.0,1.0,1.0,1.0,0.96,0.89,0.85,0.79,0.72,0.68,0.64,0.59,0.54,0.5,0.44,0.42,0.39,0.37,0.36,0.34,0.32,0.31,0.3,0.28,0.27,0.26,0.23,0.21,0.2,0.17,,0.14,0.13,0.15,,,,,,,,1.0,1.0,0.9,0.93,0.97,1.0,1.0,1.0,1.0,1.0,1.0,1.0,1.0,1.0,1.0,1.0,1.0,1.0,1.0,0.85,0.81,0.77,0.74,0.71,0.69,0.65,0.58,0.52,0.49,0.43,,0.34,0.32,0.38,,,,,,,,0.0,0.01,124.0,125.0,88.0,89.0,74.0,78.0,36.0,33.0,22.0,9.0,1.0,5.0,631.0,25.0,14.0,,3.0,11.0,,,2.0,,1.0,3.0,1.0,,2.0,,1.0,2.0,,1.0,,,,,,1.0,1.0,1.0,,,,,,,,,,,,1.0,,,,,0.0,0.0,0.0,0.0,1.0,,,,,,,,,,,,,,,,,,,1.0,1.0,,,,,,,,,,,,,,,,,,,,,,,,,,,,,,1738385674059597.0,"🤝 El candidato presidencial Flavio Bolsonaro, hijo del exmandatario brasileño Jair Bolsonaro, se pronunció tras reunirse con @mariacorinamachado.

“La ganadora del Premio Nobel es una inspiración para quienes resistimos los retrocesos y el autoritarismo de la izquierda. ¡Viva la libertad!”, expresó.",,https://www.facebook.com/reel/2938720206519383/,1.0,0.0,Vídeos,,,1014.0,31.0,31.0,,,,1015.0,0.0,953.0,0.0,704.0,0.0,0.0,0.0,0.0,,,,,,,,,
,,100036645439789,360 Radio Colombia,"#Tecnología | Durante el último año, las ventas por internet registraron un crecimiento del 11,1%, consolidando una cifra transaccional de $145,4 billones de pesos.",0,03/11/2026 14:16,,,Total,58,0,0,,,0,0,2,1,0,1,0.0,0.0,0.0,0.0,0.0,0.0,0.0,0.0,,,,,,,,,,,,,,,,,,,,,,,,,,,,,,,,,,,,,,,,,,,,,,,,,,,,,,,,,,,,,,,,,,,,,,,,,,,,,,,,,,,,0.0,,,,,,,,,,,,,,,,,,,,,,,,,,,,,,,,,,,,,,,,,,,,,,,,,,,,,,,,,0.0,0.0,0.0,0.0,,,,,,,,,,,,,,,,,,,,,,,,,,,,,,,,,,,,,,,,,,,,,,,,,,,1738375887393909.0,,,https://www.facebook.com/360RadioColombia/posts/pfbid0aVwQVDsB4iBEbMGx3RH4faFSaoTaE9bZTQwtUajHUmifZxsfVLJ3recSSUPivMQ6l,0.0,0.0,Enlaces,,,73.0,0.0,,,,,73.0,0.0,58.0,0.0,0.0,0.0,0.0,0.0,0.0,,,,,,,,,
,,100036645439789,360 Radio Colombia,"🤝 El candidato presidencial @ivancepedacastr, junto a su fórmula vicepresidencial @aida_quilcue, arribó a la Registraduría para formalizar la inscripción de su candidatura a la Casa de Nariño.",10,03/11/2026 13:54,,,Total,348,213,0,3324.52,10.26,210,0,9,4,5,0,3019.46,305.06,0.0,0.0,7.095,10.746,0.0,0.0,1.0,1.0,1.0,1.0,0.95,0.85,0.8,0.74,0.69,0.65,0.61,0.54,0.49,,,,,,,,,,,,,,,,,,,,,,,,,,,,,1.0,1.0,,,,,,,1.0,0.97,1.0,1.0,1.0,1.0,1.0,1.0,1.0,1.0,1.0,,,,,,,,,,,,,,,,,,,,,,,0.0,0.0,25.0,31.0,33.0,32.0,20.0,22.0,13.0,14.0,12.0,8.0,1.0,1.0,200.0,8.0,,2.0,,2.0,,,,,,,1.0,,,,,,,,,,,,,,,,,,,,,,,,,,,,,,,,0.0,0.0,0.0,0.0,,,,,,,,,,,,,,,,,,,,,,,,,,,,,,,,,,,,,,,,,,,,,,,,,,,1738364267395071.0,"🤝 El candidato presidencial @ivancepedacastr, junto a su fórmula vicepresidencial @aida_quilcue, arribó a la Registraduría para formalizar la inscripción de su candidatura a la Casa de Nariño.",,https://www.facebook.com/reel/1450767193363215/,1.0,0.0,Vídeos,,,507.0,22.0,22.0,,,,507.0,0.0,348.0,0.0,213.0,0.0,0.0,0.0,0.0,,,,,,,,,
,,100036645439789,360 Radio Colombia,"🇺🇸 El presidente de #EstadosUnidos, Donald Trump, negó que Colombia haya quedado por fuera de la invitación a la Cumbre del Escudo de América. Tengo una muy buena relación con esos países”, afirmó al referirse a Colombia, Brasil y México.",21,03/11/2026 13:36,,,Total,303,192,0,3168.61,11.04,191,0,5,3,1,1,2599.412,568.087,1.111,0.0,9.795,11.401,1.111,0.0,1.0,1.0,1.0,1.0,0.97,0.91,0.86,0.8,0.74,0.7,0.65,0.59,0.56,0.55,0.53,0.52,0.49,0.47,0.45,0.44,0.43,0.42,0.39,0.38,0.34,,,,,,,,,,,,,,,,,1.0,1.0,0.98,1.0,1.0,1.0,1.0,1.0,1.0,1.0,1.0,1.0,1.0,1.0,1.0,1.0,1.0,1.0,1.0,0.96,0.92,0.9,0.84,0.82,0.74,,,,,,,,,,,,,,,,,0.0,0.0,27.0,33.0,23.0,26.0,22.0,20.0,11.0,10.0,8.0,5.0,,1.0,169.0,18.0,3.0,1.0,,1.0,,,,,,,,,,,,,,,,,,,,,,,,,,,,,,,,,,,,,,,0.0,0.0,0.0,0.0,,,,,,,,,,,,,,,,,,,,,,,,,,,,,,,,,,,,,,,,,,,,,,,,,,,1738354667396031.0,"🇺🇸 El presidente de #EstadosUnidos, Donald Trump, negó que Colombia haya quedado por fuera de la invitación a la Cumbre del Escudo de América. Tengo una muy buena relación con esos países”, afirmó al referirse a Colombia, Brasil y México.",,https://www.facebook.com/reel/1241780494812445/,1.0,0.0,Vídeos,,,377.0,14.0,14.0,,,,377.0,0.0,303.0,0.0,192.0,0.0,0.0,0.0,0.0,,,,,,,,,
,,100036645439789,360 Radio Colombia,"🏦 El empresario Arturo Calle sostuvo un encuentro con la candidata presidencial Paloma Valencia, en medio de movimientos y acercamientos de cara a las elecciones del próximo 31 de mayo.",8,03/11/2026 13:16,,,Total,1545,822,0,8753.066,6.764,822,0,33,26,5,2,2060.881,6692.185,0.0,0.0,6.504,7.777,0.0,0.0,1.0,1.0,1.0,1.0,0.9,0.77,0.65,0.55,0.46,,,,,,,,,,,,,,,,,,,,,,,,,,,,,,,,,1.0,,,,,,,,1.0,,,,0.96,1.0,1.0,1.0,1.0,1.0,1.0,,,,,,,,,,,,,,,,,,,,,,,0.0,0.0,99.0,134.0,91.0,103.0,94.0,79.0,60.0,63.0,41.0,27.0,2.0,7.0,743.0,37.0,7.0,3.0,3.0,14.0,,2.0,,1.0,,,,,2.0,,,4.0,,,,,,,,,1.0,,,,,1.0,,,,,,,,,,,,,0.0,0.0,0.0,0.0,1.0,,,,,1.0,,,,,,,,,,,,,,,,,,,,,,,,,,,1.0,1.0,,,,,,,,,,,,,,,,,1738344360730395.0,"🏦 El empresario Arturo Calle sostuvo un encuentro con la candidata presidencial Paloma Valencia, en medio de movimientos y acercamientos de cara a las elecciones del próximo 31 de mayo.",,https://www.facebook.com/reel/953996930617215/,1.0,0.0,Vídeos,,,1871.0,52.0,52.0,,,,1869.0,0.0,1545.0,0.0,822.0,0.0,0.0,0.0,0.0,,,,,,,,,
,,100036645439789,360 Radio Colombia,"🏠 El GLP sigue siendo una energía esencial para millones de hogares en el país. Hoy, más de 12 millones de colombianos dependen de este servicio para actividades básicas como cocinar y calentar sus hogares, consolidándose como una solución energética confiable y accesible.

⚡️ Desde diferentes regiones, el gas licuado de petróleo impulsa la vida diaria de familias y comunidades, especialmente en territorios donde otras fuentes de energía no siempre están disponibles. Su presencia refleja la importancia de garantizar seguridad energética y cobertura para todos.

Desde Gasnova, se continúa trabajando para fortalecer el sector, promover el acceso al GLP y resaltar su papel clave en el bienestar y desarrollo de millones de colombianos.",0,03/11/2026 12:34,,,Total,195,0,0,,,0,0,1,0,0,1,0.0,0.0,0.0,0.0,0.0,0.0,0.0,0.0,,,,,,,,,,,,,,,,,,,,,,,,,,,,,,,,,,,,,,,,,,,,,,,,,,,,,,,,,,,,,,,,,,,,,,,,,,,,,,,,,,,,0.0,,,,,,,,,,,,,,,,,,,,,,,,,,,,,,,,,,,,,,,,,,,,,,,,,,,,,,,,,0.0,0.0,0.0,0.0,,,,,,,,,,,,,,,,,,,,,,,,,,,,,,,,,,,,,,,,,,,,,,,,,,,1738323054065859.0,,,https://www.facebook.com/360RadioColombia/posts/pfbid02aZei2tdMCUzb1fPPVF9EEkp7TcJ17kkRLJSp483aDhDx4T4xrMsDjTFYGfdFuqyNl,0.0,0.0,Fotos,,,256.0,0.0,,,,,256.0,0.0,195.0,0.0,0.0,0.0,0.0,0.0,0.0,,,,,,,,,
,,100036645439789,360 Radio Colombia,Tu reel,68,03/11/2026 12:19,,,Total,495,294,24,4895.374,11.6,285,24,10,3,7,0,3180.188,1715.186,0.0,0.0,9.028,13.708,0.0,0.0,1.0,0.97,0.86,1.0,0.64,0.51,0.38,0.3,0.25,0.23,0.22,0.21,0.2,0.18,0.16,0.15,0.14,0.14,0.14,0.14,0.14,0.13,0.13,0.12,0.12,0.11,0.11,0.1,0.1,0.1,0.09,0.09,0.09,0.09,0.09,0.08,0.08,0.07,0.07,0.06,0.05,1.0,0.93,0.6,0.6,0.6,0.63,0.68,0.76,1.0,0.88,0.94,1.0,1.0,1.0,1.0,1.0,1.0,1.0,1.0,0.6,0.59,0.57,0.54,0.53,0.51,0.47,0.46,0.44,0.43,0.41,0.4,0.4,0.4,0.4,0.4,0.35,0.35,0.29,0.29,0.25,0.22,0.0,0.0,58.0,63.0,36.0,23.0,16.0,38.0,9.0,18.0,11.0,10.0,,2.0,279.0,8.0,1.0,2.0,1.0,1.0,,,,,,,,,,1.0,,1.0,,,,,,,,,,,,,,,,,,,,,,,,,,,0.0,0.0,0.0,0.0,,,,,,,,,,,,,,,,,,,,,,,,,,,,,,,,,,,,,,,,,,,,,,,,,,,1738314907400007.0,,,https://www.facebook.com/reel/1642690246752708/,1.0,0.0,Vídeos,,,447.0,20.0,20.0,,,,446.0,0.0,495.0,0.0,294.0,0.0,0.0,0.0,0.0,,,,,,,,,
,,100036645439789,360 Radio Colombia,#Infraestructura | La Agencia Nacional de Infraestructura (ANI) dio luz verde a la fase técnica del ambicioso corredor férreo de la Orinoquía.,0,03/11/2026 12:03,,,Total,109,0,0,,,0,0,2,1,0,1,0.0,0.0,0.0,0.0,0.0,0.0,0.0,0.0,,,,,,,,,,,,,,,,,,,,,,,,,,,,,,,,,,,,,,,,,,,,,,,,,,,,,,,,,,,,,,,,,,,,,,,,,,,,,,,,,,,,0.0,,,,,,,,,,,,,,,,,,,,,,,,,,,,,,,,,,,,,,,,,,,,,,,,,,,,,,,,,0.0,0.0,0.0,0.0,,,,,,,,,,,,,,,,,,,,,,,,,,,,,,,,,,,,,,,,,,,,,,,,,,,1738305854067579.0,,,https://www.facebook.com/360RadioColombia/posts/pfbid02wBW3k6yWr7qCjXJZ7gDiTsHhq372848QWAaf5JWrZ4cZtZZAs7omPH5f2TFXKM78l,0.0,0.0,Enlaces,,,145.0,0.0,,,,,145.0,0.0,109.0,0.0,0.0,0.0,0.0,0.0,0.0,,,,,,,,,
,,100036645439789,360 Radio Colombia,"#Energía | Según el último informe de GASNOVA, la demanda de este energético aumentó un 7,6% durante 2025, destacándose un crecimiento del 16,2% en los sectores industrial y comercial.",0,03/11/2026 10:55,,,Total,78,0,0,,,0,0,2,1,0,1,0.0,0.0,0.0,0.0,0.0,0.0,0.0,0.0,,,,,,,,,,,,,,,,,,,,,,,,,,,,,,,,,,,,,,,,,,,,,,,,,,,,,,,,,,,,,,,,,,,,,,,,,,,,,,,,,,,,0.0,,,,,,,,,,,,,,,,,,,,,,,,,,,,,,,,,,,,,,,,,,,,,,,,,,,,,,,,,0.0,0.0,0.0,0.0,,,,,,,,,,,,,,,,,,,,,,,,,,,,,,,,,,,,,,,,,,,,,,,,,,,1738263697405128.0,,,https://www.facebook.com/360RadioColombia/posts/pfbid0kt87GjUU6VBXjVqjUKJRjcvBevpRHwCZFZkZmS3kCzb4HLKe4KoeCjiH4kA4WDvwl,0.0,0.0,Enlaces,,,106.0,0.0,,,,,106.0,0.0,78.0,0.0,0.0,0.0,0.0,0.0,0.0,,,,,,,,,
,,100036645439789,360 Radio Colombia,"🗣️ Estas fueron las palabras de Diego Colón, en el funeral de su padre, #WillieColón.",173,03/11/2026 10:47,,,Total,70,37,1,650.234,9.562,37,1,0,0,0,0,281.122,369.112,0.0,0.0,11.907,7.598,0.0,0.0,0.89,0.57,0.24,1.0,0.24,0.22,0.19,0.16,0.16,0.16,0.08,0.08,0.05,0.05,0.03,0.03,0.03,0.03,0.03,0.03,0.0,0.0,0.0,0.0,0.0,0.0,0.0,0.0,0.0,0.0,0.0,0.0,0.0,0.0,0.0,0.0,0.0,0.0,0.0,0.0,0.0,1.0,0.33,0.11,0.11,0.11,0.11,0.11,0.22,1.0,0.22,0.33,0.67,0.67,0.67,0.78,0.89,1.0,1.0,1.0,0.11,0.0,0.0,0.0,0.0,0.0,0.0,0.0,0.0,0.0,0.0,0.0,0.0,0.0,0.0,0.0,0.0,0.0,0.0,0.0,0.0,0.0,0.0,0.0,,,,,,,,,,,,,,,,,,,,,,,,,,,,,,,,,,,,,,,,,,,,,,,,,,,,,,,,,0.0,0.0,0.0,0.0,,,,,,,,,,,,,,,,,,,,,,,,,,,,,,,,,,,,,,,,,,,,,,,,,,,1738258720738959.0,"🗣️ Estas fueron las palabras de Diego Colón, en el funeral de su padre, #WillieColón.",,https://www.facebook.com/reel/1251436433625838/,1.0,0.0,Vídeos,,,72.0,0.0,,,,,71.0,0.0,70.0,0.0,37.0,0.0,0.0,0.0,0.0,,,,,,,,,
,,100036645439789,360 Radio Colombia,Tu reel,10,03/11/2026 10:37,,,Total,1071,562,0,6086.02,6.386,555,0,13,6,6,1,1713.0,4373.02,0.0,0.0,6.041,7.481,0.0,0.0,1.0,1.0,1.0,1.0,0.97,0.86,0.77,0.65,0.57,0.49,0.44,0.39,0.35,,,,,,,,,,,,,,,,,,,,,,,,,,,,,1.0,1.0,,,,,,,1.0,0.98,1.0,1.0,1.0,1.0,1.0,1.0,1.0,1.0,1.0,,,,,,,,,,,,,,,,,,,,,,,0.0,0.0,79.0,85.0,105.0,44.0,47.0,64.0,33.0,41.0,22.0,24.0,3.0,4.0,521.0,20.0,3.0,1.0,2.0,6.0,,,1.0,2.0,,,1.0,,,2.0,,,,,,,,,,,1.0,,,,,,,,,,,,,,,,,,0.0,0.0,0.0,0.0,1.0,,,,,,,,,,,,,,1.0,,,,,,,,,,,,,,,,,,,,,,,,,,,,,,,,,,,,1738253074072857.0,,,https://www.facebook.com/reel/901989859423411/,1.0,0.0,Vídeos,,,1259.0,26.0,26.0,,,,1259.0,0.0,1071.0,0.0,562.0,0.0,0.0,0.0,0.0,,,,,,,,,
,,100036645439789,360 Radio Colombia,"#Atencion | La aspirante presidencial Paloma Valencia extendió una invitación oficial al exdirector del DANE, Juan Daniel Oviedo, para que la acompañe como candidato a la Vicepresidencia.

Luego del encuentro sostenido este miércoles, el ambiente entre ambos habría mejorado y se prevé que el anuncio definitivo se haga el próximo viernes. La decisión genera expectativa.",0,03/11/2026 10:36,,,Total,2175,0,0,,,0,0,58,28,28,2,0.0,0.0,0.0,0.0,0.0,0.0,0.0,0.0,,,,,,,,,,,,,,,,,,,,,,,,,,,,,,,,,,,,,,,,,,,,,,,,,,,,,,,,,,,,,,,,,,,,,,,,,,,,,,,,,,,,0.07,,,,,,,,,,,,,,,,,,,,,,,,,,,,,,,,,,,,,,,,,,,,,,,,,,,,,,,,,0.0,0.0,0.0,0.0,,,,,,,,,,,,,,,,,,,,,,,,,,,,,,,,,,,,,,,,,,,,,,,,,,,1738252394072925.0,,,https://www.facebook.com/360RadioColombia/posts/pfbid02HFgZLzzJY3izCa7TKerrMBJd2TSKAeggJ2CJ9UoWHfdb8pofK63tAu5FPWk9vChWl,0.0,0.0,Fotos,,,3221.0,91.0,74.0,17.0,,,3221.0,0.0,2175.0,0.0,0.0,0.0,0.0,0.0,0.0,,,,,,,,,
,,100036645439789,360 Radio Colombia,"#Judicial | A pesar de los intentos de la Cancillería por detener el proceso, la justicia administrativa ha decidido seguir adelante con el examen del convenio de cooperación técnica para la producción de pasaportes.",0,03/11/2026 10:19,,,Total,49,0,0,,,0,0,0,0,0,0,0.0,0.0,0.0,0.0,0.0,0.0,0.0,0.0,,,,,,,,,,,,,,,,,,,,,,,,,,,,,,,,,,,,,,,,,,,,,,,,,,,,,,,,,,,,,,,,,,,,,,,,,,,,,,,,,,,,0.0,,,,,,,,,,,,,,,,,,,,,,,,,,,,,,,,,,,,,,,,,,,,,,,,,,,,,,,,,0.0,0.0,0.0,0.0,,,,,,,,,,,,,,,,,,,,,,,,,,,,,,,,,,,,,,,,,,,,,,,,,,,1738242024073962.0,,,https://www.facebook.com/360RadioColombia/posts/pfbid0HsHYB4Htn24vm2zouEV1DahKEz6xLdctwRhQTah8X9gPSnXJvyGuCbT2n5kRjmRHl,0.0,0.0,Enlaces,,,68.0,0.0,,,,,68.0,0.0,49.0,0.0,0.0,0.0,0.0,0.0,0.0,,,,,,,,,
,,100036645439789,360 Radio Colombia,"👀 Un informe de @corficolombiana advirtió que el aumento del gasto público del Gobierno de Gustavo Petro estaría profundizando la crisis fiscal en Colombia. Según el análisis, las finanzas públicas atraviesan uno de los momentos más complejos de las últimas décadas debido al deterioro del balance fiscal.  ￼

De acuerdo con el reporte, entre 2022 y 2025 el déficit primario aumentó 2,6 puntos porcentuales del PIB, impulsado principalmente por un mayor gasto del Gobierno, mientras que los ingresos del Estado prácticamente no crecieron en ese mismo periodo. Este desbalance ha incrementado la presión sobre la sostenibilidad de la deuda pública.  ￼

Para 2026, Corficolombiana proyecta que el déficit fiscal podría llegar a 6,8% del PIB, lo que obligaría al Gobierno a acudir nuevamente al mercado para financiarse con más endeudamiento. El informe advierte que, sin ajustes en el gasto o mayores ingresos, el país podría enfrentar condiciones de financiamiento cada vez más difíciles.",0,03/10/2026 18:06,,,Total,2144,0,0,,,0,0,84,31,19,34,0.0,0.0,0.0,0.0,0.0,0.0,0.0,0.0,,,,,,,,,,,,,,,,,,,,,,,,,,,,,,,,,,,,,,,,,,,,,,,,,,,,,,,,,,,,,,,,,,,,,,,,,,,,,,,,,,,,0.05,,,,,,,,,,,,,,,,,,,,,,,,,,,,,,,,,,,,,,,,,,,,,,,,,,,,,,,,,0.0,0.0,0.0,0.0,,,,,,,,,,,,,,,,,,,,,,,,,,,,,,,,,,,,,,,,,,,,,,,,,,,1737695947461903.0,,,https://www.facebook.com/360RadioColombia/posts/pfbid02PvcZBpNhuqkNgLFydujqSwACtDwux41BMP9iBdJomSR1qs1cNx6a18ypP7n8tqAKl,0.0,0.0,Fotos,,,3000.0,47.0,37.0,10.0,,,3000.0,0.0,2144.0,0.0,0.0,0.0,0.0,0.0,0.0,,,,,,,,,
,,100036645439789,360 Radio Colombia,"💵 El banquero colombiano Jaime Gilinski Bacal volvió a destacarse en el ranking global de multimillonarios de la revista Forbes, al ubicarse entre las 200 mayores fortunas del planeta con un patrimonio estimado de US$14.700 millones. La cifra lo posiciona en el puesto 196 del listado mundial y lo consolida como el empresario más rico de Colombia en 2026.  ￼

La riqueza de Gilinski se ha construido principalmente a través del negocio bancario y de una estrategia de inversiones en América Latina. En los últimos años, su protagonismo empresarial ha crecido tras su participación en importantes movimientos corporativos relacionados con compañías del Grupo Empresarial Antioqueño, como Grupo Nutresa y Grupo Sura.  ￼

En el mismo ranking global también aparecen otros empresarios colombianos como David Vélez, fundador de Nubank, y Luis Carlos Sarmiento Angulo, principal accionista de Grupo Aval. La lista refleja cómo la banca, las inversiones y los grandes conglomerados empresariales siguen siendo los sectores que más impulsan la acumulación de riqueza en el país.",0,03/10/2026 17:56,,,Total,699,0,0,,,0,0,4,2,1,1,0.0,0.0,0.0,0.0,0.0,0.0,0.0,0.0,,,,,,,,,,,,,,,,,,,,,,,,,,,,,,,,,,,,,,,,,,,,,,,,,,,,,,,,,,,,,,,,,,,,,,,,,,,,,,,,,,,,0.0,,,,,,,,,,,,,,,,,,,,,,,,,,,,,,,,,,,,,,,,,,,,,,,,,,,,,,,,,0.0,0.0,0.0,0.0,,,,,,,,,,,,,,,,,,,,,,,,,,,,,,,,,,,,,,,,,,,,,,,,,,,1737686324129532.0,,,https://www.facebook.com/360RadioColombia/posts/pfbid02y26DMubYwGQWFoAmjwY5Szn2psDg97EHd3Yj3j2M38yaWhcLcdZkc58JNUAsRKbzl,0.0,0.0,Fotos,,,949.0,10.0,6.0,4.0,,,949.0,0.0,699.0,0.0,0.0,0.0,0.0,0.0,0.0,,,,,,,,,
,,100036645439789,360 Radio Colombia,"😱 Delincuentes pretendían sacar cocaína en aros de baloncesto, por el Aeropuerto Internacional El Dorado para Australia.",104,03/10/2026 14:49,,,Total,263,171,23,5110.041,21.837,170,23,3,3,0,0,4641.024,469.017,0.0,0.0,20.393,21.996,0.0,0.0,0.99,0.88,0.79,0.99,0.7,0.6,0.56,0.53,0.46,0.43,0.4,0.35,0.34,0.33,0.33,0.31,0.27,0.23,0.22,0.21,0.21,0.2,0.16,0.14,0.13,0.13,0.12,0.1,0.09,0.09,0.07,0.08,0.08,0.08,0.06,0.06,0.04,0.04,0.02,0.02,0.02,1.0,0.62,0.4,0.42,0.48,0.56,0.59,0.6,1.0,0.61,0.72,0.78,0.83,0.95,1.0,1.0,1.0,1.0,1.0,0.38,0.38,0.36,0.29,0.25,0.24,0.23,0.22,0.18,0.16,0.17,0.13,0.15,0.14,0.15,0.11,0.11,0.07,0.06,0.04,0.04,0.04,0.0,0.0,21.0,23.0,13.0,25.0,29.0,13.0,20.0,7.0,12.0,3.0,1.0,1.0,153.0,8.0,2.0,1.0,,3.0,1.0,,,,,,1.0,,,,,,,,,,,,,,,,,,1.0,1.0,,,,,,,,,,,,,0.0,0.0,0.0,0.0,,,,,,,,,,,,,,,,,,,,,,,,,,,,,,,,,,,,,,,,,,,,,,,,,,,1737593964138768.0,"😱 Delincuentes pretendían sacar cocaína en aros de baloncesto, por el Aeropuerto Internacional El Dorado para Australia.",,https://www.facebook.com/reel/1268152352126720/,1.0,0.0,Vídeos,,,249.0,9.0,9.0,,,,248.0,0.0,263.0,0.0,171.0,0.0,0.0,0.0,0.0,,,,,,,,,
,,100036645439789,360 Radio Colombia,"🚔 Capturan a alias ‘El Ilusionista’, señalado de engañar a por lo menos 62 personas mediante el cambiazo de tarjetas, con el que habría logrado apropiarse de más de $500 millones.

Según las autoridades, el hombre se hacía pasar por taxista para recoger a personas que salían de discotecas y bares.",116,03/10/2026 14:40,,,Total,280,198,31,5568.232,18.622,191,31,12,10,0,2,4802.088,657.504,108.64,0.0,9.261,21.155,108.64,0.0,1.0,0.75,0.52,1.0,0.43,0.39,0.34,0.33,0.32,0.31,0.3,0.28,0.28,0.26,0.25,0.23,0.22,0.19,0.17,0.15,0.16,0.15,0.15,0.15,0.15,0.14,0.13,0.13,0.12,0.11,0.1,0.11,0.11,0.11,0.09,0.08,0.08,0.07,0.05,0.05,0.04,1.0,0.76,0.46,0.5,0.59,0.62,0.68,0.69,1.0,0.76,0.8,0.84,0.86,0.89,0.92,1.0,1.0,1.0,1.0,0.41,0.42,0.41,0.41,0.41,0.41,0.36,0.35,0.34,0.31,0.3,0.27,0.28,0.28,0.28,0.24,0.2,0.22,0.19,0.14,0.14,0.11,0.0,0.0,23.0,32.0,22.0,31.0,14.0,19.0,14.0,18.0,5.0,10.0,2.0,2.0,182.0,5.0,3.0,3.0,1.0,2.0,,,,,,,,,,,,1.0,,,,,,,,,,,,,,1.0,,,,,,,,,,,,,0.0,0.0,0.0,0.0,,,,,,,,,,,,,,,,,,,,,,,,,,,,,,,,,,,,,,,,,,,,,,,,,,,1737589930805838.0,"🚔 Capturan a alias ‘El Ilusionista’, señalado de engañar a por lo menos 62 personas mediante el cambiazo de tarjetas, con el que habría logrado apropiarse de más de $500 millones.

Según las autoridades, el hombre se hacía pasar por taxista para recoger a personas que salían de discotecas y bares.",,https://www.facebook.com/reel/1251608269728670/,1.0,0.0,Vídeos,,,324.0,5.0,5.0,,,,323.0,0.0,280.0,0.0,198.0,0.0,0.0,0.0,0.0,,,,,,,,,
,,100036645439789,360 Radio Colombia,"🤝 @luisavillegasa fue presentada como la fórmula vicepresidencial de @migueluribel por el Partido Demócrata Colombiano. Con más de 30 años de experiencia articulando el sector público, la academia y el empresariado, llega a la campaña con un perfil enfocado en liderazgo y desarrollo económico.

Nacida en Manizales hace 59 años, Villegas es administradora de empresas del CESA y especialista en Mercadeo Estratégico. Su trayectoria ha estado ligada a la formación de líderes empresariales, el impulso al emprendimiento y la generación de oportunidades para las regiones del país.

En su carrera también ha tenido experiencia en el sector público y la promoción internacional de Colombia. Durante el gobierno de Iván Duque trabajó en ProColombia y en el Ministerio de Comercio, y actualmente es Business Partner en Conexiones Efectivas, desde donde impulsa estrategias de expansión empresarial en Iberoamérica.",0,03/10/2026 14:26,,,Total,1491,0,0,,,0,0,9,6,2,1,0.0,0.0,0.0,0.0,0.0,0.0,0.0,0.0,,,,,,,,,,,,,,,,,,,,,,,,,,,,,,,,,,,,,,,,,,,,,,,,,,,,,,,,,,,,,,,,,,,,,,,,,,,,,,,,,,,,0.03,,,,,,,,,,,,,,,,,,,,,,,,,,,,,,,,,,,,,,,,,,,,,,,,,,,,,,,,,0.0,0.0,0.0,0.0,,,,,,,,,,,,,,,,,,,,,,,,,,,,,,,,,,,,,,,,,,,,,,,,,,,1737581750806656.0,,,https://www.facebook.com/360RadioColombia/posts/pfbid0zpw6Kh3MboJSCCs8MhRDoJcMsDeWJh2UUmHbHFnT5T9N4GGJy4ECXDL7tybYhtvnl,0.0,0.0,Fotos,,,2121.0,19.0,11.0,8.0,,,2121.0,0.0,1491.0,0.0,0.0,0.0,0.0,0.0,0.0,,,,,,,,,
,,100036645439789,360 Radio Colombia,"🤝 El aspirante presidencial @mauriciolizcanoarango invitó a Claudia López y a Roy Barreras a sumarse a su proyecto político rumbo a la Casa de Nariño.

Lizcano señaló que los resultados de las votaciones del domingo evidencian que los ciudadanos están buscando una opción distante de los extremos y planteó la necesidad de consolidar una alianza del centro que responda a las necesidades del “colombiano de a pie”.",74,03/10/2026 14:17,,,Total,264,154,12,3040.985,13.515,152,12,7,5,0,2,2683.054,354.627,3.304,0.0,11.44,13.902,3.304,0.0,0.99,0.94,0.78,0.99,0.65,0.54,0.45,0.39,0.33,0.33,0.31,0.3,0.28,0.27,0.25,0.22,0.22,0.2,0.18,0.18,0.18,0.17,0.14,0.12,0.12,0.11,0.1,0.1,0.09,0.09,0.08,0.08,0.08,0.08,0.08,0.08,0.06,0.07,0.06,0.06,0.06,0.98,0.9,0.55,0.61,0.67,0.67,0.76,0.8,0.98,0.84,0.94,1.0,0.98,0.98,0.98,0.98,0.98,0.98,0.98,0.53,0.53,0.51,0.41,0.37,0.37,0.33,0.31,0.31,0.27,0.27,0.24,0.25,0.24,0.25,0.24,0.22,0.2,0.2,0.2,0.2,0.18,0.0,0.0,22.0,16.0,27.0,25.0,13.0,14.0,6.0,11.0,4.0,8.0,,1.0,149.0,1.0,,1.0,,2.0,,,,,,,,,,,,,,,,,,,,,,,1.0,,,,,,,,,,,,,,,,0.0,0.0,0.0,0.0,,,,,,,,,,,,,,,,,,,,,,,,,,,,,,,,,,,,,,,,,,,,,,,,,,,1737576164140548.0,"🤝 El aspirante presidencial @mauriciolizcanoarango invitó a Claudia López y a Roy Barreras a sumarse a su proyecto político rumbo a la Casa de Nariño.

Lizcano señaló que los resultados de las votaciones del domingo evidencian que los ciudadanos están buscando una opción distante de los extremos y planteó la necesidad de consolidar una alianza del centro que responda a las necesidades del “colombiano de a pie”.",,https://www.facebook.com/reel/789100407585328/,1.0,0.0,Vídeos,,,240.0,10.0,10.0,,,,240.0,0.0,264.0,0.0,154.0,0.0,0.0,0.0,0.0,,,,,,,,,
,,100036645439789,360 Radio Colombia,"🗣️ “#Colombia necesita un liderazgo fuerte y decidido que construya consensos en las diferencias, y un gobierno pulcro, experto, académico e impoluto”.

Así anunció @delaespriella_style a su fórmula vicepresidencial, @jmrestrepoa.",102,03/10/2026 13:59,,,Total,115,54,9,1500.799,15.965,54,9,11,8,2,1,1131.266,369.533,0.0,0.0,18.477,15.288,0.0,0.0,1.0,0.69,0.48,1.0,0.43,0.39,0.31,0.28,0.26,0.26,0.26,0.24,0.24,0.24,0.24,0.24,0.24,0.22,0.22,0.2,0.2,0.19,0.17,0.17,0.17,0.17,0.13,0.13,0.13,0.13,0.13,0.13,0.13,0.13,0.13,0.13,0.13,0.13,0.11,0.11,0.09,1.0,0.76,0.71,0.71,0.76,0.76,0.76,0.76,1.0,0.76,0.82,0.82,0.82,0.88,1.0,1.0,1.0,1.0,1.0,0.59,0.59,0.59,0.53,0.53,0.53,0.53,0.41,0.41,0.41,0.41,0.41,0.41,0.41,0.41,0.41,0.41,0.41,0.41,0.35,0.35,0.29,0.0,0.0,,,,,,,,,,,,,,,,,,,,,,,,,,,,,,,,,,,,,,,,,,,,,,,,,,,,,,,,,0.0,0.0,0.0,0.0,,,,,,,,,,,,,,,,,,,,,,,,,,,,,,,,,,,,,,,,,,,,,,,,,,,1737567827474715.0,"🗣️ “#Colombia necesita un liderazgo fuerte y decidido que construya consensos en las diferencias, y un gobierno pulcro, experto, académico e impoluto”.

Así anunció @delaespriella_style a su fórmula vicepresidencial, @jmrestrepoa.",,https://www.facebook.com/reel/790788293584656/,1.0,0.0,Vídeos,,,101.0,3.0,3.0,,,,101.0,0.0,115.0,0.0,54.0,0.0,0.0,0.0,0.0,,,,,,,,,
,,100036645439789,360 Radio Colombia,"🤝 Paloma Valencia afirmó que no está dispuesta a hacer acuerdos que impliquen dejar de ser quien es. Además, cuestionó una forma de hacer política que, según dijo, termina transformando a las personas solo para adaptarse a lo que está de moda. También se refirió a las condiciones planteadas por Juan Daniel Oviedo para aceptar ser su fórmula vicepresidencial.",19,03/10/2026 13:43,,,Total,1098,721,0,14508.492,15.256,721,0,46,41,4,1,13818.722,667.201,22.569,0.0,7.332,16.163,4.514,0.0,1.0,1.0,1.0,1.0,0.97,0.91,0.85,0.82,0.78,0.73,0.69,0.64,0.6,0.56,0.53,0.52,0.5,0.48,0.46,0.44,0.42,,,,,,,,,,,,,,,,,,,,,1.0,1.0,0.94,0.99,1.0,1.0,1.0,1.0,1.0,1.0,1.0,1.0,1.0,1.0,1.0,1.0,1.0,1.0,1.0,0.9,0.87,,,,,,,,,,,,,,,,,,,,,0.0,0.03,101.0,112.0,90.0,79.0,74.0,76.0,54.0,51.0,42.0,20.0,1.0,6.0,670.0,22.0,7.0,2.0,1.0,5.0,,,2.0,,,2.0,1.0,,2.0,1.0,,1.0,,1.0,,1.0,,,,,1.0,,,,,,,,,1.0,,,,,,,,,0.0,0.0,0.0,0.0,,,,1.0,,,,,,,,,,,,,,,,,,,,,,,,,,,,,,,,,,,,,,,,,,,,,,,1737561007475397.0,"🤝 Paloma Valencia afirmó que no está dispuesta a hacer acuerdos que impliquen dejar de ser quien es. Además, cuestionó una forma de hacer política que, según dijo, termina transformando a las personas solo para adaptarse a lo que está de moda. También se refirió a las condiciones planteadas por Juan Daniel Oviedo para aceptar ser su fórmula vicepresidencial.",,https://www.facebook.com/reel/2352732505232368/,1.0,0.0,Vídeos,,,1463.0,76.0,76.0,,,,1462.0,0.0,1098.0,0.0,721.0,0.0,0.0,0.0,0.0,,,,,,,,,
,,100036645439789,360 Radio Colombia,Tu reel,59,03/10/2026 12:57,,,Total,413,222,0,3969.932,11.342,220,0,5,3,1,1,2612.269,1299.216,58.447,0.0,8.961,12.869,29.224,0.0,1.0,1.0,0.88,1.0,0.75,0.57,0.46,0.37,0.33,0.3,0.28,0.25,0.23,0.22,0.22,0.21,0.21,0.2,0.19,0.19,0.19,0.19,0.19,0.19,0.18,0.17,0.17,0.15,0.15,0.15,0.14,0.15,0.14,0.15,0.14,0.14,0.14,0.14,0.13,0.13,0.13,1.0,0.93,0.73,0.76,0.78,0.78,0.81,0.81,1.0,0.88,1.0,1.0,1.0,1.0,1.0,1.0,1.0,1.0,1.0,0.71,0.71,0.71,0.71,0.71,0.66,0.64,0.63,0.58,0.58,0.56,0.54,0.56,0.54,0.56,0.53,0.53,0.53,0.51,0.49,0.49,0.49,0.0,0.0,32.0,32.0,22.0,24.0,24.0,27.0,19.0,14.0,12.0,9.0,2.0,1.0,208.0,8.0,1.0,,,3.0,,,,,,,,,,,,,,,,,,,,1.0,,,1.0,,,,,,,,,,,,,,,,0.0,0.0,0.0,0.0,,,,,,,,,,,,,,,,,,,,,,,,,,,,,,,,,,,,,,,,,,,,,,,,,,,1737537697477728.0,,,https://www.facebook.com/reel/1584470675984547/,1.0,0.0,Vídeos,,,384.0,7.0,7.0,,,,384.0,0.0,413.0,0.0,222.0,0.0,0.0,0.0,0.0,,,,,,,,,
,,100036645439789,360 Radio Colombia,#Política | La fecha límite del 13 de marzo para inscribir fórmulas vicepresidenciales obliga a una definición inmediata,0,03/10/2026 10:49,,,Total,187,0,0,,,0,0,2,1,0,1,0.0,0.0,0.0,0.0,0.0,0.0,0.0,0.0,,,,,,,,,,,,,,,,,,,,,,,,,,,,,,,,,,,,,,,,,,,,,,,,,,,,,,,,,,,,,,,,,,,,,,,,,,,,,,,,,,,,0.0,,,,,,,,,,,,,,,,,,,,,,,,,,,,,,,,,,,,,,,,,,,,,,,,,,,,,,,,,0.0,0.0,0.0,0.0,,,,,,,,,,,,,,,,,,,,,,,,,,,,,,,,,,,,,,,,,,,,,,,,,,,1737465944151570.0,,,https://www.facebook.com/360RadioColombia/posts/pfbid02MJ3hQh1Yyof2FmTKHGNbuDrXeLtD52xr5MW8ujdZuzbvAZ5sQw1Ge7JV9BjaasQQl,0.0,0.0,Enlaces,,,243.0,3.0,,,,3.0,243.0,0.0,187.0,0.0,0.0,0.0,0.0,0.0,0.0,,,,,,,,,
,,100036645439789,360 Radio Colombia,Tu reel,73,03/10/2026 09:56,,,Total,330,186,9,3871.351,13.489,185,9,29,11,18,0,2307.221,1564.13,0.0,0.0,14.092,13.11,0.0,0.0,1.0,0.94,0.78,1.0,0.69,0.58,0.52,0.47,0.44,0.42,0.39,0.35,0.33,0.3,0.27,0.26,0.24,0.23,0.19,0.19,0.18,0.17,0.15,0.13,0.13,0.12,0.11,0.08,0.08,0.07,0.05,0.06,0.05,0.06,0.05,0.05,0.04,0.04,0.04,0.04,0.04,1.0,0.81,0.44,0.52,0.56,0.6,0.62,0.68,1.0,0.77,0.89,0.98,1.0,1.0,1.0,1.0,1.0,1.0,1.0,0.43,0.42,0.38,0.35,0.31,0.31,0.27,0.26,0.19,0.19,0.16,0.11,0.14,0.12,0.14,0.11,0.11,0.1,0.1,0.09,0.09,0.09,0.0,0.0,20.0,24.0,23.0,25.0,14.0,23.0,17.0,9.0,13.0,11.0,2.0,2.0,173.0,5.0,1.0,1.0,1.0,1.0,,,,,,1.0,,,,,,,,,,,,,,2.0,,1.0,,,,,,,,,,,,,,,,,0.0,0.0,0.0,0.0,,,,,,,,,,,,,,,,,,,,,,,,,,,,,,,,,,,,,,,,,,,,,,,,,,,1737434490821382.0,,,https://www.facebook.com/reel/1790846261559464/,1.0,0.0,Vídeos,,,311.0,43.0,43.0,,,,312.0,0.0,330.0,0.0,186.0,0.0,0.0,3.0,3.0,,,,,,,,,
,,100036645439789,360 Radio Colombia,"#Atención | @jdoviedoar anunciará si será fórmula vicepresidencial de @palomavalencial, a más tardar mañana.",0,03/10/2026 09:48,,,Total,1448,0,0,,,0,0,17,10,5,2,0.0,0.0,0.0,0.0,0.0,0.0,0.0,0.0,,,,,,,,,,,,,,,,,,,,,,,,,,,,,,,,,,,,,,,,,,,,,,,,,,,,,,,,,,,,,,,,,,,,,,,,,,,,,,,,,,,,0.03,,,,,,,,,,,,,,,,,,,,,,,,,,,,,,,,,,,,,,,,,,,,,,,,,,,,,,,,,0.0,0.0,0.0,0.0,,,,,,,,,,,,,,,,,,,,,,,,,,,,,,,,,,,,,,,,,,,,,,,,,,,1737429580821873.0,,,https://www.facebook.com/360RadioColombia/posts/pfbid02ACug5BNmozj92MKKn5SUdC7Zbj9P88j6EDoXoNF4LpqEDHon7ybBbz9YcVjnw2m2l,0.0,0.0,Fotos,,,2051.0,53.0,38.0,13.0,,2.0,2051.0,0.0,1448.0,0.0,0.0,0.0,0.0,0.0,0.0,,,,,,,,,
,,100036645439789,360 Radio Colombia,"#Política | Más allá de su papel como líder de la oposición, la trayectoria de Paloma Valencia está cimentada sobre una de las estructuras familiares más poderosas de Colombia.

",0,03/10/2026 09:37,,,Total,240,0,0,,,0,0,10,6,0,4,0.0,0.0,0.0,0.0,0.0,0.0,0.0,0.0,,,,,,,,,,,,,,,,,,,,,,,,,,,,,,,,,,,,,,,,,,,,,,,,,,,,,,,,,,,,,,,,,,,,,,,,,,,,,,,,,,,,0.0,,,,,,,,,,,,,,,,,,,,,,,,,,,,,,,,,,,,,,,,,,,,,,,,,,,,,,,,,0.0,0.0,0.0,0.0,,,,,,,,,,,,,,,,,,,,,,,,,,,,,,,,,,,,,,,,,,,,,,,,,,,1737421917489306.0,,,https://www.facebook.com/360RadioColombia/posts/pfbid0Deexh5gjEMKX1xjxh3QnnhFmYS5Eunq51WBSBajkQn4HoGpa3tPDtvxJASGTCB9wl,0.0,0.0,Enlaces,,,348.0,3.0,1.0,,,2.0,348.0,0.0,240.0,0.0,0.0,0.0,0.0,1.0,1.0,1.0,1.0,,,,,,,
,,100036645439789,360 Radio Colombia,Tu reel,136,03/10/2026 09:19,,,Total,82352,59558,20473,3413293.173,41.893,57838,19654,5375,4507,330,538,68951.796,3263023.563,81317.814,0.0,42.821,49.252,21.002,0.0,0.97,0.68,0.6,1.0,0.55,0.53,0.51,0.49,0.48,0.46,0.44,0.43,0.41,0.39,0.38,0.37,0.36,0.35,0.34,0.34,0.33,0.32,0.32,0.32,0.31,0.31,0.3,0.3,0.29,0.29,0.27,0.28,0.28,0.29,0.27,0.27,0.26,0.26,0.25,0.25,0.24,1.0,0.8,0.63,0.65,0.66,0.68,0.7,0.72,1.0,0.76,0.82,0.84,0.88,0.91,0.94,0.97,0.99,1.0,1.0,0.62,0.61,0.6,0.59,0.58,0.58,0.57,0.56,0.55,0.54,0.53,0.51,0.52,0.52,0.53,0.5,0.49,0.48,0.48,0.47,0.46,0.44,0.0,1.21,2437.0,3890.0,1776.0,5859.0,9889.0,2567.0,10730.0,4101.0,6869.0,6434.0,1378.0,2247.0,54436.0,2740.0,119.0,128.0,109.0,687.0,38.0,23.0,23.0,70.0,10.0,56.0,53.0,,59.0,57.0,4.0,149.0,24.0,19.0,14.0,33.0,22.0,19.0,66.0,81.0,207.0,33.0,67.0,,5.0,23.0,11.0,,,4.0,4.0,,,10.0,,8.0,,,0.0,0.0,0.0,0.0,29.0,5.0,14.0,7.0,,10.0,,,,7.0,,,5.0,,4.0,,,4.0,3.0,,,,,,,,,,,,,,,,,,,,,,,,,,,,,,,,1737410100823821.0,,,https://www.facebook.com/reel/2461177284318909/,1.0,0.0,Vídeos,,,98933.0,4675.0,4675.0,,,,98624.0,0.0,82352.0,0.0,59558.0,0.0,0.0,2.0,2.0,,,,,,,,,
,,100036645439789,360 Radio Colombia,"#Economía | Más allá de la tecnología, la Fiesta de Ofertas incluye soluciones prácticas para el orden doméstico.",0,03/10/2026 08:29,,,Total,44,0,0,,,0,0,0,0,0,0,0.0,0.0,0.0,0.0,0.0,0.0,0.0,0.0,,,,,,,,,,,,,,,,,,,,,,,,,,,,,,,,,,,,,,,,,,,,,,,,,,,,,,,,,,,,,,,,,,,,,,,,,,,,,,,,,,,,0.0,,,,,,,,,,,,,,,,,,,,,,,,,,,,,,,,,,,,,,,,,,,,,,,,,,,,,,,,,0.0,0.0,0.0,0.0,,,,,,,,,,,,,,,,,,,,,,,,,,,,,,,,,,,,,,,,,,,,,,,,,,,1737378020827029.0,,,https://www.facebook.com/360RadioColombia/posts/pfbid02PwGY3oGFeGK6G1WrBRy1q58wKe2GnP6CgQ88hkBKQuxFRsVAeX9ENbaCPyitybUul,0.0,0.0,Enlaces,,,66.0,0.0,,,,,66.0,0.0,44.0,0.0,0.0,0.0,0.0,0.0,0.0,,,,,,,,,
,,100036645439789,360 Radio Colombia,"#AHORA

El candidato Abelardo de La Espriella confirmó a José Manuel Restrepo, exministro de Hacienda como fórmula vicepresidencial. 

#Colombia",0,03/10/2026 04:32,,,Total,2667,0,0,,,0,0,175,134,25,16,0.0,0.0,0.0,0.0,0.0,0.0,0.0,0.0,,,,,,,,,,,,,,,,,,,,,,,,,,,,,,,,,,,,,,,,,,,,,,,,,,,,,,,,,,,,,,,,,,,,,,,,,,,,,,,,,,,,0.07,,,,,,,,,,,,,,,,,,,,,,,,,,,,,,,,,,,,,,,,,,,,,,,,,,,,,,,,,0.0,0.0,0.0,0.0,,,,,,,,,,,,,,,,,,,,,,,,,,,,,,,,,,,,,,,,,,,,,,,,,,,1737227130842118.0,,,https://www.facebook.com/360RadioColombia/posts/pfbid0zCnUccDxK4XRuCHqM5xpsDyZEkhA3i8RKsiPrzuaMYu8MnWXnFJSQ1Jcj6fwfUDfl,0.0,0.0,Fotos,,,3864.0,102.0,71.0,31.0,,,3864.0,0.0,2667.0,0.0,0.0,0.0,0.0,0.0,0.0,,,,,,,,,
,,100036645439789,360 Radio Colombia,"🗣️ “Acompañaremos a #Paloma de frente con lealtad y mirando a los ojos a todos los colombianos”.

@juanmanuelgalanpachon, tras la victoria de Paloma Valencia en la Gran Consulta.",71,03/09/2026 20:43,,,Total,262,158,17,3017.872,12.787,152,17,14,6,6,2,2593.811,345.865,78.196,0.0,8.436,13.51,26.066,0.0,0.99,0.95,0.78,1.0,0.62,0.51,0.41,0.35,0.31,0.26,0.23,0.22,0.2,0.19,0.19,0.18,0.18,0.17,0.17,0.17,0.17,0.17,0.17,0.16,0.16,0.15,0.15,0.14,0.14,0.14,0.12,0.12,0.12,0.13,0.11,0.11,0.11,0.12,0.12,0.12,0.11,1.0,0.71,0.56,0.56,0.58,0.58,0.63,0.63,0.98,0.67,0.75,0.85,0.98,0.98,0.98,0.98,0.98,0.98,0.98,0.56,0.56,0.56,0.56,0.54,0.52,0.48,0.48,0.46,0.46,0.46,0.4,0.4,0.4,0.42,0.38,0.38,0.38,0.4,0.4,0.4,0.38,0.0,0.0,21.0,20.0,18.0,24.0,12.0,20.0,15.0,14.0,7.0,4.0,,3.0,145.0,4.0,1.0,,,4.0,,,1.0,,,2.0,,,,,,,,,,,,,,,,,,,,,,,,1.0,,,,,,,,,0.0,0.0,0.0,0.0,,,,,,,,,,,,,,,,,,,,,,,,,,,,,,,,,,,,,,,,,,,,,,,,,,,1736970954201069.0,"🗣️ “Acompañaremos a #Paloma de frente con lealtad y mirando a los ojos a todos los colombianos”.

@juanmanuelgalanpachon, tras la victoria de Paloma Valencia en la Gran Consulta.",,https://www.facebook.com/reel/1628700235105979/,1.0,0.0,Vídeos,,,261.0,17.0,17.0,,,,261.0,0.0,262.0,0.0,158.0,0.0,0.0,0.0,0.0,,,,,,,,,
,,100036645439789,360 Radio Colombia,"😱 Un ayudante del Atlético Mineiro pidió que dejen de pelear y, un segundo después, metió una patada en el pisoa un jugador de #Cruzeiro.",6,03/09/2026 20:02,,,Total,243,129,0,1525.022,6.9,128,0,2,2,0,0,1219.636,305.386,0.0,0.0,7.272,6.814,0.0,0.0,1.0,1.0,1.0,1.0,1.0,0.92,0.87,0.85,0.81,,,,,,,,,,,,,,,,,,,,,,,,,,,,,,,,,1.0,,,,,,,,1.0,,,,0.96,1.0,1.0,1.0,1.0,1.0,1.0,,,,,,,,,,,,,,,,,,,,,,,0.0,0.0,25.0,30.0,7.0,23.0,13.0,7.0,15.0,4.0,2.0,1.0,,1.0,113.0,3.0,1.0,4.0,1.0,1.0,,,,,,,4.0,,,,,1.0,,,,,,,,,,,,,1.0,,,,,,,,,,,,,,0.0,0.0,0.0,0.0,,,,,,,,,,,,,,,,,,,,,,,,,,,,,,,,,,,,,,,,,,,,,,,,,,,1736947667536731.0,"😱 Un ayudante del Atlético Mineiro pidió que dejen de pelear y, un segundo después, metió una patada en el pisoa un jugador de #Cruzeiro.",,https://www.facebook.com/reel/934959112550499/,1.0,0.0,Vídeos,,,423.0,6.0,6.0,,,,423.0,0.0,243.0,0.0,129.0,0.0,0.0,0.0,0.0,,,,,,,,,
,,100036645439789,360 Radio Colombia,"🗣️ “Yo me siento supremamente orgulloso de haber formado parte de esta consulta. #Colombia habló y le dio un respaldo muy importante a esta gran consulta”.

@jdoviedoar, uno de los candidatos de la consulta presidencial, la Gran Consulta por Colombia.",143,03/09/2026 19:52,,,Total,142,75,4,1578.595,12.73,74,4,6,4,2,0,1283.653,294.942,0.0,0.0,11.344,13.099,0.0,0.0,0.89,0.57,0.45,0.99,0.36,0.32,0.24,0.21,0.2,0.17,0.13,0.12,0.12,0.09,0.09,0.09,0.08,0.05,0.05,0.05,0.05,0.05,0.05,0.05,0.05,0.05,0.04,0.04,0.04,0.04,0.04,0.04,0.04,0.04,0.03,0.03,0.03,0.03,0.03,0.03,0.03,1.0,0.3,0.15,0.15,0.22,0.26,0.26,0.26,1.0,0.3,0.33,0.44,0.56,0.59,0.67,0.89,1.0,1.0,1.0,0.15,0.15,0.15,0.15,0.15,0.15,0.15,0.11,0.11,0.11,0.11,0.11,0.11,0.11,0.11,0.07,0.07,0.07,0.07,0.07,0.07,0.07,0.0,0.0,,,,,,,,,,,,,,,,,,,,,,,,,,,,,,,,,,,,,,,,,,,,,,,,,,,,,,,,,0.0,0.0,0.0,0.0,,,,,,,,,,,,,,,,,,,,,,,,,,,,,,,,,,,,,,,,,,,,,,,,,,,1736942094203955.0,"🗣️ “Yo me siento supremamente orgulloso de haber formado parte de esta consulta. #Colombia habló y le dio un respaldo muy importante a esta gran consulta”.

@jdoviedoar, uno de los candidatos de la consulta presidencial, la Gran Consulta por Colombia.",,https://www.facebook.com/reel/956362540407672/,1.0,0.0,Vídeos,,,130.0,8.0,8.0,,,,130.0,0.0,142.0,0.0,75.0,0.0,0.0,0.0,0.0,,,,,,,,,
,,100036645439789,360 Radio Colombia,"🗣️ “Gracias infinitas #Bogotá. Representaremos de manera juiciosa y rigurosa este proyecto político que hoy demostró ser la fuerza más importante del país”.

@smilelalis, Representante a la Cámara por Bogotá por el @PactoHistorico.",40,03/09/2026 19:27,,,Total,93,39,0,546.114,6.659,39,0,1,1,0,0,403.39,142.724,0.0,0.0,5.947,6.955,0.0,0.0,1.0,1.0,1.0,1.0,0.92,0.77,0.67,0.62,0.59,0.51,0.51,0.51,0.51,0.41,0.33,0.28,0.28,0.28,0.23,0.21,0.18,0.18,0.18,0.13,0.1,0.1,0.08,0.08,0.05,0.05,0.05,0.05,0.05,0.05,0.05,0.05,0.05,0.05,0.05,0.05,0.05,1.0,1.0,0.82,1.0,1.0,1.0,1.0,1.0,1.0,1.0,1.0,1.0,1.0,1.0,1.0,1.0,1.0,1.0,1.0,0.73,0.64,0.64,0.64,0.45,0.36,0.36,0.27,0.27,0.18,0.18,0.18,0.18,0.18,0.18,0.18,0.18,0.18,0.18,0.18,0.18,0.18,0.0,0.0,,,,,,,,,,,,,,,,,,,,,,,,,,,,,,,,,,,,,,,,,,,,,,,,,,,,,,,,,0.0,0.0,0.0,0.0,,,,,,,,,,,,,,,,,,,,,,,,,,,,,,,,,,,,,,,,,,,,,,,,,,,1736929707538527.0,"🗣️ “Gracias infinitas #Bogotá. Representaremos de manera juiciosa y rigurosa este proyecto político que hoy demostró ser la fuerza más importante del país”.

@smilelalis, Representante a la Cámara por Bogotá por el @PactoHistorico.",,https://www.facebook.com/reel/1487874222942793/,1.0,0.0,Vídeos,,,86.0,1.0,1.0,,,,86.0,0.0,93.0,0.0,39.0,0.0,0.0,0.0,0.0,,,,,,,,,
,,100036645439789,360 Radio Colombia,"👀 En medio del reacomodo político tras las elecciones legislativas y las consultas interpartidistas, varios candidatos presidenciales empiezan a definir quién los acompañará en la fórmula vicepresidencial de cara a las elecciones de 2026. Abelardo de la Espriella anunció que revelará el nombre de su compañero de fórmula el 12 de marzo en Cali, durante el acto oficial de inscripción de su candidatura presidencial.  ￼

Por su parte, la senadora y candidata presidencial Paloma Valencia también confirmó que en los próximos días dará a conocer quién será su fórmula vicepresidencial. Según su equipo de campaña, el anuncio oficial se realizará el jueves 12 de marzo, como parte de la estrategia para consolidar su campaña rumbo a la primera vuelta.  ￼

Ambos anuncios se dan en la recta inicial de la carrera presidencial, ya que los aspirantes deben registrar ante la Registraduría sus fórmulas vicepresidenciales antes del cierre del periodo de inscripción de candidaturas, fijado para mediados de marzo.",0,03/09/2026 19:18,,,Total,1362,0,0,,,0,0,5,4,0,1,0.0,0.0,0.0,0.0,0.0,0.0,0.0,0.0,,,,,,,,,,,,,,,,,,,,,,,,,,,,,,,,,,,,,,,,,,,,,,,,,,,,,,,,,,,,,,,,,,,,,,,,,,,,,,,,,,,,0.03,,,,,,,,,,,,,,,,,,,,,,,,,,,,,,,,,,,,,,,,,,,,,,,,,,,,,,,,,0.0,0.0,0.0,0.0,,,,,,,,,,,,,,,,,,,,,,,,,,,,,,,,,,,,,,,,,,,,,,,,,,,1736924830872348.0,,,https://www.facebook.com/360RadioColombia/posts/pfbid02d4nsDUJvqisqTLM8VvnG6ukSj35srUdfLEbmXR3F8MDKLm1LjNJnFd4SB7bUSVgql,0.0,0.0,Fotos,,,1885.0,22.0,12.0,10.0,,,1885.0,0.0,1362.0,0.0,0.0,0.0,0.0,0.0,0.0,,,,,,,,,
,,100036645439789,360 Radio Colombia,"🗣️ “Avanzaremos hacia una Colombia justa, donde nadie sea invisible y dejemos atrás la pobreza. Agradezco al presidente #Uribe, quien ha sido mi guía y ejemplo en la política”.

@palomavalencial, ganadora de la Gran Consulta por Colombia y candidata presidencial.",60,03/09/2026 19:04,,,Total,130,55,0,733.544,6.491,55,0,6,5,0,1,693.446,40.098,0.0,0.0,2.111,7.378,0.0,0.0,1.0,1.0,0.76,1.0,0.49,0.35,0.25,0.18,0.16,0.15,0.15,0.15,0.15,0.13,0.13,0.13,0.13,0.11,0.11,0.11,0.11,0.11,0.11,0.11,0.09,0.07,0.07,0.07,0.07,0.07,0.07,0.07,0.07,0.07,0.07,0.07,0.07,0.07,0.05,0.05,0.05,1.0,1.0,0.75,0.75,0.88,0.88,0.88,0.88,1.0,1.0,1.0,1.0,1.0,1.0,1.0,1.0,1.0,1.0,1.0,0.75,0.75,0.75,0.75,0.75,0.63,0.5,0.5,0.5,0.5,0.5,0.5,0.5,0.5,0.5,0.5,0.5,0.5,0.5,0.38,0.38,0.38,0.0,0.0,,,,,,,,,,,,,,,,,,,,,,,,,,,,,,,,,,,,,,,,,,,,,,,,,,,,,,,,,0.0,0.0,0.0,0.0,,,,,,,,,,,,,,,,,,,,,,,,,,,,,,,,,,,,,,,,,,,,,,,,,,,1736915504206614.0,"🗣️ “Avanzaremos hacia una Colombia justa, donde nadie sea invisible y dejemos atrás la pobreza. Agradezco al presidente #Uribe, quien ha sido mi guía y ejemplo en la política”.

@palomavalencial, ganadora de la Gran Consulta por Colombia y candidata presidencial.",,https://www.facebook.com/reel/1512679293853581/,1.0,0.0,Vídeos,,,121.0,5.0,5.0,,,,121.0,0.0,130.0,0.0,55.0,0.0,0.0,0.0,0.0,,,,,,,,,
,,100036645439789,360 Radio Colombia,"🥹 El exdirector del DANE, @jdoviedoar, reveló que tuvo que hipotecar su casa para financiar parte de su campaña en la Gran Consulta por Colombia, luego de obtener más de un millón de votos en la jornada electoral. El economista aseguró que su aspiración se sostuvo con recursos limitados y sin el respaldo de grandes maquinarias políticas.

Tras conocerse los resultados del preconteo, Oviedo calificó como positivo el respaldo ciudadano, especialmente en Bogotá, donde concentró una gran parte de su votación. El candidato explicó que gran parte de los gastos de campaña se cubrieron con recursos propios destinados a logística, desplazamientos y funcionamiento del equipo de trabajo.  ￼

El economista también señaló que ahora espera la reposición de votos que entrega el Estado a las campañas según los sufragios obtenidos, mecanismo que podría ayudar a cubrir parte de las obligaciones financieras adquiridas durante la contienda electoral.",0,03/09/2026 16:55,,,Total,2279,0,0,,,0,0,33,26,4,3,0.0,0.0,0.0,0.0,0.0,0.0,0.0,0.0,,,,,,,,,,,,,,,,,,,,,,,,,,,,,,,,,,,,,,,,,,,,,,,,,,,,,,,,,,,,,,,,,,,,,,,,,,,,,,,,,,,,0.06,,,,,,,,,,,,,,,,,,,,,,,,,,,,,,,,,,,,,,,,,,,,,,,,,,,,,,,,,0.0,0.0,0.0,0.0,,,,,,,,,,,,,,,,,,,,,,,,,,,,,,,,,,,,,,,,,,,,,,,,,,,1736846557546842.0,,,https://www.facebook.com/360RadioColombia/posts/pfbid02WjWzqu8rjZ2BhUwhPJLBiZ918wnFHD272RnqmCnK4KZWzqS8RLDp2Tn4XCtN53axl,0.0,0.0,Fotos,,,3370.0,68.0,47.0,21.0,,,3370.0,0.0,2279.0,0.0,0.0,0.0,0.0,0.0,0.0,,,,,,,,,
,,100036645439789,360 Radio Colombia,"🟢 El venezolano Rafael Dudamel tiene todo listo para asumir nuevamente como director técnico del Deportivo Cali, tras llegar a un acuerdo con la dirigencia del club para reemplazar a Alberto Gamero, quien renunció la semana pasada debido a los malos resultados del equipo.  ￼

La negociación no fue sencilla. Los directivos también evaluaron otras opciones, como el argentino Javier Gandolfi y el uruguayo Pablo Peirano, e incluso con Gandolfi ya había avances contractuales; sin embargo, el club priorizó el regreso de Dudamel por su conocimiento del equipo y por haber sido campeón con los ‘azucareros’ en 2021.  ￼

Tras varias conversaciones con el entrenador y su representante, se logró un acuerdo luego de ajustar las condiciones económicas. El estratega iniciará un nuevo ciclo con el conjunto verdiblanco esta misma semana, con el objetivo de encaminar al equipo y repetir el éxito que alcanzó en su primera etapa al frente del club.",0,03/09/2026 16:47,,,Total,276,0,0,,,0,0,4,2,0,2,0.0,0.0,0.0,0.0,0.0,0.0,0.0,0.0,,,,,,,,,,,,,,,,,,,,,,,,,,,,,,,,,,,,,,,,,,,,,,,,,,,,,,,,,,,,,,,,,,,,,,,,,,,,,,,,,,,,0.0,,,,,,,,,,,,,,,,,,,,,,,,,,,,,,,,,,,,,,,,,,,,,,,,,,,,,,,,,0.0,0.0,0.0,0.0,,,,,,,,,,,,,,,,,,,,,,,,,,,,,,,,,,,,,,,,,,,,,,,,,,,1736842820880549.0,,,https://www.facebook.com/360RadioColombia/posts/pfbid02KD3ShNQNBfHXdZGb5NJnvHQLHYmfwUBsj8oNBeM1KotiQfc1HGJ5UfrGah2r7aVJl,0.0,0.0,Fotos,,,352.0,1.0,1.0,,,,352.0,0.0,276.0,0.0,0.0,0.0,0.0,0.0,0.0,,,,,,,,,
,,100036645439789,360 Radio Colombia,"🇨🇴 La Bolsa de Valores de Colombia inició la jornada con un leve avance tras conocerse los resultados de las elecciones y la reacción favorable de los mercados. El índice MSCI Colcap registró un aumento cercano a 0,19%, ubicándose alrededor de los 2.179 puntos en un contexto de calma política y expectativas positivas entre inversionistas.  ￼

Analistas del mercado señalan que el comportamiento responde a la percepción de equilibrio entre distintas fuerzas políticas y a una mayor participación electoral, factores que generan confianza en el entorno económico y empresarial del país. Esta lectura ha impulsado una reacción moderadamente positiva en los activos financieros locales.  ￼

Entre las acciones con mejor desempeño destacan Preferencial Davivienda, que sube cerca de 5,77%, seguida por Banco de Bogotá con 4,4% y Preferencial Grupo Argos con 3,37%. También registran avances Ecopetrol, Grupo Éxito y Preferencial Grupo Sura, reflejando un comportamiento mayoritariamente favorable en varios sectores del mercado accionario colombiano.",0,03/09/2026 16:43,,,Total,155,0,0,,,0,0,3,1,0,2,0.0,0.0,0.0,0.0,0.0,0.0,0.0,0.0,,,,,,,,,,,,,,,,,,,,,,,,,,,,,,,,,,,,,,,,,,,,,,,,,,,,,,,,,,,,,,,,,,,,,,,,,,,,,,,,,,,,0.0,,,,,,,,,,,,,,,,,,,,,,,,,,,,,,,,,,,,,,,,,,,,,,,,,,,,,,,,,0.0,0.0,0.0,0.0,,,,,,,,,,,,,,,,,,,,,,,,,,,,,,,,,,,,,,,,,,,,,,,,,,,1736840987547399.0,,,https://www.facebook.com/360RadioColombia/posts/pfbid02DXEBC5TtfqK1whBmN8LVKhasD1t2BVm7VYg9r9LkqvvRPwfv27tYQjp3F2VYavRml,0.0,0.0,Fotos,,,223.0,2.0,2.0,,,,223.0,0.0,155.0,0.0,0.0,0.0,0.0,0.0,0.0,,,,,,,,,
,,100036645439789,360 Radio Colombia,"🗳️ Mapa político de la Cámara de Representantes en Colombia

Así quedaron los departamentos del país según el partido o coalición que obtuvo la mayor votación a la Cámara en las elecciones.

📊 En la infografía puede ver qué fuerza política se impuso en cada departamento.",0,03/09/2026 16:23,,,Total,1779,0,0,,,0,0,12,9,1,2,0.0,0.0,0.0,0.0,0.0,0.0,0.0,0.0,,,,,,,,,,,,,,,,,,,,,,,,,,,,,,,,,,,,,,,,,,,,,,,,,,,,,,,,,,,,,,,,,,,,,,,,,,,,,,,,,,,,0.05,,,,,,,,,,,,,,,,,,,,,,,,,,,,,,,,,,,,,,,,,,,,,,,,,,,,,,,,,0.0,0.0,0.0,0.0,,,,,,,,,,,,,,,,,,,,,,,,,,,,,,,,,,,,,,,,,,,,,,,,,,,1736830950881736.0,,,https://www.facebook.com/360RadioColombia/posts/pfbid0whD1LTANo4D57NozGnpufbF1DakZmn996NexoJo7DaW3LvJNgbuKifeBmBbLNh8ql,0.0,0.0,Fotos,,,2802.0,123.0,29.0,94.0,,,2802.0,0.0,1779.0,0.0,0.0,0.0,0.0,0.0,0.0,,,,,,,,,
,,100036645439789,360 Radio Colombia,Tu reel,99,03/09/2026 16:20,,,Total,193,94,8,1787.13,11.455,91,8,8,6,1,1,1527.636,259.494,0.0,0.0,14.417,11.07,0.0,0.0,0.97,0.68,0.44,0.96,0.33,0.27,0.24,0.21,0.21,0.21,0.21,0.21,0.2,0.19,0.18,0.17,0.17,0.15,0.14,0.12,0.11,0.11,0.11,0.09,0.09,0.09,0.09,0.07,0.07,0.07,0.05,0.07,0.06,0.07,0.05,0.05,0.04,0.04,0.04,0.04,0.03,0.91,0.87,0.52,0.57,0.65,0.7,0.74,0.78,0.96,0.83,0.87,0.87,0.87,0.87,1.0,1.0,1.0,1.0,1.0,0.48,0.43,0.43,0.43,0.35,0.35,0.35,0.35,0.3,0.3,0.3,0.22,0.3,0.26,0.3,0.22,0.22,0.17,0.17,0.17,0.17,0.13,0.0,0.0,,,,,,,,,,,,,,,,,,,,,,,,,,,,,,,,,,,,,,,,,,,,,,,,,,,,,,,,,0.0,0.0,0.0,0.0,,,,,,,,,,,,,,,,,,,,,,,,,,,,,,,,,,,,,,,,,,,,,,,,,,,1736829647548533.0,,,https://www.facebook.com/reel/2400716830430396/,1.0,0.0,Vídeos,,,178.0,19.0,19.0,,,,178.0,0.0,193.0,0.0,94.0,0.0,0.0,0.0,0.0,,,,,,,,,
,,100036645439789,360 Radio Colombia,"😱 Absolutamente increíble. En la final del Campeonato Mineiro, entre #Cruzeiro y #AtleticoMineiro, todo se salió de control y los jugadores terminaron dándose golpes.

Hubo 23 expulsados, entre ellos, el colombiano Mateo Casierra de Cruzeiro.",11,03/09/2026 16:07,,,Total,202,101,0,1912.148,9.755,100,0,1,1,0,0,1519.329,392.819,0.0,0.0,8.54,10.129,0.0,0.0,1.0,1.0,1.0,1.0,0.92,0.85,0.78,0.75,0.73,0.69,0.68,0.66,0.63,,,,,,,,,,,,,,,,,,,,,,,,,,,,,1.0,1.0,,,,,,,1.0,0.98,1.0,1.0,1.0,1.0,1.0,1.0,1.0,1.0,1.0,,,,,,,,,,,,,,,,,,,,,,,0.0,0.0,16.0,24.0,5.0,14.0,12.0,6.0,11.0,3.0,3.0,,3.0,1.0,82.0,3.0,2.0,4.0,2.0,,3.0,,,,1.0,,2.0,,,,1.0,,,,,,,,,,,,,,,,,,,,,,,,,,,,0.0,0.0,0.0,0.0,,,,,,,,,,,,,,,,,,,,,,,,,,,1.0,,,,,,,,,,,,,,,,,,,,,,,,1736823647549133.0,"😱 Absolutamente increíble. En la final del Campeonato Mineiro, entre #Cruzeiro y #AtleticoMineiro, todo se salió de control y los jugadores terminaron dándose golpes.

Hubo 23 expulsados, entre ellos, el colombiano Mateo Casierra de Cruzeiro.",,https://www.facebook.com/reel/1591728152134515/,1.0,0.0,Vídeos,,,319.0,3.0,3.0,,,,319.0,0.0,202.0,0.0,101.0,0.0,0.0,0.0,0.0,,,,,,,,,
,,100036645439789,360 Radio Colombia,"🎺 ¡Hasta siempre, Willie Colón! Este lunes la música latina rindió un emotivo tributo al icónico salsero. En su honor se realizó una misa fúnebre abierta al público en la histórica Catedral de San Patricio, ubicada en Manhattan, Nueva York.",135,03/09/2026 15:56,,,Total,130,47,1,945.673,8.368,47,1,5,4,1,0,802.872,142.801,0.0,0.0,5.101,9.446,0.0,0.0,0.98,0.53,0.45,1.0,0.38,0.3,0.26,0.21,0.19,0.17,0.17,0.15,0.15,0.15,0.11,0.04,0.02,0.02,0.02,0.02,0.02,0.02,0.02,0.02,0.02,0.02,0.02,0.02,0.02,0.02,0.02,0.02,0.02,0.02,0.02,0.02,0.02,0.02,0.02,0.02,0.02,1.0,0.39,0.06,0.06,0.06,0.11,0.28,0.39,1.0,0.39,0.44,0.44,0.5,0.56,0.67,0.78,1.0,1.0,1.0,0.06,0.06,0.06,0.06,0.06,0.06,0.06,0.06,0.06,0.06,0.06,0.06,0.06,0.06,0.06,0.06,0.06,0.06,0.06,0.06,0.06,0.06,0.0,0.0,,,,,,,,,,,,,,,,,,,,,,,,,,,,,,,,,,,,,,,,,,,,,,,,,,,,,,,,,0.0,0.0,0.0,0.0,,,,,,,,,,,,,,,,,,,,,,,,,,,,,,,,,,,,,,,,,,,,,,,,,,,1736818364216328.0,"🎺 ¡Hasta siempre, Willie Colón! Este lunes la música latina rindió un emotivo tributo al icónico salsero. En su honor se realizó una misa fúnebre abierta al público en la histórica Catedral de San Patricio, ubicada en Manhattan, Nueva York.",,https://www.facebook.com/reel/1636960534099674/,1.0,0.0,Vídeos,,,122.0,3.0,3.0,,,,122.0,0.0,130.0,0.0,47.0,0.0,0.0,0.0,0.0,,,,,,,,,
,,100036645439789,360 Radio Colombia,"🗳️ Mapa político del Senado en Colombia

Así quedaron los departamentos del país según el partido o coalición que obtuvo la mayor votación al Senado en las elecciones.

El Pacto Histórico lidera en varias regiones, mientras que partidos como Centro Democrático, Liberal, Conservador y La U también consolidan bastiones clave en el territorio nacional.

📊 En la infografía puede ver qué fuerza política se impuso en cada departamento.",0,03/09/2026 13:46,,,Total,8326,0,0,,,0,0,28,17,8,3,0.0,0.0,0.0,0.0,0.0,0.0,0.0,0.0,,,,,,,,,,,,,,,,,,,,,,,,,,,,,,,,,,,,,,,,,,,,,,,,,,,,,,,,,,,,,,,,,,,,,,,,,,,,,,,,,,,,0.19,,,,,,,,,,,,,,,,,,,,,,,,,,,,,,,,,,,,,,,,,,,,,,,,,,,,,,,,,0.0,0.0,0.0,0.0,,,,,,,,,,,,,,,,,,,,,,,,,,,,,,,,,,,,,,,,,,,,,,,,,,,1736758050889026.0,,,https://www.facebook.com/360RadioColombia/posts/pfbid036rWmDD3mt97QzqaHRR8cNjHMSvPE1fkLaX4SMqRoYDJp89PizngS5cG5GCcTKTK9l,0.0,0.0,Fotos,,,12650.0,405.0,158.0,247.0,,,12650.0,0.0,8326.0,0.0,0.0,0.0,0.0,1.0,1.0,1.0,1.0,,,,,,,
,,100036645439789,360 Radio Colombia,#Entretenimiento | El rock mundial está de luto tras el fallecimiento de Country Joe McDonald a los 84 años en Berkeley.,0,03/09/2026 12:53,,,Total,156,0,0,,,0,0,0,0,0,0,0.0,0.0,0.0,0.0,0.0,0.0,0.0,0.0,,,,,,,,,,,,,,,,,,,,,,,,,,,,,,,,,,,,,,,,,,,,,,,,,,,,,,,,,,,,,,,,,,,,,,,,,,,,,,,,,,,,0.0,,,,,,,,,,,,,,,,,,,,,,,,,,,,,,,,,,,,,,,,,,,,,,,,,,,,,,,,,0.0,0.0,0.0,0.0,,,,,,,,,,,,,,,,,,,,,,,,,,,,,,,,,,,,,,,,,,,,,,,,,,,1736732197558278.0,,,https://www.facebook.com/360RadioColombia/posts/pfbid02gQ6MLxYvDWXEHmm5ViVsEZpE1HYkxVix3PrB8VvRCmHzU4CmJ3pk3qivjAbJhke3l,0.0,0.0,Enlaces,,,229.0,0.0,,,,,229.0,0.0,156.0,0.0,0.0,0.0,0.0,0.0,0.0,,,,,,,,,
,,100036645439789,360 Radio Colombia,Tu reel,57,03/09/2026 11:22,,,Total,193,89,0,1632.033,9.831,87,0,5,5,0,0,1489.474,142.559,0.0,0.0,6.789,10.273,0.0,0.0,1.0,1.0,0.9,1.0,0.72,0.6,0.49,0.4,0.34,0.3,0.28,0.28,0.26,0.26,0.24,0.22,0.22,0.22,0.22,0.22,0.22,0.21,0.19,0.19,0.19,0.17,0.17,0.17,0.17,0.17,0.16,0.16,0.16,0.17,0.16,0.16,0.16,0.13,0.13,0.13,0.13,1.0,1.0,0.8,0.8,0.8,0.8,0.84,0.92,1.0,0.92,1.0,1.0,1.0,1.0,1.0,1.0,1.0,1.0,1.0,0.8,0.8,0.76,0.68,0.68,0.68,0.6,0.6,0.6,0.6,0.6,0.56,0.56,0.56,0.6,0.56,0.56,0.56,0.48,0.48,0.48,0.48,0.0,0.0,,,,,,,,,,,,,,,,,,,,,,,,,,,,,,,,,,,,,,,,,,,,,,,,,,,,,,,,,0.0,0.0,0.0,0.0,,,,,,,,,,,,,,,,,,,,,,,,,,,,,,,,,,,,,,,,,,,,,,,,,,,1736683614229803.0,,,https://www.facebook.com/reel/4280335712282764/,1.0,0.0,Vídeos,,,179.0,7.0,7.0,,,,179.0,0.0,193.0,0.0,89.0,0.0,0.0,0.0,0.0,,,,,,,,,
,,100036645439789,360 Radio Colombia,"🇨🇴 Juan Carlos Pinzón informó que se retirará de la vida pública luego de conocerse los resultados de la Gran Consulta, señalando que el país decidió tomar rumbos distintos y adoptar otras visiones sobre el futuro.",104,03/09/2026 10:09,,,Total,425,224,31,5708.502,16.125,222,31,16,11,4,1,5152.726,555.776,0.0,0.0,10.106,17.234,0.0,0.0,1.0,0.79,0.58,1.0,0.45,0.38,0.34,0.31,0.27,0.25,0.23,0.21,0.19,0.19,0.19,0.18,0.17,0.16,0.16,0.15,0.15,0.15,0.14,0.14,0.13,0.13,0.13,0.13,0.13,0.13,0.12,0.12,0.12,0.12,0.12,0.12,0.12,0.12,0.11,0.11,0.1,0.99,0.59,0.45,0.46,0.5,0.51,0.54,0.55,1.0,0.55,0.67,0.71,0.78,0.88,0.97,1.0,1.0,1.0,1.0,0.44,0.44,0.44,0.41,0.4,0.38,0.38,0.38,0.38,0.38,0.37,0.35,0.35,0.35,0.35,0.35,0.35,0.33,0.33,0.31,0.31,0.28,0.0,0.0,28.0,30.0,33.0,31.0,27.0,25.0,20.0,16.0,8.0,3.0,,1.0,210.0,7.0,3.0,1.0,1.0,1.0,,,,,,,,,,,,,,1.0,,,,,,,,,,,,,,,,,,,,,,,,,0.0,0.0,0.0,0.0,,,,,,,,,,,,,,,,,,,,,,,,,,,,,,,,,,,,,,,,,,,,,,,,,,,1736643080900523.0,"🇨🇴 Juan Carlos Pinzón informó que se retirará de la vida pública luego de conocerse los resultados de la Gran Consulta, señalando que el país decidió tomar rumbos distintos y adoptar otras visiones sobre el futuro.",,https://www.facebook.com/reel/1463174835197611/,1.0,0.0,Vídeos,,,384.0,35.0,35.0,,,,383.0,0.0,425.0,0.0,224.0,0.0,0.0,0.0,0.0,,,,,,,,,
,,100036645439789,360 Radio Colombia,"🤔🇨🇴 ¿Qué esperan los ciudadanos después de las elecciones del pasado 8 de marzo, que quieren para #Colombia? Esto opinaron.",163,03/09/2026 09:49,,,Total,232,135,11,2930.833,13.568,130,11,7,5,0,2,1755.082,1172.259,3.492,0.0,11.382,15.671,3.492,0.0,0.91,0.58,0.4,1.0,0.28,0.22,0.15,0.13,0.13,0.12,0.1,0.09,0.08,0.08,0.08,0.07,0.07,0.07,0.06,0.06,0.06,0.06,0.06,0.06,0.05,0.05,0.05,0.05,0.04,0.04,0.04,0.04,0.04,0.04,0.03,0.03,0.03,0.03,0.03,0.02,0.02,1.0,0.26,0.17,0.2,0.22,0.22,0.24,0.24,1.0,0.24,0.3,0.35,0.37,0.39,0.43,0.65,0.83,1.0,1.0,0.17,0.17,0.17,0.17,0.17,0.15,0.15,0.15,0.13,0.13,0.13,0.11,0.11,0.11,0.13,0.09,0.09,0.09,0.09,0.09,0.07,0.07,0.0,0.01,22.0,24.0,18.0,21.0,7.0,16.0,6.0,8.0,6.0,4.0,,,122.0,9.0,2.0,,,2.0,,,,,,,,,,,,,,,,,,,,,,,,,,,,,,,,,,,,,,,0.0,0.0,0.0,0.0,,,,,,,,,,,,,,,,,,,,,,,,,,,,,,,,,,,,,,,,,,,,,,,,,,,1736631384235026.0,"🤔🇨🇴 ¿Qué esperan los ciudadanos después de las elecciones del pasado 8 de marzo, que quieren para #Colombia? Esto opinaron.",,https://www.facebook.com/reel/1614647939987168/,1.0,0.0,Vídeos,,,228.0,9.0,9.0,,,,228.0,0.0,232.0,0.0,135.0,0.0,0.0,0.0,0.0,,,,,,,,,
,,100036645439789,360 Radio Colombia,"🗣️ “Solo puedo decir gracias. Logramos desde la Cámara de Representantes ser el congresista más votado de Colombia en toda la elección. Más de 260.000 votos en Bogotá”.

@danielbricen Representante a la Cámara por #Bogotá del @cedemocratico.",68,03/09/2026 06:21,,,Total,1063,524,27,10249.762,9.99,511,27,45,40,3,2,2470.575,7769.926,9.261,0.0,9.25,13.355,9.261,0.0,1.0,0.96,0.82,1.0,0.64,0.56,0.46,0.42,0.4,0.38,0.36,0.34,0.33,0.3,0.27,0.25,0.22,0.21,0.19,0.19,0.18,0.16,0.14,0.13,0.12,0.12,0.11,0.11,0.1,0.08,0.06,0.07,0.06,0.08,0.06,0.05,0.05,0.05,0.05,0.04,0.03,1.0,0.89,0.5,0.55,0.57,0.64,0.69,0.78,1.0,0.86,0.93,1.0,1.0,1.0,1.0,1.0,1.0,1.0,1.0,0.49,0.47,0.41,0.37,0.33,0.32,0.31,0.28,0.27,0.25,0.21,0.16,0.18,0.16,0.2,0.14,0.14,0.13,0.12,0.12,0.09,0.08,0.0,0.0,71.0,70.0,51.0,76.0,75.0,36.0,46.0,30.0,23.0,20.0,4.0,11.0,474.0,16.0,7.0,3.0,5.0,11.0,,,,1.0,,,,,1.0,1.0,,,,,,1.0,,,,,,,,,,1.0,,,,,,,,,,,,,0.0,0.0,0.0,0.0,1.0,,,1.0,,,,,,,,,,,1.0,,,,,,,,,,,,,,,,,,,,,,,,,,,,,,,,,,,,1736495827581915.0,"🗣️ “Solo puedo decir gracias. Logramos desde la Cámara de Representantes ser el congresista más votado de Colombia en toda la elección. Más de 260.000 votos en Bogotá”.

@danielbricen Representante a la Cámara por #Bogotá del @cedemocratico.",,https://www.facebook.com/reel/1342117381266987/,1.0,0.0,Vídeos,,,1074.0,12.0,12.0,,,,1074.0,0.0,1063.0,0.0,524.0,0.0,0.0,0.0,0.0,,,,,,,,,
,,100036645439789,360 Radio Colombia,"🇨🇴 Así quedó conformado el Senado de la República. Los tres partidos que más curules tienen son:

@pactohistorico 25 curules
@cedemocratico 17 curules
@partidoliberal_ 13 curules",0,03/08/2026 20:23,,,Total,1725,0,0,,,0,0,21,15,3,3,0.0,0.0,0.0,0.0,0.0,0.0,0.0,0.0,,,,,,,,,,,,,,,,,,,,,,,,,,,,,,,,,,,,,,,,,,,,,,,,,,,,,,,,,,,,,,,,,,,,,,,,,,,,,,,,,,,,0.04,,,,,,,,,,,,,,,,,,,,,,,,,,,,,,,,,,,,,,,,,,,,,,,,,,,,,,,,,0.0,0.0,0.0,0.0,,,,,,,,,,,,,,,,,,,,,,,,,,,,,,,,,,,,,,,,,,,,,,,,,,,1736146634283501.0,,,https://www.facebook.com/360RadioColombia/posts/pfbid028s9jWt1EouCCApxp8rptTWsnhXjJWwBjHijnZJjXeNvESi9RjL36E24ZoR8bsrhol,0.0,0.0,Fotos,,,2772.0,234.0,64.0,170.0,,,2772.0,0.0,1725.0,0.0,0.0,0.0,0.0,1.0,1.0,,,1.0,1.0,,,,,
,,100036645439789,360 Radio Colombia,"👀 @nadiablel, @lidiogarcia y @jphernandezelbukelecolombiano fueron los tres Senadores más votados durante la jornada electoral. @normahurtados y Yesid Pulgar completan el top 5. Asi se conformó el top 10 al Senado de la República.",0,03/08/2026 19:55,,,Total,18844,0,0,,,0,0,163,128,24,11,0.0,0.0,0.0,0.0,0.0,0.0,0.0,0.0,,,,,,,,,,,,,,,,,,,,,,,,,,,,,,,,,,,,,,,,,,,,,,,,,,,,,,,,,,,,,,,,,,,,,,,,,,,,,,,,,,,,0.38,,,,,,,,,,,,,,,,,,,,,,,,,,,,,,,,,,,,,,,,,,,,,,,,,,,,,,,,,0.0,0.0,0.0,0.0,,,,,,,,,,,,,,,,,,,,,,,,,,,,,,,,,,,,,,,,,,,,,,,,,,,1736128364285328.0,,,https://www.facebook.com/360RadioColombia/posts/pfbid02FxscgwMamK6q1fsNWdSsq7RYfF6xcdoXLbTTRZrXxXSntK2JDyDbLzT8Ss8qzWF8l,0.0,0.0,Fotos,,,30075.0,3011.0,464.0,2097.0,,450.0,26723.0,3352.0,15683.0,2738.0,0.0,0.0,0.0,1.0,1.0,1.0,1.0,,,,,,,
,,100036645439789,360 Radio Colombia,"👀 Con más de 80% de las mesas informadas escrutadas, este fue el top 5 de las fuerzas políticas en el Senado: 1) Pacto Histórico (22,86%), 2)Centro Democrático (15,69%), 3) Partido Liberal (11,7%), 4) Alianza por Colombia (9,89%) y 5) Partido Conservador (9,6%).",0,03/08/2026 19:04,,,Total,3873,0,0,,,0,0,26,17,3,6,0.0,0.0,0.0,0.0,0.0,0.0,0.0,0.0,,,,,,,,,,,,,,,,,,,,,,,,,,,,,,,,,,,,,,,,,,,,,,,,,,,,,,,,,,,,,,,,,,,,,,,,,,,,,,,,,,,,0.09,,,,,,,,,,,,,,,,,,,,,,,,,,,,,,,,,,,,,,,,,,,,,,,,,,,,,,,,,0.0,0.0,0.0,0.0,,,,,,,,,,,,,,,,,,,,,,,,,,,,,,,,,,,,,,,,,,,,,,,,,,,1736096444288520.0,,,https://www.facebook.com/360RadioColombia/posts/pfbid0h6cPqNTU5DtGwhj581HYEhwE5oo58nmQGFvmoQE3pgzgR87BVsM2snQhZFRUeN1Ll,0.0,0.0,Fotos,,,5609.0,111.0,46.0,65.0,,,5609.0,0.0,3873.0,0.0,0.0,0.0,0.0,0.0,0.0,,,,,,,,,
,,100036645439789,360 Radio Colombia,"🇨🇴 La puja por la Presidencia de la República de Colombia entra en su recta final tras las Consultas Presidenciales de hoy. @ivancepedacastr del @pactooficial; @palomavalencial del @cedemocratico; @claudialopezcl, @sergiofajardovalderrama y @delaespriella_style lideran la lista de candidatos.",0,03/08/2026 18:52,,,Total,7641,0,0,,,0,0,78,44,26,8,0.0,0.0,0.0,0.0,0.0,0.0,0.0,0.0,,,,,,,,,,,,,,,,,,,,,,,,,,,,,,,,,,,,,,,,,,,,,,,,,,,,,,,,,,,,,,,,,,,,,,,,,,,,,,,,,,,,0.19,,,,,,,,,,,,,,,,,,,,,,,,,,,,,,,,,,,,,,,,,,,,,,,,,,,,,,,,,0.0,0.0,0.0,0.0,,,,,,,,,,,,,,,,,,,,,,,,,,,,,,,,,,,,,,,,,,,,,,,,,,,1736089810955850.0,,,https://www.facebook.com/360RadioColombia/posts/pfbid0a2drnZBWySFsq8zLNWpqEaX1NgYXKmAtvGBz4nz11mP6bKkoGHQptiaDaLQzs2QNl,0.0,0.0,Fotos,,,11983.0,491.0,226.0,263.0,,2.0,11983.0,0.0,7641.0,0.0,0.0,0.0,0.0,0.0,0.0,,,,,,,,,
,,100036645439789,360 Radio Colombia,"🕊️ @palomavalencial, candidata presidencial del @cedemocratico al ganar la Gran Consulta, honra la memoria de Miguel Uribe Turbay al recibir los resultados de la jornada electoral de hoy.",73,03/08/2026 18:37,,,Total,384,217,17,4120.903,11.478,212,15,25,20,2,3,3387.054,343.674,390.175,0.0,8.383,11.68,13.935,0.0,0.99,0.91,0.71,0.99,0.56,0.41,0.34,0.29,0.27,0.24,0.22,0.2,0.19,0.17,0.15,0.14,0.14,0.13,0.12,0.12,0.12,0.11,0.11,0.1,0.1,0.1,0.1,0.1,0.1,0.1,0.09,0.09,0.09,0.1,0.09,0.08,0.08,0.08,0.08,0.08,0.07,1.0,0.78,0.49,0.49,0.53,0.55,0.56,0.65,1.0,0.75,0.82,0.91,1.0,1.0,1.0,1.0,1.0,1.0,1.0,0.47,0.47,0.44,0.42,0.4,0.4,0.4,0.38,0.4,0.4,0.38,0.33,0.35,0.35,0.38,0.33,0.31,0.31,0.31,0.29,0.29,0.29,0.0,0.0,25.0,26.0,26.0,23.0,18.0,28.0,24.0,19.0,10.0,13.0,2.0,,207.0,3.0,3.0,1.0,,,,,1.0,,,,1.0,,,,,,,,,,,,,,1.0,,,,,,,,,,,,,,,,,,0.0,0.0,0.0,0.0,,,,,,,,,,,,,,,,,,,,,,,,,,,,,,,,,,,,,,,,,,,,,,,,,,,1736080767623421.0,"🕊️ @palomavalencial, candidata presidencial del @cedemocratico al ganar la Gran Consulta, honra la memoria de Miguel Uribe Turbay al recibir los resultados de la jornada electoral de hoy.",,https://www.facebook.com/reel/1888147961819670/,1.0,0.0,Vídeos,,,396.0,18.0,18.0,,,,394.0,0.0,384.0,0.0,217.0,0.0,0.0,0.0,0.0,,,,,,,,,
,,100036645439789,360 Radio Colombia,"🇨🇴 El partido @cedemocratico lidera la Cámara de Representantes por Antioquia con el 32,73% de los votos. Se han informado el 76,04%.",0,03/08/2026 18:18,,,Total,1641,0,0,,,0,0,28,24,1,3,0.0,0.0,0.0,0.0,0.0,0.0,0.0,0.0,,,,,,,,,,,,,,,,,,,,,,,,,,,,,,,,,,,,,,,,,,,,,,,,,,,,,,,,,,,,,,,,,,,,,,,,,,,,,,,,,,,,0.0,,,,,,,,,,,,,,,,,,,,,,,,,,,,,,,,,,,,,,,,,,,,,,,,,,,,,,,,,0.0,0.0,0.0,0.0,,,,,,,,,,,,,,,,,,,,,,,,,,,,,,,,,,,,,,,,,,,,,,,,,,,1736070090957822.0,,,https://www.facebook.com/360RadioColombia/posts/pfbid02SYR5HXTSLzYA5tiMVuDg6UqfrcAHX46BQXzqRrm3JVNwvR3apwwmL8T8RazPRBiTl,0.0,0.0,Fotos,,,2518.0,186.0,25.0,160.0,,1.0,2518.0,0.0,1641.0,0.0,0.0,0.0,0.0,0.0,0.0,,,,,,,,,
,,100036645439789,360 Radio Colombia,"🥹 Conmovido y acompañado por su madre, doña Nidia, el candidato Juan Daniel Oviedo conoció los resultados de las consultas. Su votación, lo convirtió en una de las grandes sorpresas de la jornada.",50,03/08/2026 17:50,,,Total,914,635,0,12430.967,14.11,635,0,48,41,5,2,11376.467,998.941,55.559,0.0,8.841,14.833,55.559,0.0,1.0,1.0,0.98,1.0,0.9,0.83,0.77,0.69,0.65,0.58,0.55,0.48,0.44,0.4,0.38,0.35,0.31,0.28,0.26,0.24,0.22,0.22,0.2,0.2,0.18,0.17,0.16,0.14,0.13,0.12,0.09,0.1,0.1,0.11,0.09,0.09,0.09,0.08,0.07,0.06,0.06,1.0,1.0,0.61,0.65,0.72,0.81,0.9,0.94,1.0,1.0,1.0,1.0,1.0,1.0,1.0,1.0,1.0,1.0,1.0,0.57,0.53,0.51,0.47,0.46,0.43,0.4,0.38,0.33,0.31,0.29,0.22,0.24,0.23,0.26,0.22,0.21,0.2,0.18,0.16,0.15,0.15,0.0,0.01,60.0,73.0,61.0,82.0,90.0,67.0,62.0,57.0,32.0,30.0,6.0,4.0,587.0,25.0,6.0,1.0,,9.0,,1.0,2.0,,,2.0,,,1.0,,,,,,,,,,,,,,,,,,,,,,,,,,,,,,0.0,0.0,0.0,0.0,,,,,,,,,,,,,1.0,,,,,,,,,,,,,,,,,,,,,,,,,,,,,,,,,,,,,,1736056387625859.0,"🥹 Conmovido y acompañado por su madre, doña Nidia, el candidato Juan Daniel Oviedo conoció los resultados de las consultas. Su votación, lo convirtió en una de las grandes sorpresas de la jornada.",,https://www.facebook.com/reel/25736295812738896/,1.0,0.0,Vídeos,,,966.0,47.0,47.0,,,,963.0,0.0,914.0,0.0,635.0,0.0,0.0,0.0,0.0,,,,,,,,,
,,100036645439789,360 Radio Colombia,"🇨🇴 @roybarreras ganó la Consulta Presidencial, Frente Por La Vida, y es candidato presidencial a Primera Vuelta.",0,03/08/2026 17:33,,,Total,703,0,0,,,0,0,11,8,1,2,0.0,0.0,0.0,0.0,0.0,0.0,0.0,0.0,,,,,,,,,,,,,,,,,,,,,,,,,,,,,,,,,,,,,,,,,,,,,,,,,,,,,,,,,,,,,,,,,,,,,,,,,,,,,,,,,,,,0.01,,,,,,,,,,,,,,,,,,,,,,,,,,,,,,,,,,,,,,,,,,,,,,,,,,,,,,,,,0.0,0.0,0.0,0.0,,,,,,,,,,,,,,,,,,,,,,,,,,,,,,,,,,,,,,,,,,,,,,,,,,,1736048550959976.0,,,https://www.facebook.com/360RadioColombia/posts/pfbid06rBuSHDsoPf8oqANqgiDGcrzxiFjz4ayA6ka41CicmmzoWGvjui1NfnoJL2UptyCl,0.0,0.0,Fotos,,,975.0,9.0,8.0,1.0,,,975.0,0.0,703.0,0.0,0.0,0.0,0.0,0.0,0.0,,,,,,,,,
,,100036645439789,360 Radio Colombia,"#Atención | @cedemocratico lidera la Cámara de Representantes en #Antioquia, con alrededor del 25% de mesas informadas.",0,03/08/2026 16:58,,,Total,1818,0,0,,,0,0,33,29,0,4,0.0,0.0,0.0,0.0,0.0,0.0,0.0,0.0,,,,,,,,,,,,,,,,,,,,,,,,,,,,,,,,,,,,,,,,,,,,,,,,,,,,,,,,,,,,,,,,,,,,,,,,,,,,,,,,,,,,0.04,,,,,,,,,,,,,,,,,,,,,,,,,,,,,,,,,,,,,,,,,,,,,,,,,,,,,,,,,0.0,0.0,0.0,0.0,,,,,,,,,,,,,,,,,,,,,,,,,,,,,,,,,,,,,,,,,,,,,,,,,,,1736031774294987.0,,,https://www.facebook.com/360RadioColombia/posts/pfbid02DHU4xYNHhKceCSvbqRvWPivA6jnhzfzVNyHhuuAZnpZ3o4ViGKnqBpwrHHRbZywol,0.0,0.0,Fotos,,,2950.0,292.0,59.0,232.0,,1.0,2950.0,0.0,1818.0,0.0,0.0,0.0,0.0,0.0,0.0,,,,,,,,,
,,100036645439789,360 Radio Colombia,"#Atención | Con casi el 25% de las mesas informadas, @pactooficial lidera la cantidad de votos de cara al Senado de Colombia.",0,03/08/2026 16:47,,,Total,3900,0,0,,,0,0,44,37,2,5,0.0,0.0,0.0,0.0,0.0,0.0,0.0,0.0,,,,,,,,,,,,,,,,,,,,,,,,,,,,,,,,,,,,,,,,,,,,,,,,,,,,,,,,,,,,,,,,,,,,,,,,,,,,,,,,,,,,0.08,,,,,,,,,,,,,,,,,,,,,,,,,,,,,,,,,,,,,,,,,,,,,,,,,,,,,,,,,0.0,0.0,0.0,0.0,,,,,,,,,,,,,,,,,,,,,,,,,,,,,,,,,,,,,,,,,,,,,,,,,,,1736026770962154.0,,,https://www.facebook.com/360RadioColombia/posts/pfbid0VagWbrVrAbFSMr5WdkG3gepo1Uo3uY9x7qTGnNHbgKwcGYsQqPiJ26y9tAsJmrD9l,0.0,0.0,Fotos,,,5954.0,473.0,150.0,322.0,,1.0,5954.0,0.0,3900.0,0.0,0.0,0.0,0.0,0.0,0.0,,,,,,,,,
,,100036645439789,360 Radio Colombia,"🇨🇴 En llamada telefónica con @mauriciocard_, @palomavalencial hizo su primer pronunciamiento público tras ganar la Gran Consulta por Colombia.",164,03/08/2026 16:44,,,Total,365,186,11,3445.111,11.638,184,11,10,8,0,2,3311.562,133.549,0.0,0.0,4.047,12.592,0.0,0.0,0.88,0.47,0.3,0.99,0.24,0.18,0.16,0.13,0.09,0.09,0.08,0.08,0.07,0.06,0.06,0.06,0.06,0.05,0.05,0.04,0.04,0.04,0.04,0.04,0.04,0.04,0.03,0.03,0.03,0.03,0.02,0.02,0.02,0.03,0.02,0.02,0.02,0.02,0.02,0.02,0.02,1.0,0.31,0.22,0.22,0.24,0.24,0.24,0.24,1.0,0.29,0.31,0.36,0.38,0.53,0.64,0.73,1.0,1.0,1.0,0.18,0.18,0.18,0.18,0.18,0.16,0.16,0.13,0.13,0.13,0.13,0.09,0.09,0.09,0.13,0.09,0.09,0.09,0.09,0.09,0.09,0.07,0.0,0.0,19.0,24.0,13.0,27.0,22.0,20.0,17.0,18.0,9.0,10.0,1.0,1.0,179.0,5.0,,,,1.0,,,,,,1.0,,,,,,,,,,,,,,,,,,,,,,,,,,,,,,,,,0.0,0.0,0.0,0.0,,,,,,,,,,,,,,,,,,,,,,,,,,,,,,,,,,,,,,,,,,,,,,,,,,,1736025457628952.0,"🇨🇴 En llamada telefónica con @mauriciocard_, @palomavalencial hizo su primer pronunciamiento público tras ganar la Gran Consulta por Colombia.",,https://www.facebook.com/reel/1488046899645009/,1.0,0.0,Vídeos,,,324.0,8.0,7.0,,,1.0,324.0,0.0,365.0,0.0,186.0,0.0,0.0,0.0,0.0,,,,,,,,,
,,100036645439789,360 Radio Colombia,Así avanza la elección de la Cámara de Representantes por departamento. Alrededor del 10% de mesas informadas.,0,03/08/2026 16:21,,,Total,4105,0,0,,,0,0,48,36,2,10,0.0,0.0,0.0,0.0,0.0,0.0,0.0,0.0,,,,,,,,,,,,,,,,,,,,,,,,,,,,,,,,,,,,,,,,,,,,,,,,,,,,,,,,,,,,,,,,,,,,,,,,,,,,,,,,,,,,0.13,,,,,,,,,,,,,,,,,,,,,,,,,,,,,,,,,,,,,,,,,,,,,,,,,,,,,,,,,0.0,0.0,0.0,0.0,,,,,,,,,,,,,,,,,,,,,,,,,,,,,,,,,,,,,,,,,,,,,,,,,,,1736014547630043.0,,,https://www.facebook.com/360RadioColombia/posts/pfbid0PCMJwqqBuT1NHxurV1YyFh17U5HhuTKJrNmRao594vMybBVaZABrv7bTTr9v6o3nl,0.0,0.0,Fotos,,,7939.0,1379.0,204.0,1175.0,,,7939.0,0.0,4105.0,0.0,0.0,0.0,0.0,0.0,0.0,,,,,,,,,
,,100036645439789,360 Radio Colombia,"🗣️ “Ganó Paloma y sin restricciones trabajaré para que Colombia tenga, por primera vez, una mujer presidenta. Felicitaciones Paloma Valencia, estoy muy feliz por ti”.

@lunadavid acepta la victoria de @PalomaValenciaL y de adhiere a su campaña política.",77,03/08/2026 16:17,,,Total,331,170,8,2846.495,9.987,167,8,24,16,4,4,2603.204,186.047,57.244,0.0,4.43,10.847,19.082,0.0,0.99,0.9,0.75,0.99,0.61,0.5,0.42,0.34,0.31,0.24,0.19,0.19,0.16,0.14,0.14,0.13,0.12,0.1,0.11,0.08,0.08,0.07,0.06,0.05,0.05,0.05,0.05,0.05,0.05,0.05,0.05,0.05,0.05,0.05,0.05,0.05,0.05,0.05,0.05,0.04,0.04,0.98,0.61,0.31,0.31,0.39,0.41,0.43,0.44,0.98,0.5,0.61,0.74,0.96,1.0,1.0,1.0,0.98,0.98,0.98,0.26,0.26,0.22,0.19,0.17,0.17,0.17,0.17,0.17,0.17,0.15,0.15,0.15,0.15,0.15,0.15,0.15,0.15,0.15,0.15,0.13,0.11,0.0,0.0,23.0,26.0,18.0,22.0,19.0,15.0,18.0,13.0,7.0,6.0,2.0,,158.0,6.0,1.0,,,1.0,,,1.0,,,1.0,,,,,,2.0,,,,,,,,,,,,,,,,,,,,,,,,,,,0.0,0.0,0.0,0.0,,,,,,,,,,,,,,,,,,,,,,,,,,,,,,,,,,,,,,,,,,,,,,,,,,,1736012824296882.0,"🗣️ “Ganó Paloma y sin restricciones trabajaré para que Colombia tenga, por primera vez, una mujer presidenta. Felicitaciones Paloma Valencia, estoy muy feliz por ti”.

@lunadavid acepta la victoria de @PalomaValenciaL y de adhiere a su campaña política.",,https://www.facebook.com/reel/903459245625805/,1.0,0.0,Vídeos,,,306.0,20.0,20.0,,,,306.0,0.0,331.0,0.0,170.0,0.0,0.0,0.0,0.0,,,,,,,,,
,,100036645439789,360 Radio Colombia,"Así avanza la votación de las ganadoras de sus respectivas consultas, @palomavalencial por la Gran Consulta, y @claudialopezcl por la Consulta de las Soluciones, con el 56,7% de las mesas informadas y 22 boletines.",0,03/08/2026 16:06,,,Total,1205,0,0,,,0,0,18,12,1,5,0.0,0.0,0.0,0.0,0.0,0.0,0.0,0.0,,,,,,,,,,,,,,,,,,,,,,,,,,,,,,,,,,,,,,,,,,,,,,,,,,,,,,,,,,,,,,,,,,,,,,,,,,,,,,,,,,,,0.02,,,,,,,,,,,,,,,,,,,,,,,,,,,,,,,,,,,,,,,,,,,,,,,,,,,,,,,,,0.0,0.0,0.0,0.0,,,,,,,,,,,,,,,,,,,,,,,,,,,,,,,,,,,,,,,,,,,,,,,,,,,1736008304297334.0,,,https://www.facebook.com/360RadioColombia/posts/pfbid0jFL2zpN6GoHnKFuaqWojTaCTLk68bJ2r55K9wDE3idx6mbppnYAsUnxV7ibAENJRl,0.0,0.0,Fotos,,,1619.0,32.0,5.0,27.0,,,1619.0,0.0,1205.0,0.0,0.0,0.0,0.0,0.0,0.0,,,,,,,,,
,,100036645439789,360 Radio Colombia,"#Atención | Con el 50,73% de las mesas informadas, así avanza la Consulta Presidencial de izquierda.",0,03/08/2026 15:53,,,Total,883,0,0,,,0,0,9,3,4,2,0.0,0.0,0.0,0.0,0.0,0.0,0.0,0.0,,,,,,,,,,,,,,,,,,,,,,,,,,,,,,,,,,,,,,,,,,,,,,,,,,,,,,,,,,,,,,,,,,,,,,,,,,,,,,,,,,,,0.01,,,,,,,,,,,,,,,,,,,,,,,,,,,,,,,,,,,,,,,,,,,,,,,,,,,,,,,,,0.0,0.0,0.0,0.0,,,,,,,,,,,,,,,,,,,,,,,,,,,,,,,,,,,,,,,,,,,,,,,,,,,1736000917631406.0,,,https://www.facebook.com/360RadioColombia/posts/pfbid02STq4eFQ1CDE2qgEzELDzHF5CYBgUoBef5qf7fFJpY7p39VNRHVXA14AfFgC6g1Dol,0.0,0.0,Fotos,,,1312.0,77.0,21.0,56.0,,,1312.0,0.0,883.0,0.0,0.0,0.0,0.0,0.0,0.0,,,,,,,,,
,,100036645439789,360 Radio Colombia,#ATENCIÓN | @claudialopezcl es la ganadora de la Consulta de las Soluciones y es oficialmente candidata a la Presidencia de Colombia.,0,03/08/2026 15:50,,,Total,901,0,0,,,0,0,14,8,3,3,0.0,0.0,0.0,0.0,0.0,0.0,0.0,0.0,,,,,,,,,,,,,,,,,,,,,,,,,,,,,,,,,,,,,,,,,,,,,,,,,,,,,,,,,,,,,,,,,,,,,,,,,,,,,,,,,,,,0.02,,,,,,,,,,,,,,,,,,,,,,,,,,,,,,,,,,,,,,,,,,,,,,,,,,,,,,,,,0.0,0.0,0.0,0.0,,,,,,,,,,,,,,,,,,,,,,,,,,,,,,,,,,,,,,,,,,,,,,,,,,,1735999227631575.0,,,https://www.facebook.com/360RadioColombia/posts/pfbid02ZY8aQSJBEim9Ygg8vkMhgQbKoiu2qK5ZpaRwtBArHSphvqNHQ3EnpxSoKoYShvYhl,0.0,0.0,Fotos,,,1160.0,10.0,8.0,2.0,,,1160.0,0.0,901.0,0.0,0.0,0.0,0.0,0.0,0.0,,,,,,,,,
,,100036645439789,360 Radio Colombia,"#ÚltimaHora | @PalomaValenciaL es la ganadora de la Gran Consulta por Colombia y es oficialmente candidata a la Presidencia de Colombia, junto al @CeDemocratico.",0,03/08/2026 15:46,,,Total,964,0,0,,,0,0,20,13,1,6,0.0,0.0,0.0,0.0,0.0,0.0,0.0,0.0,,,,,,,,,,,,,,,,,,,,,,,,,,,,,,,,,,,,,,,,,,,,,,,,,,,,,,,,,,,,,,,,,,,,,,,,,,,,,,,,,,,,0.01,,,,,,,,,,,,,,,,,,,,,,,,,,,,,,,,,,,,,,,,,,,,,,,,,,,,,,,,,0.0,0.0,0.0,0.0,,,,,,,,,,,,,,,,,,,,,,,,,,,,,,,,,,,,,,,,,,,,,,,,,,,1735996844298480.0,,,https://www.facebook.com/360RadioColombia/posts/pfbid0eUbCyFsBnHSMzdcyH4DMRdcz55SX1KpLprZwxHn6MUWFnt5Jr8Pc7K9BeVA7ewVxl,0.0,0.0,Fotos,,,1309.0,11.0,3.0,8.0,,,1309.0,0.0,964.0,0.0,0.0,0.0,0.0,0.0,0.0,,,,,,,,,
,,100036645439789,360 Radio Colombia,"#Atención | Con el 43,84% de las mesas informadas, así avanza la Consulta Presidencial de derecha y centro.",0,03/08/2026 15:42,,,Total,2144,0,0,,,0,0,19,12,3,4,0.0,0.0,0.0,0.0,0.0,0.0,0.0,0.0,,,,,,,,,,,,,,,,,,,,,,,,,,,,,,,,,,,,,,,,,,,,,,,,,,,,,,,,,,,,,,,,,,,,,,,,,,,,,,,,,,,,0.05,,,,,,,,,,,,,,,,,,,,,,,,,,,,,,,,,,,,,,,,,,,,,,,,,,,,,,,,,0.0,0.0,0.0,0.0,,,,,,,,,,,,,,,,,,,,,,,,,,,,,,,,,,,,,,,,,,,,,,,,,,,1735995147631983.0,,,https://www.facebook.com/360RadioColombia/posts/pfbid0iNyyXPRzJ3nS8hQwaJzimZDEuugyb7Vt8tPmohtdKrhLvcatQPEWMXZZPjbbFvjpl,0.0,0.0,Fotos,,,3163.0,178.0,31.0,147.0,,,3163.0,0.0,2144.0,0.0,0.0,0.0,0.0,0.0,0.0,,,,,,,,,
,,100036645439789,360 Radio Colombia,"🔴 #Urgente | @palomavalencial se proyecta como la ganadora de la Consulta Presidencial, la Gran Consulta por Colombia. Es la candidata más votada en general de las Consultas Presidenciales.",0,03/08/2026 15:33,,,Total,1468,0,0,,,0,0,40,30,7,3,0.0,0.0,0.0,0.0,0.0,0.0,0.0,0.0,,,,,,,,,,,,,,,,,,,,,,,,,,,,,,,,,,,,,,,,,,,,,,,,,,,,,,,,,,,,,,,,,,,,,,,,,,,,,,,,,,,,0.02,,,,,,,,,,,,,,,,,,,,,,,,,,,,,,,,,,,,,,,,,,,,,,,,,,,,,,,,,0.0,0.0,0.0,0.0,,,,,,,,,,,,,,,,,,,,,,,,,,,,,,,,,,,,,,,,,,,,,,,,,,,1735990824299082.0,,,https://www.facebook.com/360RadioColombia/posts/pfbid02MX3TxopjTNeGx9s9pUNVwuPBfPXqNcZwxm5mCFWFmTgaJPirERsUaQSytHMYKfnul,0.0,0.0,Fotos,,,2013.0,32.0,20.0,12.0,,,2013.0,0.0,1468.0,0.0,0.0,0.0,0.0,0.0,0.0,,,,,,,,,
,,100036645439789,360 Radio Colombia,"🔴 #Atención | Con 15 boletines y el 30% de mesas informadas, así avanzan las Consultas Presidenciales.",0,03/08/2026 15:29,,,Total,2017,0,0,,,0,0,17,11,1,5,0.0,0.0,0.0,0.0,0.0,0.0,0.0,0.0,,,,,,,,,,,,,,,,,,,,,,,,,,,,,,,,,,,,,,,,,,,,,,,,,,,,,,,,,,,,,,,,,,,,,,,,,,,,,,,,,,,,0.05,,,,,,,,,,,,,,,,,,,,,,,,,,,,,,,,,,,,,,,,,,,,,,,,,,,,,,,,,0.0,0.0,0.0,0.0,,,,,,,,,,,,,,,,,,,,,,,,,,,,,,,,,,,,,,,,,,,,,,,,,,,1735989024299262.0,,,https://www.facebook.com/360RadioColombia/posts/pfbid02mcph3X35pRgyPpFqhYNdmGAaW6BmfXv6NyZJywtqntm92JysMThStNZdkop7N3kzl,0.0,0.0,Fotos,,,3258.0,265.0,37.0,228.0,,,3258.0,0.0,2017.0,0.0,0.0,0.0,0.0,0.0,0.0,,,,,,,,,
,,100036645439789,360 Radio Colombia,"🔴 #Atención | Con 13 boletines y el 20,63% de mesas informadas, así avanzan las Consultas Presidenciales.",0,03/08/2026 15:21,,,Total,1700,0,0,,,0,0,12,7,0,5,0.0,0.0,0.0,0.0,0.0,0.0,0.0,0.0,,,,,,,,,,,,,,,,,,,,,,,,,,,,,,,,,,,,,,,,,,,,,,,,,,,,,,,,,,,,,,,,,,,,,,,,,,,,,,,,,,,,0.04,,,,,,,,,,,,,,,,,,,,,,,,,,,,,,,,,,,,,,,,,,,,,,,,,,,,,,,,,0.0,0.0,0.0,0.0,,,,,,,,,,,,,,,,,,,,,,,,,,,,,,,,,,,,,,,,,,,,,,,,,,,1735985647632933.0,,,https://www.facebook.com/360RadioColombia/posts/pfbid0L7FDiERhY9VQcdxNutb7KctXBiFaRW1nPXWC6ovYD1jawRDQK95v7FNS1w5YfYbil,0.0,0.0,Fotos,,,2539.0,173.0,31.0,142.0,,,2539.0,0.0,1700.0,0.0,0.0,0.0,0.0,0.0,0.0,,,,,,,,,
,,100036645439789,360 Radio Colombia,"🔴 #Atención | Con 11 boletines y el 11,98% de mesas informadas, así avanzan las Consultas Presidenciales.",0,03/08/2026 15:12,,,Total,3397,0,0,,,0,0,24,20,0,4,0.0,0.0,0.0,0.0,0.0,0.0,0.0,0.0,,,,,,,,,,,,,,,,,,,,,,,,,,,,,,,,,,,,,,,,,,,,,,,,,,,,,,,,,,,,,,,,,,,,,,,,,,,,,,,,,,,,0.11,,,,,,,,,,,,,,,,,,,,,,,,,,,,,,,,,,,,,,,,,,,,,,,,,,,,,,,,,0.0,0.0,0.0,0.0,,,,,,,,,,,,,,,,,,,,,,,,,,,,,,,,,,,,,,,,,,,,,,,,,,,1735981834299981.0,,,https://www.facebook.com/360RadioColombia/posts/pfbid0bEy5K5ENqv1xMGF4TEo9bbmRqdN9tFuujVh5Y3UzcnGDnChJy8dbSTU6MBG6wcbzl,0.0,0.0,Fotos,,,6079.0,739.0,82.0,657.0,,,6079.0,0.0,3397.0,0.0,0.0,0.0,0.0,0.0,0.0,,,,,,,,,
,,100036645439789,360 Radio Colombia,"🇨🇴 El expresidente @ivanduquemarquez afirmó que el mandatario #GustavoPetro “ha intentado desacreditar el sistema electoral”. Según señaló, desconoce cuál sería la intención, pero advirtió que sembrar dudas sobre el proceso es “un juego muy peligroso” que podría poner en riesgo la democracia del país.",36,03/08/2026 12:37,,,Total,349,219,0,3058.275,9.865,215,0,27,16,6,5,2838.382,219.893,0.0,0.0,8.145,10.03,0.0,0.0,1.0,1.0,1.0,1.0,0.9,0.84,0.76,0.65,0.53,0.48,0.43,0.39,0.36,0.32,0.3,0.27,0.24,0.23,0.22,0.21,0.21,0.2,0.18,0.17,0.16,0.16,0.16,0.16,0.15,0.14,0.13,0.14,0.13,0.14,0.13,0.13,0.13,,,,,1.0,1.0,0.88,0.91,0.95,1.0,1.0,1.0,1.0,1.0,1.0,1.0,1.0,1.0,1.0,1.0,1.0,1.0,1.0,0.84,0.8,0.77,0.7,0.66,0.63,0.63,0.61,0.61,0.59,0.55,0.52,0.55,0.52,0.55,0.5,0.5,0.5,,,,,0.0,0.0,25.0,29.0,25.0,44.0,19.0,15.0,19.0,13.0,9.0,13.0,2.0,1.0,199.0,9.0,2.0,,,3.0,,,2.0,,,,,,,,,1.0,,,,,,,,,,,,,,,,,,3.0,,,,,,,,,0.0,0.0,0.0,0.0,,,,,,,,,,,,,,,,,,,,,,,,,,,,,,,,,,,,,,,,,,,,,,,,,,,1735903717641126.0,"🇨🇴 El expresidente @ivanduquemarquez afirmó que el mandatario #GustavoPetro “ha intentado desacreditar el sistema electoral”. Según señaló, desconoce cuál sería la intención, pero advirtió que sembrar dudas sobre el proceso es “un juego muy peligroso” que podría poner en riesgo la democracia del país.",,https://www.facebook.com/reel/912970484922034/,1.0,0.0,Vídeos,,,340.0,22.0,22.0,,,,339.0,0.0,349.0,0.0,219.0,0.0,0.0,0.0,0.0,,,,,,,,,
,,100036645439789,360 Radio Colombia,"🗣️ “Es inevitable pensar en Miguel Uribe, mi amigo Miguel”: el precandidato @enriquepenalosal acudió a las urnas en la localidad de Chapinero para ejercer su derecho al voto y pidió a las autoridades asegurar que todos los ciudadanos puedan votar con plena libertad.",33,03/08/2026 12:21,,,Total,189,107,0,1150.768,6.769,106,0,7,6,0,1,1025.613,90.628,34.527,0.0,5.665,6.748,17.264,0.0,1.0,1.0,1.0,1.0,0.93,0.81,0.69,0.5,0.45,0.36,0.34,0.28,0.25,0.22,0.21,0.21,0.19,0.14,0.14,0.13,0.1,0.1,0.09,0.09,0.09,0.09,0.08,0.08,0.08,0.08,0.07,0.07,0.07,0.07,0.07,0.07,0.07,,,,,1.0,1.0,0.83,0.83,1.0,1.0,1.0,1.0,1.0,1.0,1.0,1.0,1.0,1.0,1.0,1.0,1.0,1.0,1.0,0.78,0.61,0.61,0.56,0.56,0.56,0.56,0.5,0.5,0.5,0.5,0.44,0.44,0.44,0.44,0.44,0.44,0.39,,,,,0.0,0.0,19.0,16.0,14.0,18.0,10.0,9.0,9.0,5.0,3.0,3.0,,,98.0,5.0,1.0,1.0,,,,,1.0,,,1.0,,,,,,,,,,,,,,,,,,,,,,,,,,,,,,,,,0.0,0.0,0.0,0.0,,,,,,,,,,,,,,,,,,,,,,,,,,,,,,,,,,,,,,,,,,,,,,,,,,,1735895030975328.0,"🗣️ “Es inevitable pensar en Miguel Uribe, mi amigo Miguel”: el precandidato @enriquepenalosal acudió a las urnas en la localidad de Chapinero para ejercer su derecho al voto y pidió a las autoridades asegurar que todos los ciudadanos puedan votar con plena libertad.",,https://www.facebook.com/reel/910319551578772/,1.0,0.0,Vídeos,,,183.0,3.0,3.0,,,,183.0,0.0,189.0,0.0,107.0,0.0,0.0,0.0,0.0,,,,,,,,,
,,100036645439789,360 Radio Colombia,"🇨🇴 Sobre el mediodía de este domingo, 8 de marzo, el candidato presidencial, @delaespriella_style, expuso a través de sus canales digitales que ya ejerció su derecho al voto. Lo hizo en #Barranquilla, acompañado de su pareja.",43,03/08/2026 12:04,,,Total,281,185,0,3023.197,10.077,181,0,23,16,6,1,2015.46,1007.737,0.0,0.0,8.998,10.721,0.0,0.0,0.98,0.98,0.96,0.98,0.75,0.63,0.57,0.49,0.46,0.44,0.42,0.38,0.36,0.32,0.3,0.28,0.26,0.24,0.24,0.24,0.23,0.23,0.22,0.22,0.21,0.21,0.21,0.21,0.2,0.18,0.15,0.16,0.15,0.17,0.15,0.15,0.15,0.15,0.14,0.14,0.14,1.0,1.0,0.8,0.8,0.85,0.91,1.0,1.0,1.0,1.0,1.0,1.0,1.0,1.0,1.0,1.0,1.0,1.0,1.0,0.78,0.76,0.76,0.75,0.75,0.69,0.69,0.69,0.69,0.67,0.62,0.51,0.55,0.51,0.58,0.51,0.49,0.49,0.49,0.47,0.47,0.45,0.0,0.0,20.0,18.0,27.0,30.0,15.0,23.0,13.0,14.0,14.0,7.0,2.0,,159.0,10.0,3.0,1.0,,1.0,1.0,4.0,,,,,2.0,,,,,,,,,1.0,,,,,,,,,,,,,,2.0,,,,,,,,,0.0,0.0,0.0,0.0,,,,,,,,,,,,,1.0,,,,,,,,,,,,,,,,,,,,,,,,,,,,,,,,,,,,,,1735885384309626.0,"🇨🇴 Sobre el mediodía de este domingo, 8 de marzo, el candidato presidencial, @delaespriella_style, expuso a través de sus canales digitales que ya ejerció su derecho al voto. Lo hizo en #Barranquilla, acompañado de su pareja.",,https://www.facebook.com/reel/26676720241933914/,1.0,0.0,Vídeos,,,327.0,16.0,16.0,,,,326.0,0.0,281.0,0.0,185.0,0.0,0.0,0.0,0.0,,,,,,,,,
,,100036645439789,360 Radio Colombia,🇨🇴 “Vamos pa’ adelante”: precandidata @palomavalencial llega a ejercer su derecho al voto en el puesto de votación de la calle 97 con carrera 11 en el norte de Bogotá.,8,03/08/2026 11:48,,,Total,406,259,0,2411.051,6.328,257,0,8,7,0,1,2277.515,133.536,0.0,0.0,4.173,6.526,0.0,0.0,1.0,1.0,1.0,1.0,0.92,0.81,0.69,0.61,0.51,,,,,,,,,,,,,,,,,,,,,,,,,,,,,,,,,1.0,,,,,,,,1.0,,,,0.99,1.0,1.0,1.0,1.0,1.0,1.0,,,,,,,,,,,,,,,,,,,,,,,0.0,0.0,36.0,29.0,32.0,40.0,25.0,35.0,21.0,15.0,13.0,7.0,3.0,1.0,238.0,7.0,3.0,,1.0,3.0,1.0,,2.0,,,,1.0,,1.0,,,,,,,,,,,,,,,,,,,,,2.0,,,,,,,,,0.0,0.0,0.0,0.0,,,,,,,,,,,,,,,,,,,,,,,,,,,,,,,,,,,,,,,,,,,,,,,,,,,1735875977643900.0,🇨🇴 “Vamos pa’ adelante”: precandidata @palomavalencial llega a ejercer su derecho al voto en el puesto de votación de la calle 97 con carrera 11 en el norte de Bogotá.,,https://www.facebook.com/reel/1227968065707995/,1.0,0.0,Vídeos,,,574.0,9.0,9.0,,,,574.0,0.0,406.0,0.0,259.0,0.0,0.0,0.0,0.0,,,,,,,,,
,,100036645439789,360 Radio Colombia,"🇨🇴 A los 53 años, el ministro de Defensa, Pedro Sánchez, participó por primera vez en una jornada electoral al acudir a las urnas para ejercer su derecho al voto.",19,03/08/2026 11:32,,,Total,209,111,0,1346.899,7.36,111,0,10,4,5,1,1223.215,115.533,8.151,0.0,7.703,7.325,8.151,0.0,1.0,1.0,1.0,1.0,0.93,0.88,0.74,0.65,0.56,0.49,0.43,0.35,0.27,0.24,0.23,0.23,0.19,0.16,0.15,0.15,0.15,,,,,,,,,,,,,,,,,,,,,1.0,1.0,0.85,0.9,1.0,1.0,1.0,1.0,1.0,1.0,1.0,1.0,1.0,1.0,1.0,1.0,1.0,1.0,1.0,0.85,0.85,,,,,,,,,,,,,,,,,,,,,0.0,0.0,16.0,16.0,17.0,18.0,15.0,9.0,7.0,4.0,5.0,3.0,,,99.0,9.0,2.0,,,1.0,,,,,,,,,,,,,,,,,,,,,,,,,,,,,,,,,,,,,,,0.0,0.0,0.0,0.0,,,,,,,,,,,,,,,,,,,,,,,,,,,,,,,,,,,,,,,,,,,,,,,,,,,1735866677644830.0,"🇨🇴 A los 53 años, el ministro de Defensa, Pedro Sánchez, participó por primera vez en una jornada electoral al acudir a las urnas para ejercer su derecho al voto.",,https://www.facebook.com/reel/1254313076132857/,1.0,0.0,Vídeos,,,213.0,7.0,7.0,,,,213.0,0.0,209.0,0.0,111.0,0.0,0.0,0.0,0.0,,,,,,,,,
,,100036645439789,360 Radio Colombia,"🥹 En video quedó registrado el momento en el que Amapola, hija de @palomavalencial, acompaña al expresidente @alvarouribevelez a ejercer su derecho al voto.",59,03/08/2026 11:19,,,Total,408,224,0,5946.665,16.657,222,0,24,17,4,3,5526.373,389.956,30.336,0.0,14.999,17.005,5.056,0.0,1.0,1.0,0.91,1.0,0.86,0.79,0.73,0.66,0.62,0.6,0.56,0.54,0.51,0.49,0.46,0.42,0.42,0.39,0.38,0.36,0.34,0.33,0.31,0.29,0.28,0.27,0.26,0.25,0.25,0.25,0.21,0.22,0.21,0.24,0.2,0.2,0.19,0.19,0.18,0.17,0.17,1.0,0.97,0.67,0.7,0.75,0.75,0.83,0.87,1.0,0.9,1.0,1.0,1.0,1.0,1.0,1.0,1.0,1.0,1.0,0.64,0.6,0.59,0.56,0.51,0.49,0.48,0.46,0.45,0.45,0.44,0.37,0.4,0.37,0.43,0.35,0.34,0.34,0.33,0.33,0.31,0.3,0.0,0.0,28.0,29.0,20.0,30.0,26.0,21.0,24.0,17.0,14.0,7.0,2.0,2.0,205.0,11.0,1.0,1.0,,4.0,,,,,,,,,,,,,,,,1.0,,,,,,,,,,,,,,1.0,,,,,,,,,0.0,0.0,0.0,0.0,,,,,,,,,,,,,,,,,,,,,,,,,,,,,,,,,,,,,,,,,,,,,,,,,,,1735858290979002.0,"🥹 En video quedó registrado el momento en el que Amapola, hija de @palomavalencial, acompaña al expresidente @alvarouribevelez a ejercer su derecho al voto.",,https://www.facebook.com/reel/1245238314403789/,1.0,0.0,Vídeos,,,399.0,38.0,37.0,,,1.0,398.0,0.0,408.0,0.0,224.0,0.0,0.0,0.0,0.0,,,,,,,,,
,,100036645439789,360 Radio Colombia,"🇨🇴 Durante la apertura de las urnas, el alcalde mayor de #Bogotá, Carlos Fernando Galán, invitó a la ciudadanía a respetar los resultados de la jornada electoral y a no poner en duda la legitimidad del proceso.

El mandatario también exhortó a los colombianos a participar masivamente en las votaciones, destacando que hacerlo es una forma de rendir homenaje a las mujeres que han sido fundamentales en la construcción de la democracia.",78,03/08/2026 08:34,,,Total,417,295,34,6093.116,13.879,287,34,12,9,1,2,3257.19,2727.989,107.937,0.0,11.913,15.967,17.99,0.0,1.0,0.91,0.73,1.0,0.57,0.48,0.39,0.35,0.3,0.27,0.25,0.24,0.22,0.21,0.19,0.18,0.17,0.16,0.16,0.16,0.15,0.14,0.14,0.14,0.14,0.14,0.13,0.13,0.13,0.12,0.11,0.12,0.12,0.12,0.11,0.11,0.11,0.1,0.09,0.09,0.08,1.0,0.77,0.51,0.52,0.54,0.58,0.62,0.68,1.0,0.71,0.79,0.87,0.97,1.0,1.0,1.0,1.0,1.0,1.0,0.5,0.47,0.46,0.45,0.45,0.45,0.43,0.41,0.4,0.4,0.39,0.35,0.37,0.37,0.39,0.35,0.35,0.35,0.33,0.3,0.28,0.27,0.0,0.0,42.0,41.0,28.0,35.0,34.0,29.0,33.0,16.0,17.0,14.0,1.0,3.0,265.0,18.0,1.0,2.0,1.0,2.0,,,1.0,,,2.0,,,,1.0,,1.0,,,,,,,,,,,,,,,,,,,,,,1.0,,,,,0.0,0.0,0.0,0.0,,,,,,,,,,,,,,,,,,,,,,,,,,,,,,,,,,,,,,,,,,,,,,,,,,,1735754150989416.0,"🇨🇴 Durante la apertura de las urnas, el alcalde mayor de #Bogotá, Carlos Fernando Galán, invitó a la ciudadanía a respetar los resultados de la jornada electoral y a no poner en duda la legitimidad del proceso.

El mandatario también exhortó a los colombianos a participar masivamente en las votaciones, destacando que hacerlo es una forma de rendir homenaje a las mujeres que han sido fundamentales en la construcción de la democracia.",,https://www.facebook.com/reel/800203763133905/,1.0,0.0,Vídeos,,,467.0,4.0,4.0,,,,467.0,0.0,417.0,0.0,295.0,0.0,0.0,1.0,1.0,,,,,,,,,
,,100036645439789,360 Radio Colombia,"🇨🇴 El expresidente y actual candidato al Senado, @alvarouribevelez, acudió a las urnas acompañado por la candidata @palomavalencial y su hija Amapola.

Durante su participación en la jornada, también expresó su agradecimiento al personal que hace posible el desarrollo de las elecciones, destacando su labor en favor de la democracia.",60,03/08/2026 07:57,,,Total,495,305,0,7610.499,16.158,302,0,30,22,6,2,6037.568,1292.756,280.175,0.0,11.242,17.501,25.471,0.0,0.99,0.99,0.91,0.99,0.81,0.72,0.68,0.59,0.55,0.52,0.5,0.47,0.45,0.43,0.41,0.41,0.4,0.38,0.36,0.36,0.35,0.34,0.34,0.31,0.29,0.27,0.26,0.25,0.23,0.2,0.17,0.17,0.17,0.18,0.16,0.15,0.15,0.14,0.14,0.14,0.14,1.0,0.95,0.73,0.77,0.81,0.82,0.83,0.87,1.0,0.9,1.0,1.0,1.0,1.0,1.0,1.0,1.0,1.0,1.0,0.73,0.71,0.7,0.69,0.63,0.59,0.55,0.52,0.51,0.46,0.41,0.33,0.35,0.34,0.37,0.32,0.31,0.29,0.29,0.28,0.28,0.28,0.0,0.0,45.0,46.0,33.0,41.0,23.0,29.0,25.0,20.0,20.0,13.0,2.0,6.0,283.0,9.0,,,1.0,3.0,,,1.0,,,1.0,,,,1.0,,2.0,,,,,,,,1.0,,,1.0,,,,,,,1.0,,,,,,,,,0.0,0.0,0.0,0.0,,,,,,,,,,,,,1.0,,,,,,,,,,,,,,,,,,,,,,,,,,,,,,,,,,,,,,1735728427658655.0,"🇨🇴 El expresidente y actual candidato al Senado, @alvarouribevelez, acudió a las urnas acompañado por la candidata @palomavalencial y su hija Amapola.

Durante su participación en la jornada, también expresó su agradecimiento al personal que hace posible el desarrollo de las elecciones, destacando su labor en favor de la democracia.",,https://www.facebook.com/reel/1404752831428838/,1.0,0.0,Vídeos,,,531.0,33.0,33.0,,,,527.0,0.0,495.0,0.0,305.0,0.0,0.0,0.0,0.0,,,,,,,,,
,,100036645439789,360 Radio Colombia,"🇨🇴 A esta hora, el presidente #GustavoPetro se encuentra en el Congreso de la República participando en la jornada electoral, donde ejerce su derecho al voto acompañado por su esposa, Verónica Alcocer.",17,03/08/2026 07:41,,,Total,287,176,0,2319.85,8.922,172,0,19,8,11,0,1679.987,639.863,0.0,0.0,6.037,10.91,0.0,0.0,1.0,1.0,1.0,1.0,0.97,0.9,0.81,0.75,0.66,0.6,0.51,0.47,0.43,0.38,0.36,0.31,0.29,0.28,0.28,0.28,0.28,,,,,,,,,,,,,,,,,,,,,1.0,1.0,1.0,1.0,1.0,1.0,1.0,1.0,1.0,1.0,1.0,1.0,1.0,1.0,1.0,1.0,1.0,1.0,1.0,1.0,0.98,,,,,,,,,,,,,,,,,,,,,0.0,0.0,20.0,26.0,25.0,25.0,15.0,17.0,8.0,16.0,12.0,7.0,1.0,1.0,151.0,10.0,,2.0,,4.0,,,,1.0,,,,,2.0,1.0,,,,1.0,,,,,,,,,,,,,,,,3.0,,,,,,,,,0.0,0.0,0.0,0.0,,,,,,,,,,,,,,1.0,,,,,,,,,,,,,,,,,,,,,,,,,,,,,,,,,,,,,1735716530993178.0,"🇨🇴 A esta hora, el presidente #GustavoPetro se encuentra en el Congreso de la República participando en la jornada electoral, donde ejerce su derecho al voto acompañado por su esposa, Verónica Alcocer.",,https://www.facebook.com/reel/1772308647488843/,1.0,0.0,Vídeos,,,328.0,28.0,28.0,,,,328.0,0.0,287.0,0.0,176.0,0.0,0.0,0.0,0.0,,,,,,,,,
,,100036645439789,360 Radio Colombia,"🇨🇴 El expresidente y actual candidato al Senado, @alvarouribevelez, expone las razones por las cuales hace oposición al Gobierno Petro.",135,03/07/2026 20:23,,,Total,229,119,18,3927.942,19.445,118,18,24,16,7,1,3393.669,534.273,0.0,0.0,28.12,18.545,0.0,0.0,0.94,0.71,0.56,0.99,0.46,0.43,0.4,0.34,0.3,0.29,0.28,0.24,0.2,0.19,0.17,0.17,0.16,0.15,0.15,0.13,0.13,0.13,0.13,0.13,0.13,0.13,0.13,0.12,0.12,0.12,0.1,0.11,0.1,0.11,0.1,0.1,0.1,0.09,0.09,0.09,0.08,1.0,0.51,0.33,0.33,0.35,0.36,0.36,0.42,1.0,0.44,0.6,0.64,0.65,0.73,0.85,0.93,1.0,1.0,1.0,0.29,0.29,0.29,0.29,0.27,0.29,0.29,0.27,0.25,0.25,0.25,0.22,0.24,0.22,0.24,0.22,0.22,0.2,0.18,0.18,0.18,0.16,0.0,0.0,18.0,16.0,13.0,17.0,15.0,9.0,14.0,4.0,11.0,2.0,,,111.0,2.0,,,,1.0,,1.0,,,,,,,,1.0,,,,,,,,,,,1.0,,,,,,,,,1.0,,,,,,,,,0.0,0.0,0.0,0.0,,,,,,1.0,,,,,,,,,,,,,,,,,,,,,,,,,,,,,,,,,,,,,,,,,,,,,1735328551031976.0,"🇨🇴 El expresidente y actual candidato al Senado, @alvarouribevelez, expone las razones por las cuales hace oposición al Gobierno Petro.",,https://www.facebook.com/reel/2211322806071873/,1.0,0.0,Vídeos,,,214.0,22.0,22.0,,,,214.0,0.0,229.0,0.0,119.0,0.0,0.0,1.0,1.0,,,,,,,,,
,,100036645439789,360 Radio Colombia,🎶 Esta es la nueva canción de #Shakira y #Beele: Algo como tú.,79,03/07/2026 19:06,,,Total,58,19,0,218.139,3.895,19,0,0,0,0,0,127.298,90.841,0.0,0.0,4.326,3.638,0.0,0.0,1.0,0.89,0.42,1.0,0.26,0.21,0.21,0.21,0.21,0.21,0.16,0.05,0.0,0.0,0.0,0.0,0.0,0.0,0.0,0.0,0.0,0.0,0.0,0.0,0.0,0.0,0.0,0.0,0.0,0.0,0.0,0.0,0.0,0.0,0.0,0.0,0.0,0.0,0.0,0.0,0.0,1.0,0.25,0.0,0.0,0.0,0.0,0.0,0.0,1.0,0.0,0.75,1.0,1.0,1.0,1.0,1.0,1.0,1.0,1.0,0.0,0.0,0.0,0.0,0.0,0.0,0.0,0.0,0.0,0.0,0.0,0.0,0.0,0.0,0.0,0.0,0.0,0.0,0.0,0.0,0.0,0.0,0.0,0.0,,,,,,,,,,,,,,,,,,,,,,,,,,,,,,,,,,,,,,,,,,,,,,,,,,,,,,,,,0.0,0.0,0.0,0.0,,,,,,,,,,,,,,,,,,,,,,,,,,,,,,,,,,,,,,,,,,,,,,,,,,,1735283391036492.0,🎶 Esta es la nueva canción de #Shakira y #Beele: Algo como tú.,auto,https://www.facebook.com/reel/896441053236747/,1.0,0.0,Vídeos,,,58.0,0.0,,,,,58.0,0.0,58.0,0.0,19.0,0.0,0.0,0.0,0.0,,,,,,,,,
,,100036645439789,360 Radio Colombia,"🇨🇴 Las elecciones de la Consulta Presidencial, Senado de la República y Cámara de Representantes se podrán vivir en el canal de YT de 360 Radio.

Sintonícenos a partir de las 4 p.m. para estar al tanto del futuro colombiano.",0,03/07/2026 18:53,,,Total,270,0,0,,,0,0,5,1,2,2,0.0,0.0,0.0,0.0,0.0,0.0,0.0,0.0,,,,,,,,,,,,,,,,,,,,,,,,,,,,,,,,,,,,,,,,,,,,,,,,,,,,,,,,,,,,,,,,,,,,,,,,,,,,,,,,,,,,0.0,,,,,,,,,,,,,,,,,,,,,,,,,,,,,,,,,,,,,,,,,,,,,,,,,,,,,,,,,0.0,0.0,0.0,0.0,,,,,,,,,,,,,,,,,,,,,,,,,,,,,,,,,,,,,,,,,,,,,,,,,,,1735273847704113.0,,,https://www.facebook.com/360RadioColombia/posts/pfbid0fJeFQRx2GS9JqD1acKEuybZ5VBkGqn3Pu394Y4Nb1Hib5b2XLrzuekKcrH868CwVl,0.0,0.0,Fotos,,,369.0,4.0,3.0,1.0,,,369.0,0.0,270.0,0.0,0.0,0.0,0.0,0.0,0.0,,,,,,,,,
,,100036645439789,360 Radio Colombia,"🎸 @juanes presentó en Madrid su nueva canción “Nada que perder”, que hace parte de su nuevo álbum “JuanesTeban”, lanzado el pasado el viernes 6 de marzo.",108,03/07/2026 13:44,,,Total,79,52,2,736.119,8.763,51,2,3,2,0,1,630.621,105.498,0.0,0.0,4.22,10.689,0.0,0.0,1.0,0.65,0.44,1.0,0.31,0.25,0.21,0.13,0.12,0.1,0.08,0.06,0.04,0.04,0.04,0.04,0.04,0.04,0.04,0.04,0.04,0.04,0.04,0.04,0.04,0.04,0.04,0.04,0.04,0.04,0.04,0.04,0.04,0.04,0.04,0.04,0.04,0.04,0.04,0.04,0.04,1.0,0.27,0.18,0.18,0.18,0.18,0.18,0.18,1.0,0.18,0.36,0.45,0.55,0.64,1.0,1.0,1.0,1.0,1.0,0.18,0.18,0.18,0.18,0.18,0.18,0.18,0.18,0.18,0.18,0.18,0.18,0.18,0.18,0.18,0.18,0.18,0.18,0.18,0.18,0.18,0.18,0.0,0.0,,,,,,,,,,,,,,,,,,,,,,,,,,,,,,,,,,,,,,,,,,,,,,,,,,,,,,,,,0.0,0.0,0.0,0.0,,,,,,,,,,,,,,,,,,,,,,,,,,,,,,,,,,,,,,,,,,,,,,,,,,,1735113687720129.0,"🎸 @juanes presentó en Madrid su nueva canción “Nada que perder”, que hace parte de su nuevo álbum “JuanesTeban”, lanzado el pasado el viernes 6 de marzo.",auto,https://www.facebook.com/reel/1401034791823232/,1.0,0.0,Vídeos,,,89.0,1.0,1.0,,,,89.0,0.0,79.0,0.0,52.0,0.0,0.0,0.0,0.0,,,,,,,,,
,,100036645439789,360 Radio Colombia,"🚘 En la mañana de este 7 de marzo, el daño en una malla vial produjo el detenimiento del tránsito vehicular en la localidad de Suba, #Bogotá.",28,03/07/2026 13:29,,,Total,141,79,0,994.593,7.313,79,0,3,2,0,1,786.74,207.853,0.0,0.0,10.393,6.783,0.0,0.0,1.0,1.0,1.0,1.0,0.9,0.77,0.67,0.58,0.52,0.47,0.43,0.38,0.34,0.3,0.24,0.22,0.19,0.19,0.18,0.18,0.16,0.13,0.13,0.09,0.06,0.06,0.06,0.06,0.06,,,,,,,,,,,,,1.0,1.0,0.88,0.94,0.94,1.0,1.0,1.0,1.0,1.0,1.0,1.0,1.0,1.0,1.0,1.0,1.0,1.0,1.0,0.88,0.81,0.63,0.63,0.44,0.31,0.31,0.31,0.31,0.31,,,,,,,,,,,,,0.0,0.0,,,,,,,,,,,,,,,,,,,,,,,,,,,,,,,,,,,,,,,,,,,,,,,,,,,,,,,,,0.0,0.0,0.0,0.0,,,,,,,,,,,,,,,,,,,,,,,,,,,,,,,,,,,,,,,,,,,,,,,,,,,1735106357720862.0,"🚘 En la mañana de este 7 de marzo, el daño en una malla vial produjo el detenimiento del tránsito vehicular en la localidad de Suba, #Bogotá.",,https://www.facebook.com/reel/961744202953279/,1.0,0.0,Vídeos,,,150.0,1.0,1.0,,,,150.0,0.0,141.0,0.0,79.0,0.0,0.0,0.0,0.0,,,,,,,,,
,,100036645439789,360 Radio Colombia,"🗣️ “En este día histórico, nos reunimos para anunciar una nueva coalición militar para erradicar los carteles criminales que plagan nuestra región. Llamamos a esta alianza militar la Coalición de las Américas contra los Carteles”.

#DonaldTrump, presidente de #EstadosUnidos.",91,03/07/2026 13:05,,,Total,65,32,1,471.445,7.366,31,1,4,3,1,0,262.081,209.364,0.0,0.0,9.103,6.393,0.0,0.0,1.0,0.91,0.69,1.0,0.47,0.31,0.25,0.25,0.16,0.13,0.09,0.06,0.06,0.06,0.06,0.06,0.06,0.06,0.06,0.06,0.06,0.06,0.06,0.06,0.06,0.06,0.06,0.03,0.03,0.03,0.03,0.03,0.03,0.03,0.0,0.0,0.0,0.0,0.0,0.0,0.0,1.0,0.25,0.25,0.25,0.25,0.25,0.25,0.25,1.0,0.25,0.38,0.5,0.63,1.0,1.0,1.0,1.0,1.0,1.0,0.25,0.25,0.25,0.25,0.25,0.25,0.25,0.25,0.13,0.13,0.13,0.13,0.13,0.13,0.13,0.0,0.0,0.0,0.0,0.0,0.0,0.0,0.0,0.0,,,,,,,,,,,,,,,,,,,,,,,,,,,,,,,,,,,,,,,,,,,,,,,,,,,,,,,,,0.0,0.0,0.0,0.0,,,,,,,,,,,,,,,,,,,,,,,,,,,,,,,,,,,,,,,,,,,,,,,,,,,1735094494388715.0,"🗣️ “En este día histórico, nos reunimos para anunciar una nueva coalición militar para erradicar los carteles criminales que plagan nuestra región. Llamamos a esta alianza militar la Coalición de las Américas contra los Carteles”.

#DonaldTrump, presidente de #EstadosUnidos.",,https://www.facebook.com/reel/2322473391573865/,1.0,0.0,Vídeos,,,67.0,1.0,1.0,,,,67.0,0.0,65.0,0.0,32.0,0.0,0.0,0.0,0.0,,,,,,,,,
,,100036645439789,360 Radio Colombia,"🗣️ “Están casi al final de su camino. Cuba está en sus últimos momentos, va a tener una nueva vida”, presidente de Estados Unidos, Donald Trump.",53,03/07/2026 12:30,,,Total,65,33,0,375.671,6.59,32,0,0,0,0,0,302.98,72.691,0.0,0.0,6.609,6.587,0.0,0.0,1.0,1.0,0.88,1.0,0.7,0.64,0.55,0.36,0.33,0.3,0.21,0.21,0.09,0.09,0.06,0.06,0.06,0.06,0.06,0.06,0.06,0.03,0.03,0.03,0.03,0.03,0.03,0.03,0.03,0.03,0.03,0.03,0.03,0.03,0.03,0.03,0.03,0.03,0.03,0.03,0.03,1.0,1.0,0.33,0.33,0.33,0.33,0.33,0.5,1.0,0.5,1.0,1.0,1.0,1.0,1.0,1.0,1.0,1.0,1.0,0.33,0.33,0.17,0.17,0.17,0.17,0.17,0.17,0.17,0.17,0.17,0.17,0.17,0.17,0.17,0.17,0.17,0.17,0.17,0.17,0.17,0.17,0.0,0.0,,,,,,,,,,,,,,,,,,,,,,,,,,,,,,,,,,,,,,,,,,,,,,,,,,,,,,,,,0.0,0.0,0.0,0.0,,,,,,,,,,,,,,,,,,,,,,,,,,,,,,,,,,,,,,,,,,,,,,,,,,,1735076501057181.0,"🗣️ “Están casi al final de su camino. Cuba está en sus últimos momentos, va a tener una nueva vida”, presidente de Estados Unidos, Donald Trump.",,https://www.facebook.com/reel/1242418984116715/,1.0,0.0,Vídeos,,,61.0,0.0,,,,,61.0,0.0,65.0,0.0,33.0,0.0,0.0,0.0,0.0,,,,,,,,,
,,100036645439789,360 Radio Colombia,"⚽️ James Rodríguez no terminó el entrenamiento por una molestia física y su debut con Minnesota está en duda, explica Cameron Knowles, su entrenador.",13,03/07/2026 10:05,,,Total,105,53,0,565.318,5.002,52,0,3,1,0,2,356.739,208.579,0.0,0.0,6.135,4.516,0.0,0.0,1.0,1.0,1.0,1.0,1.0,0.91,0.74,0.64,0.55,0.45,0.32,0.26,0.19,0.19,0.19,0.17,0.13,,,,,,,,,,,,,,,,,,,,,,,,,1.0,1.0,,,0.88,1.0,1.0,1.0,1.0,1.0,1.0,1.0,1.0,1.0,1.0,1.0,1.0,1.0,1.0,,,,,,,,,,,,,,,,,,,,,,,0.0,0.0,,,,,,,,,,,,,,,,,,,,,,,,,,,,,,,,,,,,,,,,,,,,,,,,,,,,,,,,,0.0,0.0,0.0,0.0,,,,,,,,,,,,,,,,,,,,,,,,,,,,,,,,,,,,,,,,,,,,,,,,,,,1735000771064754.0,"⚽️ James Rodríguez no terminó el entrenamiento por una molestia física y su debut con Minnesota está en duda, explica Cameron Knowles, su entrenador.",,https://www.facebook.com/reel/1224530656554723/,1.0,0.0,Vídeos,,,127.0,0.0,,,,,127.0,0.0,105.0,0.0,53.0,0.0,0.0,0.0,0.0,,,,,,,,,
,,100036645439789,360 Radio Colombia,"🤝 La DIAN (@diancolombia) presentó una denuncia ante la Fiscalía por un caso de presunta extorsión luego de confirmar que fue blanco de un ciberataque. La entidad informó que la plataforma de citas continúa inhabilitada mientras se atiende la situación.

Sin embargo, la institución aseguró que la información tributaria y aduanera de los contribuyentes permanece segura y no ha sido comprometida.

Además, indicó que las contraseñas y credenciales de acceso de los usuarios se mantienen protegidas y no han sido vulneradas durante el incidente.",50,03/07/2026 09:00,,,Total,64,37,0,462.978,7.348,35,0,0,0,0,0,261.006,201.972,0.0,0.0,8.416,6.693,0.0,0.0,1.0,1.0,0.86,1.0,0.76,0.59,0.57,0.49,0.38,0.35,0.3,0.24,0.22,0.16,0.16,0.16,0.14,0.14,0.08,0.08,0.08,0.08,0.08,0.08,0.05,0.05,0.05,0.05,0.05,0.05,0.05,0.05,0.05,0.05,0.05,0.05,0.05,0.05,0.05,0.05,0.05,1.0,1.0,0.43,0.71,0.71,0.86,0.86,0.86,1.0,1.0,1.0,1.0,1.0,1.0,1.0,1.0,1.0,1.0,1.0,0.43,0.43,0.43,0.43,0.43,0.29,0.29,0.29,0.29,0.29,0.29,0.29,0.29,0.29,0.29,0.29,0.29,0.29,0.29,0.29,0.29,0.29,0.0,0.0,,,,,,,,,,,,,,,,,,,,,,,,,,,,,,,,,,,,,,,,,,,,,,,,,,,,,,,,,0.0,0.0,0.0,0.0,,,,,,,,,,,,,,,,,,,,,,,,,,,,,,,,,,,,,,,,,,,,,,,,,,,1734963574401807.0,"🤝 La DIAN (@diancolombia) presentó una denuncia ante la Fiscalía por un caso de presunta extorsión luego de confirmar que fue blanco de un ciberataque. La entidad informó que la plataforma de citas continúa inhabilitada mientras se atiende la situación.

Sin embargo, la institución aseguró que la información tributaria y aduanera de los contribuyentes permanece segura y no ha sido comprometida.

Además, indicó que las contraseñas y credenciales de acceso de los usuarios se mantienen protegidas y no han sido vulneradas durante el incidente.",,https://www.facebook.com/reel/900360296323193/,1.0,0.0,Vídeos,,,65.0,0.0,,,,,65.0,0.0,64.0,0.0,37.0,0.0,0.0,0.0,0.0,,,,,,,,,
,,100036645439789,360 Radio Colombia,"🇨🇴 Desde Chicago, el presidente #GustavoPetro envió un mensaje de condolencias a la familia del reverendo Jesse Jackson.

Durante el funeral del histórico líder de los derechos civiles, fallecido el 17 de febrero, el mandatario aseguró que para él Jackson fue “un símbolo vivo de la lucha por la libertad de los pueblos africanos que fueron traídos a la fuerza a las Américas”.",89,03/07/2026 08:30,,,Total,232,137,11,2739.496,13.17,132,11,25,7,17,1,2438.643,299.748,1.105,0.0,7.889,14.43,1.105,0.0,0.99,0.85,0.69,0.99,0.56,0.4,0.35,0.3,0.27,0.23,0.23,0.23,0.22,0.2,0.19,0.19,0.18,0.16,0.15,0.15,0.14,0.12,0.11,0.11,0.11,0.09,0.08,0.08,0.08,0.08,0.07,0.07,0.07,0.08,0.06,0.04,0.04,0.04,0.04,0.04,0.04,1.0,0.72,0.49,0.51,0.58,0.6,0.6,0.65,1.0,0.7,0.72,0.74,0.86,0.93,1.0,1.0,1.0,1.0,1.0,0.47,0.44,0.4,0.35,0.35,0.35,0.28,0.26,0.26,0.26,0.26,0.23,0.23,0.23,0.26,0.19,0.14,0.14,0.14,0.14,0.14,0.14,0.0,0.0,18.0,22.0,18.0,20.0,9.0,20.0,2.0,10.0,7.0,7.0,,,119.0,13.0,,1.0,,,,,1.0,1.0,,,,,,,,,,,,,,,,,,,,,,,,,,2.0,,,,,,,,,0.0,0.0,0.0,0.0,,,,,,,,,,,,,,,,,,,,,,,,,,,,,,,,,,,,,,,,,,,,,,,,,,,1734928504405314.0,"🇨🇴 Desde Chicago, el presidente #GustavoPetro envió un mensaje de condolencias a la familia del reverendo Jesse Jackson.

Durante el funeral del histórico líder de los derechos civiles, fallecido el 17 de febrero, el mandatario aseguró que para él Jackson fue “un símbolo vivo de la lucha por la libertad de los pueblos africanos que fueron traídos a la fuerza a las Américas”.",,https://www.facebook.com/reel/1493064755507526/,1.0,0.0,Vídeos,,,232.0,37.0,37.0,,,,232.0,0.0,232.0,0.0,137.0,0.0,0.0,0.0,0.0,,,,,,,,,
,,100036645439789,360 Radio Colombia,👊🏼 En grupos de apoyo circula video en el que se observa a ladrón recibiendo una contundente paloterapia por parte de varios ciudadanos en Bogotá. Hasta el momento se desconoce el lugar exacto donde ocurrió el hecho y las circunstancias que llevaron a la agresión.,34,03/07/2026 07:50,,,Total,852,618,0,12867.745,15.616,600,0,15,11,1,3,11501.603,1219.38,146.762,0.0,10.423,16.573,11.29,0.0,1.0,1.0,1.0,0.99,0.95,0.88,0.83,0.79,0.74,0.73,0.67,0.65,0.61,0.56,0.52,0.5,0.49,0.47,0.45,0.42,0.41,0.41,0.4,0.39,0.37,0.36,0.35,0.34,0.33,0.32,0.28,0.31,0.29,0.31,0.28,0.27,0.26,,,,,1.0,1.0,0.94,0.97,1.0,1.0,1.0,1.0,1.0,1.0,1.0,1.0,1.0,1.0,1.0,1.0,1.0,1.0,1.0,0.87,0.86,0.84,0.84,0.81,0.78,0.75,0.73,0.71,0.69,0.66,0.58,0.64,0.6,0.65,0.57,0.56,0.54,,,,,0.0,0.0,80.0,89.0,59.0,85.0,75.0,53.0,55.0,40.0,30.0,30.0,6.0,4.0,550.0,22.0,8.0,5.0,,14.0,2.0,,1.0,1.0,,3.0,,,3.0,,,1.0,,,,1.0,,1.0,1.0,,2.0,,,,,,,,,2.0,,,,,,,,,0.0,0.0,0.0,0.0,,,,,,,,,,,,,1.0,,,,,,,,,,,,,,,,,,,,,,,,,,,,,,,,,,,,,,1734904571074374.0,👊🏼 En grupos de apoyo circula video en el que se observa a ladrón recibiendo una contundente paloterapia por parte de varios ciudadanos en Bogotá. Hasta el momento se desconoce el lugar exacto donde ocurrió el hecho y las circunstancias que llevaron a la agresión.,,https://www.facebook.com/reel/902375069259418/,1.0,0.0,Vídeos,,,962.0,44.0,44.0,,,,960.0,0.0,852.0,0.0,618.0,0.0,0.0,0.0,0.0,,,,,,,,,
,,100036645439789,360 Radio Colombia,"⚽️🇨🇴 Si #LuisDíaz tuviera su propia película:

Actor: Piter Parker.
Mejor amigo: Daniel Muñoz.
Villano: Jhon Jader Durán. 
Director: Julio Amelino Comesaña.",41,02/25/2026 07:57,,,Total,310,81,0,1163.548,2.824,81,0,7,6,0,1,299.75,863.798,0.0,0.0,2.38,6.118,0.0,0.0,1.0,1.0,0.98,1.0,0.84,0.62,0.54,0.47,0.38,0.33,0.23,0.21,0.19,0.17,0.16,0.14,0.12,0.11,0.11,0.11,0.11,0.11,0.11,0.1,0.09,0.09,0.09,0.09,0.07,0.07,0.07,0.07,0.07,0.07,0.07,0.07,0.07,0.07,0.07,0.07,0.07,1.0,1.0,0.82,0.82,0.91,1.0,1.0,1.0,1.0,1.0,1.0,1.0,1.0,1.0,1.0,1.0,1.0,1.0,1.0,0.82,0.82,0.82,0.82,0.73,0.64,0.64,0.64,0.64,0.55,0.55,0.55,0.55,0.55,0.55,0.55,0.55,0.55,0.55,0.55,0.55,0.55,0.0,0.0,,,,,,,,,,,,,,,,,,,,,,,,,,,,,,,,,,,,,,,,,,,,,,,,,,,,,,,,,0.0,0.0,0.0,0.0,,,,,,,,,,,,,,,,,,,,,,,,,,,,,,,,,,,,,,,,,,,,,,,,,,,1726417735256391.0,"⚽️🇨🇴 Si #LuisDíaz tuviera su propia película:

Actor: Piter Parker.
Mejor amigo: Daniel Muñoz.
Villano: Jhon Jader Durán. 
Director: Julio Amelino Comesaña.",,https://www.facebook.com/reel/2072030750040221/,1.0,0.0,Vídeos,,,446.0,5.0,5.0,,,,446.0,0.0,310.0,0.0,81.0,0.0,0.0,0.0,0.0,,,,,,,,,
,,100036645439789,360 Radio Colombia,"🌱📊 Las empresas que lideran en sostenibilidad en Colombia ya tienen nombre propio.

El monitor Merco reveló el ranking de Responsabilidad ESG 2025, destacando a las 100 compañías más responsables en criterios ambientales, sociales y de gobierno corporativo.

📈 Más de 81.000 encuestas y 27 fuentes participaron en la medición que analiza reputación, impacto y coherencia empresarial.  

#Colombia #Empresas #Sostenibilidad",0,02/25/2026 07:34,,,Total,178,0,0,,,0,0,4,2,0,2,0.0,0.0,0.0,0.0,0.0,0.0,0.0,0.0,,,,,,,,,,,,,,,,,,,,,,,,,,,,,,,,,,,,,,,,,,,,,,,,,,,,,,,,,,,,,,,,,,,,,,,,,,,,,,,,,,,,0.0,,,,,,,,,,,,,,,,,,,,,,,,,,,,,,,,,,,,,,,,,,,,,,,,,,,,,,,,,0.0,0.0,0.0,0.0,,,,,,,,,,,,,,,,,,,,,,,,,,,,,,,,,,,,,,,,,,,,,,,,,,,1726402431924588.0,,,https://www.facebook.com/360RadioColombia/posts/pfbid02i9DopdSDtHT9o5oHpz4Rs3ui77rCSa2jZDC7duShQaeRV1SszujxFmMHADNKnW3cl,0.0,0.0,Fotos,,,250.0,1.0,1.0,,,,250.0,0.0,178.0,0.0,0.0,0.0,0.0,0.0,0.0,,,,,,,,,
,,100036645439789,360 Radio Colombia,"😱 Este video registra el momento en que Yuris Cristel Camila García Manrique sale del tobogán extremo del parque Entre Flores, en Chinácota, accidente que le causó graves lesiones y posteriormente su fallecimiento.",19,03/06/2026 18:33,,,Total,696,474,0,10980.578,13.606,474,0,5,5,0,0,6663.564,4317.014,0.0,0.0,10.739,16.454,0.0,0.0,1.0,1.0,0.99,1.0,0.93,0.89,0.84,0.8,0.78,0.75,0.74,0.73,0.72,0.7,0.69,0.69,0.69,0.68,0.66,0.64,0.59,,,,,,,,,,,,,,,,,,,,,1.0,1.0,0.97,0.99,1.0,1.0,1.0,1.0,1.0,1.0,1.0,1.0,1.0,1.0,1.0,1.0,1.0,1.0,1.0,0.94,0.87,,,,,,,,,,,,,,,,,,,,,0.0,0.01,27.0,47.0,32.0,53.0,36.0,48.0,36.0,54.0,81.0,45.0,4.0,6.0,352.0,28.0,8.0,31.0,3.0,10.0,1.0,,1.0,1.0,1.0,3.0,1.0,,3.0,,,4.0,2.0,3.0,,,,1.0,,1.0,8.0,,1.0,,1.0,1.0,1.0,,,2.0,,,,1.0,,,,,0.0,0.0,0.0,0.0,,,,,,1.0,1.0,,,,,,1.0,,,,,,,,,,,,,,,,,,1.0,1.0,,,,,,,,,,,,,,,,,,,1734447941120037.0,"😱 Este video registra el momento en que Yuris Cristel Camila García Manrique sale del tobogán extremo del parque Entre Flores, en Chinácota, accidente que le causó graves lesiones y posteriormente su fallecimiento.",,https://www.facebook.com/reel/1597393851535608/,1.0,0.0,Vídeos,,,1213.0,27.0,27.0,,,,1213.0,0.0,696.0,0.0,474.0,0.0,0.0,1.0,1.0,,,,,,,,,
,,100036645439789,360 Radio Colombia,"🗣️ “Yo no soy una uribista de foto ni de ocasión. No necesito demostrar mis principios porque yo nací y moriré uribista”.

@palomavalencial, precandidata presidencial por el #CentroDemocrático.",56,03/06/2026 18:04,,,Total,176,99,0,1612.03,9.538,99,0,11,6,2,3,1427.431,169.177,15.422,0.0,9.952,9.711,3.085,0.0,1.0,1.0,0.9,1.0,0.74,0.6,0.53,0.46,0.37,0.35,0.31,0.28,0.25,0.23,0.19,0.19,0.19,0.18,0.18,0.18,0.17,0.17,0.15,0.13,0.13,0.12,0.12,0.12,0.11,0.11,0.1,0.11,0.11,0.11,0.09,0.08,0.08,0.08,0.08,0.08,0.08,1.0,0.97,0.62,0.62,0.66,0.66,0.66,0.79,1.0,0.86,1.0,1.0,1.0,1.0,1.0,1.0,1.0,1.0,1.0,0.62,0.59,0.59,0.52,0.45,0.45,0.41,0.41,0.41,0.38,0.38,0.34,0.38,0.38,0.38,0.31,0.28,0.28,0.28,0.28,0.28,0.28,0.0,0.0,,,,,,,,,,,,,,,,,,,,,,,,,,,,,,,,,,,,,,,,,,,,,,,,,,,,,,,,,0.0,0.0,0.0,0.0,,,,,,,,,,,,,,,,,,,,,,,,,,,,,,,,,,,,,,,,,,,,,,,,,,,1734431727788325.0,"🗣️ “Yo no soy una uribista de foto ni de ocasión. No necesito demostrar mis principios porque yo nací y moriré uribista”.

@palomavalencial, precandidata presidencial por el #CentroDemocrático.",,https://www.facebook.com/reel/956046450225845/,1.0,0.0,Vídeos,,,181.0,3.0,3.0,,,,181.0,0.0,176.0,0.0,99.0,0.0,0.0,0.0,0.0,,,,,,,,,
,,100036645439789,360 Radio Colombia,👀 Capturan a patrullera de la Policía del Chocó tras agredir a superior en plena revista porque no tenía su cabello arreglado.,17,03/06/2026 17:49,,,Total,483,288,0,7811.969,16.207,277,0,18,5,10,3,6820.092,741.45,250.427,0.0,12.155,17.136,10.889,0.0,1.0,1.0,1.0,1.0,0.98,0.94,0.91,0.88,0.85,0.83,0.81,0.77,0.74,0.7,0.68,0.68,0.68,0.67,0.66,0.65,0.65,,,,,,,,,,,,,,,,,,,,,1.0,1.0,1.0,1.0,1.0,1.0,1.0,1.0,1.0,1.0,1.0,1.0,1.0,1.0,1.0,1.0,1.0,1.0,1.0,0.99,0.99,,,,,,,,,,,,,,,,,,,,,0.0,0.0,31.0,33.0,33.0,41.0,33.0,34.0,26.0,21.0,18.0,13.0,1.0,2.0,261.0,11.0,5.0,,1.0,1.0,2.0,,,,,,,,2.0,1.0,,3.0,,,,,,,,,1.0,,,,,,,,,,,,,,,,,,0.0,0.0,0.0,0.0,,,,,,,,,,,,,,,,,,,,,,,,,,,,,,,,,,,,,,,,,,,,,,,,,,,1734423904455774.0,👀 Capturan a patrullera de la Policía del Chocó tras agredir a superior en plena revista porque no tenía su cabello arreglado.,,https://www.facebook.com/reel/1297705028875065/,1.0,0.0,Vídeos,,,810.0,58.0,58.0,,,,810.0,0.0,483.0,0.0,288.0,0.0,0.0,0.0,0.0,,,,,,,,,
,,100036645439789,360 Radio Colombia,"#AHORA 

DANE reveló que en febrero el dato de inflación anual se ubicó en 5,29, cifra menor a la presentada en enero cuando fue del 5,35%. 

360radio.com.co",0,03/06/2026 15:13,,,Total,127,0,0,,,0,0,3,2,0,1,0.0,0.0,0.0,0.0,0.0,0.0,0.0,0.0,,,,,,,,,,,,,,,,,,,,,,,,,,,,,,,,,,,,,,,,,,,,,,,,,,,,,,,,,,,,,,,,,,,,,,,,,,,,,,,,,,,,0.0,,,,,,,,,,,,,,,,,,,,,,,,,,,,,,,,,,,,,,,,,,,,,,,,,,,,,,,,,0.0,0.0,0.0,0.0,,,,,,,,,,,,,,,,,,,,,,,,,,,,,,,,,,,,,,,,,,,,,,,,,,,1734348541129977.0,,,https://www.facebook.com/360RadioColombia/posts/pfbid04QKmjnBY1PVs2YGtHnLPSQ14bGhGqhacfYwkSfcSKQ2XhJP5Q4V3bCYoj5YyzYc5l,0.0,0.0,Fotos,,,168.0,1.0,,1.0,,,168.0,0.0,127.0,0.0,0.0,0.0,0.0,0.0,0.0,,,,,,,,,
,,100036645439789,360 Radio Colombia,"🏠 El Gobierno Nacional expidió un decreto que permite al Ministerio de Vivienda y al Fondo Nacional de Vivienda (Fonvivienda) otorgar subsidios habitacionales con requisitos flexibilizados, en medio de la emergencia económica provocada por la crisis climática que afecta a varias regiones del país. La medida busca agilizar la entrega de ayudas a familias que han resultado damnificadas por las lluvias y otros eventos asociados al fenómeno climático.  ￼

La normativa establece que, de manera excepcional, algunos de los requisitos tradicionales para acceder a subsidios de vivienda podrán omitirse. Entre ellos están ciertos procesos de postulación, condiciones de titulación, exigencias de ahorro o criterios de focalización, con el fin de acelerar la atención y facilitar soluciones de vivienda para las comunidades afectadas.  ￼

Además, el decreto contempla alternativas como programas de mejoramiento, reconstrucción, reasentamiento y subsidios de arrendamiento temporal. Las autoridades locales deberán evaluar la situación de las familias y determinar las necesidades en cada territorio, mientras el Gobierno definirá los montos de las ayudas según la disponibilidad presupuestal y las características de cada región impactada.",0,03/06/2026 14:02,,,Total,500,0,0,,,0,0,8,5,2,1,0.0,0.0,0.0,0.0,0.0,0.0,0.0,0.0,,,,,,,,,,,,,,,,,,,,,,,,,,,,,,,,,,,,,,,,,,,,,,,,,,,,,,,,,,,,,,,,,,,,,,,,,,,,,,,,,,,,0.0,,,,,,,,,,,,,,,,,,,,,,,,,,,,,,,,,,,,,,,,,,,,,,,,,,,,,,,,,0.0,0.0,0.0,0.0,,,,,,,,,,,,,,,,,,,,,,,,,,,,,,,,,,,,,,,,,,,,,,,,,,,1734315684466596.0,,,https://www.facebook.com/360RadioColombia/posts/pfbid0d8WEq7bEAB2AR7Y7QNZXRtgR7r7AM8uGtAPWDm63FTPt31oNcEm8bRvke1w7W2eql,0.0,0.0,Fotos,,,665.0,9.0,8.0,1.0,,,665.0,0.0,500.0,0.0,0.0,0.0,0.0,0.0,0.0,,,,,,,,,
,,100036645439789,360 Radio Colombia,"👏 En el Mes de la Mujer queremos reconocer a quienes muchas veces trabajan detrás de las estrategias, las narrativas y las conversaciones que conectan a las grandes organizaciones. 

🎤 Desde 360 Radio destacamos a este grupo de mujeres líderes en comunicaciones, relacionamiento y marketing en Colombia, profesionales que hoy influyen en la reputación, la conversación pública y la forma en que las empresas se relacionan con las personas.

Su trabajo es clave para construir confianza, posicionar ideas y liderar transformaciones dentro de sus compañías. Este es un pequeño reconocimiento a su liderazgo, talento y capacidad de comunicación.",0,03/06/2026 12:39,,,Total,190,0,0,,,0,0,5,3,0,2,0.0,0.0,0.0,0.0,0.0,0.0,0.0,0.0,,,,,,,,,,,,,,,,,,,,,,,,,,,,,,,,,,,,,,,,,,,,,,,,,,,,,,,,,,,,,,,,,,,,,,,,,,,,,,,,,,,,0.0,,,,,,,,,,,,,,,,,,,,,,,,,,,,,,,,,,,,,,,,,,,,,,,,,,,,,,,,,0.0,0.0,0.0,0.0,,,,,,,,,,,,,,,,,,,,,,,,,,,,,,,,,,,,,,,,,,,,,,,,,,,1734271697804328.0,,,https://www.facebook.com/360RadioColombia/posts/pfbid0QD75TeEqXRDxdnmJcgXBx7vxq9FYW9JNXNzeynWUWYeoxW6KpmuTEYAVbAYPFTGWl,0.0,0.0,Fotos,,,267.0,1.0,,1.0,,,267.0,0.0,190.0,0.0,0.0,0.0,0.0,0.0,0.0,,,,,,,,,
,,100036645439789,360 Radio Colombia,"🚨 Una mujer denunció que vive constantes episodios de acoso y perturbación por parte de su expareja en el sector Popular Uno de Medellín. Según relata, el hombre continúa acercándose a su vivienda a pesar de la situación, por lo que pide atención urgente de las autoridades ante el temor de que el caso pueda escalar.",105,03/06/2026 12:24,,,Total,194,120,39,5223.287,27.063,119,39,3,3,0,0,4142.105,1081.182,0.0,0.0,18.02,31.144,0.0,0.0,1.0,0.83,0.64,1.0,0.58,0.52,0.48,0.42,0.41,0.39,0.38,0.38,0.38,0.35,0.35,0.34,0.33,0.33,0.33,0.33,0.33,0.33,0.33,0.33,0.32,0.32,0.32,0.31,0.3,0.28,0.28,0.28,0.28,0.28,0.28,0.28,0.28,0.28,0.26,0.26,0.25,1.0,0.79,0.7,0.7,0.7,0.72,0.74,0.74,1.0,0.79,0.81,0.82,0.86,0.88,1.0,1.0,1.0,1.0,1.0,0.68,0.68,0.68,0.68,0.68,0.67,0.67,0.67,0.65,0.63,0.58,0.58,0.58,0.6,0.58,0.58,0.58,0.58,0.58,0.54,0.54,0.53,0.0,0.0,11.0,12.0,11.0,22.0,14.0,13.0,4.0,11.0,9.0,9.0,2.0,,105.0,5.0,2.0,1.0,,4.0,,,,,,,,,1.0,,,1.0,1.0,,,,,,,,,,,,,,,,,,,,,,,,,,0.0,0.0,0.0,0.0,,,,,,,,,,,,,,,,,,,,,,,,,,,,,,,,,,,,,,,,,,,,,,,,,,,1734264764471688.0,"🚨 Una mujer denunció que vive constantes episodios de acoso y perturbación por parte de su expareja en el sector Popular Uno de Medellín. Según relata, el hombre continúa acercándose a su vivienda a pesar de la situación, por lo que pide atención urgente de las autoridades ante el temor de que el caso pueda escalar.",,https://www.facebook.com/reel/2988376978018007/,1.0,0.0,Vídeos,,,228.0,11.0,11.0,,,,228.0,0.0,194.0,0.0,120.0,0.0,0.0,0.0,0.0,,,,,,,,,
,,100036645439789,360 Radio Colombia,"🗣️ “Colombia necesita una nueva Operación Jaque para rescatar toda la Patria”.

#ÁlvaroUribe, candidato al Senado de la República, desde Arauca, Puente Internacional.",170,03/06/2026 11:59,,,Total,163,93,11,3170.772,22.329,90,11,8,5,3,0,3035.176,135.596,0.0,0.0,9.04,23.9,0.0,0.0,0.91,0.56,0.4,1.0,0.32,0.3,0.27,0.26,0.24,0.2,0.19,0.18,0.15,0.15,0.12,0.11,0.09,0.09,0.09,0.09,0.09,0.09,0.09,0.09,0.09,0.09,0.09,0.09,0.09,0.09,0.09,0.09,0.09,0.09,0.09,0.09,0.09,0.09,0.09,0.09,0.09,1.0,0.55,0.26,0.26,0.26,0.32,0.35,0.45,1.0,0.45,0.58,0.61,0.71,0.77,0.81,0.9,0.97,1.0,1.0,0.26,0.26,0.26,0.26,0.26,0.26,0.26,0.26,0.26,0.26,0.26,0.26,0.26,0.26,0.26,0.26,0.26,0.26,0.26,0.26,0.26,0.26,0.0,0.0,,,,,,,,,,,,,,,,,,,,,,,,,,,,,,,,,,,,,,,,,,,,,,,,,,,,,,,,,0.0,0.0,0.0,0.0,,,,,,,,,,,,,,,,,,,,,,,,,,,,,,,,,,,,,,,,,,,,,,,,,,,1734250437806454.0,"🗣️ “Colombia necesita una nueva Operación Jaque para rescatar toda la Patria”.

#ÁlvaroUribe, candidato al Senado de la República, desde Arauca, Puente Internacional.",,https://www.facebook.com/reel/1964004467883158/,1.0,0.0,Vídeos,,,158.0,13.0,13.0,,,,158.0,0.0,163.0,0.0,93.0,0.0,0.0,0.0,0.0,,,,,,,,,
,,100036645439789,360 Radio Colombia,"😡 Se volvió viral en redes sociales un enfrentamiento entre la gestora social de Puerto Rico, Meta, Deys Nogueira, y la secretaria de Gobierno municipal, Alexandra Camacho, luego de que la propia gestora hiciera pública la discusión.

De acuerdo con la versión de Nogueira, el conflicto comenzó por un reclamo relacionado con una supuesta relación sentimental entre la funcionaria y su esposo, el alcalde del municipio. La situación habría escalado hasta convertirse en una confrontación física que terminó en empujones y aruñazos.",27,03/06/2026 11:34,,,Total,374,239,0,5071.69,14.166,236,0,8,7,0,1,3267.691,1801.807,2.192,0.0,11.262,16.588,2.192,0.0,1.0,1.0,1.0,1.0,0.96,0.92,0.85,0.82,0.76,0.71,0.64,0.61,0.58,0.53,0.48,0.45,0.44,0.43,0.4,0.36,0.35,0.31,0.3,0.29,0.29,0.29,0.28,0.25,0.25,,,,,,,,,,,,,1.0,1.0,0.91,0.96,0.99,1.0,1.0,1.0,1.0,1.0,1.0,1.0,1.0,1.0,1.0,1.0,1.0,1.0,1.0,0.81,0.77,0.7,0.67,0.66,0.65,0.65,0.62,0.57,0.56,,,,,,,,,,,,,0.0,0.0,11.0,31.0,17.0,39.0,46.0,24.0,20.0,15.0,22.0,6.0,4.0,,205.0,10.0,5.0,1.0,1.0,8.0,,,1.0,,,1.0,2.0,,1.0,,,3.0,,,,,,1.0,,,,,,,,,,,,,,,,,,,,,0.0,0.0,0.0,0.0,,,,,,,,,,,,,,,,,,,,,,,,,,,,,,,,,,,,,,,,,,,,,,,,,,,1734237024474462.0,"😡 Se volvió viral en redes sociales un enfrentamiento entre la gestora social de Puerto Rico, Meta, Deys Nogueira, y la secretaria de Gobierno municipal, Alexandra Camacho, luego de que la propia gestora hiciera pública la discusión.

De acuerdo con la versión de Nogueira, el conflicto comenzó por un reclamo relacionado con una supuesta relación sentimental entre la funcionaria y su esposo, el alcalde del municipio. La situación habría escalado hasta convertirse en una confrontación física que terminó en empujones y aruñazos.",,https://www.facebook.com/reel/4293970770858512/,1.0,0.0,Vídeos,,,470.0,21.0,21.0,,,,470.0,0.0,374.0,0.0,239.0,0.0,0.0,0.0,0.0,,,,,,,,,
,,100036645439789,360 Radio Colombia,"🇨🇴 Sofía Vergara está en Paris y un seguidor la saludó y confundió su nacionalidad, a lo que ella lo corrigió y le dijo que era colombiana.",17,03/06/2026 11:20,,,Total,117582,91112,0,2095538.327,17.888,90195,0,5119,4564,438,117,20819.338,2029278.11,17899.342,27541.537,18.14,19.313,9.588,11.826,1.0,1.0,1.0,1.0,1.0,1.0,1.0,1.0,0.98,0.98,0.94,0.94,0.91,0.91,0.89,0.89,0.86,0.86,0.83,0.83,0.8,0.8,0.79,0.79,0.76,0.76,0.75,0.75,0.74,0.74,0.72,0.73,0.72,0.73,0.7,0.7,0.68,0.68,0.62,0.62,0.55,1.0,1.0,0.99,1.0,1.0,1.0,1.0,1.0,1.0,1.0,1.0,1.0,1.0,1.0,1.0,1.0,1.0,1.0,1.0,0.91,0.8,,,,,,,,,,,,,,,,,,,,,0.0,1.16,1272.0,3204.0,1587.0,6896.0,13307.0,3300.0,15784.0,7441.0,14389.0,15441.0,3878.0,3012.0,72434.0,4275.0,827.0,564.0,791.0,5429.0,735.0,51.0,73.0,289.0,156.0,149.0,398.0,,272.0,294.0,117.0,1225.0,116.0,132.0,36.0,242.0,58.0,71.0,311.0,273.0,442.0,45.0,301.0,,56.0,93.0,54.0,,,46.0,14.0,,30.0,45.0,,98.0,,,0.0,0.0,0.0,0.0,117.0,22.0,33.0,48.0,19.0,39.0,,,,13.0,,,39.0,,14.0,,,,,,,,,,,,,,,,,,,,,,,,,,,,,,,,,,,,1734230611141770.0,"🇨🇴 Sofía Vergara está en Paris y un seguidor la saludó y confundió su nacionalidad, a lo que ella lo corrigió y le dijo que era colombiana.",,https://www.facebook.com/reel/1317260240224840/,1.0,0.0,Vídeos,,,192585.0,8531.0,8106.0,,5.0,420.0,189190.0,3193.0,113131.0,4032.0,89618.0,1494.0,0.0,3.0,3.0,,,,,,,,,
,,100036645439789,360 Radio Colombia,"🤣 Con ataúd y todo. ‘El Hincha que Nunca Pierde’, creador de contenido, celebró la victoria de #Millonarios ante #AtléticoNacional simbolizando el fallecimiento del equipo de Medellín con un ataúd.",59,03/06/2026 09:11,,,Total,396,236,0,3623.809,9.901,235,0,5,3,1,1,2091.191,1512.34,20.278,0.0,8.175,11.683,10.139,0.0,1.0,1.0,0.84,1.0,0.76,0.64,0.55,0.49,0.4,0.35,0.31,0.28,0.24,0.2,0.19,0.18,0.18,0.16,0.14,0.13,0.13,0.12,0.12,0.11,0.1,0.09,0.09,0.07,0.07,0.06,0.05,0.06,0.05,0.06,0.05,0.03,0.03,0.03,0.03,0.03,0.03,1.0,0.92,0.48,0.54,0.59,0.61,0.63,0.66,1.0,0.8,1.0,1.0,1.0,1.0,1.0,1.0,1.0,1.0,1.0,0.44,0.42,0.41,0.39,0.37,0.34,0.3,0.3,0.24,0.24,0.21,0.17,0.18,0.17,0.21,0.15,0.11,0.11,0.11,0.1,0.1,0.1,0.0,0.0,18.0,24.0,12.0,33.0,38.0,16.0,48.0,13.0,17.0,10.0,1.0,3.0,209.0,13.0,,1.0,1.0,5.0,,,2.0,,,,,,,,,2.0,,1.0,,,,,1.0,,,,1.0,,,,,,,,,,,,,,,,0.0,0.0,0.0,0.0,,,,,,,,,,,,,,,,,,,,,,,,,,,,,,,,,,,,,,,,,,,,,,,,,,,1734156951149136.0,"🤣 Con ataúd y todo. ‘El Hincha que Nunca Pierde’, creador de contenido, celebró la victoria de #Millonarios ante #AtléticoNacional simbolizando el fallecimiento del equipo de Medellín con un ataúd.",,https://www.facebook.com/reel/898489702986459/,1.0,0.0,Vídeos,,,383.0,9.0,9.0,,,,383.0,0.0,396.0,0.0,236.0,0.0,0.0,0.0,0.0,,,,,,,,,
,,100036645439789,360 Radio Colombia,"🗳️ En entrevista con 360 Radio, Roy Barreras, precandidato presidencial, se refirió a Iván Cepeda, uno de sus competidores. Señaló que es un hombre honesto, y se diferenció de él diciendo que Cepeda es de izquierda y él no, Barreras se definió como liberal y progresista.",170,03/06/2026 07:47,,,Total,423,234,18,5547.604,14.715,223,17,65,18,44,3,3680.119,1774.131,93.354,0.0,12.857,16.001,10.373,0.0,0.93,0.67,0.46,0.99,0.32,0.27,0.21,0.2,0.17,0.15,0.12,0.1,0.09,0.08,0.08,0.07,0.07,0.06,0.06,0.06,0.06,0.05,0.05,0.05,0.05,0.04,0.04,0.04,0.04,0.03,0.03,0.03,0.03,0.03,0.03,0.03,0.03,0.02,0.02,0.02,0.02,1.0,0.28,0.17,0.18,0.21,0.21,0.22,0.23,1.0,0.26,0.35,0.41,0.46,0.54,0.59,0.77,0.91,1.0,1.0,0.17,0.17,0.15,0.15,0.15,0.13,0.12,0.12,0.12,0.12,0.1,0.07,0.09,0.09,0.09,0.07,0.07,0.07,0.06,0.06,0.05,0.05,0.0,0.0,41.0,48.0,33.0,32.0,19.0,23.0,10.0,14.0,3.0,3.0,,2.0,206.0,17.0,2.0,1.0,,1.0,,,1.0,,,,,,,1.0,,,,1.0,,,,,1.0,1.0,1.0,1.0,,,,,,,,,,,,,,,,,0.0,0.0,0.0,0.0,,,,,,,,,,,,,,,,,,,,,,,,,,,,,,,,,,,,,,,,,,,,,,,,,,,1734105514487613.0,"🗳️ En entrevista con 360 Radio, Roy Barreras, precandidato presidencial, se refirió a Iván Cepeda, uno de sus competidores. Señaló que es un hombre honesto, y se diferenció de él diciendo que Cepeda es de izquierda y él no, Barreras se definió como liberal y progresista.",,https://www.facebook.com/reel/913794528178299/,1.0,0.0,Vídeos,,,407.0,77.0,77.0,,,,405.0,0.0,423.0,0.0,234.0,0.0,0.0,0.0,0.0,,,,,,,,,
,,100036645439789,360 Radio Colombia,"🚨 En la noche de este jueves, Jerusalén e Israel volvieron a ser blanco de ataques por parte de Irán. En video quedó registrado los misiles y bombas que lanzaron.",67,03/05/2026 21:06,,,Total,128,81,2,1155.391,9.317,80,2,6,5,0,1,990.091,165.3,0.0,0.0,6.612,10.001,0.0,0.0,1.0,0.99,0.85,1.0,0.64,0.56,0.44,0.4,0.28,0.26,0.2,0.19,0.17,0.16,0.14,0.12,0.12,0.11,0.1,0.09,0.07,0.07,0.06,0.06,0.06,0.06,0.04,0.02,0.02,0.02,0.02,0.02,0.02,0.02,0.02,0.02,0.02,0.02,0.02,0.01,0.01,1.0,0.71,0.38,0.43,0.48,0.48,0.52,0.62,1.0,0.67,0.76,1.0,1.0,1.0,1.0,1.0,1.0,1.0,1.0,0.33,0.29,0.29,0.24,0.24,0.24,0.24,0.14,0.1,0.1,0.1,0.1,0.1,0.1,0.1,0.1,0.1,0.1,0.1,0.1,0.05,0.05,0.0,0.0,,,,,,,,,,,,,,,,,,,,,,,,,,,,,,,,,,,,,,,,,,,,,,,,,,,,,,,,,0.0,0.0,0.0,0.0,,,,,,,,,,,,,,,,,,,,,,,,,,,,,,,,,,,,,,,,,,,,,,,,,,,1733734234524741.0,"🚨 En la noche de este jueves, Jerusalén e Israel volvieron a ser blanco de ataques por parte de Irán. En video quedó registrado los misiles y bombas que lanzaron.",,https://www.facebook.com/reel/1234320642225953/,1.0,0.0,Vídeos,,,130.0,2.0,2.0,,,,130.0,0.0,128.0,0.0,81.0,0.0,0.0,0.0,0.0,,,,,,,,,
,,100036645439789,360 Radio Colombia,"😱 En video quedó registrado el momento en el cual una ciudadana se intentó colar en la estación San Mateo, Bogotá, al servicio de TransMilenio. Tras la resistencia que pusieron funcionarios del sistema, la mujer respondió con insultos y agresiones.",58,03/05/2026 19:34,,,Total,526,387,0,9592.333,19.339,379,0,1,0,0,1,9165.941,420.877,5.515,0.0,13.577,19.797,2.758,0.0,0.99,1.0,0.94,1.0,0.83,0.72,0.64,0.6,0.57,0.55,0.52,0.49,0.44,0.4,0.39,0.38,0.37,0.37,0.35,0.34,0.33,0.29,0.28,0.27,0.27,0.27,0.25,0.24,0.23,0.22,0.2,0.21,0.21,0.22,0.2,0.18,0.17,0.17,0.17,0.16,0.16,1.0,0.96,0.71,0.74,0.75,0.76,0.77,0.8,0.99,0.88,1.0,1.0,1.0,1.0,1.0,1.0,1.0,1.0,1.0,0.69,0.66,0.59,0.56,0.55,0.54,0.54,0.5,0.48,0.46,0.45,0.41,0.42,0.42,0.44,0.39,0.37,0.35,0.35,0.34,0.32,0.32,0.0,0.0,36.0,56.0,46.0,49.0,50.0,52.0,23.0,23.0,23.0,15.0,5.0,2.0,343.0,20.0,7.0,2.0,,8.0,,,2.0,,,,,,,,,4.0,,,,,,,1.0,,,,,,,,,,,,,,,,,,,,0.0,0.0,0.0,0.0,,,,,,,,,,,,,,,,,,,,,,,,,,,,,,,,,,,,,,,,,,,,,,,,,,,1733671094531055.0,"😱 En video quedó registrado el momento en el cual una ciudadana se intentó colar en la estación San Mateo, Bogotá, al servicio de TransMilenio. Tras la resistencia que pusieron funcionarios del sistema, la mujer respondió con insultos y agresiones.",,https://www.facebook.com/reel/1708461876984740/,1.0,0.0,Vídeos,,,542.0,19.0,19.0,,,,541.0,0.0,526.0,0.0,387.0,0.0,0.0,0.0,0.0,,,,,,,,,
,,100036645439789,360 Radio Colombia,"🇮🇳 Gujarat, India. Un hombre estuvo a punto de ser aplastado por un ascensor que se movió repentinamente hacia arriba mientras salía en uno de los pisos de un edificio residencial.",41,03/05/2026 18:56,,,Total,588,416,0,12042.381,20.943,401,0,4,3,0,1,11783.629,258.752,0.0,0.0,6.312,22.067,0.0,0.0,1.0,1.0,1.0,1.0,0.96,0.89,0.83,0.78,0.76,0.74,0.7,0.68,0.67,0.65,0.64,0.62,0.61,0.6,0.58,0.57,0.57,0.56,0.54,0.54,0.52,0.51,0.51,0.51,0.51,0.51,0.43,0.48,0.46,0.5,0.4,0.38,0.36,0.34,0.3,0.29,0.27,1.0,1.0,0.93,0.96,0.97,1.0,1.0,1.0,1.0,1.0,1.0,1.0,1.0,1.0,1.0,1.0,1.0,1.0,1.0,0.92,0.91,0.89,0.87,0.86,0.83,0.82,0.81,0.81,0.81,0.82,0.68,0.77,0.74,0.79,0.64,0.6,0.57,0.54,0.47,0.46,0.43,0.0,0.01,41.0,57.0,25.0,70.0,57.0,43.0,29.0,33.0,31.0,20.0,4.0,2.0,367.0,20.0,6.0,2.0,1.0,6.0,1.0,,2.0,,2.0,3.0,,,1.0,,,2.0,,,,,,,1.0,,2.0,,,,,,,,,,,,,,,,,,0.0,0.0,0.0,0.0,,,,,,,,,,,,,,,,,,,,,,,,,,,,,,,,,,,,,,,,,,,,,,,,,,,1733651777866320.0,"🇮🇳 Gujarat, India. Un hombre estuvo a punto de ser aplastado por un ascensor que se movió repentinamente hacia arriba mientras salía en uno de los pisos de un edificio residencial.",,https://www.facebook.com/reel/1798151734187411/,1.0,0.0,Vídeos,,,696.0,44.0,44.0,,,,695.0,0.0,588.0,0.0,416.0,0.0,0.0,0.0,0.0,,,,,,,,,
,,100036645439789,360 Radio Colombia,"🚕 No pagar una multa de tránsito en Colombia puede traer consecuencias legales que van más allá del simple cobro. Si la sanción no se paga dentro del plazo establecido, la autoridad puede iniciar un proceso administrativo para recuperar la deuda.  ￼

Después de 30 días desde la imposición de la infracción, y si la resolución ya está en firme, la entidad de tránsito puede iniciar un proceso llamado cobro coactivo. En este punto se emite un mandamiento de pago que notifica al conductor sobre la deuda y el inicio del proceso.  ￼

Si el ciudadano no responde o no paga tras esa notificación, la autoridad puede ordenar embargos de cuentas bancarias, parte del salario o incluso bienes como vehículos para recuperar el dinero adeudado. Además, las multas de tránsito en Colombia prescriben a los tres años, aunque ese plazo puede reiniciarse si se adelanta el proceso de cobro.",0,03/05/2026 17:42,,,Total,461,0,0,,,0,0,1,0,0,1,0.0,0.0,0.0,0.0,0.0,0.0,0.0,0.0,,,,,,,,,,,,,,,,,,,,,,,,,,,,,,,,,,,,,,,,,,,,,,,,,,,,,,,,,,,,,,,,,,,,,,,,,,,,,,,,,,,,0.0,,,,,,,,,,,,,,,,,,,,,,,,,,,,,,,,,,,,,,,,,,,,,,,,,,,,,,,,,0.0,0.0,0.0,0.0,,,,,,,,,,,,,,,,,,,,,,,,,,,,,,,,,,,,,,,,,,,,,,,,,,,1733611537870344.0,,,https://www.facebook.com/360RadioColombia/posts/pfbid0q9bMGk4fwgGDiFwFs8Wbpqx2R1FhxLiLdKAA5KQqWemBNEaRqgufCyA2CTqehFPAl,0.0,0.0,Fotos,,,568.0,1.0,1.0,,,,568.0,0.0,461.0,0.0,0.0,0.0,0.0,0.0,0.0,,,,,,,,,
,,100036645439789,360 Radio Colombia,"🤔 La historia del militar José Prudencio Padilla, prócer de la independencia de Colombia, volvió a ser noticia luego de que el Gobierno anunciara una inversión cercana a 4 millones de dólares para producir una película sobre su vida. La producción busca contar su papel en la lucha independentista y proyectar su historia a nivel internacional.  ￼

Padilla, nacido en Riohacha en 1784, fue uno de los principales líderes navales de la independencia y es recordado por comandar la Batalla Naval del Lago de Maracaibo en 1823, una victoria clave contra la flota española. Su trayectoria lo llevó a convertirse en uno de los grandes héroes militares del Caribe y de la naciente república.  ￼

La película, que cuenta con apoyo del Estado colombiano y participación de actores internacionales, pretende rescatar su legado histórico y difundir su historia a nuevas generaciones. Sin embargo, la inversión pública ha generado debate político en el país sobre la pertinencia del gasto y el papel del Gobierno en este tipo de producciones culturales.",0,03/05/2026 17:38,,,Total,1054,0,0,,,0,0,28,9,14,5,0.0,0.0,0.0,0.0,0.0,0.0,0.0,0.0,,,,,,,,,,,,,,,,,,,,,,,,,,,,,,,,,,,,,,,,,,,,,,,,,,,,,,,,,,,,,,,,,,,,,,,,,,,,,,,,,,,,0.02,,,,,,,,,,,,,,,,,,,,,,,,,,,,,,,,,,,,,,,,,,,,,,,,,,,,,,,,,0.0,0.0,0.0,0.0,,,,,,,,,,,,,,,,,,,,,,,,,,,,,,,,,,,,,,,,,,,,,,,,,,,1733608971203934.0,,,https://www.facebook.com/360RadioColombia/posts/pfbid0BGitD7TNhRcGYMjGPMLXxTg9brvGnmB1AB7hunDKmUAajzoNNRUSYFvncJAVevN9l,0.0,0.0,Fotos,,,1552.0,54.0,45.0,9.0,,,1552.0,0.0,1054.0,0.0,0.0,0.0,0.0,0.0,0.0,,,,,,,,,
,,100036645439789,360 Radio Colombia,"☕️ La producción de café en Colombia registró una fuerte caída durante febrero de 2026. De acuerdo con la Federación Nacional de Cafeteros, el país produjo 869.000 sacos de 60 kilos, lo que representa una disminución del 36% frente al mismo mes del año pasado.  ￼

El descenso se explica principalmente por condiciones climáticas que afectaron los cultivos, reduciendo la disponibilidad del grano en varias regiones cafeteras. Desde el gremio advierten que estas cifras confirman un ajuste importante en la oferta del café colombiano.  ￼

La caída también se refleja en el balance anual del sector. En los últimos 12 meses la producción llegó a 12,72 millones de sacos, un 14% menos que en el periodo anterior, lo que genera preocupación por el impacto en exportaciones y en la economía rural del país.",0,03/05/2026 17:34,,,Total,132,0,0,,,0,0,1,0,0,1,0.0,0.0,0.0,0.0,0.0,0.0,0.0,0.0,,,,,,,,,,,,,,,,,,,,,,,,,,,,,,,,,,,,,,,,,,,,,,,,,,,,,,,,,,,,,,,,,,,,,,,,,,,,,,,,,,,,0.0,,,,,,,,,,,,,,,,,,,,,,,,,,,,,,,,,,,,,,,,,,,,,,,,,,,,,,,,,0.0,0.0,0.0,0.0,,,,,,,,,,,,,,,,,,,,,,,,,,,,,,,,,,,,,,,,,,,,,,,,,,,1733606361204195.0,,,https://www.facebook.com/360RadioColombia/posts/pfbid02kqcMzrDVK386da43ph2ug8NQW5bFjYjTJN7JAXPdRjbKb3Y1mBRLsHrAwiH9GrY3l,0.0,0.0,Fotos,,,167.0,0.0,,,,,167.0,0.0,132.0,0.0,0.0,0.0,0.0,0.0,0.0,,,,,,,,,
,,100036645439789,360 Radio Colombia,"⚽️ El delantero argentino Rodrigo Contreras se convirtió en uno de los refuerzos ofensivos de Millonarios para la temporada 2026 y su salario ha despertado gran curiosidad entre los hinchas del fútbol colombiano. El atacante llegó procedente de Universidad de Chile en condición de préstamo por un año con opción de compra.  ￼

Según reportes de medios deportivos, Contreras ganaba en Chile cerca de 83 millones de pesos colombianos al mes, cifra que serviría como referencia para su contrato en el club bogotano. Aunque Millonarios no ha confirmado oficialmente el monto, se estima que su salario se mueve en un rango similar dentro de la nómina del equipo.  ￼

Esto lo ubica entre los sueldos altos del plantel, aunque no necesariamente como el mejor pagado del equipo. La llegada del delantero argentino responde a la apuesta del club por reforzar el ataque y mejorar su capacidad goleadora en la Liga BetPlay 2026 y torneos internacionales.",0,03/05/2026 17:31,,,Total,418,0,0,,,0,0,9,6,1,2,0.0,0.0,0.0,0.0,0.0,0.0,0.0,0.0,,,,,,,,,,,,,,,,,,,,,,,,,,,,,,,,,,,,,,,,,,,,,,,,,,,,,,,,,,,,,,,,,,,,,,,,,,,,,,,,,,,,0.0,,,,,,,,,,,,,,,,,,,,,,,,,,,,,,,,,,,,,,,,,,,,,,,,,,,,,,,,,0.0,0.0,0.0,0.0,,,,,,,,,,,,,,,,,,,,,,,,,,,,,,,,,,,,,,,,,,,,,,,,,,,1733604941204337.0,,,https://www.facebook.com/360RadioColombia/posts/pfbid0s6qvg9N4VzbrEcGdCs7NNhgTfMgQgNqvAdRj8NPTY67aHd8sWm3nFiHRnEcg8rfyl,0.0,0.0,Fotos,,,548.0,7.0,4.0,3.0,,,548.0,0.0,418.0,0.0,0.0,0.0,0.0,0.0,0.0,,,,,,,,,
,,100036645439789,360 Radio Colombia,"“Mientras miles de niños reclutados, violados y asesinados por las FARC quedan en la impunidad, las pequeñeces de la falsa política se desgarran en discusiones inanes.  En mi gobierno habrá cadena perpetua para los asesinos de niños”.

@ABDELAESPRIELLA, candidato presidencial.",179,03/05/2026 13:07,,,Total,229,122,14,3373.952,16.702,115,14,17,6,7,4,2809.936,386.97,177.046,0.0,8.6,21.128,7.377,0.0,0.8,0.47,0.35,0.98,0.25,0.2,0.16,0.16,0.14,0.14,0.14,0.14,0.12,0.12,0.1,0.1,0.1,0.1,0.09,0.09,0.09,0.08,0.07,0.07,0.07,0.07,0.07,0.07,0.07,0.07,0.07,0.07,0.07,0.07,0.07,0.07,0.07,0.07,0.07,0.07,0.07,1.0,0.5,0.32,0.35,0.35,0.35,0.35,0.44,1.0,0.44,0.5,0.5,0.5,0.56,0.59,0.71,0.88,1.0,1.0,0.32,0.32,0.29,0.26,0.26,0.26,0.26,0.24,0.24,0.24,0.24,0.24,0.24,0.24,0.24,0.24,0.24,0.24,0.24,0.24,0.24,0.24,0.0,0.0,26.0,16.0,15.0,16.0,10.0,13.0,5.0,10.0,4.0,2.0,1.0,2.0,106.0,7.0,1.0,1.0,1.0,4.0,,,,,,,,,,,,,,1.0,,,,,,,1.0,,,,,,,,,,,,,,,,,,0.0,0.0,0.0,0.0,,,,,,,,,,,,,,,,,,,,,,,,,,,,,,,,,,,,,,,,,,,,,,,,,,,1733480384550126.0,"“Mientras miles de niños reclutados, violados y asesinados por las FARC quedan en la impunidad, las pequeñeces de la falsa política se desgarran en discusiones inanes.  En mi gobierno habrá cadena perpetua para los asesinos de niños”.

@ABDELAESPRIELLA, candidato presidencial.",,https://www.facebook.com/reel/3269080876593141/,1.0,0.0,Vídeos,,,221.0,15.0,15.0,,,,220.0,0.0,229.0,0.0,122.0,0.0,0.0,0.0,0.0,,,,,,,,,
,,100036645439789,360 Radio Colombia,"🗣️ “Los terroristas están imponiendo la votación por Iván Cepeda”.

Ex presidente, #ÁlvaroUribe, en Florencia, Caquetá.",176,03/05/2026 12:01,,,Total,219,99,11,2384.921,13.103,97,11,20,14,5,1,1727.852,640.489,16.58,0.0,9.854,14.896,16.58,0.0,0.89,0.51,0.33,0.99,0.24,0.21,0.19,0.18,0.18,0.17,0.13,0.13,0.13,0.12,0.1,0.09,0.08,0.08,0.08,0.06,0.06,0.05,0.04,0.04,0.04,0.05,0.05,0.05,0.04,0.04,0.03,0.04,0.04,0.04,0.03,0.03,0.03,0.03,0.03,0.03,0.03,1.0,0.45,0.28,0.28,0.28,0.31,0.34,0.41,1.0,0.45,0.45,0.59,0.62,0.62,0.66,0.72,0.83,1.0,1.0,0.21,0.21,0.17,0.14,0.14,0.14,0.17,0.17,0.17,0.14,0.14,0.1,0.14,0.14,0.14,0.1,0.1,0.1,0.1,0.1,0.1,0.1,0.0,0.0,,,,,,,,,,,,,,,,,,,,,,,,,,,,,,,,,,,,,,,,,,,,,,,,,,,,,,,,,0.0,0.0,0.0,0.0,,,,,,,,,,,,,,,,,,,,,,,,,,,,,,,,,,,,,,,,,,,,,,,,,,,1733445681220263.0,"🗣️ “Los terroristas están imponiendo la votación por Iván Cepeda”.

Ex presidente, #ÁlvaroUribe, en Florencia, Caquetá.",,https://www.facebook.com/reel/1882656072381673/,1.0,0.0,Vídeos,,,198.0,16.0,16.0,,,,198.0,0.0,219.0,0.0,99.0,0.0,0.0,0.0,0.0,,,,,,,,,
,,100036645439789,360 Radio Colombia,⚽️ Este fue el primer gol con el que #Millonarios eliminó a Atlético Nacional de la Copa Sudamericana 2026.,30,03/05/2026 11:29,,,Total,242,142,0,2994.428,13.133,140,0,4,4,0,0,1272.339,1722.089,0.0,0.0,15.376,10.969,0.0,0.0,0.99,0.99,0.99,0.99,0.91,0.81,0.75,0.69,0.67,0.66,0.64,0.62,0.61,0.58,0.54,0.46,0.39,0.38,0.37,0.35,0.35,0.32,0.3,0.3,0.3,0.27,0.27,0.27,0.26,0.25,,0.23,0.21,0.23,,,,,,,,1.0,1.0,0.94,0.98,1.0,1.0,1.0,1.0,1.0,1.0,1.0,1.0,1.0,1.0,1.0,1.0,1.0,1.0,1.0,0.89,0.89,0.83,0.78,0.76,0.76,0.72,0.72,0.7,0.69,0.65,,0.59,0.56,0.61,,,,,,,,0.0,0.0,18.0,35.0,7.0,33.0,14.0,4.0,16.0,4.0,3.0,1.0,,2.0,123.0,13.0,2.0,,,3.0,,,,,,,,,,,,,,,,,,,,,1.0,,,,,,,,,,,,,,,,,,0.0,0.0,0.0,0.0,,,,,,,,,,,,,,,,,,,,,,,,,,,,,,,,,,,,,,,,,,,,,,,,,,,1733427004555464.0,⚽️ Este fue el primer gol con el que #Millonarios eliminó a Atlético Nacional de la Copa Sudamericana 2026.,,https://www.facebook.com/reel/1198776802062852/,1.0,0.0,Vídeos,,,274.0,10.0,10.0,,,,274.0,0.0,242.0,0.0,142.0,0.0,0.0,0.0,0.0,,,,,,,,,
,,100036645439789,360 Radio Colombia,"#ATENCIÓN ❗ 

GeoPark anunció una inversión estratégica de USD 107 millones del Grupo Gilinski, que ahora se convierte en su mayor accionista con cerca del 20 % de participación. La compañía energética planea usar estos recursos para fortalecer su crecimiento en Colombia y Argentina, impulsar proyectos en Vaca Muerta y evaluar nuevas oportunidades en América Latina. 

La operación también permitirá a GeoPark mantener solidez financiera y explorar posibles adquisiciones en el sector energético regional.

#Empresas #Colombia #Inversiones",0,03/05/2026 05:15,,,Total,324,0,0,,,0,0,5,3,0,2,0.0,0.0,0.0,0.0,0.0,0.0,0.0,0.0,,,,,,,,,,,,,,,,,,,,,,,,,,,,,,,,,,,,,,,,,,,,,,,,,,,,,,,,,,,,,,,,,,,,,,,,,,,,,,,,,,,,0.0,,,,,,,,,,,,,,,,,,,,,,,,,,,,,,,,,,,,,,,,,,,,,,,,,,,,,,,,,0.0,0.0,0.0,0.0,,,,,,,,,,,,,,,,,,,,,,,,,,,,,,,,,,,,,,,,,,,,,,,,,,,1733193551245476.0,,,https://www.facebook.com/360RadioColombia/posts/pfbid0fydXdYkTrQ3bHZ6yEGm7iJ6XyLmvFspzVgnTuua6QVtVqU9Gq9cjezr3UXy5HTjXl,0.0,0.0,Fotos,,,434.0,4.0,3.0,1.0,,,434.0,0.0,324.0,0.0,0.0,0.0,0.0,0.0,0.0,,,,,,,,,
,,100036645439789,360 Radio Colombia,"🗣️ “Colombia gasta 38% del PIB (OCDE 45%) y tiene 13% de empleo público (OCDE 18%). El problema no es tamaño: es cómo lo financiamos. Más recaudo, reglas fiscales serias y cada peso convertido en progreso. Sin motosierra, con eficiencia”.

@jdoviedoar, precandidato presidencial.",167,03/04/2026 14:55,,,Total,118,51,5,1052.179,9.394,49,5,4,2,0,2,740.528,311.651,0.0,0.0,14.166,8.229,0.0,0.0,0.84,0.49,0.35,0.98,0.24,0.22,0.16,0.16,0.12,0.12,0.12,0.12,0.1,0.1,0.1,0.1,0.1,0.1,0.1,0.1,0.06,0.06,0.06,0.02,0.02,0.02,0.02,0.02,0.02,0.02,0.02,0.02,0.02,0.02,0.02,0.02,0.02,0.0,0.0,0.0,0.0,1.0,0.46,0.38,0.38,0.38,0.38,0.38,0.38,1.0,0.38,0.46,0.46,0.46,0.62,0.62,0.85,0.85,1.0,1.0,0.38,0.23,0.23,0.23,0.08,0.08,0.08,0.08,0.08,0.08,0.08,0.08,0.08,0.08,0.08,0.08,0.08,0.08,0.0,0.0,0.0,0.0,0.0,0.0,,,,,,,,,,,,,,,,,,,,,,,,,,,,,,,,,,,,,,,,,,,,,,,,,,,,,,,,,0.0,0.0,0.0,0.0,,,,,,,,,,,,,,,,,,,,,,,,,,,,,,,,,,,,,,,,,,,,,,,,,,,1732721404626024.0,"🗣️ “Colombia gasta 38% del PIB (OCDE 45%) y tiene 13% de empleo público (OCDE 18%). El problema no es tamaño: es cómo lo financiamos. Más recaudo, reglas fiscales serias y cada peso convertido en progreso. Sin motosierra, con eficiencia”.

@jdoviedoar, precandidato presidencial.",,https://www.facebook.com/reel/3935786353385530/,1.0,0.0,Vídeos,,,116.0,1.0,1.0,,,,116.0,0.0,118.0,0.0,51.0,0.0,0.0,0.0,0.0,,,,,,,,,
,,100036645439789,360 Radio Colombia,"🗣️ “Las FARC reclutaron, violaron y asesinaron a más de 18 mil niños. Cuando lo dije hace un año, me cayeron encima. Hoy el tiempo nos da la razón”.

@miguelpolopolo, candidato a la Cámara Afro.",78,03/04/2026 13:40,,,Total,288,198,31,4934.582,16.448,194,31,24,13,1,10,3570.625,1311.889,52.068,0.0,23.427,15.391,4.339,0.0,0.99,0.92,0.73,0.99,0.66,0.53,0.44,0.41,0.4,0.38,0.34,0.32,0.32,0.31,0.28,0.27,0.25,0.25,0.24,0.23,0.22,0.22,0.21,0.21,0.21,0.19,0.18,0.18,0.17,0.16,0.15,0.16,0.16,0.16,0.15,0.15,0.14,0.14,0.14,0.14,0.14,1.0,0.8,0.6,0.63,0.63,0.66,0.7,0.78,1.0,0.79,0.85,0.95,0.99,1.0,1.0,1.0,1.0,1.0,1.0,0.56,0.55,0.55,0.53,0.51,0.51,0.46,0.45,0.44,0.43,0.4,0.38,0.39,0.39,0.39,0.38,0.36,0.35,0.34,0.34,0.34,0.34,0.0,0.0,28.0,38.0,32.0,28.0,17.0,19.0,14.0,7.0,6.0,4.0,,1.0,170.0,12.0,1.0,1.0,1.0,5.0,,,1.0,,,2.0,,,,1.0,,1.0,,,1.0,,,,,,1.0,,1.0,,,,,,,,,,,,,,,,0.0,0.0,0.0,0.0,,,,,,,,,,,,,,,,,,,,,,,,,,,,,,,,,,,,,,,,,,,,,,,,,,,1732688107962687.0,"🗣️ “Las FARC reclutaron, violaron y asesinaron a más de 18 mil niños. Cuando lo dije hace un año, me cayeron encima. Hoy el tiempo nos da la razón”.

@miguelpolopolo, candidato a la Cámara Afro.",,https://www.facebook.com/reel/1778537653144281/,1.0,0.0,Vídeos,,,318.0,9.0,9.0,,,,318.0,0.0,288.0,0.0,198.0,0.0,0.0,0.0,0.0,,,,,,,,,
,,100036645439789,360 Radio Colombia,"#ATENCIÓN 

Utilidad neta de Ecopetrol cayó 39,5% en 2025. 

Durante el año la utilidad fue de $9 billones, mientras que en 2024 la cifra se ubicó en 14,9 billones. 

360radio.com.co",0,03/04/2026 13:08,,,Total,256,0,0,,,0,0,7,2,2,3,0.0,0.0,0.0,0.0,0.0,0.0,0.0,0.0,,,,,,,,,,,,,,,,,,,,,,,,,,,,,,,,,,,,,,,,,,,,,,,,,,,,,,,,,,,,,,,,,,,,,,,,,,,,,,,,,,,,0.0,,,,,,,,,,,,,,,,,,,,,,,,,,,,,,,,,,,,,,,,,,,,,,,,,,,,,,,,,0.0,0.0,0.0,0.0,,,,,,,,,,,,,,,,,,,,,,,,,,,,,,,,,,,,,,,,,,,,,,,,,,,1732673141297517.0,,,https://www.facebook.com/360RadioColombia/posts/pfbid07fNFNbdR1mp1DtBctGhcuBFBGDZznk5DeKDVK8nQfrp8i7CbvzqaUoxvKUMdWnhil,0.0,0.0,Fotos,,,366.0,9.0,7.0,2.0,,,366.0,0.0,256.0,0.0,0.0,0.0,0.0,0.0,0.0,,,,,,,,,
,,100036645439789,360 Radio Colombia,"¡Bogotá da inicio a la construcción del nuevo estadio internacional! 🏟️
La Alcaldía de Bogotá ha dado comienzo formal a las obras del nuevo estadio que será uno de los desarrollos de infraestructura urbana más importantes del país. Este proyecto, con estándares internacionales, busca modernizar la infraestructura deportiva de la capital y ampliar las oportunidades para deportistas, aficionados y eventos de gran escala.
Durante la ceremonia de inicio, el director del IDRD, Daniel García Cañón, destacó que esta construcción representa un avance histórico: “Estamos avanzando hacia una infraestructura que cumple estándares internacionales y que ampliará las oportunidades para nuestros deportistas, hinchas y la ciudadanía. Este proyecto fortalece el ecosistema deportivo y consolida a Bogotá como una capital preparada para grandes eventos”.",0,03/04/2026 12:49,,,Total,215,0,0,,,0,0,3,1,0,2,0.0,0.0,0.0,0.0,0.0,0.0,0.0,0.0,,,,,,,,,,,,,,,,,,,,,,,,,,,,,,,,,,,,,,,,,,,,,,,,,,,,,,,,,,,,,,,,,,,,,,,,,,,,,,,,,,,,0.0,,,,,,,,,,,,,,,,,,,,,,,,,,,,,,,,,,,,,,,,,,,,,,,,,,,,,,,,,0.0,0.0,0.0,0.0,,,,,,,,,,,,,,,,,,,,,,,,,,,,,,,,,,,,,,,,,,,,,,,,,,,1732661807965317.0,,,https://www.facebook.com/360RadioColombia/posts/pfbid02ZqAi84324dBtN6czDTQZtyGEmWdK3j3pSBgtPH2fcCi9e8LMF3UotVeQdcNGC5hYl,0.0,0.0,Fotos,,,279.0,3.0,3.0,,,,279.0,0.0,215.0,0.0,0.0,0.0,0.0,0.0,0.0,,,,,,,,,
,,100036645439789,360 Radio Colombia,"🇨🇴 Las elecciones de la Consulta Presidencial, Senado de la República y Cámara de Representantes se podrán vivir en el canal de YT de 360 Radio.

Sintonícenos a partir de las 4 p.m. para estar al tanto del futuro colombiano.",0,03/04/2026 12:15,,,Total,124,0,0,,,0,0,7,3,0,4,0.0,0.0,0.0,0.0,0.0,0.0,0.0,0.0,,,,,,,,,,,,,,,,,,,,,,,,,,,,,,,,,,,,,,,,,,,,,,,,,,,,,,,,,,,,,,,,,,,,,,,,,,,,,,,,,,,,0.0,,,,,,,,,,,,,,,,,,,,,,,,,,,,,,,,,,,,,,,,,,,,,,,,,,,,,,,,,0.0,0.0,0.0,0.0,,,,,,,,,,,,,,,,,,,,,,,,,,,,,,,,,,,,,,,,,,,,,,,,,,,1732645707966927.0,,,https://www.facebook.com/360RadioColombia/posts/pfbid02SX74h6Q9Cq89g1DmsdtcTVD9zLexCgnaPzxN9NextDG2NPfhMcTSMoubvvdbAmKkl,0.0,0.0,Fotos,,,178.0,3.0,2.0,1.0,,,178.0,0.0,124.0,0.0,0.0,0.0,0.0,0.0,0.0,,,,,,,,,
,,100036645439789,360 Radio Colombia,"🇨🇴 La congresista Katherine Miranda denunció que su oficina política, ubicada en Chapinero, fue objeto de actos vandálicos. Personas sin identificar pintaron con aerosol negro los avisos y la fachada del inmueble.",21,03/04/2026 11:45,,,Total,159,95,0,2965.28,19.637,95,0,0,0,0,0,1335.314,1629.966,0.0,0.0,62.691,10.683,0.0,0.0,1.0,1.0,1.0,1.0,0.96,0.93,0.88,0.86,0.8,0.74,0.67,0.61,0.55,0.48,0.44,0.41,0.4,0.37,0.33,0.32,0.29,0.28,0.26,0.25,0.24,,,,,,,,,,,,,,,,,1.0,1.0,0.91,1.0,1.0,1.0,1.0,1.0,1.0,1.0,1.0,1.0,1.0,1.0,1.0,1.0,1.0,1.0,1.0,0.88,0.82,0.79,0.74,0.71,0.68,,,,,,,,,,,,,,,,,0.0,0.0,,,,,,,,,,,,,,,,,,,,,,,,,,,,,,,,,,,,,,,,,,,,,,,,,,,,,,,,,0.0,0.0,0.0,0.0,,,,,,,,,,,,,,,,,,,,,,,,,,,,,,,,,,,,,,,,,,,,,,,,,,,1732631047968393.0,"🇨🇴 La congresista Katherine Miranda denunció que su oficina política, ubicada en Chapinero, fue objeto de actos vandálicos. Personas sin identificar pintaron con aerosol negro los avisos y la fachada del inmueble.",,https://www.facebook.com/reel/2097295051126625/,1.0,0.0,Vídeos,,,190.0,5.0,5.0,,,,190.0,0.0,159.0,0.0,95.0,0.0,0.0,0.0,0.0,,,,,,,,,
,,100036645439789,360 Radio Colombia,"🗣️ “Es diferente en el ámbito internacional, las cosas por ahí es diferente, a otro precio, más contra ese rival”.

William Tesillo, jugador de #AtléticoNacional, en la previa del partido ante #Millonarios por la fase previa a fase de grupos de la Copa Sudamericana.",28,03/04/2026 11:20,,,Total,92,35,0,386.483,4.771,34,0,0,0,0,0,216.944,169.539,0.0,0.0,3.768,6.027,0.0,0.0,1.0,1.0,1.0,1.0,0.69,0.54,0.49,0.46,0.37,0.31,0.26,0.26,0.23,0.23,0.17,0.17,0.17,0.14,0.11,0.11,0.11,0.11,0.11,0.11,0.11,0.11,0.11,0.11,0.11,,,,,,,,,,,,,1.0,1.0,0.67,0.83,1.0,1.0,1.0,1.0,1.0,1.0,1.0,1.0,1.0,1.0,1.0,1.0,1.0,1.0,1.0,0.67,0.67,0.67,0.67,0.67,0.67,0.67,0.67,0.67,0.67,,,,,,,,,,,,,0.0,0.0,,,,,,,,,,,,,,,,,,,,,,,,,,,,,,,,,,,,,,,,,,,,,,,,,,,,,,,,,0.0,0.0,0.0,0.0,,,,,,,,,,,,,,,,,,,,,,,,,,,,,,,,,,,,,,,,,,,,,,,,,,,1732618984636266.0,"🗣️ “Es diferente en el ámbito internacional, las cosas por ahí es diferente, a otro precio, más contra ese rival”.

William Tesillo, jugador de #AtléticoNacional, en la previa del partido ante #Millonarios por la fase previa a fase de grupos de la Copa Sudamericana.",,https://www.facebook.com/reel/844239415338655/,1.0,0.0,Vídeos,,,86.0,0.0,,,,,86.0,0.0,92.0,0.0,35.0,0.0,0.0,0.0,0.0,,,,,,,,,
,,100036645439789,360 Radio Colombia,"🇨🇴 360 Radio conversa con @danielbricen, candidato a la Cámara de Representantes por Bogotá, sobre su campaña, su férrea oposición al Gobierno y el presente que vive Colombia.",114,03/04/2026 10:50,,,Total,122,84,6,1914.921,13.581,80,6,14,6,4,4,566.976,1246.42,101.525,0.0,20.434,7.986,11.281,0.0,0.99,0.68,0.45,0.99,0.37,0.32,0.24,0.24,0.2,0.15,0.14,0.14,0.13,0.12,0.12,0.11,0.11,0.1,0.1,0.08,0.07,0.08,0.08,0.07,0.07,0.07,0.07,0.07,0.07,0.07,0.07,0.07,0.07,0.07,0.06,0.06,0.06,0.06,0.06,0.06,0.06,1.0,0.5,0.33,0.33,0.38,0.38,0.42,0.42,1.0,0.46,0.5,0.54,0.71,0.83,0.83,1.0,1.0,1.0,1.0,0.29,0.25,0.29,0.29,0.25,0.25,0.25,0.25,0.25,0.25,0.25,0.25,0.25,0.25,0.25,0.21,0.21,0.21,0.21,0.21,0.21,0.21,0.0,0.0,,,,,,,,,,,,,,,,,,,,,,,,,,,,,,,,,,,,,,,,,,,,,,,,,,,,,,,,,0.0,0.0,0.0,0.0,,,,,,,,,,,,,,,,,,,,,,,,,,,,,,,,,,,,,,,,,,,,,,,,,,,1732603391304492.0,"🇨🇴 360 Radio conversa con @danielbricen, candidato a la Cámara de Representantes por Bogotá, sobre su campaña, su férrea oposición al Gobierno y el presente que vive Colombia.",,https://www.facebook.com/reel/1233144331871923/,1.0,0.0,Vídeos,,,170.0,5.0,5.0,,,,169.0,0.0,122.0,0.0,84.0,0.0,0.0,0.0,0.0,,,,,,,,,
,,100036645439789,360 Radio Colombia,"🎶 Varios de los nombres más reconocidos de la música popular colombiana se unieron para lanzar el tema “Te quiero ver campeón”, una canción creada como homenaje a la Selección Colombia rumbo al Mundial de Fútbol 2026. La colaboración incluye voces como Jessi Uribe, Paola Jara, Pipe Bueno, Arelys Henao, Jhonny Rivera, Ciro Quiñónez, Alzate, Luis Alfonso, Francy, Luisito Muñoz y Jhon Alex Castaño. ￼

📍 La producción, grabada en el barrio Manrique de Medellín, busca no solo acompañar a la Tricolor durante su participación en el torneo, sino también reflejar la cultura popular y el espíritu de unidad que moviliza a millones de aficionados en Colombia. ￼

🇨🇴 El proyecto surgió antes del fallecimiento del artista Yeison Jiménez y fue retomado como tributo a su legado, lo que ha generado gran expectativa entre seguidores del género y de la selección, quienes esperan que el tema se convierta en uno de los himnos de apoyo más sonados del año futbolero.",120,03/04/2026 10:05,,,Total,193,150,22,4871.542,10.922,146,21,3,2,0,1,1344.095,3526.754,0.693,0.0,9.331,20.062,0.693,0.0,0.99,0.67,0.57,1.0,0.49,0.44,0.41,0.38,0.35,0.3,0.29,0.27,0.25,0.23,0.23,0.23,0.23,0.23,0.22,0.19,0.15,0.14,0.14,0.14,0.14,0.14,0.15,0.13,0.13,0.13,0.11,0.12,0.11,0.12,0.11,0.1,0.1,0.09,0.09,0.09,0.08,1.0,0.61,0.49,0.51,0.52,0.52,0.51,0.52,0.99,0.55,0.66,0.67,0.78,0.85,0.93,0.99,0.99,0.99,0.99,0.42,0.33,0.31,0.31,0.31,0.31,0.31,0.33,0.3,0.28,0.28,0.24,0.27,0.24,0.27,0.24,0.22,0.22,0.21,0.21,0.19,0.18,0.0,0.0,11.0,11.0,13.0,12.0,14.0,14.0,17.0,15.0,15.0,15.0,3.0,6.0,134.0,7.0,,2.0,1.0,1.0,1.0,,2.0,1.0,,,,,,,,,,1.0,,,,,,,,,,,,,,,,,,,,,,,,,0.0,0.0,0.0,0.0,,,,,,,,,,,,,,,,,,,,,,,,,,,,,,,,,,,,,,,,,,,,,,,,,,,1732578534640311.0,"🎶 Varios de los nombres más reconocidos de la música popular colombiana se unieron para lanzar el tema “Te quiero ver campeón”, una canción creada como homenaje a la Selección Colombia rumbo al Mundial de Fútbol 2026. La colaboración incluye voces como Jessi Uribe, Paola Jara, Pipe Bueno, Arelys Henao, Jhonny Rivera, Ciro Quiñónez, Alzate, Luis Alfonso, Francy, Luisito Muñoz y Jhon Alex Castaño. ￼

📍 La producción, grabada en el barrio Manrique de Medellín, busca no solo acompañar a la Tricolor durante su participación en el torneo, sino también reflejar la cultura popular y el espíritu de unidad que moviliza a millones de aficionados en Colombia. ￼

🇨🇴 El proyecto surgió antes del fallecimiento del artista Yeison Jiménez y fue retomado como tributo a su legado, lo que ha generado gran expectativa entre seguidores del género y de la selección, quienes esperan que el tema se convierta en uno de los himnos de apoyo más sonados del año futbolero.",,https://www.facebook.com/reel/981114485090849/,1.0,0.0,Vídeos,,,486.0,2.0,2.0,,,,485.0,0.0,193.0,0.0,150.0,0.0,0.0,0.0,0.0,,,,,,,,,
,,100036645439789,360 Radio Colombia,"⚖️ Las elecciones de marzo de 2026 no solo son obligatorias para votar, sino que también implican responsabilidades ciudadanas: quienes sean designados como jurados de votación y no se presenten sin una causa justificada enfrentan multas de hasta 10 salarios mínimos legales vigentes, equivalentes a más de 17 millones de pesos colombianos. (360radio.com.co￼)

📌 Además del castigo económico, la ley contempla sanciones adicionales en casos específicos: los servidores públicos que incumplan su deber como jurados pueden incluso perder su cargo. Esta medida busca asegurar la participación efectiva de quienes son convocados para garantizar el normal desarrollo del proceso electoral. (360radio.com.co￼)

📊 La norma responde a la importancia que tienen los jurados en la logística electoral y a la necesidad de evitar faltas masivas que pongan en riesgo la organización de las votaciones el 8 de marzo, fecha en la que Colombia elegirá Congreso y se realizarán consultas interpartidistas. El llamado es a cumplir con esta obligación cívica o enfrentar las consecuencias establecidas por la ley.",0,03/04/2026 09:35,,,Total,156,0,0,,,0,0,4,2,0,2,0.0,0.0,0.0,0.0,0.0,0.0,0.0,0.0,,,,,,,,,,,,,,,,,,,,,,,,,,,,,,,,,,,,,,,,,,,,,,,,,,,,,,,,,,,,,,,,,,,,,,,,,,,,,,,,,,,,0.0,,,,,,,,,,,,,,,,,,,,,,,,,,,,,,,,,,,,,,,,,,,,,,,,,,,,,,,,,0.0,0.0,0.0,0.0,,,,,,,,,,,,,,,,,,,,,,,,,,,,,,,,,,,,,,,,,,,,,,,,,,,1732561624642002.0,,,https://www.facebook.com/360RadioColombia/posts/pfbid0Y5byao2n7XQ3pLUKuRp88C6yJeD9Uay5kk7zFLeJbHR1y4YtLziFS7rf1WMaHd1ul,0.0,0.0,Fotos,,,209.0,3.0,3.0,,,,209.0,0.0,156.0,0.0,0.0,0.0,0.0,0.0,0.0,,,,,,,,,
,,100036645439789,360 Radio Colombia,"🔥 En el clásico colombiano de la fase previa de la Copa Sudamericana, Atlético Nacional y Millonarios FC no solo pelean por avanzar en el torneo continental: también compiten por un premio económico clave. El ganador de este duelo único en el Estadio Atanasio Girardot clasificará a la fase de grupos y asegurará un ingreso de 900.000 dólares, suma que supera los 3.500 millones de pesos colombianos al cambio actual.  ￼

📊 Antes de este choque, la Conmebol ya garantizó pagos por disputar la fase previa: Millonarios recibió cerca de 250.000 USD por jugar como visitante y Nacional unos 225.000 USD por ser local. Esa base económica se convierte en un punto de partida importante para las finanzas de ambos clubes, especialmente en un calendario apretado y con exigencias en múltiples frentes.  ￼

💰 Más allá de la clasificación, la Sudamericana ofrece incentivos crecientes: los equipos que avancen a octavos, cuartos y semifinales obtienen premios adicionales de hasta 800.000 USD por ronda, y los finalistas pueden acercarse a cifras millonarias que fortalecen su estructura deportiva y administrativa. Por eso, el resultado de este clásico tendrá impacto tanto en el campo como en las arcas de cada institución.",0,03/04/2026 09:06,,,Total,281,0,0,,,0,0,1,0,0,1,0.0,0.0,0.0,0.0,0.0,0.0,0.0,0.0,,,,,,,,,,,,,,,,,,,,,,,,,,,,,,,,,,,,,,,,,,,,,,,,,,,,,,,,,,,,,,,,,,,,,,,,,,,,,,,,,,,,0.0,,,,,,,,,,,,,,,,,,,,,,,,,,,,,,,,,,,,,,,,,,,,,,,,,,,,,,,,,0.0,0.0,0.0,0.0,,,,,,,,,,,,,,,,,,,,,,,,,,,,,,,,,,,,,,,,,,,,,,,,,,,1732542431310588.0,,,https://www.facebook.com/360RadioColombia/posts/pfbid0QaWZ48XZeUJLYW4CR1SrEzsWE4ohN2PweGVaV3TSCpQqyuLLqYVrJzMJ9Zsr3Ljel,0.0,0.0,Fotos,,,354.0,3.0,2.0,1.0,,,354.0,0.0,281.0,0.0,0.0,0.0,0.0,0.0,0.0,,,,,,,,,
,,100036645439789,360 Radio Colombia,"🗳️🇨🇴 Este 8 de marzo los colombianos no recibirán un solo tarjetón… ¡serán varios!

En esta infografía le explicamos cuáles son, cómo identificarlos y qué debe tener en cuenta al momento de votar en la Consulta Presidencial. Un proceso clave que definirá quiénes avanzan en la carrera por la Casa de Nariño.

Infórmese, revise bien su mesa de votación y participe. La democracia se ejerce con conocimiento.",0,03/04/2026 05:51,,,Total,164,0,0,,,0,0,3,2,0,1,0.0,0.0,0.0,0.0,0.0,0.0,0.0,0.0,,,,,,,,,,,,,,,,,,,,,,,,,,,,,,,,,,,,,,,,,,,,,,,,,,,,,,,,,,,,,,,,,,,,,,,,,,,,,,,,,,,,0.0,,,,,,,,,,,,,,,,,,,,,,,,,,,,,,,,,,,,,,,,,,,,,,,,,,,,,,,,,0.0,0.0,0.0,0.0,,,,,,,,,,,,,,,,,,,,,,,,,,,,,,,,,,,,,,,,,,,,,,,,,,,1732405774657587.0,,,https://www.facebook.com/360RadioColombia/posts/pfbid08u1UVYja2Lz7bnd51WVWLqP7zmT51reVGLqvEecBcJogiYFZ19RrhyLWj7auTm16l,0.0,0.0,Fotos,,,245.0,7.0,,7.0,,,245.0,0.0,164.0,0.0,0.0,0.0,0.0,0.0,0.0,,,,,,,,,
,,100036645439789,360 Radio Colombia,"#EntreVoces Semana clave para las elecciones en Colombia y 360 dialogó con @andresgaviriacano, candidato a la Cámara de Representantes por Antioquia, sobre este cierre de campaña y lo relevante que es elegir bien en el departamento. 

¡Mira el capítulo estreno hoy desde las 19:30 hs! 

#Podcast #Antioquia #AndresGaviria #CentroDemocratico",69,03/03/2026 14:05,,,Total,83,32,5,616.439,5.603,29,5,13,7,0,6,226.762,139.45,250.227,0.0,4.649,3.979,10.88,0.0,1.0,0.88,0.59,1.0,0.5,0.34,0.31,0.31,0.28,0.22,0.19,0.16,0.16,0.16,0.16,0.16,0.16,0.16,0.16,0.16,0.16,0.16,0.16,0.16,0.16,0.16,0.16,0.16,0.16,0.16,0.16,0.16,0.16,0.16,0.16,0.16,0.16,0.16,0.16,0.13,0.13,1.0,0.71,0.71,0.71,0.71,0.71,0.71,0.71,1.0,0.71,0.86,1.0,1.0,1.0,1.0,1.0,1.0,1.0,1.0,0.71,0.71,0.71,0.71,0.71,0.71,0.71,0.71,0.71,0.71,0.71,0.71,0.71,0.71,0.71,0.71,0.71,0.71,0.71,0.71,0.57,0.57,0.0,0.0,,,,,,,,,,,,,,,,,,,,,,,,,,,,,,,,,,,,,,,,,,,,,,,,,,,,,,,,,0.0,0.0,0.0,0.0,,,,,,,,,,,,,,,,,,,,,,,,,,,,,,,,,,,,,,,,,,,,,,,,,,,1731835161381315.0,"#EntreVoces Semana clave para las elecciones en Colombia y 360 dialogó con @andresgaviriacano, candidato a la Cámara de Representantes por Antioquia, sobre este cierre de campaña y lo relevante que es elegir bien en el departamento. 

¡Mira el capítulo estreno hoy desde las 19:30 hs! 

#Podcast #Antioquia #AndresGaviria #CentroDemocratico",,https://www.facebook.com/reel/934578185622969/,1.0,0.0,Vídeos,,,112.0,1.0,1.0,,,,112.0,0.0,83.0,0.0,32.0,0.0,0.0,0.0,0.0,,,,,,,,,
,,100036645439789,360 Radio Colombia,"🔴🚨 En el barrio Los Almendros, en #Cali, un escolta adscrito a la Unidad Nacional de Protección frustró un atentado en su contra y abatió al presunto sicario que intentó atacarlo, en un hecho que quedó grabado en cámaras de seguridad y es investigado por la Fiscalía. El caso reabre el debate sobre el riesgo permanente que enfrentan los esquemas de protección en medio del repunte de homicidios selectivos y violencia urbana en la ciudad. Las autoridades deberán establecer si actuó en legítima defensa y si detrás del ataque hay una estructura criminal organizada.",49,03/03/2026 13:41,,,Total,1177,769,0,37358.998,32.457,763,0,47,33,11,3,35144.789,2214.209,0.0,0.0,19.423,33.891,0.0,0.0,1.0,1.0,0.97,1.0,0.91,0.86,0.82,0.78,0.75,0.72,0.71,0.7,0.7,0.69,0.68,0.67,0.66,0.66,0.65,0.65,0.64,0.62,0.62,0.62,0.61,0.61,0.6,0.59,0.59,0.58,0.55,0.57,0.56,0.57,0.55,0.54,0.53,0.52,0.51,0.5,0.49,1.0,1.0,0.94,0.95,0.96,0.97,0.98,0.99,1.0,1.0,1.0,1.0,1.0,1.0,1.0,1.0,1.0,1.0,1.0,0.93,0.92,0.9,0.89,0.89,0.88,0.88,0.87,0.85,0.85,0.84,0.8,0.82,0.81,0.83,0.79,0.78,0.77,0.75,0.73,0.72,0.71,0.0,0.01,126.0,158.0,67.0,106.0,98.0,63.0,44.0,45.0,30.0,14.0,4.0,5.0,686.0,43.0,11.0,3.0,3.0,11.0,1.0,,2.0,,,1.0,,,,1.0,,1.0,1.0,,1.0,,,,,,1.0,,,,,1.0,,,,,,,,,,1.0,,,0.0,0.0,0.0,0.0,1.0,,,,,,,,,,,,,,,,,,,,,,,,,,,,,,,,,,,,,,,,,,,,,,,,,,1731825578048940.0,"🔴🚨 En el barrio Los Almendros, en #Cali, un escolta adscrito a la Unidad Nacional de Protección frustró un atentado en su contra y abatió al presunto sicario que intentó atacarlo, en un hecho que quedó grabado en cámaras de seguridad y es investigado por la Fiscalía. El caso reabre el debate sobre el riesgo permanente que enfrentan los esquemas de protección en medio del repunte de homicidios selectivos y violencia urbana en la ciudad. Las autoridades deberán establecer si actuó en legítima defensa y si detrás del ataque hay una estructura criminal organizada.",,https://www.facebook.com/reel/846087325153932/,1.0,0.0,Vídeos,,,1705.0,133.0,133.0,,,,1695.0,0.0,1177.0,0.0,769.0,0.0,0.0,0.0,0.0,,,,,,,,,
,,100036645439789,360 Radio Colombia,"🗣️ “Buen día quiero denunciar esto. A las 6:15AM de hoy 3 de marzo, salió este tipo en moto de Placa IBV18H a darle vueltas a la cancha de microfutbol en el barrio Florencia localidad de Engativá, pensando que está en un autódromo. Al pedirle que se bajara a la calle sale con la excusa de que le pareció buena idea practicar en la mitad del parque”.

Denuncia una ciudadana en #Bogotá.",12,03/03/2026 13:07,,,Total,292,197,0,2817.993,9.784,195,0,2,0,0,2,2249.385,564.315,4.293,0.0,10.078,9.78,2.147,0.0,1.0,1.0,1.0,1.0,0.93,0.86,0.79,0.73,0.67,0.63,0.59,0.54,0.5,,,,,,,,,,,,,,,,,,,,,,,,,,,,,1.0,1.0,,,,,,,1.0,0.98,1.0,1.0,1.0,1.0,1.0,1.0,1.0,1.0,1.0,,,,,,,,,,,,,,,,,,,,,,,0.0,0.0,18.0,43.0,19.0,21.0,26.0,16.0,16.0,10.0,11.0,5.0,4.0,4.0,186.0,8.0,,,,1.0,,,1.0,,,,1.0,,,,,,,,,,,,,,,,,,,,,,,,,,,,,,,,0.0,0.0,0.0,0.0,,,,,,,,,,,,,,,,,,,,,,,,,,,,,,,,,,,,,,,,,,,,,,,,,,,1731809818050516.0,"🗣️ “Buen día quiero denunciar esto. A las 6:15AM de hoy 3 de marzo, salió este tipo en moto de Placa IBV18H a darle vueltas a la cancha de microfutbol en el barrio Florencia localidad de Engativá, pensando que está en un autódromo. Al pedirle que se bajara a la calle sale con la excusa de que le pareció buena idea practicar en la mitad del parque”.

Denuncia una ciudadana en #Bogotá.",,https://www.facebook.com/reel/754088144224784/,1.0,0.0,Vídeos,,,448.0,8.0,8.0,,,,447.0,0.0,292.0,0.0,197.0,0.0,0.0,0.0,0.0,,,,,,,,,
,,100036645439789,360 Radio Colombia,"🗳️ En conversación con Entre Voces by 360 Radio, el expresidente y actual candidato al Senado, Álvaro Uribe Vélez, abordó los principales temas de la coyuntura nacional a pocos días de las elecciones. Durante la entrevista habló sobre austeridad fiscal, crecimiento económico, reformas a la salud y pensiones, así como el panorama político de cara a la jornada electoral.",0,03/03/2026 12:40,,,Total,245,0,0,,,0,0,24,15,6,3,0.0,0.0,0.0,0.0,0.0,0.0,0.0,0.0,,,,,,,,,,,,,,,,,,,,,,,,,,,,,,,,,,,,,,,,,,,,,,,,,,,,,,,,,,,,,,,,,,,,,,,,,,,,,,,,,,,,0.0,,,,,,,,,,,,,,,,,,,,,,,,,,,,,,,,,,,,,,,,,,,,,,,,,,,,,,,,,0.0,0.0,0.0,0.0,,,,,,,,,,,,,,,,,,,,,,,,,,,,,,,,,,,,,,,,,,,,,,,,,,,1731796874718477.0,,,https://www.facebook.com/360RadioColombia/posts/pfbid02wRNVMqptkKyWoG5U4mQbxHvzEBCaq7ffrPSfV51TEm4Xrind5segYjhfJ5x8oAYol,0.0,0.0,Fotos,,,394.0,20.0,15.0,5.0,,,394.0,0.0,245.0,0.0,0.0,0.0,0.0,0.0,0.0,,,,,,,,,
,,100036645439789,360 Radio Colombia,🔒 Capturan en el sur de #Bogotá a presunto ladrón en moto que tenía 11 celulares robados y portaba un arma traumática: así operaba en los atracos.,68,03/03/2026 12:30,,,Total,130,70,2,1120.429,7.674,68,2,3,2,0,1,940.271,180.158,0.0,0.0,3.604,9.795,0.0,0.0,1.0,0.89,0.67,1.0,0.57,0.46,0.36,0.3,0.27,0.26,0.24,0.24,0.23,0.21,0.21,0.2,0.19,0.17,0.16,0.16,0.16,0.14,0.11,0.11,0.1,0.1,0.07,0.07,0.07,0.04,0.03,0.03,0.03,0.03,0.03,0.03,0.03,0.03,0.03,0.03,0.03,1.0,0.94,0.61,0.67,0.72,0.78,0.83,0.83,1.0,0.89,0.94,1.0,1.0,1.0,1.0,1.0,1.0,1.0,1.0,0.61,0.61,0.56,0.44,0.44,0.39,0.39,0.28,0.28,0.28,0.17,0.11,0.11,0.11,0.11,0.11,0.11,0.11,0.11,0.11,0.11,0.11,0.0,0.0,,,,,,,,,,,,,,,,,,,,,,,,,,,,,,,,,,,,,,,,,,,,,,,,,,,,,,,,,0.0,0.0,0.0,0.0,,,,,,,,,,,,,,,,,,,,,,,,,,,,,,,,,,,,,,,,,,,,,,,,,,,1731792448052253.0,🔒 Capturan en el sur de #Bogotá a presunto ladrón en moto que tenía 11 celulares robados y portaba un arma traumática: así operaba en los atracos.,,https://www.facebook.com/reel/2882483308623808/,1.0,0.0,Vídeos,,,152.0,2.0,2.0,,,,152.0,0.0,130.0,0.0,70.0,0.0,0.0,0.0,0.0,,,,,,,,,
,,100036645439789,360 Radio Colombia,🤖 Capturan en el sur de Bogotá a presunto ladrón en moto que tenía 11 celulares robados y portaba un arma traumática: así operaba en los atracos.,68,03/03/2026 12:28,,,Total,151,80,5,1733.443,11.954,80,5,4,4,0,0,1363.615,369.828,0.0,0.0,6.978,14.822,0.0,0.0,1.0,0.94,0.81,1.0,0.69,0.54,0.45,0.43,0.38,0.36,0.36,0.34,0.33,0.33,0.3,0.25,0.23,0.24,0.24,0.24,0.24,0.24,0.24,0.21,0.19,0.18,0.18,0.16,0.15,0.14,0.11,0.11,0.11,0.11,0.09,0.08,0.06,0.06,0.05,0.05,0.04,1.0,0.9,0.63,0.63,0.6,0.67,0.8,0.87,1.0,0.87,0.97,0.97,0.97,0.97,0.97,0.97,1.0,1.0,1.0,0.63,0.63,0.63,0.63,0.57,0.5,0.47,0.47,0.43,0.4,0.37,0.3,0.3,0.3,0.3,0.23,0.2,0.17,0.17,0.13,0.13,0.1,0.0,0.0,,,,,,,,,,,,,,,,,,,,,,,,,,,,,,,,,,,,,,,,,,,,,,,,,,,,,,,,,0.0,0.0,0.0,0.0,,,,,,,,,,,,,,,,,,,,,,,,,,,,,,,,,,,,,,,,,,,,,,,,,,,1731791051385726.0,🤖 Capturan en el sur de Bogotá a presunto ladrón en moto que tenía 11 celulares robados y portaba un arma traumática: así operaba en los atracos.,,https://www.facebook.com/reel/1469107837893054/,1.0,0.0,Vídeos,,,155.0,3.0,3.0,,,,155.0,0.0,151.0,0.0,80.0,0.0,0.0,0.0,0.0,,,,,,,,,
,,100036645439789,360 Radio Colombia,🌳 En video quedó registrado cómo se salvó un jabalí de ser cazado por un león. Los cocodrilos fueron sus mayores aliados.,16,03/03/2026 12:18,,,Total,1341,912,0,19301.464,14.578,910,0,22,18,2,2,12257.439,6933.267,110.758,0.0,11.832,17.048,5.83,0.0,1.0,1.0,1.0,1.0,0.97,0.94,0.91,0.9,0.89,0.88,0.85,0.83,0.82,0.81,0.79,0.73,0.69,,,,,,,,,,,,,,,,,,,,,,,,,1.0,1.0,,,0.97,1.0,1.0,1.0,1.0,1.0,1.0,1.0,1.0,1.0,1.0,1.0,1.0,1.0,1.0,,,,,,,,,,,,,,,,,,,,,,,0.0,0.01,120.0,163.0,56.0,166.0,138.0,42.0,86.0,22.0,41.0,35.0,11.0,16.0,729.0,37.0,19.0,39.0,4.0,22.0,11.0,1.0,2.0,1.0,4.0,1.0,9.0,,1.0,,2.0,5.0,2.0,3.0,,,,,2.0,,2.0,,4.0,,2.0,,1.0,,,6.0,,,1.0,,,1.0,,,0.0,0.0,0.0,0.0,,,,,,,,,,,,,1.0,,,,,,,,,,,,,,,,,,,,,,,,,,,,,,,,,,,,,,1731786288052869.0,🌳 En video quedó registrado cómo se salvó un jabalí de ser cazado por un león. Los cocodrilos fueron sus mayores aliados.,,https://www.facebook.com/reel/2327084444463105/,1.0,0.0,Vídeos,,,2201.0,32.0,32.0,,,,2201.0,0.0,1341.0,0.0,912.0,0.0,0.0,0.0,0.0,,,,,,,,,
,,100036645439789,360 Radio Colombia,"🇪🇸 El presidente Trump ordena suspender las relaciones comerciales con España.

El gobierno español, en defensa del régimen iraní, no permitió que Estados Unidos utilice las bases de Rota y Morón.",64,03/03/2026 11:52,,,Total,249,125,3,1616.713,6.764,125,3,8,6,0,2,792.241,824.472,0.0,0.0,6.019,7.768,0.0,0.0,1.0,0.98,0.7,1.0,0.53,0.41,0.33,0.28,0.24,0.22,0.21,0.17,0.17,0.15,0.14,0.13,0.12,0.1,0.09,0.08,0.07,0.06,0.06,0.05,0.05,0.05,0.03,0.03,0.03,0.02,0.02,0.02,0.02,0.02,0.02,0.02,0.02,0.02,0.03,0.02,0.02,1.0,0.78,0.41,0.48,0.56,0.59,0.63,0.7,1.0,0.78,0.96,1.0,1.0,1.0,1.0,1.0,1.0,1.0,1.0,0.37,0.33,0.3,0.26,0.22,0.22,0.22,0.15,0.15,0.15,0.11,0.11,0.11,0.11,0.11,0.11,0.11,0.11,0.11,0.11,0.07,0.07,0.0,0.0,16.0,20.0,14.0,23.0,12.0,8.0,14.0,8.0,2.0,3.0,,1.0,90.0,10.0,4.0,8.0,2.0,2.0,1.0,,,,,,,,,,,1.0,,,,,,1.0,,,,,2.0,,,,4.0,,,,,,,,,,,,0.0,0.0,0.0,0.0,,,,,,,,,,,,,,,,,,,,,,,,,,,,,,,,,,,,,,,,,,,,,,,,,,,1731774261387405.0,"🇪🇸 El presidente Trump ordena suspender las relaciones comerciales con España.

El gobierno español, en defensa del régimen iraní, no permitió que Estados Unidos utilice las bases de Rota y Morón.",,https://www.facebook.com/reel/2689268848110990/,1.0,0.0,Vídeos,,,251.0,2.0,2.0,,,,251.0,0.0,249.0,0.0,125.0,0.0,0.0,0.0,0.0,,,,,,,,,
,,100036645439789,360 Radio Colombia,"🏦 Una empresaria de Bogotá denunció públicamente a Bancolombia por la presunta desaparición de $66,5 millones de la cuenta corporativa de su negocio, asegurando que el 17 de septiembre, mientras intentaban pagar la nómina y la plataforma reportaba fallas por supuesto mantenimiento, comenzaron a registrarse transferencias no autorizadas incluso sin validación de los tokens de seguridad.",151,03/03/2026 11:12,,,Total,408,228,11,3876.476,8.952,227,11,11,10,0,1,596.369,3262.928,17.179,0.0,8.542,11.928,17.179,0.0,0.91,0.5,0.29,1.0,0.2,0.16,0.13,0.11,0.1,0.1,0.1,0.09,0.07,0.07,0.07,0.06,0.05,0.05,0.04,0.04,0.03,0.03,0.03,0.03,0.03,0.03,0.03,0.03,0.03,0.03,0.03,0.03,0.03,0.03,0.03,0.03,0.02,0.02,0.02,0.02,0.01,1.0,0.44,0.22,0.24,0.24,0.31,0.33,0.38,1.0,0.38,0.49,0.49,0.51,0.58,0.67,0.82,1.0,1.0,1.0,0.2,0.16,0.16,0.16,0.16,0.16,0.16,0.16,0.16,0.16,0.16,0.16,0.16,0.16,0.16,0.16,0.16,0.11,0.11,0.11,0.11,0.07,0.0,0.0,27.0,48.0,9.0,39.0,27.0,18.0,18.0,12.0,10.0,8.0,1.0,5.0,209.0,11.0,,,,1.0,1.0,,,,,,,,1.0,1.0,,1.0,,,,,,,1.0,,,,,,,1.0,,,,,,,,,,,,,0.0,0.0,0.0,0.0,,,,,,1.0,,,,,,,,,,,,,,,,,,,,,,,,,,,,,,,,,,,,,,,,,,,,,1731756064722558.0,"🏦 Una empresaria de Bogotá denunció públicamente a Bancolombia por la presunta desaparición de $66,5 millones de la cuenta corporativa de su negocio, asegurando que el 17 de septiembre, mientras intentaban pagar la nómina y la plataforma reportaba fallas por supuesto mantenimiento, comenzaron a registrarse transferencias no autorizadas incluso sin validación de los tokens de seguridad.",,https://www.facebook.com/reel/922939033566087/,1.0,0.0,Vídeos,,,453.0,2.0,2.0,,,,453.0,0.0,408.0,0.0,228.0,0.0,0.0,0.0,0.0,,,,,,,,,
,,100036645439789,360 Radio Colombia,"🗣️ “Ya se sabrán las medidas cautelares, si hay lugar a ellas y al final de un debido proceso, con garantía de la defensa, se sabrá el resultado final”.

El procurador general, Gregorio Eljach, confirmó que actualmente hay 38 investigaciones por participación indebida en política.",20,03/03/2026 11:01,,,Total,436,204,0,2810.905,6.552,204,0,9,5,0,4,770.65,2022.953,17.302,0.0,5.986,8.962,3.461,0.0,1.0,1.0,1.0,1.0,0.91,0.8,0.72,0.61,0.55,0.51,0.44,0.37,0.32,0.29,0.27,0.25,0.23,0.23,0.21,0.2,0.19,,,,,,,,,,,,,,,,,,,,,1.0,1.0,0.86,0.92,0.94,1.0,1.0,1.0,1.0,1.0,1.0,1.0,1.0,1.0,1.0,1.0,1.0,1.0,1.0,0.8,0.76,,,,,,,,,,,,,,,,,,,,,0.0,0.0,32.0,40.0,20.0,45.0,19.0,13.0,11.0,6.0,12.0,,1.0,1.0,184.0,9.0,2.0,1.0,2.0,4.0,,,1.0,,,,,,,,,,,,,,,,1.0,,,,,,,,,,,,,,,,,,,,0.0,0.0,0.0,0.0,,,,,,,,,,,,,,,,,,,,,,,,,,,,,,,,,,,,,,,,,,,,,,,,,,,1731749644723200.0,"🗣️ “Ya se sabrán las medidas cautelares, si hay lugar a ellas y al final de un debido proceso, con garantía de la defensa, se sabrá el resultado final”.

El procurador general, Gregorio Eljach, confirmó que actualmente hay 38 investigaciones por participación indebida en política.",,https://www.facebook.com/reel/1972694830302098/,1.0,0.0,Vídeos,,,495.0,2.0,2.0,,,,495.0,0.0,436.0,0.0,204.0,0.0,0.0,0.0,0.0,,,,,,,,,
,,100036645439789,360 Radio Colombia,"🗣️ “Daré lo mejor por #Colombia”.

#ÁlvaroUribe, candidato al Senado de la República, en la recta final de su campaña.",13,03/03/2026 10:02,,,Total,3751,2005,0,35468.66,9.15,1964,0,266,152,108,6,1964.467,33421.056,83.137,0.0,9.095,10.619,5.197,0.0,1.0,1.0,1.0,1.0,0.98,0.89,0.82,0.77,0.73,0.69,0.65,0.64,0.62,0.6,0.57,0.52,0.48,,,,,,,,,,,,,,,,,,,,,,,,,1.0,1.0,,,0.97,1.0,1.0,1.0,1.0,1.0,1.0,1.0,1.0,1.0,1.0,1.0,1.0,1.0,1.0,,,,,,,,,,,,,,,,,,,,,,,0.0,0.01,499.0,493.0,77.0,381.0,211.0,64.0,119.0,52.0,29.0,23.0,7.0,9.0,1868.0,50.0,17.0,15.0,4.0,11.0,3.0,,,,2.0,7.0,7.0,,1.0,2.0,,4.0,,,,1.0,,3.0,2.0,1.0,,,2.0,,1.0,,1.0,,,1.0,,,,1.0,,1.0,,,0.0,0.0,0.0,0.0,,,,,,,,,,,,,,,,,,,,,,,,,,,,,,,,,,,,,,,,,,,,,,,,,,,1731717394726425.0,"🗣️ “Daré lo mejor por #Colombia”.

#ÁlvaroUribe, candidato al Senado de la República, en la recta final de su campaña.",,https://www.facebook.com/reel/2051310825426574/,1.0,0.0,Vídeos,,,5502.0,157.0,157.0,,,,5499.0,0.0,3751.0,0.0,2005.0,0.0,0.0,3.0,3.0,,,,,,,,,
,,100036645439789,360 Radio Colombia,"📢 Los equipos históricos ya están presionando fuerte a Dimayor para cambiar el modelo de reparto de los derechos de televisión. La discusión surge porque el contrato actual está por vencer en 2026 y nadie quiere quedarse con migajas mientras las audiencias y el negocio crecen.

Los clubes seguidores de tradición piden que no solo se premie la antigüedad sino también la audiencia, resultados y peso comercial. Hoy, los ingresos se dividen en clases A y B, donde los equipos estables reciben más que los que suben y bajan.
Este debate podría redefinir cómo se financia y escucha el fútbol en Colombia desde 2027.  ￼

📺💸 La fórmula actual deja por fuera factores como el impacto mediático real de cada club, según voces internas del fútbol nacional. Si la negociación cambia, equipos que ahora reciben menos podrían ver un aumento enorme en sus ingresos por derechos.
Más plata en taquilla digital = más inversión en jugadores, infraestructura y marketing, dicen los hinchas.",0,03/03/2026 08:36,,,Total,152,0,0,,,0,0,1,0,0,1,0.0,0.0,0.0,0.0,0.0,0.0,0.0,0.0,,,,,,,,,,,,,,,,,,,,,,,,,,,,,,,,,,,,,,,,,,,,,,,,,,,,,,,,,,,,,,,,,,,,,,,,,,,,,,,,,,,,0.0,,,,,,,,,,,,,,,,,,,,,,,,,,,,,,,,,,,,,,,,,,,,,,,,,,,,,,,,,0.0,0.0,0.0,0.0,,,,,,,,,,,,,,,,,,,,,,,,,,,,,,,,,,,,,,,,,,,,,,,,,,,1731665544731610.0,,,https://www.facebook.com/360RadioColombia/posts/pfbid0296NAqQKy9K6eFgbx3ZE293jZQKMWEBvzMu8XA1wQNJLn5XGAvLMj6UcGqt5Kyoxil,0.0,0.0,Fotos,,,197.0,0.0,,,,,197.0,0.0,152.0,0.0,0.0,0.0,0.0,0.0,0.0,,,,,,,,,
,,100036645439789,360 Radio Colombia,"🗣️ “Gobierno Petro, qué descaro. Ahora dicen que en Antioquia están fingiendo atentados. ¿También van a negar que están disparados el terrorismo, el homicidio y el secuestro? Conmigo todos los violentos para la cárcel”.

Paloma Valencia, precandidata presidencial.",58,03/02/2026 18:42,,,Total,89,42,0,674.153,8.221,42,0,5,2,1,2,592.364,70.594,11.195,0.0,7.06,8.463,5.598,0.0,1.0,1.0,0.93,1.0,0.74,0.62,0.55,0.45,0.38,0.31,0.29,0.26,0.21,0.21,0.21,0.21,0.21,0.21,0.21,0.14,0.1,0.1,0.1,0.1,0.1,0.1,0.1,0.07,0.07,0.07,0.07,0.07,0.07,0.07,0.07,0.07,0.07,0.07,0.05,0.05,0.05,1.0,0.92,0.75,0.75,0.75,0.75,0.75,0.75,1.0,0.75,1.0,1.0,1.0,1.0,1.0,1.0,1.0,1.0,1.0,0.5,0.33,0.33,0.33,0.33,0.33,0.33,0.33,0.25,0.25,0.25,0.25,0.25,0.25,0.25,0.25,0.25,0.25,0.25,0.17,0.17,0.17,0.0,0.0,,,,,,,,,,,,,,,,,,,,,,,,,,,,,,,,,,,,,,,,,,,,,,,,,,,,,,,,,0.0,0.0,0.0,0.0,,,,,,,,,,,,,,,,,,,,,,,,,,,,,,,,,,,,,,,,,,,,,,,,,,,1731180571446774.0,"🗣️ “Gobierno Petro, qué descaro. Ahora dicen que en Antioquia están fingiendo atentados. ¿También van a negar que están disparados el terrorismo, el homicidio y el secuestro? Conmigo todos los violentos para la cárcel”.

Paloma Valencia, precandidata presidencial.",,https://www.facebook.com/reel/2230166434388490/,1.0,0.0,Vídeos,,,85.0,4.0,4.0,,,,85.0,0.0,89.0,0.0,42.0,0.0,0.0,0.0,0.0,,,,,,,,,
,,100036645439789,360 Radio Colombia,"🗳️ Sergio Fajardo, precandidato presidencial, comparó los recursos de su campaña con los de sus competidores, Iván Cepeda y Abelardo De La Espriella, quienes además lideran las encuestas de intención de voto para este 8 de marzo.",38,03/02/2026 18:00,,,Total,196,109,0,2191.687,12.176,108,0,4,3,0,1,1745.196,446.491,0.0,0.0,17.86,11.26,0.0,0.0,1.0,1.0,1.0,1.0,0.94,0.91,0.82,0.75,0.69,0.63,0.6,0.5,0.48,0.48,0.44,0.42,0.39,0.39,0.39,0.38,0.37,0.37,0.37,0.35,0.33,0.32,0.32,0.31,0.3,0.3,0.28,0.29,0.28,0.29,0.28,0.28,0.28,0.27,0.27,0.27,0.27,1.0,0.98,0.93,0.93,0.96,0.98,0.98,0.98,1.0,0.98,1.0,1.0,1.0,1.0,1.0,1.0,1.0,1.0,1.0,0.91,0.89,0.89,0.89,0.84,0.8,0.78,0.78,0.76,0.73,0.73,0.69,0.71,0.69,0.71,0.69,0.69,0.67,0.64,0.64,0.64,0.64,0.0,0.0,13.0,20.0,12.0,15.0,16.0,9.0,9.0,9.0,,3.0,,,102.0,4.0,1.0,,1.0,,,,1.0,,,,,,,,,,,,,,,,,,,,,,,,,,,,,,,,,,,,0.0,0.0,0.0,0.0,,,,,,,,,,,,,,,,,,,,,,,,,,,,,,,,,,,,,,,,,,,,,,,,,,,1731155514782613.0,"🗳️ Sergio Fajardo, precandidato presidencial, comparó los recursos de su campaña con los de sus competidores, Iván Cepeda y Abelardo De La Espriella, quienes además lideran las encuestas de intención de voto para este 8 de marzo.",,https://www.facebook.com/reel/937520812295669/,1.0,0.0,Vídeos,,,207.0,7.0,7.0,,,,207.0,0.0,196.0,0.0,109.0,0.0,0.0,0.0,0.0,,,,,,,,,
,,100036645439789,360 Radio Colombia,"🗣️ “Gobierno Petro, qué descaro. Ahora dicen que en Antioquia están fingiendo atentados. ¿También van a negar que están disparados el terrorismo, el homicidio y el secuestro? Conmigo todos los violentos para la cárcel”.

Paloma Valencia, precandidata presidencial.",54,03/02/2026 17:25,,,Total,102,47,0,723.628,8.223,46,0,11,4,6,1,683.244,37.553,2.831,0.0,2.889,9.234,2.831,0.0,1.0,1.0,0.81,1.0,0.68,0.62,0.49,0.49,0.43,0.4,0.4,0.36,0.34,0.32,0.32,0.28,0.26,0.19,0.19,0.17,0.17,0.17,0.15,0.13,0.11,0.09,0.09,0.06,0.04,0.02,0.02,0.02,0.02,0.02,0.02,0.02,0.02,0.02,0.02,0.02,0.02,1.0,1.0,0.53,0.53,0.71,0.76,0.88,0.88,1.0,0.94,1.0,1.0,1.0,1.0,1.0,1.0,1.0,1.0,1.0,0.47,0.47,0.47,0.41,0.35,0.29,0.24,0.24,0.18,0.12,0.06,0.06,0.06,0.06,0.06,0.06,0.06,0.06,0.06,0.06,0.06,0.06,0.0,0.0,,,,,,,,,,,,,,,,,,,,,,,,,,,,,,,,,,,,,,,,,,,,,,,,,,,,,,,,,0.0,0.0,0.0,0.0,,,,,,,,,,,,,,,,,,,,,,,,,,,,,,,,,,,,,,,,,,,,,,,,,,,1731135128117985.0,"🗣️ “Gobierno Petro, qué descaro. Ahora dicen que en Antioquia están fingiendo atentados. ¿También van a negar que están disparados el terrorismo, el homicidio y el secuestro? Conmigo todos los violentos para la cárcel”.

Paloma Valencia, precandidata presidencial.",,https://www.facebook.com/reel/2425619484556799/,1.0,0.0,Vídeos,,,97.0,8.0,8.0,,,,97.0,0.0,102.0,0.0,47.0,0.0,0.0,1.0,1.0,,,,,,,,,
,,100036645439789,360 Radio Colombia,"🇨🇴 Rodrigo Londoño, alias Timochenko, reconoció ante la JEP el reclutamiento de menores.",64,03/02/2026 16:59,,,Total,124,96,7,2141.239,11.037,92,7,8,3,1,4,641.954,1082.529,416.756,0.0,10.118,13.956,10.165,0.0,0.97,0.93,0.79,0.97,0.68,0.53,0.43,0.38,0.32,0.29,0.29,0.27,0.24,0.23,0.23,0.24,0.24,0.22,0.22,0.19,0.18,0.18,0.16,0.15,0.15,0.16,0.16,0.15,0.15,0.14,0.13,0.14,0.13,0.13,0.11,0.11,0.11,0.09,0.09,0.08,0.07,1.0,0.89,0.75,0.75,0.82,0.82,0.79,0.79,1.0,0.82,0.96,0.96,0.93,0.93,0.93,0.96,0.96,0.96,0.96,0.64,0.61,0.61,0.54,0.5,0.5,0.54,0.54,0.5,0.5,0.46,0.43,0.46,0.43,0.43,0.39,0.39,0.39,0.32,0.32,0.29,0.25,0.0,0.0,,,,,,,,,,,,,,,,,,,,,,,,,,,,,,,,,,,,,,,,,,,,,,,,,,,,,,,,,0.0,0.0,0.0,0.0,,,,,,,,,,,,,,,,,,,,,,,,,,,,,,,,,,,,,,,,,,,,,,,,,,,1731119398119558.0,"🇨🇴 Rodrigo Londoño, alias Timochenko, reconoció ante la JEP el reclutamiento de menores.",,https://www.facebook.com/reel/1553741679235205/,1.0,0.0,Vídeos,,,229.0,7.0,7.0,,,,228.0,0.0,124.0,0.0,96.0,0.0,0.0,0.0,0.0,,,,,,,,,
,,100036645439789,360 Radio Colombia,"💼 Este incremento responde principalmente al ajuste del salario mínimo de este año y refleja cómo la reducción progresiva de la jornada laboral (de 48 a 42 horas semanales) eleva automáticamente el costo por hora trabajada para los empleadores. Para conocer cuánto terminaría ganando al día, siga el link del primer comentario.",0,03/02/2026 16:40,,,Total,177,0,0,,,0,0,5,1,1,3,0.0,0.0,0.0,0.0,0.0,0.0,0.0,0.0,,,,,,,,,,,,,,,,,,,,,,,,,,,,,,,,,,,,,,,,,,,,,,,,,,,,,,,,,,,,,,,,,,,,,,,,,,,,,,,,,,,,0.0,,,,,,,,,,,,,,,,,,,,,,,,,,,,,,,,,,,,,,,,,,,,,,,,,,,,,,,,,0.0,0.0,0.0,0.0,,,,,,,,,,,,,,,,,,,,,,,,,,,,,,,,,,,,,,,,,,,,,,,,,,,1731108934787271.0,,,https://www.facebook.com/360RadioColombia/posts/pfbid029UyKe7vDUi7npBMFyYA97NszxL5zGwKGXLu6QL3BPJZstzg9g7iZA1QtZWtMYFpal,0.0,0.0,Fotos,,,282.0,5.0,5.0,,,,282.0,0.0,177.0,0.0,0.0,0.0,0.0,0.0,0.0,,,,,,,,,
,,100036645439789,360 Radio Colombia,"📉 La percepción de insuficiencia es especialmente alta en países como Panamá, Ecuador, Argentina, Perú y Chile, donde más del 80 % de los encuestados opinan que sus ingresos no son suficientes. Para conocer en qué lugar se encuentra Colombia de este ranking, siga el link del primer comentario.",0,03/02/2026 16:24,,,Total,97,0,0,,,0,0,4,1,1,2,0.0,0.0,0.0,0.0,0.0,0.0,0.0,0.0,,,,,,,,,,,,,,,,,,,,,,,,,,,,,,,,,,,,,,,,,,,,,,,,,,,,,,,,,,,,,,,,,,,,,,,,,,,,,,,,,,,,0.0,,,,,,,,,,,,,,,,,,,,,,,,,,,,,,,,,,,,,,,,,,,,,,,,,,,,,,,,,0.0,0.0,0.0,0.0,,,,,,,,,,,,,,,,,,,,,,,,,,,,,,,,,,,,,,,,,,,,,,,,,,,1731099028121595.0,,,https://www.facebook.com/360RadioColombia/posts/pfbid02QA3fGkCz6hV3MxCQAyqb68EFuas7pHpv2GWvJ4kMaLX9kjvgR7XtLVXwb8k4Uat9l,0.0,0.0,Fotos,,,148.0,2.0,2.0,,,,148.0,0.0,97.0,0.0,0.0,0.0,0.0,0.0,0.0,,,,,,,,,
,,100036645439789,360 Radio Colombia,Tu reel,52,03/02/2026 14:52,,,Total,90,57,0,1425.262,13.837,54,0,17,8,7,2,737.028,403.342,284.892,0.0,31.027,10.237,15.828,0.0,1.0,1.0,0.98,0.98,0.95,0.89,0.77,0.67,0.58,0.56,0.53,0.49,0.47,0.46,0.42,0.42,0.39,0.33,0.32,0.3,0.28,0.28,0.28,0.28,0.26,0.23,0.21,0.21,0.21,0.21,0.19,0.19,0.19,0.21,0.19,0.19,0.18,0.14,0.11,0.11,0.05,1.0,1.0,0.67,0.7,0.81,0.89,0.89,0.96,1.0,1.0,1.0,1.0,1.0,1.0,1.0,1.0,1.0,1.0,1.0,0.63,0.59,0.59,0.59,0.59,0.56,0.48,0.44,0.44,0.44,0.44,0.41,0.41,0.41,0.44,0.41,0.41,0.37,0.3,0.22,0.22,0.11,0.0,0.0,,,,,,,,,,,,,,,,,,,,,,,,,,,,,,,,,,,,,,,,,,,,,,,,,,,,,,,,,0.0,0.0,0.0,0.0,,,,,,,,,,,,,,,,,,,,,,,,,,,,,,,,,,,,,,,,,,,,,,,,,,,1731050261459805.0,,,https://www.facebook.com/reel/1662726575149032/,1.0,0.0,Vídeos,,,120.0,18.0,18.0,,,,119.0,0.0,90.0,0.0,57.0,0.0,0.0,0.0,0.0,,,,,,,,,
,,100036645439789,360 Radio Colombia,"⛽️ A partir del 1 de marzo de 2026, el precio del galón de gasolina corriente en Colombia baja $500 pesos como parte de una nueva medida del Gobierno para aliviar los costos de los combustibles. Esta es la segunda rebaja consecutiva registrada este año, y sitúa el precio promedio en las principales ciudades alrededor de $15.057 por galón.  ￼

Aunque la reducción es la misma en todo el país, el valor final que se paga varía según la ciudad. Ciudades como Villavicencio, Cali y Bogotá mantienen los precios más altos tras la rebaja, mientras que Pasto y Cúcuta se ubican entre las más económicas. Esto se debe a factores como costos logísticos y tributarios locales que influyen en el precio final del combustible.  ￼

💡 Esta disminución representa un alivio económico tanto para quienes usan el vehículo en su vida diaria como para sectores productivos que dependen del transporte. Aunque el precio sigue siendo diferente según la región, el ajuste ofrece un respiro en el presupuesto familiar y empresarial.",0,03/02/2026 13:11,,,Total,850,0,0,,,0,0,11,2,8,1,0.0,0.0,0.0,0.0,0.0,0.0,0.0,0.0,,,,,,,,,,,,,,,,,,,,,,,,,,,,,,,,,,,,,,,,,,,,,,,,,,,,,,,,,,,,,,,,,,,,,,,,,,,,,,,,,,,,0.0,,,,,,,,,,,,,,,,,,,,,,,,,,,,,,,,,,,,,,,,,,,,,,,,,,,,,,,,,0.0,0.0,0.0,0.0,,,,,,,,,,,,,,,,,,,,,,,,,,,,,,,,,,,,,,,,,,,,,,,,,,,1730995064798658.0,,,https://www.facebook.com/360RadioColombia/posts/pfbid0bytQkiqohFetdSiz3v8Yj5oZXQUtjjXbUqYJX8GVX7GSQCtNXoYMacR2UAwJYUqal,0.0,0.0,Fotos,,,1216.0,18.0,12.0,6.0,,,1216.0,0.0,850.0,0.0,0.0,0.0,0.0,0.0,0.0,,,,,,,,,
,,100036645439789,360 Radio Colombia,🤬 Un grupo de motociclistas volvió a tomarse el Túnel de la Avenida Colombia para hacer carreras clandestinas y maniobras extremas. En las imágenes se observa cómo realizan acrobacias de alto riesgo dentro del paso subterráneo durante el fin de semana. Las autoridades ya advirtieron que reforzarán los operativos de control en la zona.,33,03/02/2026 11:20,,,Total,206,154,0,2925.605,14.133,150,0,12,4,6,2,2190.867,556.07,178.668,0.0,8.555,16.598,17.867,0.0,1.0,1.0,1.0,0.99,0.95,0.93,0.84,0.79,0.76,0.72,0.7,0.68,0.67,0.64,0.62,0.58,0.53,0.51,0.44,0.42,0.42,0.42,0.4,0.38,0.38,0.36,0.36,0.36,0.36,0.34,0.27,0.32,0.31,0.33,0.27,0.25,0.23,,,,,1.0,1.0,0.85,0.98,1.0,1.0,1.0,1.0,1.0,1.0,1.0,1.0,1.0,1.0,1.0,1.0,1.0,1.0,1.0,0.81,0.81,0.8,0.78,0.74,0.73,0.7,0.7,0.7,0.69,0.66,0.51,0.61,0.59,0.64,0.51,0.49,0.44,,,,,0.0,0.0,20.0,11.0,15.0,30.0,18.0,17.0,19.0,10.0,4.0,3.0,1.0,2.0,145.0,6.0,,,2.0,,1.0,,,,,,,,,,,,,,,,,,,,,,,,,,,,,,,,,,,,,,0.0,0.0,0.0,0.0,,,,,,,,,,,,,,,,,,,,,,,,,,,,,,,,,,,,,,,,,,,,,,,,,,,1730933821471449.0,🤬 Un grupo de motociclistas volvió a tomarse el Túnel de la Avenida Colombia para hacer carreras clandestinas y maniobras extremas. En las imágenes se observa cómo realizan acrobacias de alto riesgo dentro del paso subterráneo durante el fin de semana. Las autoridades ya advirtieron que reforzarán los operativos de control en la zona.,,https://www.facebook.com/reel/1630057801513526/,1.0,0.0,Vídeos,,,235.0,12.0,12.0,,,,235.0,0.0,206.0,0.0,154.0,0.0,0.0,0.0,0.0,,,,,,,,,
,,100036645439789,360 Radio Colombia,"⚽️🇨🇴 Luis Díaz, jugador colombiano del #BayernMunich, habló sobre la victoria con los Bávaros ante Borussia Dortmund, en el clásico alemán, y cómo se ha preparado la Selección Colombia para el Mundial 2026.",141,03/02/2026 11:04,,,Total,56,33,3,682.819,11.979,32,3,6,4,1,1,337.451,341.555,3.813,0.0,14.851,10.226,3.813,0.0,0.85,0.42,0.24,1.0,0.18,0.15,0.12,0.12,0.12,0.12,0.12,0.12,0.12,0.12,0.12,0.12,0.09,0.09,0.09,0.09,0.09,0.09,0.09,0.09,0.06,0.06,0.06,0.06,0.06,0.06,0.06,0.06,0.06,0.06,0.06,0.06,0.06,0.06,0.06,0.06,0.06,1.0,0.67,0.5,0.5,0.5,0.67,0.67,0.67,1.0,0.67,0.67,0.67,0.67,0.67,0.67,0.83,1.0,1.0,1.0,0.5,0.5,0.5,0.5,0.5,0.33,0.33,0.33,0.33,0.33,0.33,0.33,0.33,0.33,0.33,0.33,0.33,0.33,0.33,0.33,0.33,0.33,0.0,0.0,,,,,,,,,,,,,,,,,,,,,,,,,,,,,,,,,,,,,,,,,,,,,,,,,,,,,,,,,0.0,0.0,0.0,0.0,,,,,,,,,,,,,,,,,,,,,,,,,,,,,,,,,,,,,,,,,,,,,,,,,,,1730924384805726.0,"⚽️🇨🇴 Luis Díaz, jugador colombiano del #BayernMunich, habló sobre la victoria con los Bávaros ante Borussia Dortmund, en el clásico alemán, y cómo se ha preparado la Selección Colombia para el Mundial 2026.",,https://www.facebook.com/reel/973517041805504/,1.0,0.0,Vídeos,,,66.0,2.0,2.0,,,,66.0,0.0,56.0,0.0,33.0,0.0,0.0,0.0,0.0,,,,,,,,,
,,100036645439789,360 Radio Colombia,"🇲🇽 Histórica noche en el corazón de México: #Shakira hizo vibrar el Zócalo de la Ciudad de México y reunió a más de 400.000 personas en un concierto gratuito que ya es récord.

La artista colombiana superó todas las expectativas y marcó un antes y un después en la plaza pública más emblemática del país, consolidando una de las presentaciones más multitudinarias de su carrera.

Con este show masivo, Shakira cerró su gira por México dejando cifras históricas y una imagen inolvidable: el Zócalo completamente lleno cantando a una sola voz.",83,03/02/2026 09:43,,,Total,100,47,5,984.95,10.59,46,5,3,2,0,1,683.03,301.92,0.0,0.0,13.127,9.758,0.0,0.0,1.0,0.94,0.72,1.0,0.62,0.45,0.4,0.4,0.36,0.34,0.28,0.19,0.19,0.15,0.15,0.15,0.13,0.13,0.13,0.13,0.11,0.11,0.11,0.11,0.11,0.11,0.11,0.11,0.11,0.11,0.11,0.11,0.11,0.11,0.09,0.09,0.09,0.09,0.09,0.09,0.09,1.0,0.47,0.32,0.32,0.32,0.37,0.37,0.37,1.0,0.47,0.68,0.84,0.89,1.0,1.0,1.0,1.0,1.0,1.0,0.32,0.26,0.26,0.26,0.26,0.26,0.26,0.26,0.26,0.26,0.26,0.26,0.26,0.26,0.26,0.21,0.21,0.21,0.21,0.21,0.21,0.21,0.0,0.0,,,,,,,,,,,,,,,,,,,,,,,,,,,,,,,,,,,,,,,,,,,,,,,,,,,,,,,,,0.0,0.0,0.0,0.0,,,,,,,,,,,,,,,,,,,,,,,,,,,,,,,,,,,,,,,,,,,,,,,,,,,1730871318144366.0,"🇲🇽 Histórica noche en el corazón de México: #Shakira hizo vibrar el Zócalo de la Ciudad de México y reunió a más de 400.000 personas en un concierto gratuito que ya es récord.

La artista colombiana superó todas las expectativas y marcó un antes y un después en la plaza pública más emblemática del país, consolidando una de las presentaciones más multitudinarias de su carrera.

Con este show masivo, Shakira cerró su gira por México dejando cifras históricas y una imagen inolvidable: el Zócalo completamente lleno cantando a una sola voz.",auto,https://www.facebook.com/reel/1578300866778429/,1.0,0.0,Vídeos,,,103.0,4.0,4.0,,,,103.0,0.0,100.0,0.0,47.0,0.0,0.0,0.0,0.0,,,,,,,,,
,,100036645439789,360 Radio Colombia,"🗣️ “Nosotros no necesitamos treguas con los violentos, necesitamos al ELN en la cárcel”.

@palomavalencial, precandidata presidencial del #CentroDemocrático",18,03/02/2026 09:00,,,Total,99,45,0,483.628,5.558,45,0,6,4,1,1,430.47,53.158,0.0,0.0,2.658,6.425,0.0,0.0,1.0,1.0,1.0,1.0,0.82,0.73,0.67,0.53,0.47,0.4,0.36,0.33,0.27,0.27,0.24,0.22,0.22,0.22,0.2,0.16,0.13,,,,,,,,,,,,,,,,,,,,,1.0,1.0,0.9,1.0,1.0,1.0,1.0,1.0,1.0,1.0,1.0,1.0,1.0,1.0,1.0,1.0,1.0,1.0,1.0,0.7,0.6,,,,,,,,,,,,,,,,,,,,,0.0,0.0,,,,,,,,,,,,,,,,,,,,,,,,,,,,,,,,,,,,,,,,,,,,,,,,,,,,,,,,,0.0,0.0,0.0,0.0,,,,,,,,,,,,,,,,,,,,,,,,,,,,,,,,,,,,,,,,,,,,,,,,,,,1730843961480435.0,"🗣️ “Nosotros no necesitamos treguas con los violentos, necesitamos al ELN en la cárcel”.

@palomavalencial, precandidata presidencial del #CentroDemocrático",,https://www.facebook.com/reel/934761969008927/,1.0,0.0,Vídeos,,,100.0,2.0,2.0,,,,98.0,0.0,99.0,0.0,45.0,0.0,0.0,0.0,0.0,,,,,,,,,
,,100036645439789,360 Radio Colombia,"⚽️🇨🇴 La Selección #Colombia jugará el partido de despedida, previo al Mundial, en Bogotá, el próximo 29 de mayo. El rival aún está por definir.

🤝 El último partido de preparación para la máxima cita orbital será el 7 de junio en Estados Unidos.",34,03/02/2026 08:48,,,Total,48,17,0,217.017,5.167,17,0,2,1,0,1,169.064,47.953,0.0,0.0,3.426,6.038,0.0,0.0,1.0,1.0,1.0,1.0,0.94,0.94,0.71,0.59,0.47,0.47,0.35,0.29,0.24,0.24,0.18,0.12,0.12,0.12,0.12,0.12,0.12,0.12,0.12,0.12,0.12,0.12,0.12,0.12,0.12,0.12,0.12,0.12,0.12,0.12,0.12,0.12,0.12,,,,,1.0,1.0,1.0,1.0,1.0,1.0,1.0,1.0,1.0,1.0,1.0,1.0,1.0,1.0,1.0,1.0,1.0,1.0,1.0,1.0,1.0,1.0,1.0,1.0,1.0,1.0,1.0,1.0,1.0,1.0,1.0,1.0,1.0,1.0,1.0,1.0,1.0,,,,,0.0,0.0,,,,,,,,,,,,,,,,,,,,,,,,,,,,,,,,,,,,,,,,,,,,,,,,,,,,,,,,,0.0,0.0,0.0,0.0,,,,,,,,,,,,,,,,,,,,,,,,,,,,,,,,,,,,,,,,,,,,,,,,,,,1730834471481384.0,"⚽️🇨🇴 La Selección #Colombia jugará el partido de despedida, previo al Mundial, en Bogotá, el próximo 29 de mayo. El rival aún está por definir.

🤝 El último partido de preparación para la máxima cita orbital será el 7 de junio en Estados Unidos.",,https://www.facebook.com/reel/887079040987537/,1.0,0.0,Vídeos,,,48.0,0.0,,,,,48.0,0.0,48.0,0.0,17.0,0.0,0.0,0.0,0.0,,,,,,,,,
,,100036645439789,360 Radio Colombia,"👀 El Presidente #GustavoPetro lleva tres años y medio desde que llegó a la Casa de Nariño. A cinco meses de la finalización de su Gobierno, algunos colombianos cuentan si les ha gustado o no su gestión.",115,03/02/2026 08:23,,,Total,240,138,13,3162.406,14.573,136,13,13,8,3,2,1992.16,1162.622,7.624,0.0,12.111,16.602,7.624,0.0,0.99,0.82,0.58,0.99,0.45,0.4,0.35,0.31,0.29,0.28,0.24,0.23,0.21,0.2,0.17,0.16,0.14,0.14,0.12,0.11,0.09,0.09,0.09,0.07,0.05,0.05,0.05,0.05,0.04,0.04,0.04,0.04,0.04,0.04,0.04,0.04,0.04,0.04,0.04,0.04,0.04,1.0,0.62,0.33,0.37,0.37,0.42,0.46,0.52,1.0,0.56,0.63,0.73,0.77,0.83,0.92,1.0,1.0,1.0,1.0,0.29,0.25,0.25,0.23,0.17,0.13,0.13,0.13,0.13,0.12,0.12,0.1,0.12,0.1,0.12,0.1,0.1,0.1,0.1,0.1,0.1,0.1,0.0,0.0,21.0,20.0,24.0,14.0,7.0,25.0,3.0,11.0,2.0,4.0,2.0,,133.0,3.0,1.0,,1.0,,,,,,,,,,,,,,,,,,,,,,,,,,,,,,,,,,,,,,,,0.0,0.0,0.0,0.0,,,,,,,,,,,,,,,,,,,,,,,,,,,,,,,,,,,,,,,,,,,,,,,,,,,1730817984816366.0,"👀 El Presidente #GustavoPetro lleva tres años y medio desde que llegó a la Casa de Nariño. A cinco meses de la finalización de su Gobierno, algunos colombianos cuentan si les ha gustado o no su gestión.",,https://www.facebook.com/reel/1278412034177457/,1.0,0.0,Vídeos,,,233.0,16.0,16.0,,,,233.0,0.0,240.0,0.0,138.0,0.0,0.0,0.0,0.0,,,,,,,,,
,,100036645439789,360 Radio Colombia,"🗣️ “Lo que nosotros exigimos no solo por nosotros, sino para las comunidades es seguridad para la gente y para la región”, 

Alcalde Federico Gutiérrez sobre la amenaza de un posible atentado en Hidroituango.",164,03/02/2026 08:12,,,Total,100,52,13,2084.538,23.421,52,13,5,5,0,0,1641.052,443.486,0.0,0.0,22.175,23.784,0.0,0.0,0.87,0.62,0.46,1.0,0.37,0.35,0.35,0.35,0.35,0.29,0.29,0.25,0.25,0.25,0.25,0.25,0.21,0.19,0.19,0.17,0.17,0.15,0.15,0.15,0.15,0.15,0.15,0.15,0.15,0.15,0.1,0.12,0.12,0.13,0.1,0.1,0.1,0.1,0.1,0.1,0.1,1.0,0.65,0.5,0.5,0.55,0.65,0.65,0.65,1.0,0.65,0.75,0.75,0.9,0.9,0.9,0.9,0.95,1.0,1.0,0.45,0.45,0.4,0.4,0.4,0.4,0.4,0.4,0.4,0.4,0.4,0.25,0.3,0.3,0.35,0.25,0.25,0.25,0.25,0.25,0.25,0.25,0.0,0.0,,,,,,,,,,,,,,,,,,,,,,,,,,,,,,,,,,,,,,,,,,,,,,,,,,,,,,,,,0.0,0.0,0.0,0.0,,,,,,,,,,,,,,,,,,,,,,,,,,,,,,,,,,,,,,,,,,,,,,,,,,,1730809631483868.0,"🗣️ “Lo que nosotros exigimos no solo por nosotros, sino para las comunidades es seguridad para la gente y para la región”, 

Alcalde Federico Gutiérrez sobre la amenaza de un posible atentado en Hidroituango.",,https://www.facebook.com/reel/1212303081048843/,1.0,0.0,Vídeos,,,97.0,1.0,1.0,,,,96.0,0.0,100.0,0.0,52.0,0.0,0.0,0.0,0.0,,,,,,,,,
,,100036645439789,360 Radio Colombia,"🗣️ “Cepeda, Cepeda, Cepeda”, gritaban ciudadanos tras el arribo de #AbelardodelaEspriella, quien se acercó a ellos y les dijo: “yo respeto que voten por quien quieran votar. Esto es un democracia”.",55,03/02/2026 07:43,,,Total,446,284,0,9796.547,22.942,279,0,22,9,9,4,8618.684,754.603,423.26,0.0,10.781,25.055,32.559,0.0,0.99,1.0,0.91,1.0,0.82,0.77,0.7,0.67,0.64,0.62,0.6,0.6,0.59,0.58,0.58,0.56,0.56,0.55,0.54,0.53,0.51,0.5,0.49,0.49,0.48,0.48,0.46,0.46,0.45,0.44,0.39,0.41,0.4,0.42,0.37,0.36,0.35,0.35,0.34,0.34,0.33,0.99,1.0,0.9,0.92,0.93,0.94,0.96,0.98,0.99,0.99,1.0,1.0,1.0,1.0,1.0,1.0,1.0,1.0,1.0,0.88,0.85,0.84,0.82,0.81,0.8,0.79,0.78,0.76,0.75,0.73,0.65,0.68,0.66,0.69,0.61,0.6,0.58,0.58,0.57,0.57,0.55,0.0,0.0,41.0,47.0,32.0,47.0,24.0,29.0,16.0,22.0,7.0,6.0,2.0,5.0,263.0,9.0,1.0,2.0,2.0,5.0,,,1.0,,,,,,,,,1.0,,,,,,,,,,,,,,,,,,,,,,,,,,,0.0,0.0,0.0,0.0,,,,,,,,,,,,,,,,,,,,,,,,,,,,,,,,,,,,,,,,,,,,,,,,,,,1730789651485866.0,"🗣️ “Cepeda, Cepeda, Cepeda”, gritaban ciudadanos tras el arribo de #AbelardodelaEspriella, quien se acercó a ellos y les dijo: “yo respeto que voten por quien quieran votar. Esto es un democracia”.",,https://www.facebook.com/reel/908321958607845/,1.0,0.0,Vídeos,,,515.0,44.0,44.0,,,,515.0,0.0,446.0,0.0,284.0,0.0,0.0,0.0,0.0,,,,,,,,,
,,100036645439789,360 Radio Colombia,"🔴 Una amenaza de ataque obligó a cancelar la visita oficial del alcalde de Medellín, Federico Gutiérrez, y del gobernador de Antioquia, Andrés Julián Rendón, a Hidroituango. La actividad incluía un recorrido técnico y una rueda de prensa con más de 100 periodistas. Equipos de inteligencia detectaron sobrevuelo de drones grandes en el sector.  ￼

🤌🏻 Las autoridades asociaron la presencia de estas aeronaves a disidencias del frente 36 de las Farc.  Por precaución se reprogramó la agenda en Medellín.  ￼

📍 El Ejército recomendó suspender el desplazamiento mientras se verifica la amenaza real. Las medidas de proyección se reforzaron antes de tomar la decisión final. El anuncio llegó casi al cierre del domingo, obligando a hacer ajustes de último momento.  ￼",0,03/02/2026 07:29,,,Total,354,0,0,,,0,0,11,9,1,1,0.0,0.0,0.0,0.0,0.0,0.0,0.0,0.0,,,,,,,,,,,,,,,,,,,,,,,,,,,,,,,,,,,,,,,,,,,,,,,,,,,,,,,,,,,,,,,,,,,,,,,,,,,,,,,,,,,,0.0,,,,,,,,,,,,,,,,,,,,,,,,,,,,,,,,,,,,,,,,,,,,,,,,,,,,,,,,,0.0,0.0,0.0,0.0,,,,,,,,,,,,,,,,,,,,,,,,,,,,,,,,,,,,,,,,,,,,,,,,,,,1730779918153506.0,,,https://www.facebook.com/360RadioColombia/posts/pfbid02ioSmoZbLpL52M9PbM3XutGcNdP6VuTiWFpBT9MTzphTuT5Y4mJ7T3kbMLoiJELaUl,0.0,0.0,Fotos,,,472.0,17.0,14.0,3.0,,,472.0,0.0,354.0,0.0,0.0,0.0,0.0,0.0,0.0,,,,,,,,,
,,100036645439789,360 Radio Colombia,"🔴 Una amenaza de ataque obligó a cancelar la visita oficial del alcalde de Medellín, Federico Gutiérrez, y del gobernador de Antioquia, Andrés Julián Rendón, a Hidroituango. 

La actividad incluía un recorrido técnico y una rueda de prensa con más de 100 periodistas.  ￼Equipos de inteligencia detectaron sobrevuelo de drones grandes en el sector.  ￼Las autoridades asociaron la presencia de estas aeronaves a disidencias del frente 36 de las Farc.  ￼
❗ Por precaución se reprogramó la agenda en Medellín.  ￼",0,03/02/2026 07:24,,,Total,168,0,0,,,0,0,4,1,1,2,0.0,0.0,0.0,0.0,0.0,0.0,0.0,0.0,,,,,,,,,,,,,,,,,,,,,,,,,,,,,,,,,,,,,,,,,,,,,,,,,,,,,,,,,,,,,,,,,,,,,,,,,,,,,,,,,,,,0.0,,,,,,,,,,,,,,,,,,,,,,,,,,,,,,,,,,,,,,,,,,,,,,,,,,,,,,,,,0.0,0.0,0.0,0.0,,,,,,,,,,,,,,,,,,,,,,,,,,,,,,,,,,,,,,,,,,,,,,,,,,,1730776704820494.0,,,https://www.facebook.com/360RadioColombia/posts/pfbid02e1wdXpT7fqrHiJqK2nH1wVFveLmnwgd66gcRhQV4wnybcxQuo5fsDk3bNNVpnMHSl,0.0,0.0,Fotos,,,245.0,4.0,2.0,2.0,,,245.0,0.0,168.0,0.0,0.0,0.0,0.0,0.0,0.0,,,,,,,,,
,,100036645439789,360 Radio Colombia,"🔥 Nacional vs Millonarios: un duelo que también se juega en millones.

La Copa Sudamericana 2026 mueve más de €1.000 millones en valor de mercado y los clubes colombianos buscan hacerse sentir en medio del dominio económico de Brasil y Argentina.

💰 Atlético Nacional casi duplica el valor de Millonarios en la previa a grupos… pero en la cancha la historia siempre puede cambiar.",0,03/01/2026 18:13,,,Total,179,0,0,,,0,0,1,0,0,1,0.0,0.0,0.0,0.0,0.0,0.0,0.0,0.0,,,,,,,,,,,,,,,,,,,,,,,,,,,,,,,,,,,,,,,,,,,,,,,,,,,,,,,,,,,,,,,,,,,,,,,,,,,,,,,,,,,,0.0,,,,,,,,,,,,,,,,,,,,,,,,,,,,,,,,,,,,,,,,,,,,,,,,,,,,,,,,,0.0,0.0,0.0,0.0,,,,,,,,,,,,,,,,,,,,,,,,,,,,,,,,,,,,,,,,,,,,,,,,,,,1730284218203076.0,,,https://www.facebook.com/360RadioColombia/posts/pfbid02sQyKKL7PLXirMLZwUscGbZgjy51B565YRFMRLnk296ohSz5CTdMoymAmixrN3Ed6l,0.0,0.0,Fotos,,,274.0,7.0,2.0,5.0,,,274.0,0.0,179.0,0.0,0.0,0.0,0.0,0.0,0.0,,,,,,,,,
,,100036645439789,360 Radio Colombia,🥺 Así fue visto un perrito en las playas colombianas. La realidad de varios animalitos en nuestro país.,30,03/01/2026 14:05,,,Total,11108,6358,0,65963.217,6.386,6358,0,1186,976,89,121,2226.968,59666.216,4070.033,0.0,6.423,7.278,5.561,0.0,1.0,1.0,1.0,1.0,0.91,0.81,0.67,0.55,0.45,0.37,0.31,0.26,0.21,0.18,0.15,0.13,0.12,0.11,0.1,0.09,0.08,0.07,0.07,0.06,0.06,0.05,0.05,0.04,0.04,0.04,,0.04,0.03,0.04,,,,,,,,1.0,1.0,0.83,0.92,1.0,1.0,1.0,1.0,1.0,1.0,1.0,1.0,1.0,1.0,1.0,1.0,1.0,1.0,1.0,0.76,0.69,0.63,0.58,0.53,0.48,0.44,0.41,0.38,0.35,0.33,,0.3,0.28,0.32,,,,,,,,0.0,0.04,59.0,77.0,108.0,156.0,340.0,280.0,497.0,767.0,1575.0,1839.0,499.0,100.0,4826.0,162.0,81.0,381.0,109.0,122.0,147.0,3.0,6.0,12.0,46.0,5.0,84.0,,15.0,8.0,15.0,126.0,2.0,46.0,,4.0,1.0,2.0,8.0,7.0,17.0,,38.0,,22.0,1.0,2.0,1.0,1.0,16.0,,,1.0,,1.0,10.0,,,0.0,0.0,0.0,0.0,1.0,,1.0,5.0,1.0,,,,,,,,11.0,,1.0,,,,,,,,,,1.0,,,,,,,,,,,,,,,,1.0,,,,,,,,1.0,1.0,1730150088216489.0,🥺 Así fue visto un perrito en las playas colombianas. La realidad de varios animalitos en nuestro país.,,https://www.facebook.com/reel/1819985358960341/,1.0,0.0,Vídeos,,,11165.0,531.0,531.0,,,,11157.0,0.0,11108.0,0.0,6358.0,0.0,0.0,0.0,0.0,,,,,,,,,
,,100036645439789,360 Radio Colombia,"🇻🇪 La dirigente opositora venezolana y ganadora del Premio Nobel de la Paz, María Corina Machado, anunció desde Estados Unidos que planea volver a Venezuela dentro de “pocas semanas”, con la intención de impulsar una transición democrática que sea ordenada, duradera e imparable.",176,03/01/2026 11:14,,,Total,165,58,2,915.028,6.141,58,2,4,4,0,0,605.306,309.722,0.0,0.0,5.434,6.58,0.0,0.0,0.81,0.34,0.26,1.0,0.17,0.16,0.1,0.1,0.1,0.1,0.05,0.05,0.05,0.03,0.03,0.03,0.03,0.03,0.02,0.02,0.02,0.02,0.03,0.03,0.02,0.02,0.02,0.02,0.02,0.0,0.02,0.0,0.0,0.0,0.0,0.0,0.0,0.0,0.0,0.0,0.0,1.0,0.25,0.08,0.17,0.17,0.17,0.17,0.17,1.0,0.25,0.25,0.5,0.5,0.5,0.5,0.75,0.83,1.0,1.0,0.08,0.08,0.08,0.17,0.17,0.08,0.08,0.08,0.08,0.08,0.0,0.08,0.0,0.0,0.0,0.0,0.0,0.0,0.0,0.0,0.0,0.0,0.0,0.0,,,,,,,,,,,,,,,,,,,,,,,,,,,,,,,,,,,,,,,,,,,,,,,,,,,,,,,,,0.0,0.0,0.0,0.0,,,,,,,,,,,,,,,,,,,,,,,,,,,,,,,,,,,,,,,,,,,,,,,,,,,1730054174892747.0,"🇻🇪 La dirigente opositora venezolana y ganadora del Premio Nobel de la Paz, María Corina Machado, anunció desde Estados Unidos que planea volver a Venezuela dentro de “pocas semanas”, con la intención de impulsar una transición democrática que sea ordenada, duradera e imparable.",,https://www.facebook.com/reel/1202119441817279/,1.0,0.0,Vídeos,,,153.0,7.0,7.0,,,,153.0,0.0,165.0,0.0,58.0,0.0,0.0,0.0,0.0,,,,,,,,,
,,100036645439789,360 Radio Colombia,"#Mundo l ¡Las marcas de autos más confiables de 2026 según Consumer Reports están aquí! Toyota lidera con 66 puntos, seguida de cerca por Subaru (63) y Lexus (63). 

🚗 Toyota en la cima absoluta. Con un impresionante puntaje de 66, esta marca japonesa demuestra por qué es la favorita: durabilidad legendaria, bajo mantenimiento y modelos como el Camry o RAV4 que brillan en pruebas reales. Si buscas un carro que te dure años sin dramas, Toyota es tu aliada infalible. ¡No por nada domina el ranking año tras año!

📊 El top 10 completo al detalle. Lexus (63) y Honda (59) ocupan el podio, con BMW (58), Nissan (57), Acura (54), Buick (51), Tesla (51, ¡gran salto!), Kia (49) cerrando la lista elite. Marcas asiáticas arrasan, mientras europeas como BMW sorprenden. Elige bien y evita talleres constantes. 

🔥 ¿Listo para invertir inteligente? En 2026, prioriza la confiabilidad para ahorrar plata y dolores de cabeza. Comparte si tu marca favorita está en el top ¿o prefieres apostar por Toyota? ¡Comenta abajo! #AutosConfi",0,03/01/2026 10:01,,,Total,1360,0,0,,,0,0,2,1,0,1,0.0,0.0,0.0,0.0,0.0,0.0,0.0,0.0,,,,,,,,,,,,,,,,,,,,,,,,,,,,,,,,,,,,,,,,,,,,,,,,,,,,,,,,,,,,,,,,,,,,,,,,,,,,,,,,,,,,0.01,,,,,,,,,,,,,,,,,,,,,,,,,,,,,,,,,,,,,,,,,,,,,,,,,,,,,,,,,0.0,0.0,0.0,0.0,,,,,,,,,,,,,,,,,,,,,,,,,,,,,,,,,,,,,,,,,,,,,,,,,,,1730012881563543.0,,,https://www.facebook.com/360RadioColombia/posts/pfbid0kSnaTiNkiL85EoBnhCV9LJKGy9VpDwqbZQvWKaduHJczHQAG1EQpmTe8gMq51szGl,0.0,0.0,Fotos,,,1916.0,36.0,9.0,27.0,,,1916.0,0.0,1360.0,0.0,0.0,0.0,0.0,0.0,0.0,,,,,,,,,
,,100036645439789,360 Radio Colombia,"💰📊 En la región, cada vez más personas sienten que su ingreso ya no alcanza para cubrir lo esencial. La conversación sobre el poder adquisitivo dejó de ser un tema técnico y pasó a ser una preocupación cotidiana que impacta decisiones de consumo, bienestar y hasta proyectos de vida 🌎.

⚠️ Esta percepción es una señal clara para gobiernos, empresas y actores del mercado laboral: el debate ya no es solo cuánto se gana, sino cuánto rinde realmente ese ingreso frente al costo de vivir, trabajar y sostener un hogar. Detrás de cada cifra hay historias de ajuste, de prioridades forzadas y de nuevas exigencias al mundo del trabajo 💬.

🤝 Hoy más que nunca, hablar de salario, productividad y calidad de empleo es hablar de competitividad, desarrollo social y estabilidad económica. Abrir esta discusión con datos, mirada regional y enfoque humano es clave para construir soluciones que sí conecten con la realidad de millones de personas. Porque un mercado laboral más justo no solo se mide en números… se mide en oportunidades reales ✨.",0,03/01/2026 08:39,,,Total,224,0,0,,,0,0,3,1,0,2,0.0,0.0,0.0,0.0,0.0,0.0,0.0,0.0,,,,,,,,,,,,,,,,,,,,,,,,,,,,,,,,,,,,,,,,,,,,,,,,,,,,,,,,,,,,,,,,,,,,,,,,,,,,,,,,,,,,0.0,,,,,,,,,,,,,,,,,,,,,,,,,,,,,,,,,,,,,,,,,,,,,,,,,,,,,,,,,0.0,0.0,0.0,0.0,,,,,,,,,,,,,,,,,,,,,,,,,,,,,,,,,,,,,,,,,,,,,,,,,,,1729958714902293.0,,,https://www.facebook.com/360RadioColombia/posts/pfbid024fwUaJa3VTLKmgd5nRXw6fdxLXCLgy3em27ao9X1vwWwyu3oPAn5z1xeZqT9PaySl,0.0,0.0,Fotos,,,324.0,0.0,,,,,324.0,0.0,224.0,0.0,0.0,0.0,0.0,0.0,0.0,,,,,,,,,
,,100036645439789,360 Radio Colombia,"🚗 La movilidad eléctrica ya no es una promesa de futuro en la región: es una tendencia que avanza con fuerza y empieza a redefinir la forma en que se mueve América Latina. Más modelos disponibles, mayor interés del consumidor y políticas de transición energética están acelerando un cambio que impacta tanto al mercado automotor como a la infraestructura urbana 🌎.

🔋 En este nuevo escenario, países que tradicionalmente no lideraban la industria automotriz hoy ganan protagonismo gracias a la adopción de tecnologías limpias, la llegada de nuevas marcas y el crecimiento de redes de carga. Para mercados como el colombiano, este avance abre una ventana clave de inversión, empleo y desarrollo tecnológico, en un momento en el que la sostenibilidad ya es un factor competitivo real 💼⚙️.

🌱 El reto ahora va más allá de vender vehículos: pasa por garantizar energía limpia, ciudades preparadas y reglas claras para impulsar una transición que sea inclusiva y sostenible. La electrificación del transporte no solo reduce emisiones… también puede convertirse en uno de los motores económicos más relevantes de la región en los próximos años 🚀💚.",0,03/01/2026 05:38,,,Total,361,0,0,,,0,0,2,1,0,1,0.0,0.0,0.0,0.0,0.0,0.0,0.0,0.0,,,,,,,,,,,,,,,,,,,,,,,,,,,,,,,,,,,,,,,,,,,,,,,,,,,,,,,,,,,,,,,,,,,,,,,,,,,,,,,,,,,,0.0,,,,,,,,,,,,,,,,,,,,,,,,,,,,,,,,,,,,,,,,,,,,,,,,,,,,,,,,,0.0,0.0,0.0,0.0,,,,,,,,,,,,,,,,,,,,,,,,,,,,,,,,,,,,,,,,,,,,,,,,,,,1729832888248209.0,,,https://www.facebook.com/360RadioColombia/posts/pfbid0wiQgYgTu1QqZ3DPDKQS1hqYnVMexUvWvnWAVRR9V9YWRcnQdnD2t8uDig99RbD9ul,0.0,0.0,Fotos,,,509.0,3.0,,3.0,,,509.0,0.0,361.0,0.0,0.0,0.0,0.0,0.0,0.0,,,,,,,,,
,,100036645439789,360 Radio Colombia,"🥺 Durante su presentación en #Bogotá, Jowell y Randy homenajearon a #YeisonJiménez Q.E.P.D. cantando su canción ‘El Aventurero’.",55,03/01/2026 05:32,,,Total,4935,2874,0,45822.791,10.313,2874,0,301,288,4,9,1225.535,44215.558,381.698,0.0,10.461,8.452,5.377,0.0,1.0,1.0,0.84,1.0,0.66,0.53,0.44,0.38,0.34,0.32,0.3,0.29,0.26,0.25,0.24,0.23,0.21,0.2,0.19,0.18,0.17,0.17,0.16,0.15,0.15,0.14,0.13,0.13,0.12,0.11,0.09,0.1,0.1,0.11,0.09,0.08,0.08,0.08,0.07,0.07,0.07,1.0,1.0,0.67,0.7,0.73,0.79,0.83,0.86,1.0,0.91,1.0,1.0,1.0,1.0,1.0,1.0,1.0,1.0,1.0,0.64,0.6,0.57,0.54,0.53,0.52,0.48,0.45,0.44,0.41,0.39,0.32,0.35,0.33,0.37,0.3,0.29,0.29,0.27,0.26,0.24,0.23,0.0,0.02,18.0,23.0,44.0,66.0,251.0,195.0,286.0,483.0,846.0,489.0,61.0,68.0,2406.0,102.0,72.0,20.0,107.0,58.0,16.0,2.0,3.0,2.0,7.0,1.0,11.0,,2.0,1.0,1.0,26.0,3.0,1.0,2.0,3.0,,2.0,4.0,1.0,1.0,,2.0,,1.0,,8.0,,,1.0,,,1.0,,,3.0,,,0.0,0.0,0.0,0.0,2.0,,,,,,,,,,,,,,,,,,1.0,,,,,,,,,1.0,,,,,,,,,,,,,,,,,,,,,,,1729829398248558.0,"🥺 Durante su presentación en #Bogotá, Jowell y Randy homenajearon a #YeisonJiménez Q.E.P.D. cantando su canción ‘El Aventurero’.",,https://www.facebook.com/reel/1805511233452186/,1.0,0.0,Vídeos,,,4714.0,205.0,205.0,,,,4708.0,0.0,4935.0,0.0,2874.0,0.0,0.0,0.0,0.0,,,,,,,,,
,,100036645439789,360 Radio Colombia,"🇨🇴 El aspirante presidencial Abelardo de la Espriella (@ABDELAESPRIELLA) culminó su primera gira proselitista en la Plaza Fundacional de Suba, en Bogotá. Durante su intervención estuvo junto a Rodrigo Lara, quien hace poco oficializó su apoyo al candidato del sector de derecha.",39,02/28/2026 17:14,,,Total,360,255,0,5001.576,14.667,252,0,10,7,3,0,4469.976,531.6,0.0,0.0,13.631,14.802,0.0,0.0,1.0,1.0,1.0,1.0,0.94,0.9,0.83,0.78,0.69,0.61,0.57,0.53,0.51,0.49,0.47,0.44,0.42,0.39,0.36,0.35,0.33,0.32,0.3,0.29,0.27,0.27,0.27,0.26,0.26,0.24,0.23,0.24,0.23,0.24,0.22,0.22,0.21,0.2,0.2,0.2,0.19,1.0,1.0,0.86,0.92,0.98,1.0,1.0,1.0,1.0,1.0,1.0,1.0,1.0,1.0,1.0,1.0,1.0,1.0,1.0,0.81,0.79,0.76,0.7,0.68,0.64,0.63,0.63,0.62,0.61,0.57,0.54,0.56,0.54,0.57,0.52,0.52,0.49,0.48,0.48,0.46,0.44,0.0,0.0,29.0,43.0,33.0,26.0,30.0,31.0,20.0,15.0,10.0,5.0,2.0,3.0,232.0,11.0,1.0,,,5.0,,,1.0,1.0,,1.0,,,,1.0,,1.0,,,,,,,,,,,,,,,1.0,,,,,,,,,,,,0.0,0.0,0.0,0.0,,,,,,,,,,,,,,,,,,,,,,,,,,,,,,,,,,,,,,,,,,,,,,,,,,,1729391744958990.0,"🇨🇴 El aspirante presidencial Abelardo de la Espriella (@ABDELAESPRIELLA) culminó su primera gira proselitista en la Plaza Fundacional de Suba, en Bogotá. Durante su intervención estuvo junto a Rodrigo Lara, quien hace poco oficializó su apoyo al candidato del sector de derecha.",,https://www.facebook.com/reel/1792954464733271/,1.0,0.0,Vídeos,,,387.0,20.0,20.0,,,,387.0,0.0,360.0,0.0,255.0,0.0,0.0,1.0,1.0,,,,,,,,,
,,100036645439789,360 Radio Colombia,"🗣️ “La intervenida Nueva EPS está colapsada yEl Ministro Jaramillo pretende trasladarle forzosamente 2,6 M de afiliados de EPS que están mejor como Sura y #Sanitas”.

@andres.forerom, Representante a la Cámara y candidato al Senado en lista cerrada del Centro Democrático.",62,02/28/2026 15:00,,,Total,150,86,7,1620.911,9.764,82,7,11,4,2,5,1169.488,449.761,1.662,0.0,6.92,11.814,0.831,0.0,0.99,0.98,0.86,1.0,0.74,0.62,0.52,0.43,0.34,0.3,0.3,0.29,0.29,0.26,0.23,0.22,0.22,0.22,0.21,0.19,0.19,0.2,0.17,0.16,0.16,0.15,0.14,0.14,0.13,0.13,0.12,0.13,0.13,0.13,0.1,0.1,0.09,0.09,0.09,0.07,0.07,1.0,0.93,0.67,0.7,0.7,0.7,0.74,0.81,0.96,0.93,0.96,0.96,0.96,0.96,0.96,0.96,0.96,0.96,0.96,0.59,0.59,0.63,0.56,0.52,0.52,0.48,0.44,0.44,0.41,0.41,0.37,0.41,0.41,0.41,0.33,0.33,0.3,0.3,0.3,0.22,0.22,0.0,0.0,,,,,,,,,,,,,,,,,,,,,,,,,,,,,,,,,,,,,,,,,,,,,,,,,,,,,,,,,0.0,0.0,0.0,0.0,,,,,,,,,,,,,,,,,,,,,,,,,,,,,,,,,,,,,,,,,,,,,,,,,,,1729321764965988.0,"🗣️ “La intervenida Nueva EPS está colapsada yEl Ministro Jaramillo pretende trasladarle forzosamente 2,6 M de afiliados de EPS que están mejor como Sura y #Sanitas”.

@andres.forerom, Representante a la Cámara y candidato al Senado en lista cerrada del Centro Democrático.",,https://www.facebook.com/reel/2107956600057922/,1.0,0.0,Vídeos,,,191.0,11.0,11.0,,,,190.0,0.0,150.0,0.0,86.0,0.0,0.0,0.0,0.0,,,,,,,,,
,,100036645439789,360 Radio Colombia,"#AHORA 

El Presidente de los Estados Unidos de América Donald Trump confirma la muerte del líder supremo de Irán Ali Jamenei.",0,02/28/2026 14:18,,,Total,3860,0,0,,,0,0,80,58,18,4,0.0,0.0,0.0,0.0,0.0,0.0,0.0,0.0,,,,,,,,,,,,,,,,,,,,,,,,,,,,,,,,,,,,,,,,,,,,,,,,,,,,,,,,,,,,,,,,,,,,,,,,,,,,,,,,,,,,0.18,,,,,,,,,,,,,,,,,,,,,,,,,,,,,,,,,,,,,,,,,,,,,,,,,,,,,,,,,0.0,0.0,0.0,0.0,,,,,,,,,,,,,,,,,,,,,,,,,,,,,,,,,,,,,,,,,,,,,,,,,,,1729300228301475.0,,,https://www.facebook.com/360RadioColombia/posts/pfbid025guxiymSemw6SQtxr8F1onLx2WKwxCD7MbrT9nZSX8eCbXMGetWzsFdzDwyDHk5jl,0.0,0.0,Fotos,,,5452.0,88.0,66.0,22.0,,,5452.0,0.0,3860.0,0.0,0.0,0.0,0.0,0.0,0.0,,,,,,,,,
,,100036645439789,360 Radio Colombia,"#Mundo l ¡Los países más limpios de corrupción en 2026 según Transparency International lideran con Dinamarca en primer lugar, ¡un ejemplo de transparencia total! Finlandia y Singapur siguen de cerca en el top 3.

🌍 Dinamarca, el rey de la honestidad. Con su gobierno impecable y sistemas que priorizan la ética pública, Dinamarca arrasa año tras año en el Índice de Percepción de Corrupción (IPC). Es el destino ideal para inversores que buscan cero riesgos por sobornos o irregularidades. ¡Un modelo a seguir para el mundo! 

📈 Top 10 completo sin sorpresas. Nueva Zelanda (4), Noruega (5), Suecia (6), Suiza (7), Luxemburgo (8), Países Bajos (9) y Alemania (10) cierran esta élite nórdica-europea. Todos destacan por instituciones fuertes y baja percepción de corrupción en el sector público.",0,02/28/2026 11:23,,,Total,386,0,0,,,0,0,15,5,8,2,0.0,0.0,0.0,0.0,0.0,0.0,0.0,0.0,,,,,,,,,,,,,,,,,,,,,,,,,,,,,,,,,,,,,,,,,,,,,,,,,,,,,,,,,,,,,,,,,,,,,,,,,,,,,,,,,,,,0.0,,,,,,,,,,,,,,,,,,,,,,,,,,,,,,,,,,,,,,,,,,,,,,,,,,,,,,,,,0.0,0.0,0.0,0.0,,,,,,,,,,,,,,,,,,,,,,,,,,,,,,,,,,,,,,,,,,,,,,,,,,,1729205264977638.0,,,https://www.facebook.com/360RadioColombia/posts/pfbid0nFX38qXXBQHpnh4WXoyRDSrgTSvsure16WEYfSnfPHYnUSxCVmAM6zpPXDPYBukhl,0.0,0.0,Fotos,,,634.0,23.0,22.0,1.0,,,634.0,0.0,386.0,0.0,0.0,0.0,0.0,0.0,0.0,,,,,,,,,
,,100036645439789,360 Radio Colombia,"👀 Ciudadano argentino que recorre el continente en bicicleta denunció en video que perdió sus pertenencias mientras pasaba por #Bogotá y aseguró que pidió ayuda a un policía pero no recibió el apoyo esperado; no obstante, no explicó con claridad cómo ocurrieron los hechos.",68,02/28/2026 09:16,,,Total,277,193,33,4563.257,17.687,193,33,5,2,1,2,4175.374,384.467,3.416,0.0,13.731,18.234,3.416,0.0,1.0,0.99,0.87,0.99,0.75,0.63,0.55,0.49,0.45,0.41,0.38,0.35,0.32,0.32,0.31,0.31,0.29,0.27,0.26,0.25,0.24,0.24,0.23,0.22,0.21,0.21,0.21,0.2,0.2,0.19,0.17,0.17,0.17,0.17,0.17,0.17,0.17,0.15,0.15,0.13,0.12,1.0,0.86,0.65,0.66,0.71,0.75,0.76,0.77,1.0,0.78,0.92,1.0,1.0,1.0,1.0,1.0,1.0,1.0,1.0,0.61,0.59,0.58,0.56,0.54,0.51,0.51,0.51,0.49,0.48,0.46,0.42,0.42,0.42,0.42,0.42,0.42,0.42,0.37,0.35,0.33,0.3,0.0,0.0,17.0,24.0,27.0,25.0,23.0,21.0,11.0,15.0,14.0,8.0,2.0,2.0,169.0,9.0,2.0,1.0,,3.0,,,1.0,,,,,,2.0,,,3.0,1.0,,,1.0,,,,,,,,,,1.0,,,,,,,,,,,,,0.0,0.0,0.0,0.0,,,,,,,,,,,,,,,,,,,,,,,,,,,,,,,,,,,,,,,,,,,,,,,,,,,1729124351652396.0,"👀 Ciudadano argentino que recorre el continente en bicicleta denunció en video que perdió sus pertenencias mientras pasaba por #Bogotá y aseguró que pidió ayuda a un policía pero no recibió el apoyo esperado; no obstante, no explicó con claridad cómo ocurrieron los hechos.",,https://www.facebook.com/reel/1223741183206949/,1.0,0.0,Vídeos,,,290.0,16.0,16.0,,,,287.0,0.0,277.0,0.0,193.0,0.0,0.0,0.0,0.0,,,,,,,,,
,,100036645439789,360 Radio Colombia,🥺 En video quedó registrado cómo el Hotel Fairmont de Dubái se incendió después de que Irán lanzara misiles hacia varios países del Golfo.,17,02/28/2026 08:30,,,Total,653,434,0,6321.953,10.843,434,0,4,4,0,0,4876.328,1445.625,0.0,0.0,8.032,12.101,0.0,0.0,1.0,1.0,1.0,1.0,0.98,0.95,0.88,0.83,0.78,0.74,0.68,0.61,0.57,0.5,0.44,0.41,0.38,0.34,0.33,0.31,0.29,,,,,,,,,,,,,,,,,,,,,1.0,1.0,1.0,1.0,1.0,1.0,1.0,1.0,1.0,1.0,1.0,1.0,1.0,1.0,1.0,1.0,1.0,1.0,1.0,0.97,0.91,,,,,,,,,,,,,,,,,,,,,0.0,0.01,38.0,68.0,39.0,60.0,49.0,48.0,28.0,39.0,33.0,13.0,4.0,7.0,366.0,33.0,5.0,,1.0,9.0,1.0,1.0,1.0,,,,,,1.0,4.0,2.0,1.0,1.0,,,,,,,3.0,,2.0,,,,1.0,,,,,,1.0,,,,,,,0.0,0.0,0.0,0.0,,,,,,,,,1.0,,,,,,,,,,,,,,,,,,,,,,,,,,,,,,,,,,,,,,,,,,1729092154988949.0,🥺 En video quedó registrado cómo el Hotel Fairmont de Dubái se incendió después de que Irán lanzara misiles hacia varios países del Golfo.,,https://www.facebook.com/reel/938228705460370/,1.0,0.0,Vídeos,,,772.0,21.0,21.0,,,,772.0,0.0,653.0,0.0,434.0,0.0,0.0,0.0,0.0,,,,,,,,,
,,100036645439789,360 Radio Colombia,"💣 Registro de bombardeos y ataques al pueblo de Irán. Presuntamente, provienen de #EstadosUnidos. En desarrollo.",53,02/28/2026 08:03,,,Total,264,164,0,2696.699,11.097,164,0,6,4,0,2,1249.922,1423.112,23.665,0.0,9.552,13.441,23.665,0.0,1.0,1.0,0.91,1.0,0.8,0.69,0.59,0.51,0.42,0.38,0.35,0.33,0.3,0.29,0.27,0.24,0.22,0.2,0.18,0.18,0.16,0.15,0.15,0.13,0.12,0.12,0.12,0.12,0.11,0.11,0.1,0.11,0.1,0.11,0.1,0.1,0.09,0.09,0.08,0.08,0.08,1.0,1.0,0.54,0.59,0.67,0.74,0.81,0.87,1.0,0.93,1.0,1.0,1.0,1.0,1.0,1.0,1.0,1.0,1.0,0.54,0.48,0.44,0.44,0.39,0.35,0.35,0.35,0.35,0.33,0.33,0.31,0.33,0.31,0.33,0.3,0.3,0.28,0.26,0.24,0.24,0.24,0.0,0.0,10.0,20.0,3.0,27.0,50.0,6.0,27.0,7.0,3.0,1.0,1.0,7.0,132.0,14.0,4.0,,1.0,5.0,2.0,,,,,,,,1.0,,,,,,,,,,2.0,,,1.0,,,,,1.0,,,,,,,,,,,,0.0,0.0,0.0,0.0,,1.0,,,,,,,,,,,,,,,,,,,,,,,,,,,,,,,,,,,,,,,,,,,,,,,,,1729074208324077.0,"💣 Registro de bombardeos y ataques al pueblo de Irán. Presuntamente, provienen de #EstadosUnidos. En desarrollo.",,https://www.facebook.com/reel/921745526933179/,1.0,0.0,Vídeos,,,257.0,4.0,4.0,,,,257.0,0.0,264.0,0.0,164.0,0.0,0.0,0.0,0.0,,,,,,,,,
,,100036645439789,360 Radio Colombia,"🗣️ “Matar el hambre es una de mis propuestas y obsesiones y, para lograrlo, forjaré alianzas con los empresarios y productores de alimentos”.

#AbelardoDeLaEspriella, candidato a la Presidencia de la República.",32,02/28/2026 07:00,,,Total,139,72,0,866.804,6.719,67,0,13,8,3,2,577.244,262.905,26.655,0.0,5.259,7.401,26.655,0.0,0.99,0.99,0.99,0.99,0.88,0.68,0.51,0.47,0.43,0.36,0.32,0.29,0.28,0.26,0.25,0.18,0.18,0.17,0.15,0.15,0.14,0.14,0.14,0.13,0.13,0.13,0.13,0.11,0.11,0.11,,0.11,0.11,0.11,,,,,,,,0.92,1.0,0.85,0.92,1.0,1.0,1.0,1.0,0.92,1.0,1.0,1.0,1.0,1.0,1.0,1.0,0.92,0.92,0.92,0.85,0.77,0.77,0.77,0.69,0.69,0.69,0.69,0.62,0.62,0.62,,0.62,0.62,0.62,,,,,,,,0.0,0.0,,,,,,,,,,,,,,,,,,,,,,,,,,,,,,,,,,,,,,,,,,,,,,,,,,,,,,,,,0.0,0.0,0.0,0.0,,,,,,,,,,,,,,,,,,,,,,,,,,,,,,,,,,,,,,,,,,,,,,,,,,,1729030198328478.0,"🗣️ “Matar el hambre es una de mis propuestas y obsesiones y, para lograrlo, forjaré alianzas con los empresarios y productores de alimentos”.

#AbelardoDeLaEspriella, candidato a la Presidencia de la República.",,https://www.facebook.com/reel/1642575503452853/,1.0,0.0,Vídeos,,,141.0,7.0,7.0,,,,141.0,0.0,139.0,0.0,72.0,0.0,0.0,0.0,0.0,,,,,,,,,
,,100036645439789,360 Radio Colombia,"🗣️ “A los miembros de la Guardia Revolucionaria Islámica, a las fuerzas armadas y a toda la policía, les digo esta noche que deben deponer las armas y tener inmunidad completa o, como alternativa, enfrentarse a una muerte segura”.

Primer pronunciamiento del presidente @realDonaldTrump sobre el ataque a Irán.",91,02/28/2026 01:44,,,Total,170,86,3,1893.479,12.793,84,3,1,1,0,0,1261.242,632.237,0.0,0.0,8.319,17.518,0.0,0.0,0.99,0.93,0.74,0.99,0.64,0.53,0.48,0.45,0.42,0.36,0.33,0.27,0.26,0.24,0.23,0.21,0.19,0.16,0.15,0.15,0.13,0.12,0.09,0.06,0.05,0.03,0.03,0.03,0.03,0.03,0.03,0.03,0.03,0.03,0.03,0.03,0.03,0.03,0.03,0.03,0.03,1.0,0.59,0.33,0.36,0.41,0.46,0.51,0.54,1.0,0.56,0.72,0.79,0.92,1.0,1.0,1.0,1.0,1.0,1.0,0.33,0.28,0.26,0.21,0.13,0.1,0.08,0.08,0.08,0.08,0.08,0.08,0.08,0.08,0.08,0.08,0.08,0.08,0.08,0.08,0.08,0.08,0.0,0.0,,,,,,,,,,,,,,,,,,,,,,,,,,,,,,,,,,,,,,,,,,,,,,,,,,,,,,,,,0.0,0.0,0.0,0.0,,,,,,,,,,,,,,,,,,,,,,,,,,,,,,,,,,,,,,,,,,,,,,,,,,,1728824915015673.0,"🗣️ “A los miembros de la Guardia Revolucionaria Islámica, a las fuerzas armadas y a toda la policía, les digo esta noche que deben deponer las armas y tener inmunidad completa o, como alternativa, enfrentarse a una muerte segura”.

Primer pronunciamiento del presidente @realDonaldTrump sobre el ataque a Irán.",,https://www.facebook.com/reel/880962738081769/,1.0,0.0,Vídeos,,,162.0,7.0,7.0,,,,162.0,0.0,170.0,0.0,86.0,0.0,0.0,0.0,0.0,,,,,,,,,
,,100036645439789,360 Radio Colombia,"🗣️ “Las FARC prometieron entregar oro, propiedades, ganado, plata en efectivo y no cumplieron pero si recibieron curules gratis. No permitamos que el engaño se olvide”.

@danielbricen, candidato a la Cámara de Representantes por #Bogotá.",76,02/27/2026 18:30,,,Total,215,132,20,2990.624,14.04,123,20,16,8,3,5,2834.442,128.646,27.536,0.0,5.594,15.66,3.06,0.0,0.99,0.86,0.69,0.99,0.58,0.5,0.45,0.39,0.36,0.33,0.32,0.29,0.27,0.25,0.23,0.22,0.22,0.22,0.2,0.21,0.21,0.18,0.18,0.17,0.17,0.17,0.17,0.17,0.17,0.15,0.14,0.15,0.15,0.15,0.14,0.14,0.14,0.14,0.14,0.14,0.12,1.0,0.79,0.56,0.6,0.6,0.6,0.63,0.69,1.0,0.75,0.88,0.92,1.0,1.0,1.0,1.0,1.0,1.0,1.0,0.56,0.56,0.5,0.5,0.48,0.48,0.48,0.46,0.46,0.46,0.42,0.4,0.42,0.42,0.42,0.4,0.4,0.38,0.38,0.38,0.38,0.33,0.0,0.0,13.0,21.0,19.0,25.0,10.0,13.0,4.0,15.0,4.0,2.0,1.0,,116.0,5.0,,,2.0,1.0,,,,,,3.0,,,1.0,,,1.0,,,1.0,,,,1.0,,,,1.0,,,,,,,,,,,,,,,,0.0,0.0,0.0,0.0,,,,,,,,,,,,,,,,,,,,,,,,,,,,,,,,,,,,,,,,,,,,,,,,,,,1728577211707110.0,"🗣️ “Las FARC prometieron entregar oro, propiedades, ganado, plata en efectivo y no cumplieron pero si recibieron curules gratis. No permitamos que el engaño se olvide”.

@danielbricen, candidato a la Cámara de Representantes por #Bogotá.",uploaded,https://www.facebook.com/reel/924727379955925/,1.0,0.0,Vídeos,,,229.0,12.0,12.0,,,,229.0,0.0,215.0,0.0,132.0,0.0,0.0,0.0,0.0,,,,,,,,,
,,100036645439789,360 Radio Colombia,Tu reel,12,02/27/2026 18:26,,,Total,418,273,0,3753.565,10.34,264,0,22,14,7,1,3512.127,241.438,0.0,0.0,5.488,11.01,0.0,0.0,1.0,1.0,1.0,1.0,0.92,0.88,0.8,0.72,0.64,0.58,0.53,0.5,0.46,,,,,,,,,,,,,,,,,,,,,,,,,,,,,1.0,1.0,,,,,,,1.0,0.96,1.0,1.0,1.0,1.0,1.0,1.0,1.0,1.0,1.0,,,,,,,,,,,,,,,,,,,,,,,0.0,0.0,37.0,51.0,27.0,41.0,32.0,33.0,12.0,24.0,11.0,2.0,1.0,,258.0,8.0,1.0,,2.0,,,,1.0,,,,,,,,,1.0,,,,,,1.0,,,,,,,,,,,,,,,,,,1.0,,,0.0,0.0,0.0,0.0,,,,,,,,,,,,,,,,,,,,,,,,,,,,,,,,,,,,,,,,,,,,,,,,,,,1728574795040685.0,,,https://www.facebook.com/reel/1320743943274967/,1.0,0.0,Vídeos,,,550.0,62.0,62.0,,,,550.0,0.0,418.0,0.0,273.0,0.0,0.0,2.0,2.0,,,,,,,,,
,,100036645439789,360 Radio Colombia,"🇨🇴 En el marco de la recta final en su campaña presidencial, el candidato Iván Cepeda se presentó en la plaza de Bolívar en donde miles de personas le mostraron su apoyo.",12,02/27/2026 18:19,,,Total,131,0,0,,,27,0,10,6,2,2,390.094,47.581,0.0,0.0,5.287,9.515,0.0,0.0,,,,,,,,,,,,,,,,,,,,,,,,,,,,,,,,,,,,,,,,,,1.0,1.0,,,,,,,1.0,1.0,1.0,1.0,1.0,1.0,1.0,1.0,1.0,1.0,1.0,,,,,,,,,,,,,,,,,,,,,,,,0.0,,,,,,,,,,,,,,,,,,,,,,,,,,,,,,,,,,,,,,,,,,,,,,,,,,,,,,,,,0.0,0.0,0.0,0.0,,,,,,,,,,,,,,,,,,,,,,,,,,,,,,,,,,,,,,,,,,,,,,,,,,,1728567988374699.0,,,https://www.facebook.com/360RadioColombia/posts/pfbid02iveq4wQU62Y5PuEE4jeXZBnr7GoXPUJN1K4P84UooojfvnvatC47NBMZUvHaP6hBl,1.0,0.0,Fotos,,,184.0,12.0,6.0,6.0,,,184.0,0.0,131.0,0.0,0.0,0.0,0.0,0.0,0.0,,,,,,,,,
,,100036645439789,360 Radio Colombia,"📌💸 Inyección económica para Medellín por avanzar en la Libertadores
La millonaria cifra que recibirá Medellín por avanzar en Copa Libertadores￼
Independiente Medellín no solo celebró su clasificación a la tercera fase previa de la Copa Libertadores 2026, sino también un importante premio de US 600.000 dólares (más de 2.200 millones de pesos) que entrega la CONMEBOL por superar esa ronda. ￼

📊🌍 Suma que fortalece sus finanzas
Este monto se suma a los US 500.000 que ya tenía asegurados por disputar la segunda fase previa, por lo que el club acumula US 1,1 millones antes de llegar a la fase de grupos, un impulso clave para sus finanzas en 2026. ￼

⚽💪 Más allá del dinero, sigue el sueño continental
Además de la recompensa económica, el paso a la tercera fase mantiene vivo el sueño de llegar a la fase de grupos de la “Gloria Eterna”, lo que podría traducirse en premios aún mayores si el DIM sigue avanzando en el torneo continental.",0,02/27/2026 18:05,,,Total,319,0,0,,,0,0,5,4,0,1,0.0,0.0,0.0,0.0,0.0,0.0,0.0,0.0,,,,,,,,,,,,,,,,,,,,,,,,,,,,,,,,,,,,,,,,,,,,,,,,,,,,,,,,,,,,,,,,,,,,,,,,,,,,,,,,,,,,0.0,,,,,,,,,,,,,,,,,,,,,,,,,,,,,,,,,,,,,,,,,,,,,,,,,,,,,,,,,0.0,0.0,0.0,0.0,,,,,,,,,,,,,,,,,,,,,,,,,,,,,,,,,,,,,,,,,,,,,,,,,,,1728559315042233.0,,,https://www.facebook.com/360RadioColombia/posts/pfbid0jqwyM4ceZpYMvKnR9rmsUdDay1NSsNAa82diwdWt8cuAfDr4GGeHMxWCofqgiF8pl,0.0,0.0,Fotos,,,450.0,5.0,2.0,3.0,,,450.0,0.0,319.0,0.0,0.0,0.0,0.0,0.0,0.0,,,,,,,,,
,,100036645439789,360 Radio Colombia,"📌💰 El grupo cerró el año 2025 con una utilidad neta recurrente de COP 2,3 billones, superando las metas del mercado y mostrando un fuerte crecimiento del 39,9 % frente a 2024 gracias al buen desempeño de sus negocios en seguros, gestión de inversiones y banca. ￼

📈📊 Expansión sostenida y cifras clave
Además del incremento en las utilidades, la rentabilidad sobre patrimonio (ROE ajustado) se situó en 13,7 %, y la compañía ha propuesto un dividendo de COP 2.000 por acción para 2026, reflejando confianza en sus resultados y en la generación de valor para accionistas. ￼

📊🌍 Impulso en el mercado y proyecciones
Los ingresos sólidos y la performance de sus filiales principales (como Suramericana y Sura Asset Management) hicieron que los activos bajo administración crecieran y se consolidaran como pilares del desempeño, posicionando a Grupo SURA como un actor clave en la región financiera.",0,02/27/2026 17:30,,,Total,128,0,0,,,0,0,4,1,0,3,0.0,0.0,0.0,0.0,0.0,0.0,0.0,0.0,,,,,,,,,,,,,,,,,,,,,,,,,,,,,,,,,,,,,,,,,,,,,,,,,,,,,,,,,,,,,,,,,,,,,,,,,,,,,,,,,,,,0.0,,,,,,,,,,,,,,,,,,,,,,,,,,,,,,,,,,,,,,,,,,,,,,,,,,,,,,,,,0.0,0.0,0.0,0.0,,,,,,,,,,,,,,,,,,,,,,,,,,,,,,,,,,,,,,,,,,,,,,,,,,,1728537975044367.0,,,https://www.facebook.com/360RadioColombia/posts/pfbid02yipqiGUPNrQTLD1FTbpiprv91FwvEM6ujhWMqKhYDZUMLdWPDpff4sugCbRkhkBXl,0.0,0.0,Fotos,,,163.0,1.0,,1.0,,,163.0,0.0,128.0,0.0,0.0,0.0,0.0,0.0,0.0,,,,,,,,,
,,100036645439789,360 Radio Colombia,"🗣️ “Me honran con su amistad y el cariño de este testimonio”.

Andrés Pastrsna, expresidente de #Colombua, sobre la carta que lo defiende de las acusaciones sobre el caso #Epstein.",38,02/27/2026 16:40,,,Total,59,34,0,489.357,8.585,33,0,2,1,1,0,411.606,77.751,0.0,0.0,9.719,8.401,0.0,0.0,1.0,1.0,1.0,1.0,0.94,0.79,0.74,0.62,0.62,0.56,0.56,0.47,0.41,0.41,0.41,0.41,0.32,0.32,0.29,0.26,0.26,0.26,0.24,0.21,0.18,0.18,0.15,0.12,0.12,0.09,0.09,0.09,0.09,0.09,0.09,0.09,0.09,0.06,0.06,0.06,0.06,1.0,1.0,0.91,1.0,1.0,1.0,1.0,1.0,1.0,1.0,1.0,1.0,1.0,1.0,1.0,1.0,1.0,1.0,1.0,0.82,0.82,0.82,0.73,0.64,0.55,0.55,0.45,0.36,0.36,0.27,0.27,0.27,0.27,0.27,0.27,0.27,0.27,0.18,0.18,0.18,0.18,0.0,0.0,,,,,,,,,,,,,,,,,,,,,,,,,,,,,,,,,,,,,,,,,,,,,,,,,,,,,,,,,0.0,0.0,0.0,0.0,,,,,,,,,,,,,,,,,,,,,,,,,,,,,,,,,,,,,,,,,,,,,,,,,,,1728510668380431.0,"🗣️ “Me honran con su amistad y el cariño de este testimonio”.

Andrés Pastrsna, expresidente de #Colombua, sobre la carta que lo defiende de las acusaciones sobre el caso #Epstein.",,https://www.facebook.com/reel/3955808671384362/,1.0,0.0,Vídeos,,,60.0,3.0,3.0,,,,60.0,0.0,59.0,0.0,34.0,0.0,0.0,0.0,0.0,,,,,,,,,
,,100036645439789,360 Radio Colombia,"🚨 El Gobierno de #Ecuador anunció que elevará del 30 % al 50 % la “tasa de seguridad” aplicada a las importaciones provenientes de #Colombia, medida que entrará en vigor el próximo 1 de marzo y profundiza la disputa comercial entre ambos países vecinos. Para conocer hasta cuándo será implementada esta medida, siga el link del primer comentario.",0,02/27/2026 16:07,,,Total,115,0,0,,,0,0,1,0,1,0,0.0,0.0,0.0,0.0,0.0,0.0,0.0,0.0,,,,,,,,,,,,,,,,,,,,,,,,,,,,,,,,,,,,,,,,,,,,,,,,,,,,,,,,,,,,,,,,,,,,,,,,,,,,,,,,,,,,0.0,,,,,,,,,,,,,,,,,,,,,,,,,,,,,,,,,,,,,,,,,,,,,,,,,,,,,,,,,0.0,0.0,0.0,0.0,,,,,,,,,,,,,,,,,,,,,,,,,,,,,,,,,,,,,,,,,,,,,,,,,,,1728493041715527.0,,,https://www.facebook.com/360RadioColombia/posts/pfbid02QSeTTYvjDKL8bxzgot756wMN9JDmqe4VZFHMtmzF7b6NpDxxSRghAbwu5DGVnuEAl,0.0,0.0,Fotos,,,174.0,0.0,,,,,174.0,0.0,115.0,0.0,0.0,0.0,0.0,0.0,0.0,,,,,,,,,
,,100036645439789,360 Radio Colombia,"🗣️ “#PalomaValencia seguramente ganará la Gran Consulta”.

Andrés Gaviria, candidato a la Cámara por Antioquia del #CentroDemocrático.",65,02/27/2026 15:20,,,Total,109,75,2,1045.341,8.041,72,2,9,4,4,1,958.375,65.521,21.445,0.0,5.041,8.262,21.445,0.0,0.99,0.95,0.77,0.99,0.63,0.43,0.39,0.35,0.33,0.31,0.25,0.24,0.19,0.16,0.13,0.12,0.12,0.12,0.12,0.12,0.09,0.09,0.08,0.08,0.07,0.07,0.04,0.04,0.04,0.04,0.03,0.03,0.03,0.03,0.03,0.03,0.03,0.03,0.03,0.03,0.03,1.0,0.94,0.5,0.5,0.5,0.5,0.56,0.67,1.0,0.72,1.0,1.0,1.0,1.0,1.0,1.0,1.0,1.0,1.0,0.5,0.39,0.39,0.33,0.33,0.28,0.28,0.17,0.17,0.17,0.17,0.11,0.11,0.11,0.11,0.11,0.11,0.11,0.11,0.11,0.11,0.11,0.0,0.0,,,,,,,,,,,,,,,,,,,,,,,,,,,,,,,,,,,,,,,,,,,,,,,,,,,,,,,,,0.0,0.0,0.0,0.0,,,,,,,,,,,,,,,,,,,,,,,,,,,,,,,,,,,,,,,,,,,,,,,,,,,1728466805051484.0,"🗣️ “#PalomaValencia seguramente ganará la Gran Consulta”.

Andrés Gaviria, candidato a la Cámara por Antioquia del #CentroDemocrático.",,https://www.facebook.com/reel/1591302182145863/,1.0,0.0,Vídeos,,,136.0,8.0,8.0,,,,136.0,0.0,109.0,0.0,75.0,0.0,0.0,0.0,0.0,,,,,,,,,
,,100036645439789,360 Radio Colombia,"#Educación | La consolidación de programas de Derecho con altos estándares académicos sigue siendo clave para el fortalecimiento de la educación superior en Colombia ⚖️🇨🇴. En ese contexto, la Corporación Universitaria Americana alcanza un nuevo hito que refuerza su posicionamiento en la formación jurídica a nivel nacional.

Este avance impacta directamente la calidad académica, la investigación y la proyección social del programa 📚🔍, al tiempo que amplía las posibilidades de acceso a la formación profesional en distintos territorios del país 🌍🎓.

Más allá del reconocimiento institucional, se trata de un paso relevante para el desarrollo de una formación jurídica con sentido público, visión crítica y compromiso social ⚖️✨.",0,02/27/2026 13:21,,,Total,166,0,0,,,0,0,1,0,0,1,0.0,0.0,0.0,0.0,0.0,0.0,0.0,0.0,,,,,,,,,,,,,,,,,,,,,,,,,,,,,,,,,,,,,,,,,,,,,,,,,,,,,,,,,,,,,,,,,,,,,,,,,,,,,,,,,,,,0.0,,,,,,,,,,,,,,,,,,,,,,,,,,,,,,,,,,,,,,,,,,,,,,,,,,,,,,,,,0.0,0.0,0.0,0.0,,,,,,,,,,,,,,,,,,,,,,,,,,,,,,,,,,,,,,,,,,,,,,,,,,,1728405278390970.0,,,https://www.facebook.com/360RadioColombia/posts/pfbid025RxBHDNKU2LtH2gxNiKhMo47LNM7bgbZYo1KeNJPCL6N4DxMRgbMTh7nwmQYP77Gl,0.0,0.0,Fotos,,,222.0,2.0,2.0,,,,222.0,0.0,166.0,0.0,0.0,0.0,0.0,0.0,0.0,,,,,,,,,
,,100036645439789,360 Radio Colombia,"👀 “Este mensaje es para ti, que crees que puedes destruir a Colombia. Con este pueblo lleno de ardentía y de pasión por la Patria, te voy a derrotar”.

#AbelardoDeLaEspriella a #IvánCepeda.",39,02/27/2026 10:10,,,Total,535,296,0,5726.718,12.081,294,0,59,37,18,4,4230.568,1447.673,48.477,0.0,7.999,14.639,12.12,0.0,1.0,1.0,1.0,1.0,0.96,0.91,0.85,0.79,0.71,0.64,0.59,0.53,0.47,0.45,0.43,0.43,0.42,0.42,0.41,0.41,0.4,0.37,0.34,0.32,0.31,0.28,0.26,0.24,0.22,0.2,0.17,0.18,0.17,0.19,0.16,0.15,0.15,0.14,0.14,0.14,0.14,1.0,1.0,0.97,0.98,0.99,1.0,1.0,1.0,1.0,1.0,1.0,1.0,1.0,1.0,1.0,1.0,1.0,1.0,1.0,0.97,0.95,0.87,0.81,0.76,0.73,0.66,0.62,0.58,0.51,0.48,0.4,0.42,0.41,0.44,0.38,0.36,0.34,0.34,0.34,0.34,0.32,0.0,0.0,35.0,44.0,30.0,47.0,36.0,21.0,22.0,26.0,11.0,12.0,3.0,5.0,279.0,8.0,3.0,,1.0,3.0,,,,,,,,,1.0,,,1.0,,,,,,,,,,,,,,,,,,,,,,,,,,,0.0,0.0,0.0,0.0,,,,,,,,,,,,,,,,,,,,,,,,,,,,,,,,,,,,,,,,,,,,,,,,,,,1728298811734950.0,"👀 “Este mensaje es para ti, que crees que puedes destruir a Colombia. Con este pueblo lleno de ardentía y de pasión por la Patria, te voy a derrotar”.

#AbelardoDeLaEspriella a #IvánCepeda.",,https://www.facebook.com/reel/1273765424604540/,1.0,0.0,Vídeos,,,524.0,58.0,58.0,,,,524.0,0.0,535.0,0.0,296.0,0.0,0.0,0.0,0.0,,,,,,,,,
,,100036645439789,360 Radio Colombia,⚽️ James Rodríguez debutaría este sábado con #MinesottaUnited. Así ha entrenado con el equipo.,21,02/27/2026 09:50,,,Total,146,82,0,739.379,4.832,82,0,8,5,1,2,635.177,104.202,0.0,0.0,4.962,4.812,0.0,0.0,1.0,1.0,1.0,1.0,0.89,0.68,0.57,0.43,0.28,0.24,0.18,0.16,0.15,0.07,0.07,0.07,0.07,0.06,0.06,0.05,0.05,0.05,0.05,0.05,0.04,,,,,,,,,,,,,,,,,1.0,1.0,1.0,1.0,1.0,1.0,1.0,1.0,1.0,1.0,1.0,1.0,1.0,1.0,1.0,1.0,1.0,1.0,1.0,0.8,0.8,0.8,0.8,0.8,0.6,,,,,,,,,,,,,,,,,0.0,0.0,,,,,,,,,,,,,,,,,,,,,,,,,,,,,,,,,,,,,,,,,,,,,,,,,,,,,,,,,0.0,0.0,0.0,0.0,,,,,,,,,,,,,,,,,,,,,,,,,,,,,,,,,,,,,,,,,,,,,,,,,,,1728287075069457.0,⚽️ James Rodríguez debutaría este sábado con #MinesottaUnited. Así ha entrenado con el equipo.,,https://www.facebook.com/reel/1167840681924314/,1.0,0.0,Vídeos,,,168.0,4.0,4.0,,,,168.0,0.0,146.0,0.0,82.0,0.0,0.0,0.0,0.0,,,,,,,,,
,,100036645439789,360 Radio Colombia,📱 En video quedó registrado el rostro de dos ladrones que hurtaron el celular de un periodista que hacía el cubrimiento en vivo en la ciudad de #Ibagué.,27,02/27/2026 09:04,,,Total,371,247,0,5041.875,13.851,246,0,6,3,0,3,4422.666,196.113,423.096,0.0,5.161,14.743,16.273,0.0,1.0,1.0,1.0,1.0,0.93,0.81,0.72,0.66,0.62,0.57,0.55,0.52,0.49,0.46,0.44,0.4,0.4,0.37,0.37,0.36,0.36,0.35,0.33,0.32,0.31,0.3,0.3,0.28,0.28,,,,,,,,,,,,,1.0,1.0,0.93,0.94,1.0,1.0,1.0,1.0,1.0,1.0,1.0,1.0,1.0,1.0,1.0,1.0,1.0,1.0,1.0,0.92,0.9,0.89,0.84,0.81,0.79,0.77,0.74,0.71,0.69,,,,,,,,,,,,,0.0,0.0,26.0,51.0,26.0,41.0,28.0,22.0,10.0,25.0,6.0,4.0,1.0,1.0,222.0,9.0,1.0,2.0,,5.0,,,2.0,1.0,,,,,1.0,,,2.0,1.0,,1.0,,,,,,,,,,,,,,,,,,,,,,,,0.0,0.0,0.0,0.0,,,,,,,,,,,,,,,,,,,,,,,,,,,,,,,,,,,,,,,,,,,,,,,,,,,1728257728405725.0,📱 En video quedó registrado el rostro de dos ladrones que hurtaron el celular de un periodista que hacía el cubrimiento en vivo en la ciudad de #Ibagué.,,https://www.facebook.com/reel/1433271931927332/,1.0,0.0,Vídeos,,,460.0,8.0,8.0,,,,460.0,0.0,371.0,0.0,247.0,0.0,0.0,0.0,0.0,,,,,,,,,
,,100036645439789,360 Radio Colombia,"🚨 Tasa de desempleo en Colombia bajó y se ubicó en 10.9% en enero de 2026, según el DANE.",0,02/27/2026 08:47,,,Total,548,0,0,,,0,0,5,3,0,2,0.0,0.0,0.0,0.0,0.0,0.0,0.0,0.0,,,,,,,,,,,,,,,,,,,,,,,,,,,,,,,,,,,,,,,,,,,,,,,,,,,,,,,,,,,,,,,,,,,,,,,,,,,,,,,,,,,,0.0,,,,,,,,,,,,,,,,,,,,,,,,,,,,,,,,,,,,,,,,,,,,,,,,,,,,,,,,,0.0,0.0,0.0,0.0,,,,,,,,,,,,,,,,,,,,,,,,,,,,,,,,,,,,,,,,,,,,,,,,,,,1728245445073620.0,,,https://www.facebook.com/360RadioColombia/posts/pfbid0KDG9VmAydmPFndVKvGRnVei7s9ARYfdp5BTLZyu7AZBS1LjHSFdbK3JcHrRSvdYXl,0.0,0.0,Fotos,,,745.0,3.0,1.0,2.0,,,745.0,0.0,548.0,0.0,0.0,0.0,0.0,0.0,0.0,,,,,,,,,
,,100036645439789,360 Radio Colombia,"🗣️ “La canción que más nos representa es ‘No te veo’”.

@jowellyrandy, históricos cantantes de género urbano.",59,02/27/2026 08:30,,,Total,48,24,0,267.055,5.45,24,0,2,1,0,1,209.501,49.158,8.396,0.0,3.782,6.162,4.198,0.0,1.0,1.0,0.88,1.0,0.75,0.58,0.38,0.29,0.21,0.21,0.13,0.08,0.08,0.04,0.04,0.04,0.04,0.04,0.04,0.04,0.04,0.04,0.04,0.04,0.04,0.04,0.04,0.04,0.04,0.04,0.04,0.04,0.04,0.04,0.04,0.0,0.0,0.0,0.0,0.0,0.0,1.0,1.0,0.5,0.5,0.5,0.5,0.5,0.5,1.0,1.0,1.0,1.0,1.0,1.0,1.0,1.0,1.0,1.0,1.0,0.5,0.5,0.5,0.5,0.5,0.5,0.5,0.5,0.5,0.5,0.5,0.5,0.5,0.5,0.5,0.5,0.0,0.0,0.0,0.0,0.0,0.0,0.0,0.0,,,,,,,,,,,,,,,,,,,,,,,,,,,,,,,,,,,,,,,,,,,,,,,,,,,,,,,,,0.0,0.0,0.0,0.0,,,,,,,,,,,,,,,,,,,,,,,,,,,,,,,,,,,,,,,,,,,,,,,,,,,1728233555074809.0,"🗣️ “La canción que más nos representa es ‘No te veo’”.

@jowellyrandy, históricos cantantes de género urbano.",,https://www.facebook.com/reel/1398950811543519/,1.0,0.0,Vídeos,,,52.0,0.0,,,,,52.0,0.0,48.0,0.0,24.0,0.0,0.0,0.0,0.0,,,,,,,,,
,,100036645439789,360 Radio Colombia,"🥺 Un conductor grabó el momento en que, al parecer, dejaron abandonado a un perrito en la carretera que conecta el barrio La Graciela con la variante La Romelia–El Pollo, en #Pereira.",56,02/27/2026 08:00,,,Total,151,96,0,1572.99,9.591,94,0,7,4,1,2,1178.058,371.647,23.285,0.0,6.883,11.114,5.822,0.0,0.99,0.99,0.89,0.99,0.74,0.57,0.43,0.38,0.33,0.27,0.26,0.24,0.23,0.23,0.22,0.21,0.21,0.2,0.19,0.19,0.18,0.18,0.18,0.16,0.16,0.16,0.14,0.14,0.13,0.13,0.1,0.11,0.11,0.13,0.1,0.1,0.1,0.1,0.1,0.09,0.08,1.0,1.0,0.78,0.83,0.87,0.87,0.91,0.96,1.0,0.96,1.0,1.0,1.0,1.0,1.0,1.0,1.0,1.0,1.0,0.78,0.74,0.74,0.74,0.65,0.65,0.65,0.57,0.57,0.52,0.52,0.43,0.48,0.48,0.52,0.43,0.43,0.43,0.43,0.43,0.39,0.35,0.0,0.0,,,,,,,,,,,,,,,,,,,,,,,,,,,,,,,,,,,,,,,,,,,,,,,,,,,,,,,,,0.0,0.0,0.0,0.0,,,,,,,,,,,,,,,,,,,,,,,,,,,,,,,,,,,,,,,,,,,,,,,,,,,1728212285076936.0,"🥺 Un conductor grabó el momento en que, al parecer, dejaron abandonado a un perrito en la carretera que conecta el barrio La Graciela con la variante La Romelia–El Pollo, en #Pereira.",,https://www.facebook.com/reel/892622913662629/,1.0,0.0,Vídeos,,,175.0,5.0,5.0,,,,175.0,0.0,151.0,0.0,96.0,0.0,0.0,0.0,0.0,,,,,,,,,
,,100036645439789,360 Radio Colombia,"🎤 En el marco de su presentación en Bogotá, el próximo sábado 28 febrero, #JowellyRandy expusieron que mantienen contacto permanente con #JBalvin, pues ha sido profundamente importante para su carrera musical.",109,02/27/2026 07:30,,,Total,33,10,0,114.158,3.567,9,0,2,1,0,1,95.846,18.312,0.0,0.0,1.665,4.565,0.0,0.0,1.0,0.8,0.3,0.9,0.2,0.2,0.2,0.2,0.0,0.0,0.0,0.0,0.0,0.0,0.0,0.0,0.0,0.0,0.0,0.0,0.0,0.0,0.0,0.0,0.0,0.0,0.0,0.0,0.0,0.0,0.0,0.0,0.0,0.0,0.0,0.0,0.0,0.0,0.0,0.0,0.0,1.0,0.0,0.0,0.0,0.0,0.0,0.0,0.0,1.0,0.0,0.0,0.0,0.0,1.0,1.0,1.0,1.0,1.0,1.0,0.0,0.0,0.0,0.0,0.0,0.0,0.0,0.0,0.0,0.0,0.0,0.0,0.0,0.0,0.0,0.0,0.0,0.0,0.0,0.0,0.0,0.0,0.0,0.0,,,,,,,,,,,,,,,,,,,,,,,,,,,,,,,,,,,,,,,,,,,,,,,,,,,,,,,,,0.0,0.0,0.0,0.0,,,,,,,,,,,,,,,,,,,,,,,,,,,,,,,,,,,,,,,,,,,,,,,,,,,1728191135079051.0,"🎤 En el marco de su presentación en Bogotá, el próximo sábado 28 febrero, #JowellyRandy expusieron que mantienen contacto permanente con #JBalvin, pues ha sido profundamente importante para su carrera musical.",,https://www.facebook.com/reel/2321250968379757/,1.0,0.0,Vídeos,,,33.0,0.0,,,,,33.0,0.0,33.0,0.0,10.0,0.0,0.0,0.0,0.0,,,,,,,,,
,,100036645439789,360 Radio Colombia,"🗣️ “Que digan lo que quieran las encuestas, con el favor de Dios, vamos a ganar la Gran Consulta”.

#VickyDavila, precandidata presidencial del Movimiento Valientes.",70,02/27/2026 06:48,,,Total,106,54,2,729.18,7.148,53,2,9,2,4,3,455.982,264.444,8.754,0.0,7.346,7.016,8.754,0.0,1.0,0.96,0.74,1.0,0.5,0.39,0.2,0.19,0.17,0.15,0.15,0.13,0.13,0.13,0.09,0.09,0.09,0.07,0.07,0.06,0.04,0.06,0.06,0.06,0.06,0.06,0.06,0.06,0.06,0.06,0.04,0.04,0.04,0.06,0.04,0.04,0.04,0.04,0.04,0.04,0.04,1.0,0.78,0.44,0.44,0.56,0.56,0.56,0.78,1.0,0.78,0.89,0.89,1.0,1.0,1.0,1.0,1.0,1.0,1.0,0.33,0.22,0.33,0.33,0.33,0.33,0.33,0.33,0.33,0.33,0.33,0.22,0.22,0.22,0.33,0.22,0.22,0.22,0.22,0.22,0.22,0.22,0.0,0.0,,,,,,,,,,,,,,,,,,,,,,,,,,,,,,,,,,,,,,,,,,,,,,,,,,,,,,,,,0.0,0.0,0.0,0.0,,,,,,,,,,,,,,,,,,,,,,,,,,,,,,,,,,,,,,,,,,,,,,,,,,,1728160041748827.0,"🗣️ “Que digan lo que quieran las encuestas, con el favor de Dios, vamos a ganar la Gran Consulta”.

#VickyDavila, precandidata presidencial del Movimiento Valientes.",,https://www.facebook.com/reel/801992405629985/,1.0,0.0,Vídeos,,,114.0,5.0,5.0,,,,114.0,0.0,106.0,0.0,54.0,0.0,0.0,0.0,0.0,,,,,,,,,
,,100036645439789,360 Radio Colombia,"📊 Así está la intención de voto para 2026, según nueva encuesta de GAD3: 

🗳️ Iván Cepeda lidera con 34%
🗳️ Abelardo de la Espriella lo sigue con 26%

Además, un 13% aún no sabe por quién votar y 6% votaría en blanco.

La carrera presidencial empieza a tomar forma y, por ahora, el escenario muestra una contienda marcada entre dos nombres. ¿Se mantendrá esta tendencia?",0,02/27/2026 06:14,,,Total,450,0,0,,,0,0,10,4,4,2,0.0,0.0,0.0,0.0,0.0,0.0,0.0,0.0,,,,,,,,,,,,,,,,,,,,,,,,,,,,,,,,,,,,,,,,,,,,,,,,,,,,,,,,,,,,,,,,,,,,,,,,,,,,,,,,,,,,0.0,,,,,,,,,,,,,,,,,,,,,,,,,,,,,,,,,,,,,,,,,,,,,,,,,,,,,,,,,0.0,0.0,0.0,0.0,,,,,,,,,,,,,,,,,,,,,,,,,,,,,,,,,,,,,,,,,,,,,,,,,,,1728134781751353.0,,,https://www.facebook.com/360RadioColombia/posts/pfbid0QBo4sDBYPTKZs4J9f8VBzjHEHGxWJxpBGtMkZTcjaZ9HNFiMnQjse9Ye3YZyB8FTl,0.0,0.0,Fotos,,,676.0,45.0,12.0,33.0,,,676.0,0.0,450.0,0.0,0.0,0.0,0.0,0.0,0.0,,,,,,,,,
,,100036645439789,360 Radio Colombia,"🇨🇴 “El #CentroDemocrático es un Partido útil. Yo quiero servirle a mi patria hasta el final de mis días”.

#ÁlvaroUribe, ex Presidente de la República y ahora candidato al Senado.",83,02/27/2026 06:12,,,Total,7162,2334,94,33092.322,7.204,2294,89,1136,919,191,26,3266.053,29174.716,651.553,0.0,6.876,13.277,6.265,0.0,0.99,0.83,0.55,1.0,0.38,0.27,0.21,0.18,0.15,0.13,0.12,0.11,0.1,0.09,0.09,0.08,0.08,0.07,0.07,0.06,0.06,0.06,0.05,0.05,0.05,0.05,0.05,0.04,0.04,0.04,0.04,0.04,0.04,0.04,0.04,0.04,0.04,0.03,0.03,0.03,0.03,1.0,0.63,0.38,0.41,0.44,0.48,0.51,0.54,1.0,0.56,0.7,0.78,0.89,1.0,1.0,1.0,1.0,1.0,1.0,0.37,0.35,0.34,0.32,0.3,0.3,0.28,0.27,0.26,0.25,0.24,0.22,0.23,0.23,0.24,0.21,0.21,0.21,0.2,0.2,0.2,0.2,0.0,0.01,155.0,178.0,270.0,199.0,236.0,295.0,185.0,335.0,279.0,137.0,18.0,15.0,2158.0,59.0,7.0,3.0,9.0,44.0,1.0,,1.0,3.0,1.0,1.0,5.0,,5.0,6.0,,3.0,,,2.0,2.0,2.0,1.0,1.0,4.0,3.0,1.0,2.0,,1.0,,,,1.0,,,,,1.0,,,,,0.0,0.0,0.0,0.0,,,1.0,,1.0,,,,,1.0,,,,1.0,1.0,,,,1.0,,,,,,,,,1.0,,,,,,,,,,,,,,,,,,,,,,,1728132835084881.0,"🇨🇴 “El #CentroDemocrático es un Partido útil. Yo quiero servirle a mi patria hasta el final de mis días”.

#ÁlvaroUribe, ex Presidente de la República y ahora candidato al Senado.",,https://www.facebook.com/reel/1279117017393530/,1.0,0.0,Vídeos,,,4865.0,458.0,458.0,,,,4859.0,0.0,7162.0,0.0,2334.0,0.0,0.0,0.0,0.0,,,,,,,,,
,,100036645439789,360 Radio Colombia,"🇨🇴 El presidente Gustavo Petro pidió al ministro de Salud, Guillermo Jaramillo, radicar un proyecto de ley para que propietarios de las EPS respondan con su patrimonio por deudas con el sistema y proveedores, evitando errores del gobierno Iván Duque.",113,02/27/2026 05:52,,,Total,250,112,7,2151.248,10.392,109,7,18,10,7,1,1247.503,903.745,0.0,0.0,7.928,13.415,0.0,0.0,0.99,0.68,0.47,0.99,0.37,0.35,0.3,0.29,0.24,0.18,0.13,0.13,0.12,0.1,0.08,0.07,0.07,0.07,0.07,0.06,0.06,0.06,0.06,0.06,0.06,0.06,0.06,0.06,0.06,0.06,0.05,0.05,0.05,0.05,0.05,0.05,0.05,0.05,0.05,0.05,0.05,1.0,0.42,0.22,0.22,0.22,0.22,0.25,0.31,1.0,0.36,0.42,0.56,0.75,0.89,0.92,1.0,1.0,1.0,1.0,0.19,0.19,0.19,0.19,0.19,0.19,0.19,0.19,0.19,0.19,0.19,0.17,0.17,0.17,0.17,0.17,0.17,0.17,0.17,0.17,0.17,0.17,0.0,0.0,13.0,14.0,14.0,19.0,10.0,13.0,4.0,9.0,8.0,5.0,,,101.0,7.0,1.0,,,1.0,,,,,,,,,,1.0,,,,,,,,,,,,,,,,1.0,,,,,,,,,,,,,0.0,0.0,0.0,0.0,,,,,,,,,,,,,,,,,,,,,,,,,,,,,,,,,,,,,,,,,,,,,,,,,,,1728118188419679.0,"🇨🇴 El presidente Gustavo Petro pidió al ministro de Salud, Guillermo Jaramillo, radicar un proyecto de ley para que propietarios de las EPS respondan con su patrimonio por deudas con el sistema y proveedores, evitando errores del gobierno Iván Duque.",,https://www.facebook.com/reel/1224250049824809/,1.0,0.0,Vídeos,,,224.0,32.0,32.0,,,,221.0,0.0,250.0,0.0,112.0,0.0,0.0,0.0,0.0,,,,,,,,,
,,100036645439789,360 Radio Colombia,"Colombia, mal frente al mundo🌎

El informe Global Organized Crime Index 2025, ubica al país como el segundo con mayor presencia de crimen organizado. 

El ranking evalúa 193 países y mide la fuerza de economías ilegales así como la capacidad del Estado para enfrentarlas.",0,02/27/2026 05:21,,,Total,953,0,0,,,0,0,10,4,3,3,0.0,0.0,0.0,0.0,0.0,0.0,0.0,0.0,,,,,,,,,,,,,,,,,,,,,,,,,,,,,,,,,,,,,,,,,,,,,,,,,,,,,,,,,,,,,,,,,,,,,,,,,,,,,,,,,,,,0.0,,,,,,,,,,,,,,,,,,,,,,,,,,,,,,,,,,,,,,,,,,,,,,,,,,,,,,,,,0.0,0.0,0.0,0.0,,,,,,,,,,,,,,,,,,,,,,,,,,,,,,,,,,,,,,,,,,,,,,,,,,,1728096318421866.0,,,https://www.facebook.com/360RadioColombia/posts/pfbid029yut5pvVVkRCaxXib4Cm2RdnGvnGJFZguLZQdadcFv6EdambUuvAoQVe5TdY32nol,0.0,0.0,Fotos,,,1443.0,30.0,19.0,11.0,,,1443.0,0.0,953.0,0.0,0.0,0.0,0.0,0.0,0.0,,,,,,,,,
,,100036645439789,360 Radio Colombia,"📊 Ecuador anunció que elevará al 50 % la “tasa de seguridad” sobre importaciones desde Colombia, una medida que empezará a regir desde el 1 de marzo y que ha encendido las alarmas comerciales entre ambos países.

El Gobierno ecuatoriano argumenta que el aumento de la tarifa responde a preocupaciones de seguridad fronteriza, mientras que sectores empresariales colombianos ven la decisión como un nuevo obstáculo para el comercio bilateral.

Esta medida promete impactar el flujo de productos entre las dos naciones y podría presionar a exportadores a buscar alternativas o renegociar acuerdos comerciales en las próximas semanas.",0,02/26/2026 12:56,,,Total,2457,0,0,,,0,0,16,13,1,2,0.0,0.0,0.0,0.0,0.0,0.0,0.0,0.0,,,,,,,,,,,,,,,,,,,,,,,,,,,,,,,,,,,,,,,,,,,,,,,,,,,,,,,,,,,,,,,,,,,,,,,,,,,,,,,,,,,,0.03,,,,,,,,,,,,,,,,,,,,,,,,,,,,,,,,,,,,,,,,,,,,,,,,,,,,,,,,,0.0,0.0,0.0,0.0,,,,,,,,,,,,,,,,,,,,,,,,,,,,,,,,,,,,,,,,,,,,,,,,,,,1727505811814250.0,,,https://www.facebook.com/360RadioColombia/posts/pfbid0kCb8hNG42aBY62Zs6dQopP5b6fcY4WnDFGx2mU7WW9Yib5wxknfVeBBMXmwjtRoHl,0.0,0.0,Fotos,,,3529.0,42.0,34.0,8.0,,,3529.0,0.0,2457.0,0.0,0.0,0.0,0.0,0.0,0.0,,,,,,,,,
,,100036645439789,360 Radio Colombia,"🗳️ Así se movería la primera vuelta presidencial

La más reciente encuesta Invamer muestra un escenario fragmentado, con varios candidatos competitivos y con Iván Cepeda acercándose al 40%. 

¿Cree que algún candidato podrá ser Presidente en primera vuelta? 

#Colombia #Elecciones",0,02/26/2026 12:34,,,Total,320,0,0,,,0,0,5,3,1,1,0.0,0.0,0.0,0.0,0.0,0.0,0.0,0.0,,,,,,,,,,,,,,,,,,,,,,,,,,,,,,,,,,,,,,,,,,,,,,,,,,,,,,,,,,,,,,,,,,,,,,,,,,,,,,,,,,,,0.0,,,,,,,,,,,,,,,,,,,,,,,,,,,,,,,,,,,,,,,,,,,,,,,,,,,,,,,,,0.0,0.0,0.0,0.0,,,,,,,,,,,,,,,,,,,,,,,,,,,,,,,,,,,,,,,,,,,,,,,,,,,1727494591815372.0,,,https://www.facebook.com/360RadioColombia/posts/pfbid02G23JnpF3gsNQwVUpHoGX9L3o6qmomYkkgXsAcE2droyWhbfd5uiLzEGbyVCzWeUAl,0.0,0.0,Fotos,,,556.0,55.0,5.0,50.0,,,556.0,0.0,320.0,0.0,0.0,0.0,0.0,0.0,0.0,,,,,,,,,
,,100036645439789,360 Radio Colombia,"📍 La Registraduría Nacional habilitó un nuevo puesto de votación en El Tesoro (Medellín) de cara a las elecciones del 8 de marzo, y muchos ciudadanos deben revisar si su centro de votación cambió 🗳️.

Este nuevo punto se creó para agilizar la jornada electoral y evitar aglomeraciones, así que es clave que verifique su lugar asignado antes del día de la votación 📲.

Si su cédula quedó en este nuevo puesto, ¡prepárese para votar allí! No dejes# que un cambio de sede le tome por sorpresa el día de las elecciones 🇨🇴.",0,02/26/2026 11:55,,,Total,279,0,0,,,0,0,3,1,0,2,0.0,0.0,0.0,0.0,0.0,0.0,0.0,0.0,,,,,,,,,,,,,,,,,,,,,,,,,,,,,,,,,,,,,,,,,,,,,,,,,,,,,,,,,,,,,,,,,,,,,,,,,,,,,,,,,,,,0.0,,,,,,,,,,,,,,,,,,,,,,,,,,,,,,,,,,,,,,,,,,,,,,,,,,,,,,,,,0.0,0.0,0.0,0.0,,,,,,,,,,,,,,,,,,,,,,,,,,,,,,,,,,,,,,,,,,,,,,,,,,,1727471735150991.0,,,https://www.facebook.com/360RadioColombia/posts/pfbid0uKPGEggoC1EKiompWiNvdPqR5PGRMuf85XQksEc9KuehNM7ZmzZWkEfMDodaEAzCl,0.0,0.0,Fotos,,,405.0,1.0,,1.0,,,405.0,0.0,279.0,0.0,0.0,0.0,0.0,0.0,0.0,,,,,,,,,
,,100036645439789,360 Radio Colombia,"💰⚽ El delantero estaría ganando cerca de 576 millones de pesos mensuales, una cifra que lo pone en la cima de los sueldos del fútbol colombiano.

Su peso en Atlético Nacional no solo se siente en la cancha, sino también en las finanzas del club, que apostó fuerte por uno de los atacantes más determinantes del país.

Con ese contrato, Morelos no solo carga la responsabilidad de los goles, sino también la etiqueta de ser uno de los jugadores mejor pagos del FPC en 2026.",0,02/26/2026 10:30,,,Total,580,0,0,,,0,0,11,8,1,2,0.0,0.0,0.0,0.0,0.0,0.0,0.0,0.0,,,,,,,,,,,,,,,,,,,,,,,,,,,,,,,,,,,,,,,,,,,,,,,,,,,,,,,,,,,,,,,,,,,,,,,,,,,,,,,,,,,,0.0,,,,,,,,,,,,,,,,,,,,,,,,,,,,,,,,,,,,,,,,,,,,,,,,,,,,,,,,,0.0,0.0,0.0,0.0,,,,,,,,,,,,,,,,,,,,,,,,,,,,,,,,,,,,,,,,,,,,,,,,,,,1727422828489215.0,,,https://www.facebook.com/360RadioColombia/posts/pfbid02AAwfBXnq6pwMxzAzMdJqyui7Wu68eTzxj8yq9C2Vpe5qVhKXu8vuErAqJ2P8cSXzl,0.0,0.0,Fotos,,,887.0,14.0,4.0,10.0,,,887.0,0.0,580.0,0.0,0.0,0.0,0.0,1.0,1.0,1.0,1.0,,,,,,,
,,100036645439789,360 Radio Colombia,"👊🏼 Un asalto cometido a plena luz del día en el casco urbano de Anapoima desató una persecución digna de película por parte de la Policía de Cundinamarca, que terminó con la detención en flagrancia de dos hombres conocidos como ‘Bebé’ y ‘Ojos’.

Según las autoridades, los implicados habrían arrebatado una cadena de oro, valorada en 14 millones de pesos, y cuando intentaban huir fueron alcanzados por los uniformados. En el procedimiento se les decomisó la motocicleta en la que se movilizaban, un arma de fuego, dos celulares y la joya sustraída en este municipio del suroccidente del departamento.",105,02/26/2026 10:00,,,Total,649,337,63,9994.099,17.201,333,63,6,6,0,0,6441.482,3552.617,0.0,0.0,10.733,25.766,0.0,0.0,1.0,0.8,0.63,1.0,0.49,0.44,0.39,0.35,0.33,0.31,0.29,0.28,0.27,0.26,0.25,0.24,0.23,0.22,0.22,0.21,0.21,0.2,0.19,0.18,0.18,0.18,0.18,0.18,0.18,0.17,0.12,0.15,0.13,0.15,0.09,0.07,0.06,0.06,0.06,0.04,0.03,1.0,0.68,0.54,0.54,0.57,0.59,0.6,0.62,1.0,0.65,0.7,0.77,0.8,0.86,0.94,1.0,1.0,1.0,1.0,0.51,0.51,0.49,0.47,0.43,0.42,0.43,0.43,0.43,0.43,0.41,0.28,0.36,0.33,0.38,0.21,0.16,0.14,0.14,0.14,0.1,0.07,0.0,0.01,33.0,50.0,22.0,40.0,43.0,19.0,38.0,23.0,24.0,25.0,12.0,2.0,274.0,20.0,1.0,10.0,2.0,8.0,8.0,,,,,,1.0,,1.0,,1.0,1.0,,1.0,1.0,,,,1.0,,,,1.0,,6.0,,,,,,,,,,,,,,0.0,0.0,0.0,0.0,,,,,,,,,,,,,,,,,,,,,,,,,,,,,,,,,,,,,,,,,,,,,,,,,,,1727404738491024.0,"👊🏼 Un asalto cometido a plena luz del día en el casco urbano de Anapoima desató una persecución digna de película por parte de la Policía de Cundinamarca, que terminó con la detención en flagrancia de dos hombres conocidos como ‘Bebé’ y ‘Ojos’.

Según las autoridades, los implicados habrían arrebatado una cadena de oro, valorada en 14 millones de pesos, y cuando intentaban huir fueron alcanzados por los uniformados. En el procedimiento se les decomisó la motocicleta en la que se movilizaban, un arma de fuego, dos celulares y la joya sustraída en este municipio del suroccidente del departamento.",,https://www.facebook.com/reel/1433669578131685/,1.0,0.0,Vídeos,,,632.0,29.0,29.0,,,,632.0,0.0,649.0,0.0,337.0,0.0,0.0,0.0,0.0,,,,,,,,,
,,100036645439789,360 Radio Colombia,"🤬 En medio del partido entre Independiente #SantaFe y #AtléticoNacional en el estadio El Campín de Bogotá, desadaptados disfrazados de hinchas enfrentaron al ESMAD. Al parecer, eran pertenecientes a la barra ‘Los del Sur’ y se enfrentaban a sus similares de ‘Los Piratas.",179,02/26/2026 09:00,,,Total,601,299,52,10856.747,21.456,296,52,7,7,0,0,2870.387,7986.36,0.0,0.0,20.374,25.179,0.0,0.0,0.86,0.63,0.52,1.0,0.48,0.41,0.38,0.32,0.28,0.26,0.25,0.22,0.2,0.19,0.16,0.15,0.13,0.11,0.1,0.1,0.1,0.09,0.08,0.08,0.08,0.07,0.07,0.07,0.07,0.07,0.06,0.07,0.06,0.07,0.05,0.05,0.05,0.05,0.05,0.05,0.05,1.0,0.43,0.21,0.23,0.25,0.29,0.33,0.37,0.99,0.4,0.5,0.52,0.56,0.64,0.76,0.82,0.95,1.0,0.99,0.19,0.19,0.19,0.16,0.16,0.15,0.14,0.14,0.14,0.14,0.14,0.12,0.13,0.13,0.13,0.11,0.11,0.1,0.1,0.09,0.09,0.09,0.0,0.0,16.0,26.0,10.0,43.0,53.0,12.0,91.0,2.0,8.0,17.0,5.0,11.0,266.0,20.0,1.0,,2.0,5.0,1.0,,,,,1.0,1.0,,,,,1.0,,,,,,,,,,,1.0,,,,,,,,,,,,,,,,0.0,0.0,0.0,0.0,,,,,,,,,,,,,,,,,,,,,,,,,,,,,,,,,,,,,,,,,,,,,,,,,,,1727364678495030.0,"🤬 En medio del partido entre Independiente #SantaFe y #AtléticoNacional en el estadio El Campín de Bogotá, desadaptados disfrazados de hinchas enfrentaron al ESMAD. Al parecer, eran pertenecientes a la barra ‘Los del Sur’ y se enfrentaban a sus similares de ‘Los Piratas.",,https://www.facebook.com/reel/4268657833452685/,1.0,0.0,Vídeos,,,542.0,33.0,33.0,,,,540.0,0.0,601.0,0.0,299.0,0.0,0.0,0.0,0.0,,,,,,,,,
,,100036645439789,360 Radio Colombia,"🤔 Reflexiones sobre vicepresidente de la precandidata presidencial por el #CentroDemocrático, #PalomaValencia.",20,02/26/2026 08:30,,,Total,156,87,0,1270.877,9.077,86,0,11,8,2,1,948.83,322.047,0.0,0.0,7.157,9.988,0.0,0.0,1.0,1.0,1.0,1.0,0.8,0.69,0.63,0.57,0.54,0.51,0.46,0.41,0.4,0.38,0.38,0.34,0.32,0.31,0.31,0.3,0.3,,,,,,,,,,,,,,,,,,,,,1.0,1.0,0.93,0.93,0.97,1.0,1.0,1.0,1.0,1.0,1.0,1.0,1.0,1.0,1.0,1.0,1.0,1.0,1.0,0.9,0.9,,,,,,,,,,,,,,,,,,,,,0.0,0.0,,,,,,,,,,,,,,,,,,,,,,,,,,,,,,,,,,,,,,,,,,,,,,,,,,,,,,,,,0.0,0.0,0.0,0.0,,,,,,,,,,,,,,,,,,,,,,,,,,,,,,,,,,,,,,,,,,,,,,,,,,,1727341318497366.0,"🤔 Reflexiones sobre vicepresidente de la precandidata presidencial por el #CentroDemocrático, #PalomaValencia.",,https://www.facebook.com/reel/2592148207847413/,1.0,0.0,Vídeos,,,182.0,3.0,3.0,,,,182.0,0.0,156.0,0.0,87.0,0.0,0.0,0.0,0.0,,,,,,,,,
,,100036645439789,360 Radio Colombia,"📈 Aprobación presidencial en febrero 2026

Petro registra 49,1% de aprobación y 46,1% de desaprobación, según Invamer.

El país sigue dividido, pero con ligera ventaja para el respaldo al Gobierno.",0,02/26/2026 07:58,,,Total,8292,0,0,,,0,0,111,67,41,3,0.0,0.0,0.0,0.0,0.0,0.0,0.0,0.0,,,,,,,,,,,,,,,,,,,,,,,,,,,,,,,,,,,,,,,,,,,,,,,,,,,,,,,,,,,,,,,,,,,,,,,,,,,,,,,,,,,,0.06,,,,,,,,,,,,,,,,,,,,,,,,,,,,,,,,,,,,,,,,,,,,,,,,,,,,,,,,,0.0,0.0,0.0,0.0,,,,,,,,,,,,,,,,,,,,,,,,,,,,,,,,,,,,,,,,,,,,,,,,,,,1727315061833325.0,,,https://www.facebook.com/360RadioColombia/posts/pfbid0HkBpHtEYSDeiXrMQ13L3ViJUacgSk6CCRhD4qgdxuDaKqRznUUr56xX9EyUmACM4l,0.0,0.0,Fotos,,,12113.0,204.0,142.0,62.0,,,12113.0,0.0,8292.0,0.0,0.0,0.0,0.0,1.0,1.0,1.0,1.0,,,,,,,
,,100036645439789,360 Radio Colombia,"🔎 Así se moverían las consultas del 8 de marzo

Según la más reciente encuesta Invamer, las tres consultas interpartidistas muestran liderazgos definidos y un alto porcentaje de indecisos. 

Paloma Valencia, Claudia López y Daniel Quintero lideran sus consultas. 

La disputa por quién llegará fortalecido a la primera vuelta ya comenzó.

#Colombia #Politica",0,02/26/2026 06:48,,,Total,611,0,0,,,0,0,8,5,0,3,0.0,0.0,0.0,0.0,0.0,0.0,0.0,0.0,,,,,,,,,,,,,,,,,,,,,,,,,,,,,,,,,,,,,,,,,,,,,,,,,,,,,,,,,,,,,,,,,,,,,,,,,,,,,,,,,,,,0.0,,,,,,,,,,,,,,,,,,,,,,,,,,,,,,,,,,,,,,,,,,,,,,,,,,,,,,,,,0.0,0.0,0.0,0.0,,,,,,,,,,,,,,,,,,,,,,,,,,,,,,,,,,,,,,,,,,,,,,,,,,,1727266455171519.0,,,https://www.facebook.com/360RadioColombia/posts/pfbid024mcuMK6XSyWbTvDZ9rk3HHMz3HZKs4mZknsZFj2uWgv37UHh5MNkB2ZBgegEzgcGl,0.0,0.0,Fotos,,,897.0,37.0,2.0,35.0,,,897.0,0.0,611.0,0.0,0.0,0.0,0.0,0.0,0.0,,,,,,,,,
,,100036645439789,360 Radio Colombia,"🔎 Aprobación de Petro en febrero 2026

La más reciente encuesta Invamer muestra que el presidente registra 49,1% de aprobación. 

Números revelados en la última Encuesta Invamer. 

#Colombia",0,02/25/2026 18:26,,,Total,5895,0,0,,,0,0,336,193,134,9,0.0,0.0,0.0,0.0,0.0,0.0,0.0,0.0,,,,,,,,,,,,,,,,,,,,,,,,,,,,,,,,,,,,,,,,,,,,,,,,,,,,,,,,,,,,,,,,,,,,,,,,,,,,,,,,,,,,0.06,,,,,,,,,,,,,,,,,,,,,,,,,,,,,,,,,,,,,,,,,,,,,,,,,,,,,,,,,0.0,0.0,0.0,0.0,,,,,,,,,,,,,,,,,,,,,,,,,,,,,,,,,,,,,,,,,,,,,,,,,,,1726791641885667.0,,,https://www.facebook.com/360RadioColombia/posts/pfbid0ZUrcPaZ6pWDM3TcGCVkeW4h787ckzuiCKoZFWHG4KtRYHGRLVwdyGWA1nNGxoUyul,0.0,0.0,Fotos,,,8790.0,289.0,249.0,40.0,,,8790.0,0.0,5895.0,0.0,0.0,0.0,0.0,3.0,3.0,1.0,1.0,2.0,2.0,,,,,
,,100036645439789,360 Radio Colombia,🇨🇴 #Shakira se presentará en África después de 20 años de su última presentación en esa parte del mundo. Donde interpretan con este ritmo una de sus canciones: #WakaWaka.,12,02/25/2026 16:30,,,Total,2279,1148,0,12912.564,6.916,1148,0,18,17,0,1,877.006,538.794,0.0,11496.764,5.987,6.595,0.0,6.994,0.99,0.99,0.99,0.99,0.99,0.99,0.99,0.99,0.99,0.99,0.99,0.99,0.99,0.91,0.9,0.9,0.84,0.84,0.84,0.73,0.73,0.73,0.73,0.64,0.64,0.64,0.58,0.58,0.58,0.52,0.45,0.52,0.45,0.52,0.45,0.39,0.39,0.39,0.32,0.32,0.32,1.0,1.0,,,,,,,1.0,0.94,1.0,1.0,1.0,1.0,1.0,1.0,1.0,1.0,1.0,,,,,,,,,,,,,,,,,,,,,,,0.0,0.0,22.0,86.0,41.0,157.0,300.0,61.0,194.0,73.0,93.0,50.0,16.0,51.0,1126.0,9.0,2.0,1.0,,4.0,,,,,1.0,1.0,,,1.0,,,1.0,1.0,,1.0,,,,,,,,,,,,,,,,,,,,,,,,0.0,0.0,0.0,0.0,,,,,,,,,,,,,,,,,,,,,,,,,,,,,,,,,,,,,,,,,,,,,,,,,,,1726720998559398.0,🇨🇴 #Shakira se presentará en África después de 20 años de su última presentación en esa parte del mundo. Donde interpretan con este ritmo una de sus canciones: #WakaWaka.,,https://www.facebook.com/reel/2030575201136143/,1.0,0.0,Vídeos,,,2366.0,140.0,8.0,,1.0,131.0,276.0,1865.0,331.0,2077.0,129.0,1019.0,0.0,0.0,0.0,,,,,,,,,
,,100036645439789,360 Radio Colombia,"🤔 En video quedó registrado este saludo de Dayro Moreno, máximo goleador de la historia del fútbol en Colombia, al movimiento ‘Firmes por la Democracia, del candidato presidencial #AbelardoDeLaEspriella.",10,02/25/2026 16:00,,,Total,409,280,0,3229.16,7.67,270,0,30,18,10,2,2971.959,210.918,46.283,0.0,5.022,7.99,6.612,0.0,1.0,1.0,1.0,1.0,0.96,0.89,0.84,0.76,0.68,0.63,0.59,0.56,0.51,,,,,,,,,,,,,,,,,,,,,,,,,,,,,1.0,1.0,,,,,,,1.0,0.94,1.0,1.0,1.0,1.0,1.0,1.0,1.0,1.0,1.0,,,,,,,,,,,,,,,,,,,,,,,0.0,0.0,41.0,50.0,24.0,44.0,41.0,25.0,17.0,12.0,9.0,9.0,2.0,1.0,266.0,7.0,3.0,1.0,,1.0,,,,,,,,,,,,1.0,,,,,,,,,,,,,,,,,,,,,,,,,,,0.0,0.0,0.0,0.0,,,,,,,,,,,,,1.0,,,,,,,,,,,,,,,,,,,,,,,,,,,,,,,,,,,,,,1726703878561110.0,"🤔 En video quedó registrado este saludo de Dayro Moreno, máximo goleador de la historia del fútbol en Colombia, al movimiento ‘Firmes por la Democracia, del candidato presidencial #AbelardoDeLaEspriella.",,https://www.facebook.com/reel/1303001015001498/,1.0,0.0,Vídeos,,,607.0,20.0,20.0,,,,607.0,0.0,409.0,0.0,280.0,0.0,0.0,0.0,0.0,,,,,,,,,
,,100036645439789,360 Radio Colombia,"✈️  Un avión de American Airlines que llegó a Colombia desde Estados Unidos fue encontrado con posibles impactos de bala en una de sus alas tras una inspección rutinaria. Aunque no hubo heridos ni emergencia en pleno vuelo, el hallazgo dejó a todos con la boca abierta y desató un fuerte debate sobre seguridad aérea.

📍 El avión había despegado sin contratiempos desde Estados Unidos y aterrizó normalmente en territorio colombiano, pero al realizar la revisión técnica, los mecánicos notaron los posibles impactos balísticos. Las autoridades ya investigan el caso y buscan determinar dónde y cómo ocurrieron estos daños, provocando preocupación y muchas preguntas.",0,02/25/2026 15:30,,,Total,7860,0,0,,,0,0,19,16,0,3,0.0,0.0,0.0,0.0,0.0,0.0,0.0,0.0,,,,,,,,,,,,,,,,,,,,,,,,,,,,,,,,,,,,,,,,,,,,,,,,,,,,,,,,,,,,,,,,,,,,,,,,,,,,,,,,,,,,0.16,,,,,,,,,,,,,,,,,,,,,,,,,,,,,,,,,,,,,,,,,,,,,,,,,,,,,,,,,0.0,0.0,0.0,0.0,,,,,,,,,,,,,,,,,,,,,,,,,,,,,,,,,,,,,,,,,,,,,,,,,,,1726686988562799.0,,,https://www.facebook.com/360RadioColombia/posts/pfbid032aAoH79AvunbSHbN4SfKLA7aJoi6jR9ZDRTzKxAMteqYjeHgkH6NwvwPoeSPEKJUl,0.0,0.0,Fotos,,,10396.0,105.0,53.0,52.0,,,10396.0,0.0,7860.0,0.0,0.0,0.0,0.0,1.0,1.0,1.0,1.0,,,,,,,
,,100036645439789,360 Radio Colombia,"😳 Y por ustedes, ¿qué han hecho? Esto pasó en TransMilenio, ciudad de #Bogotá.",57,02/25/2026 15:00,,,Total,338,222,0,4502.012,14.429,220,0,9,5,3,1,3942.306,552.256,7.45,0.0,12.552,14.766,7.45,0.0,1.0,1.0,0.91,1.0,0.82,0.66,0.54,0.49,0.44,0.4,0.35,0.33,0.32,0.29,0.27,0.26,0.26,0.25,0.25,0.23,0.21,0.2,0.2,0.2,0.2,0.19,0.18,0.18,0.18,0.18,0.17,0.17,0.17,0.18,0.17,0.17,0.16,0.15,0.14,0.14,0.12,1.0,1.0,0.74,0.76,0.77,0.78,0.8,0.86,1.0,0.96,1.0,1.0,1.0,1.0,1.0,1.0,1.0,1.0,1.0,0.7,0.64,0.59,0.59,0.59,0.59,0.58,0.55,0.55,0.53,0.53,0.51,0.51,0.51,0.53,0.51,0.5,0.47,0.46,0.43,0.41,0.36,0.0,0.0,11.0,29.0,30.0,23.0,19.0,32.0,13.0,23.0,19.0,11.0,4.0,5.0,196.0,12.0,3.0,3.0,1.0,3.0,,,,,,,,,,,,2.0,,,,,,,,,,,,,,1.0,,,,,,,,,,,,,0.0,0.0,0.0,0.0,1.0,,,,,,,,,,,,,,,,,,,,,,,,,,,,,,,,,,,,,,,,,,,,,,,,,,1726669181897913.0,"😳 Y por ustedes, ¿qué han hecho? Esto pasó en TransMilenio, ciudad de #Bogotá.",,https://www.facebook.com/reel/2736362150036176/,1.0,0.0,Vídeos,,,346.0,17.0,17.0,,,,346.0,0.0,338.0,0.0,222.0,0.0,0.0,0.0,0.0,,,,,,,,,
,,100036645439789,360 Radio Colombia,"🎉 #Bogotá tendrá su primer show 3D. Será de la mano de #JowellyRandy, dúo histórico del perreo, que se presentarán este sábado, 28 de marzo, en el Movistar Arena.",44,02/25/2026 14:30,,,Total,36,15,0,121.642,2.966,15,0,2,1,0,1,77.288,44.354,0.0,0.0,2.465,3.361,0.0,0.0,1.0,1.0,0.8,1.0,0.67,0.47,0.27,0.27,0.13,0.07,0.07,0.07,0.0,0.0,0.0,0.0,0.0,0.0,0.0,0.0,0.0,0.0,0.0,0.0,0.0,0.0,0.0,0.0,0.0,0.0,0.0,0.0,0.0,0.0,0.0,0.0,0.0,0.0,0.0,0.0,0.0,,,,,,,,,,,,,,,,,,,,,,,,,,,,,,,,,,,,,,,,,,0.0,0.0,,,,,,,,,,,,,,,,,,,,,,,,,,,,,,,,,,,,,,,,,,,,,,,,,,,,,,,,,0.0,0.0,0.0,0.0,,,,,,,,,,,,,,,,,,,,,,,,,,,,,,,,,,,,,,,,,,,,,,,,,,,1726653055232859.0,"🎉 #Bogotá tendrá su primer show 3D. Será de la mano de #JowellyRandy, dúo histórico del perreo, que se presentarán este sábado, 28 de marzo, en el Movistar Arena.",,https://www.facebook.com/reel/1473973714130721/,1.0,0.0,Vídeos,,,43.0,0.0,,,,,43.0,0.0,36.0,0.0,15.0,0.0,0.0,0.0,0.0,,,,,,,,,
,,100036645439789,360 Radio Colombia,"🔥 En 360 Radio, conversamos con Juan Espinel, candidato al Senado por el #CentroDemocrático, sobre el panorama político de Colombia rumbo a las elecciones del 8 de marzo.

¿Qué le espera al nuevo Congreso?
¿Cuál será el papel del Senado frente al gobierno entrante?
¿Hacia dónde va el país en los próximos años?

Espinel analiza los grandes desafíos legislativos, las alianzas políticas y las prioridades que marcarán la agenda nacional.",77,02/25/2026 14:00,,,Total,99,64,5,1518.087,15.03,62,5,11,1,7,3,1100.036,418.051,0.0,0.0,13.936,15.494,0.0,0.0,0.98,0.94,0.8,0.98,0.66,0.59,0.55,0.47,0.41,0.41,0.41,0.39,0.36,0.33,0.31,0.25,0.25,0.22,0.22,0.2,0.2,0.19,0.19,0.19,0.17,0.17,0.13,0.13,0.11,0.08,0.08,0.08,0.08,0.08,0.08,0.08,0.06,0.06,0.05,0.05,0.05,0.96,0.93,0.52,0.52,0.59,0.59,0.74,0.78,0.96,0.85,0.96,0.96,0.96,1.0,1.0,1.0,1.0,1.0,1.0,0.48,0.48,0.44,0.44,0.44,0.41,0.41,0.3,0.3,0.26,0.19,0.19,0.19,0.19,0.19,0.19,0.19,0.15,0.15,0.11,0.11,0.11,0.0,0.0,,,,,,,,,,,,,,,,,,,,,,,,,,,,,,,,,,,,,,,,,,,,,,,,,,,,,,,,,0.0,0.0,0.0,0.0,,,,,,,,,,,,,,,,,,,,,,,,,,,,,,,,,,,,,,,,,,,,,,,,,,,1726636468567851.0,"🔥 En 360 Radio, conversamos con Juan Espinel, candidato al Senado por el #CentroDemocrático, sobre el panorama político de Colombia rumbo a las elecciones del 8 de marzo.

¿Qué le espera al nuevo Congreso?
¿Cuál será el papel del Senado frente al gobierno entrante?
¿Hacia dónde va el país en los próximos años?

Espinel analiza los grandes desafíos legislativos, las alianzas políticas y las prioridades que marcarán la agenda nacional.",,https://www.facebook.com/reel/1816520845664361/,1.0,0.0,Vídeos,,,108.0,14.0,14.0,,,,106.0,0.0,99.0,0.0,64.0,0.0,0.0,0.0,0.0,,,,,,,,,
,,100036645439789,360 Radio Colombia,"😳 Tres hombres que recientemente fueron captados en video saqueando un camión en Buenaventura aparecieron muertos tras ser atacados a tiros por personas aún sin identificar.

Las víctimas, conocidas con los alias de “Chinga” y “Coco Pelo”, además de Jhon Henrry Macilla, fueron halladas sin vida en plena vía pública.",111,02/25/2026 13:30,,,Total,524,369,141,19742.367,32.794,360,140,12,11,0,1,15741.663,3659.595,341.109,0.0,19.061,39.652,26.24,0.0,0.99,0.88,0.72,1.0,0.64,0.58,0.56,0.55,0.55,0.54,0.51,0.51,0.51,0.5,0.48,0.46,0.45,0.44,0.4,0.39,0.38,0.38,0.38,0.36,0.35,0.36,0.34,0.33,0.33,0.34,0.32,0.33,0.33,0.34,0.31,0.3,0.28,0.26,0.24,0.24,0.23,1.0,0.9,0.7,0.77,0.79,0.8,0.84,0.88,1.0,0.9,0.9,0.94,0.96,0.97,0.98,1.0,1.0,1.0,1.0,0.69,0.68,0.67,0.67,0.63,0.62,0.62,0.6,0.59,0.59,0.6,0.57,0.57,0.58,0.59,0.55,0.53,0.48,0.45,0.43,0.41,0.4,0.0,0.0,41.0,61.0,24.0,56.0,45.0,30.0,38.0,24.0,27.0,12.0,3.0,3.0,309.0,27.0,2.0,5.0,1.0,13.0,2.0,,,,,,1.0,,1.0,,,3.0,,,1.0,2.0,1.0,,1.0,,,,,,,,,,,,,,,,,,,,0.0,0.0,0.0,0.0,,,,,,,,,,,,,,,,,,,,,,,,,,,,,,,,,,,,,,,,,,,,,,,,,,,1726620548569443.0,"😳 Tres hombres que recientemente fueron captados en video saqueando un camión en Buenaventura aparecieron muertos tras ser atacados a tiros por personas aún sin identificar.

Las víctimas, conocidas con los alias de “Chinga” y “Coco Pelo”, además de Jhon Henrry Macilla, fueron halladas sin vida en plena vía pública.",,https://www.facebook.com/reel/1994558434778859/,1.0,0.0,Vídeos,,,711.0,43.0,43.0,,,,706.0,0.0,524.0,0.0,369.0,0.0,0.0,0.0,0.0,,,,,,,,,
,,100036645439789,360 Radio Colombia,"🗣️ “No nos vengan a decir que tenemos una registraduría límpida y un sistema electoral incorruptible.  En 2014 hubo fraude contra el MIRA (16 mil votos) y en 2012 contra el Pacto Histórico (440 mil votos)”.

@wilsonariasc, Senador del @pactohistorico, sobre las acusaciones del Presidente #GustavoPetro.",120,02/25/2026 13:00,,,Total,211,118,3,1970.388,10.209,114,3,18,8,10,0,1687.79,282.598,0.0,0.0,6.729,11.178,0.0,0.0,1.0,0.77,0.58,1.0,0.46,0.36,0.3,0.23,0.15,0.13,0.08,0.08,0.06,0.05,0.05,0.03,0.03,0.03,0.03,0.03,0.03,0.03,0.03,0.03,0.03,0.03,0.03,0.03,0.02,0.01,0.01,0.01,0.01,0.01,0.01,0.02,0.01,0.01,0.01,0.01,0.01,1.0,0.21,0.07,0.07,0.1,0.1,0.14,0.14,1.0,0.17,0.21,0.36,0.43,0.64,0.83,1.0,1.0,1.0,1.0,0.07,0.07,0.07,0.07,0.07,0.07,0.07,0.07,0.07,0.05,0.02,0.02,0.02,0.02,0.02,0.02,0.02,0.02,0.02,0.02,0.02,0.02,0.0,0.0,16.0,28.0,14.0,19.0,7.0,12.0,9.0,5.0,1.0,1.0,,,110.0,4.0,,,,,1.0,1.0,1.0,,,,,,,,,,,,,,,,,,,1.0,,,,,,,,,,,,,,,,,0.0,0.0,0.0,0.0,,,,,,,,,,,,,,,,,,,,,,,,,,,,,,,,,,,,,,,,,,,,,,,,,,,1726603591904472.0,"🗣️ “No nos vengan a decir que tenemos una registraduría límpida y un sistema electoral incorruptible.  En 2014 hubo fraude contra el MIRA (16 mil votos) y en 2012 contra el Pacto Histórico (440 mil votos)”.

@wilsonariasc, Senador del @pactohistorico, sobre las acusaciones del Presidente #GustavoPetro.",,https://www.facebook.com/reel/759619776887924/,1.0,0.0,Vídeos,,,209.0,30.0,30.0,,,,209.0,0.0,211.0,0.0,118.0,0.0,0.0,1.0,1.0,,,,,,,,,
,,100036645439789,360 Radio Colombia,"🌍✨ ¡Shakira lo confirmó! La superestrella colombiana hará historia con un concierto en las Pirámides de Egipto como parte de su gira mundial 2026.

📅 La cita es en 2026, cuando la barranquillera lleve su energía, ritmo y éxito global a uno de los lugares más emblemáticos del planeta. Fans de todos los rincones del mundo ya están contando los días para vivir esta experiencia legendaria bajo la luz de las pirámides. 

💥 Imposible no emocionarse. Los detalles sobre boletería y fechas exactas están por confirmarse, pero la expectativa está en su punto más alto. ¡Este será uno de los conciertos más comentados del año y Colombia está lista para brillar en Egipto!",0,02/25/2026 12:30,,,Total,238,0,0,,,0,0,5,3,0,2,0.0,0.0,0.0,0.0,0.0,0.0,0.0,0.0,,,,,,,,,,,,,,,,,,,,,,,,,,,,,,,,,,,,,,,,,,,,,,,,,,,,,,,,,,,,,,,,,,,,,,,,,,,,,,,,,,,,0.0,,,,,,,,,,,,,,,,,,,,,,,,,,,,,,,,,,,,,,,,,,,,,,,,,,,,,,,,,0.0,0.0,0.0,0.0,,,,,,,,,,,,,,,,,,,,,,,,,,,,,,,,,,,,,,,,,,,,,,,,,,,1726587368572761.0,,,https://www.facebook.com/360RadioColombia/posts/pfbid02xpQTQDqfbkidNQkknVMhrSPWpfrNQHaLxqWEXRy66Eh9fTGqzbTMcjzrAC7tmkgrl,0.0,0.0,Fotos,,,331.0,0.0,,,,,331.0,0.0,238.0,0.0,0.0,0.0,0.0,0.0,0.0,,,,,,,,,
,,100036645439789,360 Radio Colombia,"“#Colpensiones sigue dilapidando los recursos de los colombianos. Vemos cómo se gastan más de 60.000 millones en contratos para RTVC, todo destinado a marketing y publicidad durante elecciones”.

#PalomaValencia, candidata presidencial, por el #CentroDemocrático.",35,02/25/2026 11:24,,,Total,178,84,0,1235.408,6.714,83,0,10,5,0,5,736.601,470.717,28.09,0.0,5.884,7.837,2.809,0.0,1.0,1.0,1.0,1.0,0.89,0.76,0.7,0.61,0.55,0.5,0.45,0.39,0.33,0.31,0.27,0.27,0.26,0.25,0.25,0.24,0.23,0.21,0.2,0.19,0.18,0.18,0.18,0.18,0.17,0.15,0.14,0.15,0.14,0.15,0.14,0.14,0.14,,,,,1.0,1.0,0.91,0.91,0.96,1.0,1.0,1.0,1.0,1.0,1.0,1.0,1.0,1.0,1.0,1.0,1.0,1.0,1.0,0.87,0.83,0.78,0.74,0.7,0.65,0.65,0.65,0.65,0.61,0.57,0.52,0.57,0.52,0.57,0.52,0.52,0.52,,,,,0.0,0.0,,,,,,,,,,,,,,,,,,,,,,,,,,,,,,,,,,,,,,,,,,,,,,,,,,,,,,,,,0.0,0.0,0.0,0.0,,,,,,,,,,,,,,,,,,,,,,,,,,,,,,,,,,,,,,,,,,,,,,,,,,,1726551828576315.0,"“#Colpensiones sigue dilapidando los recursos de los colombianos. Vemos cómo se gastan más de 60.000 millones en contratos para RTVC, todo destinado a marketing y publicidad durante elecciones”.

#PalomaValencia, candidata presidencial, por el #CentroDemocrático.",,https://www.facebook.com/reel/2683053408736577/,1.0,0.0,Vídeos,,,196.0,5.0,5.0,,,,196.0,0.0,178.0,0.0,84.0,0.0,0.0,0.0,0.0,,,,,,,,,
,,100036645439789,360 Radio Colombia,"🇨🇴 Durante el consejo de ministros que adelantó en Cartagena, el presidente #GustavoPetro firmó la solicitud para que se convoque a una Asamblea Nacional Constituyente, un camino que él ha impulsado ante las negativas que les han dado a algunas de sus iniciativas en el Congreso y los altos tribunales. Sus funcionarios hicieron lo propio con el objetivo de que se avance en la agenda reformista.",52,02/25/2026 10:00,,,Total,239,133,0,2163.253,7.753,124,0,26,12,13,1,1240.874,922.379,0.0,0.0,5.097,12.662,0.0,0.0,1.0,1.0,0.89,1.0,0.74,0.65,0.51,0.46,0.4,0.36,0.3,0.27,0.25,0.24,0.22,0.21,0.2,0.2,0.19,0.19,0.17,0.15,0.15,0.14,0.14,0.12,0.1,0.1,0.08,0.08,0.06,0.07,0.06,0.07,0.05,0.05,0.05,0.05,0.05,0.05,0.05,1.0,1.0,0.74,0.76,0.79,0.82,0.85,0.94,1.0,0.97,1.0,1.0,1.0,1.0,1.0,1.0,1.0,1.0,1.0,0.74,0.65,0.59,0.59,0.56,0.53,0.47,0.38,0.38,0.32,0.29,0.24,0.26,0.24,0.26,0.21,0.21,0.21,0.21,0.21,0.21,0.21,0.0,0.0,15.0,25.0,18.0,17.0,14.0,19.0,9.0,6.0,4.0,3.0,,1.0,111.0,6.0,2.0,,,12.0,,1.0,,,,,,,1.0,,,,,,,,,,,,,,,,,,,,,,,,,,,,,,0.0,0.0,0.0,0.0,,,,,,,,,,,,,,,,,,,,,,,,,,,,,,,,,,,,,,,,,,,,,,,,,,,1726500195248145.0,"🇨🇴 Durante el consejo de ministros que adelantó en Cartagena, el presidente #GustavoPetro firmó la solicitud para que se convoque a una Asamblea Nacional Constituyente, un camino que él ha impulsado ante las negativas que les han dado a algunas de sus iniciativas en el Congreso y los altos tribunales. Sus funcionarios hicieron lo propio con el objetivo de que se avance en la agenda reformista.",,https://www.facebook.com/reel/827612947021380/,1.0,0.0,Vídeos,,,305.0,26.0,26.0,,,,304.0,0.0,239.0,0.0,133.0,0.0,0.0,0.0,0.0,,,,,,,,,
,,100036645439789,360 Radio Colombia,"⚽ Independiente Medellín logró avanzar de ronda en la Copa Libertadores, asegurando así su continuidad en competencia internacional para este 2026, pues si pierde la serie en la Fase 3 de este torneo, quedará instalado en la fase de grupos de Copa Sudamericana, lo que ratifica el buen momento del equipo en el plano continental.",0,02/25/2026 09:30,,,Total,329,0,0,,,0,0,5,3,0,2,0.0,0.0,0.0,0.0,0.0,0.0,0.0,0.0,,,,,,,,,,,,,,,,,,,,,,,,,,,,,,,,,,,,,,,,,,,,,,,,,,,,,,,,,,,,,,,,,,,,,,,,,,,,,,,,,,,,0.0,,,,,,,,,,,,,,,,,,,,,,,,,,,,,,,,,,,,,,,,,,,,,,,,,,,,,,,,,0.0,0.0,0.0,0.0,,,,,,,,,,,,,,,,,,,,,,,,,,,,,,,,,,,,,,,,,,,,,,,,,,,1726482505249914.0,,,https://www.facebook.com/360RadioColombia/posts/pfbid0iXii9boxZVzi371SMwxcqPtjmBELrHT9NSrJUVrzBe5bMez9MfS6oMYFYktD723Hl,0.0,0.0,Fotos,,,418.0,1.0,,1.0,,,418.0,0.0,329.0,0.0,0.0,0.0,0.0,0.0,0.0,,,,,,,,,
,,100036645439789,360 Radio Colombia,"✨  La noche del 28 de febrero Bogotá será historia del perreo con la llegada de Jowell & Randy y su show 3D al Movistar Arena: un espectáculo inmersivo que combina tecnología tridimensional, luces impactantes y más de 60 éxitos del reguetón clásico para vivir una experiencia única en Colombia.

🕶️ El concierto promete más de tres horas de música continua, donde el público no solo escucha, sino que se siente parte del show, con pantallas 3D, sonido envolvente y una puesta en escena pensada para bailar sin parar y recordar los grandes himnos urbanos.

🇨🇴🎤 Tras arrasar en otros países con su gira, Jowell & Randy regresan a nuestro país con toda la energía y nostalgia del perreo clásico, listos para encender el Movistar Arena en una noche que ya se perfila como una de las más comentadas del año.",0,02/25/2026 09:00,,,Total,84,0,0,,,0,0,1,0,0,1,0.0,0.0,0.0,0.0,0.0,0.0,0.0,0.0,,,,,,,,,,,,,,,,,,,,,,,,,,,,,,,,,,,,,,,,,,,,,,,,,,,,,,,,,,,,,,,,,,,,,,,,,,,,,,,,,,,,0.0,,,,,,,,,,,,,,,,,,,,,,,,,,,,,,,,,,,,,,,,,,,,,,,,,,,,,,,,,0.0,0.0,0.0,0.0,,,,,,,,,,,,,,,,,,,,,,,,,,,,,,,,,,,,,,,,,,,,,,,,,,,1726461665251998.0,,,https://www.facebook.com/360RadioColombia/posts/pfbid0oowny7j7YsVa8SKx72sfGKhSTEVZgixtvFxAj4BwfqCoRSPAdffWReXd46ULhtXrl,0.0,0.0,Fotos,,,112.0,0.0,,,,,112.0,0.0,84.0,0.0,0.0,0.0,0.0,0.0,0.0,,,,,,,,,
,,100036645439789,360 Radio Colombia,"📢 ¡Boom en el debate pensional! El Gobierno publicó un borrador de decreto que obligaría a las AFP a girar más de $25 billones pesos de los ahorros individuales al régimen público de Colpensiones, incluidos rendimientos financieros acumulados. Esto aplicaría a quienes ya se acogieron a la “ventana de traslado” habilitada por la reforma pensional.",0,02/25/2026 08:30,,,Total,12289,0,0,,,0,0,80,39,33,8,0.0,0.0,0.0,0.0,0.0,0.0,0.0,0.0,,,,,,,,,,,,,,,,,,,,,,,,,,,,,,,,,,,,,,,,,,,,,,,,,,,,,,,,,,,,,,,,,,,,,,,,,,,,,,,,,,,,0.08,,,,,,,,,,,,,,,,,,,,,,,,,,,,,,,,,,,,,,,,,,,,,,,,,,,,,,,,,0.0,0.0,0.0,0.0,,,,,,,,,,,,,,,,,,,,,,,,,,,,,,,,,,,,,,,,,,,,,,,,,,,1726440945254070.0,,,https://www.facebook.com/360RadioColombia/posts/pfbid02zDSSsqVYHjm717h2p8LQyjza3VrLAzB2eFJ6ZATWkembXwvGtkQDm7MrZ1Jbgbctl,0.0,0.0,Fotos,,,17698.0,427.0,344.0,83.0,,,17698.0,0.0,12289.0,0.0,0.0,0.0,0.0,0.0,0.0,,,,,,,,,
,,100036645439789,360 Radio Colombia,"🏢 Las 1.500 personas que estaban retenidas por las manifestaciones en el CAN, de #Bogotá, ya fueron liberadas.",18,02/16/2026 14:00,,,Total,279,194,0,2757.611,10.445,190,0,7,3,4,0,2631.144,126.467,0.0,0.0,7.026,10.696,0.0,0.0,1.0,1.0,1.0,1.0,0.98,0.9,0.82,0.76,0.68,0.61,0.55,0.52,0.48,0.44,0.42,0.38,0.34,0.31,0.28,0.26,0.26,,,,,,,,,,,,,,,,,,,,,1.0,1.0,0.87,0.98,1.0,1.0,1.0,1.0,1.0,1.0,1.0,1.0,1.0,1.0,1.0,1.0,1.0,1.0,1.0,0.82,0.81,,,,,,,,,,,,,,,,,,,,,0.0,0.0,28.0,39.0,34.0,29.0,9.0,18.0,3.0,15.0,7.0,6.0,1.0,2.0,186.0,5.0,2.0,,1.0,,,,,,,,,,,,,,,,,,,,,,,,,,,,,,,,,,,,,,,,0.0,0.0,0.0,0.0,,,,,,,,,,,,,,,,,,,,,,,,,,,,,,,,,,,,,,,,,,,,,,,,,,,1718595036038661.0,"🏢 Las 1.500 personas que estaban retenidas por las manifestaciones en el CAN, de #Bogotá, ya fueron liberadas.",,https://www.facebook.com/reel/918257077412518/,1.0,0.0,Vídeos,,,341.0,12.0,12.0,,,,340.0,0.0,279.0,0.0,194.0,0.0,0.0,0.0,0.0,,,,,,,,,
,,100036645439789,360 Radio Colombia,"🗣️ “Este Centro de Alojamiento para el Alto Rendimiento de la FCF es uno de los mejores del mundo, le dará la oportunidad a los niños,  niñas y Selecciones, enfocarse en el fútbol”

Gianni Infantino, Presidente de la #FIFA",142,02/24/2026 20:18,,,Total,44,17,2,430.988,10.022,17,2,2,1,0,1,378.797,47.776,4.415,0.0,2.986,14.57,4.415,0.0,0.82,0.35,0.29,1.0,0.29,0.29,0.18,0.18,0.12,0.12,0.12,0.12,0.12,0.12,0.12,0.12,0.12,0.12,0.12,0.12,0.12,0.12,0.12,0.12,0.12,0.12,0.12,0.12,0.12,0.12,0.12,0.12,0.12,0.12,0.12,0.12,0.06,0.06,0.06,0.06,0.06,1.0,0.4,0.4,0.4,0.4,0.4,0.4,0.4,1.0,0.4,0.4,0.4,0.4,0.6,0.6,1.0,1.0,1.0,1.0,0.4,0.4,0.4,0.4,0.4,0.4,0.4,0.4,0.4,0.4,0.4,0.4,0.4,0.4,0.4,0.4,0.4,0.2,0.2,0.2,0.2,0.2,0.0,0.0,,,,,,,,,,,,,,,,,,,,,,,,,,,,,,,,,,,,,,,,,,,,,,,,,,,,,,,,,0.0,0.0,0.0,0.0,,,,,,,,,,,,,,,,,,,,,,,,,,,,,,,,,,,,,,,,,,,,,,,,,,,1725956711969160.0,"🗣️ “Este Centro de Alojamiento para el Alto Rendimiento de la FCF es uno de los mejores del mundo, le dará la oportunidad a los niños,  niñas y Selecciones, enfocarse en el fútbol”

Gianni Infantino, Presidente de la #FIFA",,https://www.facebook.com/reel/1878734199433306/,1.0,0.0,Vídeos,,,47.0,0.0,,,,,47.0,0.0,44.0,0.0,17.0,0.0,0.0,0.0,0.0,,,,,,,,,
,,100036645439789,360 Radio Colombia,"🏦 Mario Pardo, presidente de #BBVA 
Evento the reinvention community de accenture 

Habla de que hay que seguir impulsado a B-breb y luchar contra el efectivo.",111,02/24/2026 19:35,,,Total,39,10,0,173.391,4.032,10,0,2,1,0,1,73.114,100.277,0.0,0.0,3.582,4.875,0.0,0.0,1.0,0.8,0.6,1.0,0.2,0.2,0.2,0.2,0.2,0.1,0.1,0.1,0.1,0.1,0.0,0.0,0.0,0.0,0.0,0.0,0.0,0.0,0.0,0.0,0.0,0.0,0.0,0.0,0.0,0.0,0.0,0.0,0.0,0.0,0.0,0.0,0.0,0.0,0.0,0.0,0.0,1.0,0.5,0.0,0.0,0.0,0.0,0.0,0.5,1.0,0.5,0.5,0.5,1.0,1.0,1.0,1.0,1.0,1.0,1.0,0.0,0.0,0.0,0.0,0.0,0.0,0.0,0.0,0.0,0.0,0.0,0.0,0.0,0.0,0.0,0.0,0.0,0.0,0.0,0.0,0.0,0.0,0.0,0.0,,,,,,,,,,,,,,,,,,,,,,,,,,,,,,,,,,,,,,,,,,,,,,,,,,,,,,,,,0.0,0.0,0.0,0.0,,,,,,,,,,,,,,,,,,,,,,,,,,,,,,,,,,,,,,,,,,,,,,,,,,,1725930358638462.0,"🏦 Mario Pardo, presidente de #BBVA 
Evento the reinvention community de accenture 

Habla de que hay que seguir impulsado a B-breb y luchar contra el efectivo.",,https://www.facebook.com/reel/3928407957296123/,1.0,0.0,Vídeos,,,45.0,0.0,,,,,45.0,0.0,39.0,0.0,10.0,0.0,0.0,0.0,0.0,,,,,,,,,
,,100036645439789,360 Radio Colombia,"⚠️Contenido sensible: una mujer de la tercera edad perdió la vida cuando se encontraba en un dispensario de Cafam, en el barrio Caobos de Cúcuta, gestionando la entrega de medicamentos para su hijo en condición de discapacidad física. La escena, que quedó registrada en video, ha provocado una fuerte ola de reacciones e indignación en redes sociales.",240,02/24/2026 18:42,,,Total,278,137,38,8251.793,31.983,136,38,12,7,2,3,7001.027,1248.289,2.477,0.0,41.61,30.842,2.477,0.0,0.74,0.52,0.39,1.0,0.37,0.33,0.31,0.3,0.29,0.27,0.26,0.22,0.22,0.23,0.23,0.21,0.24,0.2,0.18,0.18,0.17,0.17,0.18,0.18,0.17,0.2,0.2,0.21,0.22,0.22,0.2,0.22,0.2,0.22,0.2,0.18,0.12,0.1,0.11,0.09,0.09,1.0,0.45,0.36,0.42,0.49,0.43,0.46,0.46,0.96,0.45,0.54,0.55,0.6,0.61,0.64,0.67,0.75,0.81,0.94,0.36,0.34,0.34,0.37,0.36,0.34,0.42,0.4,0.43,0.45,0.45,0.4,0.45,0.4,0.45,0.39,0.34,0.25,0.21,0.22,0.19,0.18,0.0,0.0,9.0,14.0,22.0,15.0,9.0,25.0,12.0,16.0,7.0,5.0,,,121.0,5.0,3.0,,3.0,2.0,,,,,,,,,2.0,,,,,,,,,,,,,1.0,,,,,,,,,,,,,,,,,0.0,0.0,0.0,0.0,,,,,,,,,,,,,,,,,,,,,,,,,,,,,,,,,,,,,,,,,,,,,,,,,,,1725897151975116.0,"⚠️Contenido sensible: una mujer de la tercera edad perdió la vida cuando se encontraba en un dispensario de Cafam, en el barrio Caobos de Cúcuta, gestionando la entrega de medicamentos para su hijo en condición de discapacidad física. La escena, que quedó registrada en video, ha provocado una fuerte ola de reacciones e indignación en redes sociales.",,https://www.facebook.com/reel/1733909607594196/,1.0,0.0,Vídeos,,,297.0,37.0,37.0,,,,296.0,0.0,278.0,0.0,137.0,0.0,0.0,0.0,0.0,,,,,,,,,
,,100036645439789,360 Radio Colombia,"🥺 Tras hacerse viral en redes sociales por su gesto solidario durante una donatón escolar, José Gregorio, vendedor informal en Neiva, comenzó a recibir respaldo de distintas entidades. El hombre conmovió al país al entregar, sin esperar nada a cambio, un cuaderno y tres lápices para niños de bajos recursos.",75,02/24/2026 18:10,,,Total,561,371,30,7873.913,13.985,363,30,30,26,1,3,7409.821,372.752,91.34,0.0,9.319,14.53,7.027,0.0,0.99,0.94,0.81,0.99,0.71,0.6,0.5,0.44,0.39,0.35,0.33,0.31,0.3,0.29,0.25,0.23,0.21,0.19,0.18,0.17,0.16,0.16,0.15,0.15,0.13,0.12,0.1,0.1,0.09,0.09,0.08,0.08,0.08,0.09,0.08,0.08,0.08,0.07,0.07,0.06,0.06,1.0,0.82,0.47,0.49,0.54,0.58,0.66,0.75,1.0,0.8,0.87,0.92,1.0,0.99,0.99,0.99,0.99,1.0,1.0,0.44,0.42,0.41,0.39,0.38,0.35,0.3,0.27,0.25,0.25,0.23,0.21,0.22,0.22,0.23,0.21,0.21,0.2,0.19,0.18,0.16,0.16,0.0,0.0,33.0,60.0,30.0,45.0,51.0,37.0,31.0,20.0,30.0,23.0,2.0,1.0,341.0,13.0,3.0,1.0,,4.0,,,2.0,,,,1.0,1.0,1.0,,,1.0,1.0,1.0,,,,,,,,,,,,1.0,,,,,,,,,,,,,0.0,0.0,0.0,0.0,,,,,,,,,,,,,,,,,,,,,,,,,,,,,,,,,,,,,,,,,,,,,,,,,,,1725871878644310.0,"🥺 Tras hacerse viral en redes sociales por su gesto solidario durante una donatón escolar, José Gregorio, vendedor informal en Neiva, comenzó a recibir respaldo de distintas entidades. El hombre conmovió al país al entregar, sin esperar nada a cambio, un cuaderno y tres lápices para niños de bajos recursos.",,https://www.facebook.com/reel/1271914288163708/,1.0,0.0,Vídeos,,,603.0,17.0,17.0,,,,603.0,0.0,561.0,0.0,371.0,0.0,0.0,0.0,0.0,,,,,,,,,
,,100036645439789,360 Radio Colombia,"👨‍💼 El Presidente de la Asociación Nacional de Empresarios en Colombia, Bruce Mac Master, expuso que Colombia debe entender que tiene que producir sus productos para mejorar la economía y generar mayor empleo.",98,02/24/2026 18:04,,,Total,37,11,0,112.307,3.403,11,0,2,1,0,1,88.386,23.921,0.0,0.0,1.994,4.209,0.0,0.0,1.0,0.73,0.45,1.0,0.18,0.09,0.09,0.09,0.09,0.0,0.0,0.0,0.0,0.0,0.0,0.0,0.0,0.0,0.0,0.0,0.0,0.0,0.0,0.0,0.0,0.0,0.0,0.0,0.0,0.0,0.0,0.0,0.0,0.0,0.0,0.0,0.0,0.0,0.0,0.0,0.0,1.0,0.0,0.0,0.0,0.0,0.0,0.0,0.0,1.0,0.0,0.0,0.0,1.0,1.0,1.0,1.0,1.0,1.0,1.0,0.0,0.0,0.0,0.0,0.0,0.0,0.0,0.0,0.0,0.0,0.0,0.0,0.0,0.0,0.0,0.0,0.0,0.0,0.0,0.0,0.0,0.0,0.0,0.0,,,,,,,,,,,,,,,,,,,,,,,,,,,,,,,,,,,,,,,,,,,,,,,,,,,,,,,,,0.0,0.0,0.0,0.0,,,,,,,,,,,,,,,,,,,,,,,,,,,,,,,,,,,,,,,,,,,,,,,,,,,1725868665311298.0,"👨‍💼 El Presidente de la Asociación Nacional de Empresarios en Colombia, Bruce Mac Master, expuso que Colombia debe entender que tiene que producir sus productos para mejorar la economía y generar mayor empleo.",uploaded,https://www.facebook.com/reel/885238074269112/,1.0,0.0,Vídeos,,,34.0,0.0,,,,,34.0,0.0,37.0,0.0,11.0,0.0,0.0,0.0,0.0,,,,,,,,,
,,100036645439789,360 Radio Colombia,"🎺 Cuando murió Lavoe, #WillieColón lo despidió con una carta inolvidable que terminó con el estremecedor “Perdónanos, Héctor”.

Ayer, fue Rubén Blades quien honró a Willie con un mensaje igual de poderoso, cerrando con una frase que ya quedó para la historia: “Usted no está muerto, compadre. Ahora es que empieza a vivir”.",138,02/24/2026 17:36,,,Total,63,38,3,825.052,12.5,38,3,1,1,0,0,414.562,410.49,0.0,0.0,13.683,11.516,0.0,0.0,0.97,0.66,0.34,1.0,0.26,0.21,0.18,0.16,0.13,0.11,0.11,0.11,0.11,0.08,0.08,0.08,0.08,0.08,0.08,0.08,0.08,0.08,0.08,0.08,0.08,0.08,0.08,0.08,0.08,0.08,0.08,0.08,0.08,0.08,0.08,0.08,0.08,0.08,0.08,0.08,0.08,1.0,0.44,0.33,0.33,0.33,0.33,0.33,0.33,1.0,0.44,0.44,0.44,0.56,0.67,0.78,0.89,1.0,1.0,1.0,0.33,0.33,0.33,0.33,0.33,0.33,0.33,0.33,0.33,0.33,0.33,0.33,0.33,0.33,0.33,0.33,0.33,0.33,0.33,0.33,0.33,0.33,0.0,0.0,,,,,,,,,,,,,,,,,,,,,,,,,,,,,,,,,,,,,,,,,,,,,,,,,,,,,,,,,0.0,0.0,0.0,0.0,,,,,,,,,,,,,,,,,,,,,,,,,,,,,,,,,,,,,,,,,,,,,,,,,,,1725848285313336.0,"🎺 Cuando murió Lavoe, #WillieColón lo despidió con una carta inolvidable que terminó con el estremecedor “Perdónanos, Héctor”.

Ayer, fue Rubén Blades quien honró a Willie con un mensaje igual de poderoso, cerrando con una frase que ya quedó para la historia: “Usted no está muerto, compadre. Ahora es que empieza a vivir”.",,https://www.facebook.com/reel/1393176658798795/,1.0,0.0,Vídeos,,,70.0,1.0,1.0,,,,70.0,0.0,63.0,0.0,38.0,0.0,0.0,0.0,0.0,,,,,,,,,
,,100036645439789,360 Radio Colombia,"👀 En vídeo quedó registrada la seguridad a la que acudió un ciudadano en Cali para retirar de un cajero #Bancolombia, una vez reestablecido el servicio de la entidad bancaria.",23,02/24/2026 17:17,,,Total,645,436,0,8265.794,12.795,428,0,8,6,0,2,7246.426,938.425,80.943,0.0,6.901,14.378,13.491,0.0,0.99,1.0,1.0,1.0,0.96,0.9,0.86,0.81,0.76,0.74,0.69,0.66,0.64,0.62,0.59,0.56,0.53,0.49,0.46,0.44,0.41,0.39,0.38,0.36,0.34,,,,,,,,,,,,,,,,,1.0,1.0,0.85,0.91,0.97,1.0,1.0,1.0,1.0,1.0,1.0,1.0,1.0,1.0,1.0,1.0,1.0,1.0,1.0,0.81,0.77,0.73,0.7,0.67,0.63,,,,,,,,,,,,,,,,,0.0,0.01,38.0,59.0,29.0,58.0,64.0,37.0,44.0,33.0,37.0,26.0,3.0,3.0,386.0,24.0,6.0,4.0,,4.0,1.0,,1.0,,,1.0,1.0,,,,,1.0,1.0,1.0,,1.0,,,,1.0,1.0,,1.0,,,,,,,,,,,,,,,,0.0,0.0,0.0,0.0,1.0,,,,,,,,,,,,,,,,,,,,,,,,,,,,,,,,,,,,,,,,,,,,,,,,,,1725836485314516.0,"👀 En vídeo quedó registrada la seguridad a la que acudió un ciudadano en Cali para retirar de un cajero #Bancolombia, una vez reestablecido el servicio de la entidad bancaria.",,https://www.facebook.com/reel/1590713795499569/,1.0,0.0,Vídeos,,,831.0,27.0,27.0,,,,831.0,0.0,645.0,0.0,436.0,0.0,0.0,0.0,0.0,,,,,,,,,
,,100036645439789,360 Radio Colombia,"🇨🇴 En el marco de su campaña como candidato a la Presidencia de la República, #AbelardoDeLaEspriella estuvo hoy en Armenía, en donde fue recibido por cientos de ciudadanos.",51,02/24/2026 17:09,,,Total,479,319,0,5951.609,12.22,310,0,19,13,3,3,5728.15,173.259,50.2,0.0,2.342,13.904,50.2,0.0,0.99,1.0,0.91,0.99,0.81,0.71,0.62,0.57,0.52,0.48,0.45,0.4,0.37,0.35,0.33,0.29,0.27,0.25,0.24,0.23,0.22,0.22,0.21,0.21,0.2,0.19,0.19,0.18,0.18,0.18,0.15,0.16,0.16,0.16,0.15,0.14,0.14,0.13,0.13,0.12,0.12,1.0,1.0,0.67,0.69,0.73,0.8,0.89,0.96,1.0,1.0,1.0,1.0,1.0,1.0,1.0,1.0,1.0,1.0,1.0,0.62,0.61,0.6,0.56,0.56,0.53,0.51,0.5,0.49,0.48,0.47,0.41,0.44,0.43,0.44,0.4,0.38,0.38,0.36,0.34,0.33,0.32,0.0,0.0,50.0,59.0,42.0,44.0,24.0,37.0,24.0,15.0,10.0,6.0,2.0,1.0,299.0,7.0,3.0,,,3.0,1.0,,1.0,,1.0,1.0,2.0,,,,,,1.0,,,,,,,,,,,,,,,,,,,,,,,,,,0.0,0.0,0.0,0.0,,,,,,,,,,,,,,,,,,,,,,,,,,,,,,,,,,,,,,,,,,,,,,,,,,,1725830788648419.0,"🇨🇴 En el marco de su campaña como candidato a la Presidencia de la República, #AbelardoDeLaEspriella estuvo hoy en Armenía, en donde fue recibido por cientos de ciudadanos.",,https://www.facebook.com/reel/2104269550396425/,1.0,0.0,Vídeos,,,531.0,36.0,36.0,,,,531.0,0.0,479.0,0.0,319.0,0.0,0.0,0.0,0.0,,,,,,,,,
,,100036645439789,360 Radio Colombia,"🚕 La investigación determinó que Ospina fue víctima de un “paseo millonario”, una modalidad de hurto que ha generado repetidas alertas en Bogotá. La joven fue asaltada tras abordar un taxi luego de salir del bar, frente a la puerta de su vivienda, perdiendo en el ilícito una suma cercana a 50 millones de pesos.",0,02/24/2026 14:21,,,Total,9341,0,0,,,0,0,25,19,4,2,0.0,0.0,0.0,0.0,0.0,0.0,0.0,0.0,,,,,,,,,,,,,,,,,,,,,,,,,,,,,,,,,,,,,,,,,,,,,,,,,,,,,,,,,,,,,,,,,,,,,,,,,,,,,,,,,,,,0.09,,,,,,,,,,,,,,,,,,,,,,,,,,,,,,,,,,,,,,,,,,,,,,,,,,,,,,,,,0.0,0.0,0.0,0.0,,,,,,,,,,,,,,,,,,,,,,,,,,,,,,,,,,,,,,,,,,,,,,,,,,,1725736755324489.0,,,https://www.facebook.com/360RadioColombia/posts/pfbid0D6mQM8wdzECLZ3FWtZf2D2C2UJAc6LK6GrcbLYDMiyvtu69YTvLJikoy4enX8hUgl,0.0,0.0,Fotos,,,13009.0,198.0,150.0,48.0,,,13009.0,0.0,9341.0,0.0,0.0,0.0,0.0,0.0,0.0,,,,,,,,,
,,100036645439789,360 Radio Colombia,"🌭 El perro caliente colombiano fue elegido como uno de los mejores del mundo. Las papas trituradas, el queso costeño, el suero, la piña y las salsas que mezclan dulce y ácido hicieron que esta preparación fuera reconocida por TasteAtlas como uno de los mejores del mundo.",0,02/24/2026 13:40,,,Total,625,0,0,,,0,0,4,2,0,2,0.0,0.0,0.0,0.0,0.0,0.0,0.0,0.0,,,,,,,,,,,,,,,,,,,,,,,,,,,,,,,,,,,,,,,,,,,,,,,,,,,,,,,,,,,,,,,,,,,,,,,,,,,,,,,,,,,,0.0,,,,,,,,,,,,,,,,,,,,,,,,,,,,,,,,,,,,,,,,,,,,,,,,,,,,,,,,,0.0,0.0,0.0,0.0,,,,,,,,,,,,,,,,,,,,,,,,,,,,,,,,,,,,,,,,,,,,,,,,,,,1725713921993439.0,,,https://www.facebook.com/360RadioColombia/posts/pfbid02eSQTqysXnL5uJvb51EuUq3DHHEFDhEvMKPJGP1Hy3X7UnNjA5ZUZHSSYqLR73AFGl,0.0,0.0,Fotos,,,865.0,4.0,2.0,2.0,,,865.0,0.0,625.0,0.0,0.0,0.0,0.0,0.0,0.0,,,,,,,,,
,,100036645439789,360 Radio Colombia,"🌧 El municipio de Envigado activó medidas preventivas ante el pronóstico de lluvias persistentes asociado a un nuevo frente frío que impactará varias regiones del país entre el 22 y el 25 de febrero. La decisión se tomó luego del más reciente informe del Instituto de Hidrología, Meteorología y Estudios Ambientales (Ideam), que advierte un incremento considerable de las precipitaciones en las regiones Caribe, Pacífica y Andina.

Según el reporte, el fenómeno climático podría generar emergencias relacionadas con crecientes súbitas, inundaciones urbanas, deslizamientos en zonas de ladera y dificultades en la movilidad. Ante este panorama, el Sistema Municipal para la Gestión del Riesgo de Envigado anunció que mantiene activos sus protocolos de monitoreo y respuesta, con el fin de reaccionar de manera oportuna frente a cualquier eventualidad.

En caso de presentarse alguna situación de riesgo o emergencia, la ciudadanía puede comunicarse con la Línea Única de Emergencias de Envigado al (604) 276 6666. El municipio reiteró que mantendrá seguimiento constante a las condiciones meteorológicas y actualizará las medidas según evolucione el frente frío.",0,02/24/2026 13:19,,,Total,8283,0,0,,,0,0,15,13,0,2,0.0,0.0,0.0,0.0,0.0,0.0,0.0,0.0,,,,,,,,,,,,,,,,,,,,,,,,,,,,,,,,,,,,,,,,,,,,,,,,,,,,,,,,,,,,,,,,,,,,,,,,,,,,,,,,,,,,0.05,,,,,,,,,,,,,,,,,,,,,,,,,,,,,,,,,,,,,,,,,,,,,,,,,,,,,,,,,0.0,0.0,0.0,0.0,,,,,,,,,,,,,,,,,,,,,,,,,,,,,,,,,,,,,,,,,,,,,,,,,,,1725702495327915.0,,,https://www.facebook.com/360RadioColombia/posts/pfbid0rtcVoSqJXPkHbwg6zSTQ1gsxFqw26BnAT1tHwn1ZQHxknQcLb5QdiGscUaNDP11fl,0.0,0.0,Fotos,,,11211.0,49.0,17.0,32.0,,,11211.0,0.0,8283.0,0.0,0.0,0.0,0.0,0.0,0.0,,,,,,,,,
,,100036645439789,360 Radio Colombia,"🚨 Están circulando en redes sociales publicaciones que utilizan sin autorización la imagen del padre Diego Jaramillo, director de la Corporación #MinutodeDios, para promocionar y comercializar colágeno. El sacerdote aclaró que se trataría de montajes elaborados con Inteligencia Artificial y advirtió que no tiene ninguna relación con ese producto.",45,02/24/2026 13:00,,,Total,98,48,0,863.675,6.695,48,0,3,2,0,1,677.944,173.723,12.008,0.0,2.802,10.272,12.008,0.0,1.0,1.0,0.94,1.0,0.88,0.79,0.69,0.6,0.52,0.46,0.42,0.38,0.35,0.35,0.35,0.35,0.31,0.29,0.29,0.29,0.27,0.25,0.25,0.25,0.21,0.17,0.15,0.15,0.15,0.15,0.13,0.15,0.15,0.15,0.13,0.1,0.1,0.08,0.08,0.08,0.08,1.0,1.0,0.82,0.82,0.88,1.0,1.0,1.0,1.0,1.0,1.0,1.0,1.0,1.0,1.0,1.0,1.0,1.0,1.0,0.82,0.76,0.71,0.71,0.71,0.59,0.47,0.41,0.41,0.41,0.41,0.35,0.41,0.41,0.41,0.35,0.29,0.29,0.24,0.24,0.24,0.24,0.0,0.0,,,,,,,,,,,,,,,,,,,,,,,,,,,,,,,,,,,,,,,,,,,,,,,,,,,,,,,,,0.0,0.0,0.0,0.0,,,,,,,,,,,,,,,,,,,,,,,,,,,,,,,,,,,,,,,,,,,,,,,,,,,1725691771995654.0,"🚨 Están circulando en redes sociales publicaciones que utilizan sin autorización la imagen del padre Diego Jaramillo, director de la Corporación #MinutodeDios, para promocionar y comercializar colágeno. El sacerdote aclaró que se trataría de montajes elaborados con Inteligencia Artificial y advirtió que no tiene ninguna relación con ese producto.",,https://www.facebook.com/reel/1961051338149519/,1.0,0.0,Vídeos,,,139.0,2.0,2.0,,,,139.0,0.0,98.0,0.0,48.0,0.0,0.0,0.0,0.0,,,,,,,,,
,,100036645439789,360 Radio Colombia,"⚽🇨🇴 Este martes 24 de febrero fue presentado oficialmente en Barranquilla el nuevo hotel de la Selección Colombia, ubicado en Alameda del Río. El complejo, de 4.000 metros cuadrados y 48 habitaciones entre sencillas y dobles, incluye terraza, espacios recreativos, área de fisioterapia, barbería y peluquería, todo integrado a los gimnasios, consultorios y zonas médicas de la sede deportiva.

Ramón Jesurún explicó que el proyecto no solo busca optimizar el rendimiento deportivo, sino también consolidar un museo que reúna la historia de más de cien años de la Federación. La obra tuvo un costo cercano a los $37.000 millones, financiados en su mayoría por la Federación Colombiana de Fútbol, con un aporte menor de Conmebol.",0,02/24/2026 12:57,,,Total,6999,0,0,,,0,0,147,135,5,7,0.0,0.0,0.0,0.0,0.0,0.0,0.0,0.0,,,,,,,,,,,,,,,,,,,,,,,,,,,,,,,,,,,,,,,,,,,,,,,,,,,,,,,,,,,,,,,,,,,,,,,,,,,,,,,,,,,,0.11,,,,,,,,,,,,,,,,,,,,,,,,,,,,,,,,,,,,,,,,,,,,,,,,,,,,,,,,,0.0,0.0,0.0,0.0,,,,,,,,,,,,,,,,,,,,,,,,,,,,,,,,,,,,,,,,,,,,,,,,,,,1725690211995810.0,,,https://www.facebook.com/360RadioColombia/posts/pfbid033XDFeVAgfcgMT38VpFrKQpugnKmJz5tSS1ccW51XcyqGTMFheNydB37D4uoMNHWXl,0.0,0.0,Fotos,,,10219.0,196.0,103.0,93.0,,,10219.0,0.0,6999.0,0.0,0.0,0.0,0.0,0.0,0.0,,,,,,,,,
,,100036645439789,360 Radio Colombia,"🗣️ “Denuncié ante la CIDH la persecución política del Uribismo contra mi campaña. Fue ante la Comisión Interamericana de Derechos Humanos una comunicación para advertir sobre la campaña publicitaria en mi contra para difundir información falsa en medios de comunicación y redes sociales, así como el intento de judicializarme en Estados Unidos”.

#IvánCepeda, candidato presidencial.",272,02/24/2026 12:25,,,Total,401,252,33,8833.015,25.022,238,33,47,13,32,2,7557.775,134.818,1140.422,0.0,3.852,25.448,54.306,0.0,0.62,0.38,0.3,1.0,0.25,0.21,0.2,0.19,0.15,0.12,0.11,0.1,0.1,0.09,0.09,0.09,0.08,0.08,0.07,0.07,0.07,0.06,0.06,0.06,0.06,0.06,0.06,0.06,0.06,0.06,0.05,0.05,0.05,0.05,0.05,0.05,0.05,0.05,0.05,0.05,0.04,1.0,0.28,0.2,0.22,0.23,0.24,0.25,0.25,1.0,0.26,0.3,0.34,0.42,0.51,0.54,0.59,0.68,0.82,1.0,0.2,0.18,0.17,0.17,0.16,0.16,0.16,0.16,0.16,0.16,0.16,0.14,0.14,0.14,0.14,0.13,0.13,0.13,0.13,0.13,0.13,0.12,0.0,0.01,41.0,49.0,21.0,57.0,14.0,28.0,10.0,17.0,6.0,4.0,2.0,1.0,232.0,16.0,,,,1.0,,,,,,1.0,1.0,,,,,,,,,,,1.0,,,,,,,,,,,,,,,,,,,,,0.0,0.0,0.0,0.0,,,,,,,,,,,,,,,,,,,,,,,,,,,,,,,,,,,,,,,,,,,,,,,,,,,1725672305330934.0,"🗣️ “Denuncié ante la CIDH la persecución política del Uribismo contra mi campaña. Fue ante la Comisión Interamericana de Derechos Humanos una comunicación para advertir sobre la campaña publicitaria en mi contra para difundir información falsa en medios de comunicación y redes sociales, así como el intento de judicializarme en Estados Unidos”.

#IvánCepeda, candidato presidencial.",uploaded,https://www.facebook.com/reel/844168985318669/,1.0,0.0,Vídeos,,,402.0,100.0,100.0,,,,398.0,0.0,401.0,0.0,252.0,0.0,0.0,1.0,1.0,,,,,,,,,
,,100036645439789,360 Radio Colombia,"🗳️ Éstas son imágenes de las adecuaciones que se están haciendo en la #ImprentaNacional para empezar a imprimir los nuevos pasaportes, que según el presidente #GustavoPetro, es el cuarto mejor del mundo.",30,02/24/2026 10:45,,,Total,159,86,0,1198.946,7.735,84,0,4,3,0,1,1033.059,165.887,0.0,0.0,5.53,8.265,0.0,0.0,1.0,1.0,1.0,1.0,0.94,0.87,0.83,0.76,0.65,0.6,0.53,0.49,0.45,0.38,0.33,0.29,0.27,0.24,0.24,0.21,0.21,0.17,0.15,0.15,0.15,0.15,0.14,0.14,0.12,0.12,,0.12,0.09,0.12,,,,,,,,1.0,1.0,0.95,0.95,1.0,1.0,1.0,1.0,1.0,1.0,1.0,1.0,1.0,1.0,1.0,1.0,1.0,1.0,1.0,0.82,0.82,0.68,0.59,0.59,0.59,0.59,0.55,0.55,0.45,0.45,,0.45,0.36,0.45,,,,,,,,0.0,0.0,,,,,,,,,,,,,,,,,,,,,,,,,,,,,,,,,,,,,,,,,,,,,,,,,,,,,,,,,0.0,0.0,0.0,0.0,,,,,,,,,,,,,,,,,,,,,,,,,,,,,,,,,,,,,,,,,,,,,,,,,,,1725616415336523.0,"🗳️ Éstas son imágenes de las adecuaciones que se están haciendo en la #ImprentaNacional para empezar a imprimir los nuevos pasaportes, que según el presidente #GustavoPetro, es el cuarto mejor del mundo.",,https://www.facebook.com/reel/1351133523484930/,1.0,0.0,Vídeos,,,179.0,0.0,,,,,179.0,0.0,159.0,0.0,86.0,0.0,0.0,0.0,0.0,,,,,,,,,
,,100036645439789,360 Radio Colombia,"🗣️ “No existe el tal fraude electoral. El presidente #GustavoPetro sigue realizando intervenciones directas en política al emitir constantes advertencias sobre un supuesto fraude electoral que solo está en su imaginación”.

#SergioFajardo, candidato presidencial.",42,02/24/2026 10:30,,,Total,259,155,0,2591.377,10.708,153,0,10,3,2,5,2385.506,197.839,8.032,0.0,5.819,11.694,2.008,0.0,0.99,0.99,0.97,0.99,0.9,0.81,0.72,0.66,0.61,0.53,0.47,0.44,0.39,0.36,0.34,0.34,0.33,0.3,0.29,0.28,0.26,0.26,0.25,0.24,0.23,0.23,0.22,0.21,0.21,0.2,0.17,0.19,0.19,0.2,0.17,0.17,0.17,0.15,0.15,0.15,0.15,0.98,0.98,0.87,0.9,0.98,1.0,1.0,0.98,0.98,0.98,0.98,0.98,0.98,0.98,0.98,0.98,0.98,0.98,0.98,0.83,0.79,0.77,0.75,0.71,0.67,0.65,0.63,0.62,0.62,0.6,0.52,0.56,0.56,0.6,0.5,0.5,0.5,0.46,0.46,0.46,0.44,0.0,0.0,27.0,34.0,22.0,18.0,10.0,18.0,11.0,4.0,5.0,2.0,,,147.0,5.0,1.0,,1.0,,,,,,,,,,,,,1.0,,,,,,,,,,,,,,,,,,,,,,,,,,,0.0,0.0,0.0,0.0,,,,,,,,,,,,,,,,,,,,,,,,,,,,,,,,,,,,,,,,,,,,,,,,,,,1725606638670834.0,"🗣️ “No existe el tal fraude electoral. El presidente #GustavoPetro sigue realizando intervenciones directas en política al emitir constantes advertencias sobre un supuesto fraude electoral que solo está en su imaginación”.

#SergioFajardo, candidato presidencial.",,https://www.facebook.com/reel/1475795983896733/,1.0,0.0,Vídeos,,,259.0,9.0,9.0,,,,258.0,0.0,259.0,0.0,155.0,0.0,0.0,0.0,0.0,,,,,,,,,
,,100036645439789,360 Radio Colombia,"📊🔥 El negocio del streaming está en plena guerra: suscriptores, miles de millones en ingresos y una pelea feroz por el contenido. Netflix sigue liderando, pero The Walt Disney Company y Prime Video & Amazon MGM Studios no se quedan atrás en inversión y mercado.",0,02/24/2026 10:00,,,Total,60,0,0,,,0,0,1,0,0,1,0.0,0.0,0.0,0.0,0.0,0.0,0.0,0.0,,,,,,,,,,,,,,,,,,,,,,,,,,,,,,,,,,,,,,,,,,,,,,,,,,,,,,,,,,,,,,,,,,,,,,,,,,,,,,,,,,,,0.0,,,,,,,,,,,,,,,,,,,,,,,,,,,,,,,,,,,,,,,,,,,,,,,,,,,,,,,,,0.0,0.0,0.0,0.0,,,,,,,,,,,,,,,,,,,,,,,,,,,,,,,,,,,,,,,,,,,,,,,,,,,1725587645339400.0,,,https://www.facebook.com/360RadioColombia/posts/pfbid02LuDrQLGex7pMR4EVBKzCBTpotwd5ziHA6f4PYuQgcAh897TjPNmZz4uwHBFRx2mel,0.0,0.0,Fotos,,,96.0,0.0,,,,,96.0,0.0,60.0,0.0,0.0,0.0,0.0,0.0,0.0,,,,,,,,,
,,100036645439789,360 Radio Colombia,"🏍️🔥 Un hombre prefirió quemar su moto, a aceptar los tres comparendos que le iban a poner, por invadir espacio público, conducir sin licencia y el desacato a la autoridad.",9,02/24/2026 09:30,,,Total,360,211,0,2803.94,8.522,211,0,1,1,0,0,2467.908,336.032,0.0,0.0,5.251,9.313,0.0,0.0,1.0,1.0,1.0,1.0,1.0,0.92,0.88,0.86,0.79,0.74,0.69,0.64,0.6,,,,,,,,,,,,,,,,,,,,,,,,,,,,,1.0,1.0,,,,,,,1.0,0.97,1.0,1.0,1.0,1.0,1.0,1.0,1.0,1.0,1.0,,,,,,,,,,,,,,,,,,,,,,,0.0,0.0,28.0,47.0,19.0,29.0,23.0,16.0,18.0,9.0,7.0,8.0,1.0,1.0,186.0,6.0,4.0,3.0,1.0,5.0,1.0,,,,,,,,,,1.0,1.0,,,,,,,1.0,,,,,,1.0,1.0,,,,,,,,,,,,,0.0,0.0,0.0,0.0,,,,,,,,,,,,,,,,,,,,,,,,,,,,,,,,,,,,,,,,,,,,,,,,,,,1725568352007996.0,"🏍️🔥 Un hombre prefirió quemar su moto, a aceptar los tres comparendos que le iban a poner, por invadir espacio público, conducir sin licencia y el desacato a la autoridad.",,https://www.facebook.com/reel/1818853755494183/,1.0,0.0,Vídeos,,,533.0,6.0,6.0,,,,532.0,0.0,360.0,0.0,211.0,0.0,0.0,0.0,0.0,,,,,,,,,
,,100036645439789,360 Radio Colombia,"🚕 Tras la aparición de Diana Ospina, este video sigue siendo parte de la investigación por parte de las autoridades para establecer lo ocurrido.

En este se ve que, aparentemente, Ospina sí habría llegado a su casa, pero antes de descender del taxi dos hombres se suben en él y el vehículo se marcha.",25,02/24/2026 09:13,,,Total,24764,13114,0,260381.965,12.55,13114,0,145,100,24,21,4098.877,221941.709,1927.222,32414.157,12.16,14.536,12.198,15.774,1.0,1.0,1.0,1.0,1.0,1.0,0.95,0.95,0.88,0.8,0.75,0.75,0.71,0.68,0.68,0.65,0.62,0.59,0.59,0.57,0.54,0.54,0.52,0.49,0.49,0.47,0.44,0.43,0.43,0.41,0.35,0.39,0.37,0.39,0.33,0.33,0.3,0.28,0.28,0.27,0.25,1.0,1.0,0.95,1.0,1.0,1.0,1.0,1.0,1.0,1.0,1.0,1.0,1.0,1.0,1.0,1.0,1.0,1.0,1.0,0.91,0.88,0.84,0.79,0.74,0.7,0.65,0.61,0.58,0.54,,,,,,,,,,,,,0.0,0.13,343.0,729.0,430.0,1095.0,1357.0,1014.0,959.0,1839.0,2771.0,1965.0,244.0,119.0,11392.0,657.0,61.0,42.0,48.0,429.0,14.0,10.0,14.0,38.0,9.0,10.0,19.0,,27.0,18.0,10.0,51.0,11.0,8.0,13.0,8.0,4.0,1.0,3.0,41.0,80.0,2.0,4.0,,2.0,13.0,2.0,,,2.0,2.0,,,3.0,,5.0,,,0.0,0.0,0.0,0.0,13.0,2.0,9.0,3.0,3.0,8.0,,,,4.0,,,4.0,,,,,,,,,,,,,,,,,,,,,,,,,,,,,,,,,1.0,,1.0,,,1725557162009115.0,"🚕 Tras la aparición de Diana Ospina, este video sigue siendo parte de la investigación por parte de las autoridades para establecer lo ocurrido.

En este se ve que, aparentemente, Ospina sí habría llegado a su casa, pero antes de descender del taxi dos hombres se suben en él y el vehículo se marcha.",,https://www.facebook.com/reel/3002849966584439/,1.0,0.0,Vídeos,,,26096.0,2025.0,1738.0,,5.0,282.0,23396.0,2676.0,22291.0,2839.0,11489.0,1625.0,0.0,0.0,0.0,,,,,,,,,
,,100036645439789,360 Radio Colombia,"🍎Apple confirmó que utilizará la misma planta de Houston donde el año pasado inició la fabricación de servidores especializados para sus centros de datos.

🧐Aunque la Mac mini sigue siendo un producto de nicho si se compara con el volumen masivo de las MacBook Air o el iPhone, su relevancia ha dado un giro inesperado. Con un precio de entrada de 599 dólares, se ha convertido en la opción preferida para usuarios que buscan potencia asequible para ejecutar software de IA.

👉🏻Apple mantiene el grueso de su producción en China, Malasia, Vietnam y Tailandia. Sin embargo, Texas no es territorio desconocido.",0,02/24/2026 09:00,,,Total,36676,0,0,,,0,0,49,45,2,2,0.0,0.0,0.0,0.0,0.0,0.0,0.0,0.0,,,,,,,,,,,,,,,,,,,,,,,,,,,,,,,,,,,,,,,,,,,,,,,,,,,,,,,,,,,,,,,,,,,,,,,,,,,,,,,,,,,,0.68,,,,,,,,,,,,,,,,,,,,,,,,,,,,,,,,,,,,,,,,,,,,,,,,,,,,,,,,,0.0,0.0,0.0,0.0,,,,,,,,,,,,,,,,,,,,,,,,,,,,,,,,,,,,,,,,,,,,,,,,,,,1725548505343314.0,,,https://www.facebook.com/360RadioColombia/posts/pfbid0PWhRpezE2oRcyLGHsrxhtQvFCSAY8WWvghahEfagBNpHBM24f8dn4GkYW4fZrK5sl,0.0,0.0,Fotos,,,51168.0,430.0,302.0,128.0,,,51168.0,0.0,36676.0,0.0,0.0,0.0,0.0,0.0,0.0,,,,,,,,,
,,100036645439789,360 Radio Colombia,"🏟️La historia del pop contemporáneo no podría contarse sin la figura irreverente, magnética y, a veces, vulnerable de Robbie Williams. Sin embargo, para el público colombiano, esa historia siempre tuvo una página en blanco. 

🌃El escenario elegido para el debut del ex-Take That es el Movistar Arena de Bogotá, un recinto que se ha consolidado como la escala obligatoria para la realeza de la música global. 

👉🏻Para esta cita en el Movistar Arena, se ha dispuesto una segmentación que permite diversas experiencias de cercanía con el artista.",0,02/24/2026 08:46,,,Total,123,0,0,,,0,0,1,0,0,1,0.0,0.0,0.0,0.0,0.0,0.0,0.0,0.0,,,,,,,,,,,,,,,,,,,,,,,,,,,,,,,,,,,,,,,,,,,,,,,,,,,,,,,,,,,,,,,,,,,,,,,,,,,,,,,,,,,,0.0,,,,,,,,,,,,,,,,,,,,,,,,,,,,,,,,,,,,,,,,,,,,,,,,,,,,,,,,,0.0,0.0,0.0,0.0,,,,,,,,,,,,,,,,,,,,,,,,,,,,,,,,,,,,,,,,,,,,,,,,,,,1725538752010956.0,,,https://www.facebook.com/360RadioColombia/posts/pfbid0WpyianVYuXBXdZq7HdW9CG8KsbshTdMaahNqUcJmUvQdTq3UqTCavUzfpLiPnuy4l,0.0,0.0,Fotos,,,171.0,1.0,,1.0,,,171.0,0.0,123.0,0.0,0.0,0.0,0.0,0.0,0.0,,,,,,,,,
,,100036645439789,360 Radio Colombia,✈️ Este video refleja lo que pudo haber sido una tragedia: traslapó del helicóptero por interferencia en la comunicación.,15,02/24/2026 08:20,,,Total,547,134,0,1921.124,4.259,131,0,2,1,0,1,568.02,1351.496,1.608,0.0,3.548,8.233,1.608,0.0,1.0,0.99,0.99,1.0,0.88,0.78,0.62,0.59,0.53,0.5,0.49,0.44,0.43,0.37,0.34,0.31,0.28,,,,,,,,,,,,,,,,,,,,,,,,,1.0,1.0,,,0.95,1.0,1.0,1.0,1.0,1.0,1.0,1.0,1.0,1.0,1.0,1.0,1.0,1.0,1.0,,,,,,,,,,,,,,,,,,,,,,,0.0,0.0,7.0,12.0,7.0,7.0,25.0,7.0,25.0,6.0,7.0,12.0,9.0,7.0,45.0,9.0,,49.0,,2.0,9.0,,,,2.0,,2.0,,2.0,,4.0,1.0,,,,,,,,,,,,,1.0,,4.0,,,3.0,,,,,,,,,0.0,0.0,0.0,0.0,,,,,,,,,,,,,,,,,,,,,,,,,,,,,,,,,,,,,,,,,1.0,,,,,,,,,,1725519338679564.0,✈️ Este video refleja lo que pudo haber sido una tragedia: traslapó del helicóptero por interferencia en la comunicación.,,https://www.facebook.com/reel/1664119218100142/,1.0,0.0,Vídeos,,,517.0,9.0,9.0,,,,517.0,0.0,547.0,0.0,134.0,0.0,0.0,0.0,0.0,,,,,,,,,
,,100036645439789,360 Radio Colombia,"💰 El juez central puede recibir hasta $2.900.000 por encuentro en la Liga BetPlay. Asistentes, VAR y cuarto árbitro también tienen tarifas definidas. En finales, el pago aumenta cerca de un 50%.",0,02/24/2026 08:02,,,Total,101,0,0,,,0,0,2,0,0,2,0.0,0.0,0.0,0.0,0.0,0.0,0.0,0.0,,,,,,,,,,,,,,,,,,,,,,,,,,,,,,,,,,,,,,,,,,,,,,,,,,,,,,,,,,,,,,,,,,,,,,,,,,,,,,,,,,,,0.0,,,,,,,,,,,,,,,,,,,,,,,,,,,,,,,,,,,,,,,,,,,,,,,,,,,,,,,,,0.0,0.0,0.0,0.0,,,,,,,,,,,,,,,,,,,,,,,,,,,,,,,,,,,,,,,,,,,,,,,,,,,1725506605347504.0,,,https://www.facebook.com/360RadioColombia/posts/pfbid02yC8w9KPiWJhkpemm8U6yLBLHyzrQe7Kwp6UDTstC5Hgg6YkHtNCGQmbbdXPS79kal,0.0,0.0,Fotos,,,141.0,1.0,,1.0,,,141.0,0.0,101.0,0.0,0.0,0.0,0.0,0.0,0.0,,,,,,,,,
,,100036645439789,360 Radio Colombia,"🗳️ Respuesta del Procurador General Gregorio Eljach a las críticas del presidente #GustavoPetro, a los entes de control y al proceso electoral del 8 de marzo. “Con la honra de nosotros no va a jugar nadie, por presidente que sea, ni porque fue el que me postuló para la terna. Aquí tiene que respetar”, dijo Eljach.",77,02/24/2026 06:40,,,Total,509,247,8,3790.184,8.614,241,8,53,32,18,3,1766.837,2013.564,9.783,0.0,6.92,12.102,3.261,0.0,1.0,0.91,0.77,1.0,0.57,0.45,0.36,0.31,0.24,0.22,0.2,0.17,0.16,0.13,0.11,0.1,0.09,0.09,0.07,0.07,0.06,0.06,0.06,0.06,0.05,0.05,0.05,0.03,0.03,0.03,0.03,0.03,0.03,0.03,0.03,0.03,0.02,0.02,0.02,0.02,0.02,0.98,0.65,0.26,0.32,0.35,0.38,0.41,0.48,0.98,0.61,0.76,0.82,0.89,1.0,1.0,1.0,1.0,0.98,0.98,0.26,0.24,0.23,0.21,0.21,0.2,0.2,0.18,0.12,0.12,0.12,0.11,0.12,0.12,0.12,0.11,0.11,0.09,0.08,0.08,0.06,0.06,0.0,0.0,29.0,48.0,26.0,32.0,25.0,21.0,20.0,11.0,13.0,12.0,2.0,3.0,220.0,9.0,3.0,1.0,,7.0,,,,,,,1.0,,1.0,,,,,2.0,,,1.0,,,1.0,,,1.0,,,,,,,,,,,,,,,,0.0,0.0,0.0,0.0,,,,,,,,,,,,,,,,,,,,,,,,,,,,,,,,,,,,,,,,,,,,,,,,,,,1725445998686898.0,"🗳️ Respuesta del Procurador General Gregorio Eljach a las críticas del presidente #GustavoPetro, a los entes de control y al proceso electoral del 8 de marzo. “Con la honra de nosotros no va a jugar nadie, por presidente que sea, ni porque fue el que me postuló para la terna. Aquí tiene que respetar”, dijo Eljach.",,https://www.facebook.com/reel/3450967935054147/,1.0,0.0,Vídeos,,,472.0,37.0,37.0,,,,468.0,0.0,509.0,0.0,247.0,0.0,0.0,0.0,0.0,,,,,,,,,
,,100036645439789,360 Radio Colombia,"🚨 Desde la Casa de Nariño, el presidente Gustavo #Petro anunció que radicará ante la Fiscalía un informe con pruebas que, según afirmó, evidenciarían presuntas irregularidades en las elecciones de 2022.

El documento —explicó— incluiría señalamientos sobre posibles cambios en el software de preconteo, ajustes en mesas de votación y variaciones en los resultados reportados.",105,02/23/2026 20:43,,,Total,135,75,17,2732.077,23.552,72,16,13,5,7,1,2662.078,69.999,0.0,0.0,3.685,27.445,0.0,0.0,1.0,0.91,0.79,1.0,0.71,0.64,0.59,0.55,0.51,0.49,0.45,0.4,0.37,0.33,0.31,0.29,0.28,0.27,0.27,0.24,0.24,0.24,0.23,0.23,0.2,0.17,0.17,0.17,0.16,0.15,0.11,0.13,0.13,0.15,0.11,0.11,0.11,0.11,0.11,0.09,0.09,1.0,0.65,0.43,0.43,0.46,0.48,0.5,0.54,1.0,0.61,0.74,0.8,0.83,0.89,0.96,1.0,1.0,1.0,1.0,0.39,0.39,0.39,0.37,0.37,0.33,0.28,0.28,0.28,0.26,0.24,0.17,0.22,0.22,0.24,0.17,0.17,0.17,0.17,0.17,0.15,0.15,0.0,0.0,,,,,,,,,,,,,,,,,,,,,,,,,,,,,,,,,,,,,,,,,,,,,,,,,,,,,,,,,0.0,0.0,0.0,0.0,,,,,,,,,,,,,,,,,,,,,,,,,,,,,,,,,,,,,,,,,,,,,,,,,,,1725064488725049.0,"🚨 Desde la Casa de Nariño, el presidente Gustavo #Petro anunció que radicará ante la Fiscalía un informe con pruebas que, según afirmó, evidenciarían presuntas irregularidades en las elecciones de 2022.

El documento —explicó— incluiría señalamientos sobre posibles cambios en el software de preconteo, ajustes en mesas de votación y variaciones en los resultados reportados.",uploaded,https://www.facebook.com/reel/1275642847799226/,1.0,0.0,Vídeos,,,130.0,9.0,9.0,,,,129.0,0.0,135.0,0.0,75.0,0.0,0.0,0.0,0.0,,,,,,,,,
,,100036645439789,360 Radio Colombia,"🚨 Después de más de 40 horas privada de la libertad, Diana Lorena Ospina volvió a su hogar y pudo abrazar nuevamente a su familia. La mujer había sido obligada a subir a un taxi en la madrugada del domingo por tres hombres, justo cuando llegaba a su vivienda en el barrio Santa María del Lago, en el occidente de Bogotá.

Fue ubicada por la Policía en la vía hacia Choachí durante la noche y, según el reporte oficial, se encuentra en buenas condiciones de salud. La intensa presión de las autoridades y la reacción ciudadana fueron determinantes para que sus captores optaran por dejarla en libertad.",151,02/23/2026 20:20,,,Total,540,414,95,17468.366,27.949,408,95,12,9,3,0,14162.644,3305.722,0.0,0.0,15.893,33.964,0.0,0.0,0.95,0.7,0.53,1.0,0.48,0.43,0.41,0.39,0.38,0.37,0.32,0.29,0.27,0.27,0.26,0.24,0.23,0.22,0.21,0.2,0.19,0.18,0.17,0.17,0.15,0.15,0.15,0.15,0.14,0.14,0.14,0.13,0.13,0.14,0.13,0.13,0.12,0.12,0.12,0.11,0.11,1.0,0.61,0.43,0.46,0.48,0.5,0.54,0.56,1.0,0.56,0.66,0.77,0.78,0.8,0.84,0.9,1.0,1.0,1.0,0.42,0.4,0.37,0.36,0.35,0.32,0.31,0.31,0.31,0.29,0.29,0.29,0.28,0.27,0.28,0.27,0.26,0.26,0.25,0.24,0.24,0.23,0.0,0.01,35.0,35.0,53.0,47.0,45.0,58.0,19.0,42.0,36.0,28.0,4.0,2.0,362.0,24.0,5.0,3.0,2.0,9.0,1.0,,1.0,,1.0,1.0,,,1.0,,,,,1.0,,,,,,1.0,,,,,,,,,,1.0,,,,,,,,,0.0,0.0,0.0,0.0,,,,,,1.0,,,,,,,,,,,,,,,,,,,,,,,,,,,,,,,,,,,,,,,,,,,,,1725051938726304.0,"🚨 Después de más de 40 horas privada de la libertad, Diana Lorena Ospina volvió a su hogar y pudo abrazar nuevamente a su familia. La mujer había sido obligada a subir a un taxi en la madrugada del domingo por tres hombres, justo cuando llegaba a su vivienda en el barrio Santa María del Lago, en el occidente de Bogotá.

Fue ubicada por la Policía en la vía hacia Choachí durante la noche y, según el reporte oficial, se encuentra en buenas condiciones de salud. La intensa presión de las autoridades y la reacción ciudadana fueron determinantes para que sus captores optaran por dejarla en libertad.",,https://www.facebook.com/reel/1586289682476130/,1.0,0.0,Vídeos,,,714.0,41.0,41.0,,,,713.0,0.0,540.0,0.0,414.0,0.0,0.0,0.0,0.0,,,,,,,,,
,,100036645439789,360 Radio Colombia,🚨 Primeras imágenes de Diana Ospina esta noche tras ser encontrada por la Policía de Colombia.,27,02/23/2026 20:04,,,Total,478,263,0,5223.748,11.791,256,0,8,3,3,2,4806.487,389.302,27.959,0.0,5.484,13.062,6.99,0.0,1.0,1.0,1.0,1.0,0.93,0.88,0.83,0.79,0.76,0.7,0.66,0.59,0.57,0.56,0.52,0.51,0.48,0.43,0.39,0.37,0.34,0.32,0.31,0.29,0.27,0.26,0.25,0.24,0.22,,,,,,,,,,,,,1.0,1.0,0.8,0.89,0.98,1.0,1.0,1.0,1.0,1.0,1.0,1.0,1.0,1.0,1.0,1.0,1.0,1.0,1.0,0.75,0.71,0.65,0.65,0.61,0.56,0.54,0.51,0.5,0.46,,,,,,,,,,,,,0.0,0.0,19.0,32.0,36.0,36.0,30.0,38.0,18.0,24.0,17.0,10.0,1.0,,231.0,14.0,4.0,2.0,,3.0,,,1.0,,,,,,2.0,,,3.0,,,1.0,1.0,,,,,,,,,,,,,,,,,,,,,,,0.0,0.0,0.0,0.0,,,,,,,,,,,,,1.0,,,,,,,,,,,,,,,,,,,,,,,,,,,,,,,,,,,,,,1725042092060622.0,🚨 Primeras imágenes de Diana Ospina esta noche tras ser encontrada por la Policía de Colombia.,,https://www.facebook.com/reel/920005267680288/,1.0,0.0,Vídeos,,,541.0,20.0,20.0,,,,541.0,0.0,478.0,0.0,263.0,0.0,0.0,0.0,0.0,,,,,,,,,
,,100036645439789,360 Radio Colombia,"#Bogotá | Alcalde de Bogotá confirmó que Diana Ospina apareció en Bogotá en la noche de este lunes 23 de febrero.  

https://360radio.com.co/bogota/aparecio-diana-ospina-en-bogota-este-es-el-lugar-donde-fue-vista/",0,02/23/2026 19:33,,,Total,224,0,0,,,0,0,4,3,0,1,0.0,0.0,0.0,0.0,0.0,0.0,0.0,0.0,,,,,,,,,,,,,,,,,,,,,,,,,,,,,,,,,,,,,,,,,,,,,,,,,,,,,,,,,,,,,,,,,,,,,,,,,,,,,,,,,,,,0.0,,,,,,,,,,,,,,,,,,,,,,,,,,,,,,,,,,,,,,,,,,,,,,,,,,,,,,,,,0.0,0.0,0.0,0.0,,,,,,,,,,,,,,,,,,,,,,,,,,,,,,,,,,,,,,,,,,,,,,,,,,,1725023228729175.0,,,https://www.facebook.com/360RadioColombia/posts/pfbid03522vycBWiodgoYhiAPBNemX5eAme4UuDYbddiLag3YGmJSGY1EbXv7cgScQ7uSJjl,0.0,0.0,Fotos,,,289.0,3.0,1.0,2.0,,,289.0,0.0,224.0,0.0,0.0,0.0,0.0,0.0,0.0,,,,,,,,,
,,100036645439789,360 Radio Colombia,"🗳️ La Defensoría del Pueblo presentó un nuevo informe sobre la alerta temprana electoral y sacudió el panorama político: advierte que la respuesta del Estado frente a los riesgos electorales es insuficiente a solo semanas de las elecciones del 8 de marzo.  ￼
Según el documento, solo se ha cumplido parte de las recomendaciones y los avances son parciales y desiguales.  ￼
Además, hay grupos armados que siguen imponiendo miedo y limitando la participación política en muchos municipios.  ￼
La Defensoría insiste en que esto pone en riesgo el ejercicio libre y seguro del voto en varias regiones.  ￼

El informe indica que 69 municipios están en riesgo crítico y requieren medidas urgentes del Estado.  ￼
También que 45 localidades pasaron de riesgo “urgente” a “inmediato”, mostrando una empeoramiento de las condiciones de seguridad.",0,02/23/2026 17:10,,,Total,118,0,0,,,0,0,1,0,0,1,0.0,0.0,0.0,0.0,0.0,0.0,0.0,0.0,,,,,,,,,,,,,,,,,,,,,,,,,,,,,,,,,,,,,,,,,,,,,,,,,,,,,,,,,,,,,,,,,,,,,,,,,,,,,,,,,,,,0.0,,,,,,,,,,,,,,,,,,,,,,,,,,,,,,,,,,,,,,,,,,,,,,,,,,,,,,,,,0.0,0.0,0.0,0.0,,,,,,,,,,,,,,,,,,,,,,,,,,,,,,,,,,,,,,,,,,,,,,,,,,,1724937375404427.0,,,https://www.facebook.com/360RadioColombia/posts/pfbid0Dyz7SxGqYxtHejbNNT6Yz75ynJTnQT7qUbfX65StBQ3eMyFZ9Vf4Er7EKB74qzVCl,0.0,0.0,Fotos,,,154.0,0.0,,,,,154.0,0.0,118.0,0.0,0.0,0.0,0.0,0.0,0.0,,,,,,,,,
,,100036645439789,360 Radio Colombia,"⚽️ Prestianni no jugará contra el Real Madrid en el Santiago Bernabéu este miércoles tras una sanción provisional de la UEFA por su presunto comportamiento discriminatorio hacia Vinicius.
La medida llega mientras sigue abierta una investigación por un posible insulto racista en la ida de Champions.
El argentino fue suspendido sólo por un partido, pero aún podría caerle más castigo según cómo avance el caso.
Benfica anunciará un recurso inmediato ante la decisión porque aseguran que no hubo racismo.
Este episodio ha prendido la mecha en redes con opiniones divididas sobre justicia y fútbol.  ￼

La polémica no se queda en el campo: figuras como el exárbitro Javier Castrilli explotaron en X cuestionando la sanción.
Castrilli llamó la decisión “una burrada” y criticó que se sancione sin pruebas claras, generando debates sobre la presunción de inocencia.
Mientras tanto, en Twitter y otras plataformas abundan los memes, los hashtags y las opiniones cruzadas.
Algunos piden tolerancia cero al racismo, otros creen que la UEFA se pasó de rápida.",0,02/23/2026 17:07,,,Total,277,0,0,,,0,0,6,4,0,2,0.0,0.0,0.0,0.0,0.0,0.0,0.0,0.0,,,,,,,,,,,,,,,,,,,,,,,,,,,,,,,,,,,,,,,,,,,,,,,,,,,,,,,,,,,,,,,,,,,,,,,,,,,,,,,,,,,,0.0,,,,,,,,,,,,,,,,,,,,,,,,,,,,,,,,,,,,,,,,,,,,,,,,,,,,,,,,,0.0,0.0,0.0,0.0,,,,,,,,,,,,,,,,,,,,,,,,,,,,,,,,,,,,,,,,,,,,,,,,,,,1724935212071310.0,,,https://www.facebook.com/360RadioColombia/posts/pfbid02n68GBRMqkN7dsqTKaBwmH5qCL4G5SViHcHzzioCLbY57bVRcXSjqPumT3qCc5Rq5l,0.0,0.0,Fotos,,,396.0,6.0,1.0,5.0,,,396.0,0.0,277.0,0.0,0.0,0.0,0.0,0.0,0.0,,,,,,,,,
,,100036645439789,360 Radio Colombia,"❗️Triste y violento fin de semana en el Cauca: fue asesinado Belarmino Guejía Dizú, líder social indígena del pueblo nasa, en su casa en la vereda San José La Laguna de Cajibío.

Sujetos armados llegaron en moto y le dispararon múltiples veces en el patio de su vivienda, según denuncias de derechos humanos.
Belarmino no solo era un activista campesino, también era presidente de comunidades sin tierra y un defensor incansable de derechos.

Este ataque ocurrió en una zona ya marcada por alertas tempranas por riesgo para líderes sociales.
Con su muerte, ya suman 23 líderes asesinados en Colombia en lo que va de 2026.  ￼

La noticia encendió las redes y la comunidad exige justicia y protección urgente para las personas que defienden sus territorios.
Organizaciones como Indepaz y la Red de Derechos Humanos responsabilizan al Estado por la falta de garantías efectivas.

Belarmino había sido incluido en solicitud de ampliación de medida cautelar ante la CIDH por amenazas previas a su vida.
La Defensoría del Pueblo había emitido alertas tempranas sobre la situación crítica en el municipio por presencia de grupos armados.
Amigos, familiares y compañeros piden respuestas rápidas y investiguen a los responsables.  ￼

La violencia contra líderes sociales vuelve a poner el foco en el riesgo que enfrentan quienes luchan por sus comunidades.
Belarmino también participó en las movilizaciones de 2019 y en diálogos con autoridades nacionales y departamentales.

Su papel como ambientalista, político y defensor de derechos humanos lo hacía figura clave en el Cauca.
Tras este asesinato, se intensifica el clamor por protección real para líderes indígenas y campesinos.
La zona continúa bajo la sombra de grupos armados ilegales y la exigencia de paz resuena con fuerza.",0,02/23/2026 17:02,,,Total,1155,0,0,,,0,0,11,5,4,2,0.0,0.0,0.0,0.0,0.0,0.0,0.0,0.0,,,,,,,,,,,,,,,,,,,,,,,,,,,,,,,,,,,,,,,,,,,,,,,,,,,,,,,,,,,,,,,,,,,,,,,,,,,,,,,,,,,,0.02,,,,,,,,,,,,,,,,,,,,,,,,,,,,,,,,,,,,,,,,,,,,,,,,,,,,,,,,,0.0,0.0,0.0,0.0,,,,,,,,,,,,,,,,,,,,,,,,,,,,,,,,,,,,,,,,,,,,,,,,,,,1724932175404947.0,,,https://www.facebook.com/360RadioColombia/posts/pfbid02dzrHhnuNPFG8DV9KKjFtotZVCvj9E7kAzYukkaz4Fz2aWN8EMVWeSJRqpzpvLD1vl,0.0,0.0,Fotos,,,1631.0,38.0,21.0,17.0,,,1631.0,0.0,1155.0,0.0,0.0,0.0,0.0,0.0,0.0,,,,,,,,,
,,100036645439789,360 Radio Colombia,#Empresas | Los servicios digitales y físicos de la entidad financiera fueron suspendidos temporalmente mientras se realizan ajustes internos. La interrupción comenzó en la noche de este lunes 23 de febrero.,0,02/23/2026 16:56,,,Total,61,0,0,,,0,0,0,0,0,0,0.0,0.0,0.0,0.0,0.0,0.0,0.0,0.0,,,,,,,,,,,,,,,,,,,,,,,,,,,,,,,,,,,,,,,,,,,,,,,,,,,,,,,,,,,,,,,,,,,,,,,,,,,,,,,,,,,,0.0,,,,,,,,,,,,,,,,,,,,,,,,,,,,,,,,,,,,,,,,,,,,,,,,,,,,,,,,,0.0,0.0,0.0,0.0,,,,,,,,,,,,,,,,,,,,,,,,,,,,,,,,,,,,,,,,,,,,,,,,,,,1724929012071930.0,,,https://www.facebook.com/360RadioColombia/posts/pfbid0oMBvBTpL6rYMqy7zqLdLaTAVhJeRfCsVwb6MUW7Nn9KbZEc9GL1gbHsgk9JBrFQsl,0.0,0.0,Enlaces,,,85.0,0.0,,,,,85.0,0.0,61.0,0.0,0.0,0.0,0.0,0.0,0.0,,,,,,,,,
,,100036645439789,360 Radio Colombia,"👋🏼 La justicia le puso un reloj encima a Armando Benedetti: la jueza 40 administrativa de Bogotá le dio 48 horas para retractarse públicamente de los señalamientos contra el exministro Luis Felipe Henao.
Todo esto porque, según el fallo, sus publicaciones en X afectaron el buen nombre y la honra de Henao sin pruebas claras.
Los señalamientos incluían supuestos nexos con personajes como el “Ñeñe” Hernández y bienes en el exterior.
La orden es clara: tiene que hacerlo en la misma red social donde publicó los mensajes.
Este caso vuelve a poner el debate sobre responsabilidad en redes en el centro de la agenda.  ￼

La tutela fue interpuesta por Henao tras los mensajes de diciembre de 2025, donde Benedetti lo vinculó con temas judiciales y patrimoniales sin evidencia.
La Corte Suprema confirmó que no hay investigaciones penales en su contra, lo que fue clave para la decisión del juzgado.
La juez consideró que el ministro cruzó la línea entre opinión y daño reputacional.
Las reacciones en redes no se hicieron esperar: muchos hablan de libertad de expresión, otros de responsabilidad pública.
Sea cual sea el lado, el caso ya es trending entre usuarios políticos.  ￼

Este episodio trae de nuevo la conversación sobre cómo figuras públicas usan sus plataformas con millones de seguidores.
Benedetti tiene más de medio millón de seguidores en X, lo que amplifica cada palabra suya.
Ahora tiene que corregir lo dicho o enfrentar el peso de la decisión judicial.
Mientras tanto, Henao celebra la protección de su reputación y pide respeto en el debate público.",0,02/23/2026 16:22,,,Total,1668,0,0,,,0,0,19,17,0,2,0.0,0.0,0.0,0.0,0.0,0.0,0.0,0.0,,,,,,,,,,,,,,,,,,,,,,,,,,,,,,,,,,,,,,,,,,,,,,,,,,,,,,,,,,,,,,,,,,,,,,,,,,,,,,,,,,,,0.03,,,,,,,,,,,,,,,,,,,,,,,,,,,,,,,,,,,,,,,,,,,,,,,,,,,,,,,,,0.0,0.0,0.0,0.0,,,,,,,,,,,,,,,,,,,,,,,,,,,,,,,,,,,,,,,,,,,,,,,,,,,1724910452073786.0,,,https://www.facebook.com/360RadioColombia/posts/pfbid0n1ecxLKF7pFyQuvvoiHx43sS42ZwKqwrmrruJZjE9SVVxytKiWThCEgHPh2n5Gzol,0.0,0.0,Fotos,,,2334.0,19.0,9.0,10.0,,,2334.0,0.0,1668.0,0.0,0.0,0.0,0.0,0.0,0.0,,,,,,,,,
,,100036645439789,360 Radio Colombia,🗣️ “Claro que me han cobrado la gasolina”: la vicepresidenta @franciamarquezm respondió a las críticas por sus viajes a África.,97,02/23/2026 15:15,,,Total,172,118,20,3231.962,21.691,117,20,12,6,6,0,3064.201,167.761,0.0,0.0,9.869,23.214,0.0,0.0,1.0,0.88,0.68,1.0,0.57,0.46,0.4,0.37,0.35,0.31,0.27,0.25,0.25,0.24,0.23,0.22,0.21,0.21,0.2,0.19,0.19,0.19,0.17,0.17,0.17,0.17,0.17,0.17,0.17,0.16,0.14,0.14,0.14,0.16,0.13,0.13,0.11,0.11,0.1,0.09,0.08,1.0,0.65,0.52,0.54,0.54,0.57,0.59,0.61,1.0,0.63,0.7,0.78,0.89,0.96,1.0,1.0,1.0,1.0,1.0,0.5,0.5,0.48,0.43,0.43,0.43,0.43,0.43,0.43,0.43,0.41,0.35,0.37,0.37,0.41,0.33,0.33,0.28,0.28,0.26,0.24,0.22,0.0,0.0,22.0,20.0,13.0,16.0,10.0,17.0,8.0,3.0,1.0,1.0,2.0,1.0,110.0,5.0,1.0,,1.0,,,,,,,,,,,,,,,,,,,1.0,,,,,,,,,,,,,,,,,,,,,0.0,0.0,0.0,0.0,,,,,,,,,,,,,,,,,,,,,,,,,,,,,,,,,,,,,,,,,,,,,,,,,,,1724875982077233.0,🗣️ “Claro que me han cobrado la gasolina”: la vicepresidenta @franciamarquezm respondió a las críticas por sus viajes a África.,uploaded,https://www.facebook.com/reel/1215454403652503/,1.0,0.0,Vídeos,,,158.0,22.0,22.0,,,,158.0,0.0,172.0,0.0,118.0,0.0,0.0,0.0,0.0,,,,,,,,,
,,100036645439789,360 Radio Colombia,🥺 En video quedó registrado como el mono Punch se refugia en su peluche tras ser rechazado por su manada.,21,02/23/2026 14:30,,,Total,163,83,0,1488.259,9.479,82,0,3,3,0,0,1010.163,478.096,0.0,0.0,9.021,9.714,0.0,0.0,1.0,1.0,1.0,1.0,0.98,0.98,0.87,0.73,0.69,0.65,0.65,0.63,0.59,0.58,0.53,0.52,0.51,0.47,0.47,0.45,0.43,0.42,0.41,0.37,0.35,,,,,,,,,,,,,,,,,1.0,1.0,1.0,1.0,1.0,1.0,1.0,1.0,1.0,1.0,1.0,1.0,1.0,1.0,1.0,1.0,1.0,1.0,1.0,0.95,0.92,0.9,0.87,0.79,0.74,,,,,,,,,,,,,,,,,0.0,0.0,,,,,,,,,,,,,,,,,,,,,,,,,,,,,,,,,,,,,,,,,,,,,,,,,,,,,,,,,0.0,0.0,0.0,0.0,,,,,,,,,,,,,,,,,,,,,,,,,,,,,,,,,,,,,,,,,,,,,,,,,,,1724845412080290.0,🥺 En video quedó registrado como el mono Punch se refugia en su peluche tras ser rechazado por su manada.,,https://www.facebook.com/reel/800811509033938/,1.0,0.0,Vídeos,,,197.0,1.0,1.0,,,,197.0,0.0,163.0,0.0,83.0,0.0,0.0,0.0,0.0,,,,,,,,,
,,100036645439789,360 Radio Colombia,"🗣️ “Mientras el Pueblo me abraza, la casta me ataca.
Reciclan mentiras de hace 16 años, montan shows desde cárceles y activan bodegas digitales porque saben una cosa: soy el único que puede derrotar al establecimiento y al candidato del gobierno”.

#AbelardoDeLaEspriella, candidato presidencial.",175,02/23/2026 14:15,,,Total,165,93,20,4049.758,29.998,92,20,10,5,4,1,4019.018,30.74,0.0,0.0,2.365,32.943,0.0,0.0,0.92,0.59,0.46,1.0,0.38,0.33,0.32,0.32,0.29,0.28,0.26,0.24,0.23,0.22,0.2,0.19,0.19,0.19,0.18,0.17,0.15,0.15,0.15,0.14,0.14,0.14,0.14,0.14,0.13,0.13,0.13,0.13,0.13,0.13,0.13,0.13,0.13,0.13,0.13,0.13,0.13,1.0,0.55,0.43,0.45,0.45,0.45,0.48,0.5,1.0,0.53,0.6,0.65,0.68,0.75,0.75,0.78,0.88,1.0,1.0,0.4,0.35,0.35,0.35,0.33,0.33,0.33,0.33,0.33,0.3,0.3,0.3,0.3,0.3,0.3,0.3,0.3,0.3,0.3,0.3,0.3,0.3,0.0,0.0,,,,,,,,,,,,,,,,,,,,,,,,,,,,,,,,,,,,,,,,,,,,,,,,,,,,,,,,,0.0,0.0,0.0,0.0,,,,,,,,,,,,,,,,,,,,,,,,,,,,,,,,,,,,,,,,,,,,,,,,,,,1724838168747681.0,"🗣️ “Mientras el Pueblo me abraza, la casta me ataca.
Reciclan mentiras de hace 16 años, montan shows desde cárceles y activan bodegas digitales porque saben una cosa: soy el único que puede derrotar al establecimiento y al candidato del gobierno”.

#AbelardoDeLaEspriella, candidato presidencial.",,https://www.facebook.com/reel/2683989108639577/,1.0,0.0,Vídeos,,,150.0,13.0,13.0,,,,150.0,0.0,165.0,0.0,93.0,0.0,0.0,0.0,0.0,,,,,,,,,
,,100036645439789,360 Radio Colombia,"👏 Colombia en el ranking ""The World's 100 Best Coffee Shops 2026""

☕ Se ha hecho pública la lista definitiva de las 100 mejores cafeterías del mundo para el año 2026, un referente global que evalúa la calidad, el servicio y la propuesta técnica de establecimientos en los cinco continentes.

En esta edición, el sector de especialidad en Colombia mantiene una presencia relevante con dos establecimientos destacados:

Tropicalia Coffee: Se posiciona en el puesto número 9, consolidándose dentro del selecto Top 10 a nivel mundial.

Caferatto: Logra su ingreso en el listado, ubicándose en la posición número 64.",0,02/23/2026 13:40,,,Total,111,0,0,,,0,0,3,2,0,1,0.0,0.0,0.0,0.0,0.0,0.0,0.0,0.0,,,,,,,,,,,,,,,,,,,,,,,,,,,,,,,,,,,,,,,,,,,,,,,,,,,,,,,,,,,,,,,,,,,,,,,,,,,,,,,,,,,,0.0,,,,,,,,,,,,,,,,,,,,,,,,,,,,,,,,,,,,,,,,,,,,,,,,,,,,,,,,,0.0,0.0,0.0,0.0,,,,,,,,,,,,,,,,,,,,,,,,,,,,,,,,,,,,,,,,,,,,,,,,,,,1724816418749856.0,,,https://www.facebook.com/360RadioColombia/posts/pfbid0QMjUhes2sMjrBHoSAHBRncMMXc3VYmSskLP5exuKvjeuhix1LCjhWzP9N1juwakJl,0.0,0.0,Fotos,,,164.0,3.0,,3.0,,,164.0,0.0,111.0,0.0,0.0,0.0,0.0,0.0,0.0,,,,,,,,,
,,100036645439789,360 Radio Colombia,"🗣️ “No hay Estado que no pueda contra los criminales. Si un Estado no vence a la criminalidad, es porque el Estado es cómplice”.

#NayibBukele, Presidente de la República de Salvador, sobre la situación en #México.",36,02/23/2026 12:55,,,Total,89,52,0,717.135,8.853,50,0,4,2,1,1,625.688,91.447,0.0,0.0,5.081,9.932,0.0,0.0,0.98,0.98,0.98,0.98,0.77,0.63,0.58,0.5,0.4,0.35,0.29,0.27,0.27,0.23,0.19,0.17,0.17,0.17,0.17,0.17,0.17,0.17,0.15,0.13,0.13,0.13,0.13,0.13,0.13,0.13,0.13,0.13,0.13,0.13,0.13,0.13,0.12,,,,,1.0,1.0,1.0,1.0,1.0,1.0,1.0,1.0,1.0,1.0,1.0,1.0,1.0,1.0,1.0,1.0,1.0,1.0,1.0,1.0,1.0,1.0,0.89,0.78,0.78,0.78,0.78,0.78,0.78,0.78,0.78,0.78,0.78,0.78,0.78,0.78,0.67,,,,,0.0,0.0,,,,,,,,,,,,,,,,,,,,,,,,,,,,,,,,,,,,,,,,,,,,,,,,,,,,,,,,,0.0,0.0,0.0,0.0,,,,,,,,,,,,,,,,,,,,,,,,,,,,,,,,,,,,,,,,,,,,,,,,,,,1724762002088631.0,"🗣️ “No hay Estado que no pueda contra los criminales. Si un Estado no vence a la criminalidad, es porque el Estado es cómplice”.

#NayibBukele, Presidente de la República de Salvador, sobre la situación en #México.",,https://www.facebook.com/reel/744338355214963/,1.0,0.0,Vídeos,,,91.0,4.0,4.0,,,,91.0,0.0,89.0,0.0,52.0,0.0,0.0,0.0,0.0,,,,,,,,,
,,100036645439789,360 Radio Colombia,"😳 Pasó en#Brasil: 

👉🏻 Domingo: Derrikson le propuso matrimonio a su novia después del partido contra Marquense. ¡Ella aceptó!

👉🏻 Miércoles: El deportista anunció oficialmente, vía Instagram, que la relación había terminado.",19,02/23/2026 12:22,,,Total,264,159,0,2719.281,11.144,158,0,4,2,1,1,2503.807,215.474,0.0,0.0,6.157,11.98,0.0,0.0,1.0,1.0,1.0,1.0,0.96,0.91,0.84,0.81,0.75,0.69,0.65,0.6,0.56,0.53,0.5,0.48,0.47,0.45,0.42,0.42,0.41,,,,,,,,,,,,,,,,,,,,,1.0,1.0,0.89,0.95,1.0,1.0,1.0,1.0,1.0,1.0,1.0,1.0,1.0,1.0,1.0,1.0,1.0,1.0,1.0,0.89,0.87,,,,,,,,,,,,,,,,,,,,,0.0,0.0,14.0,19.0,6.0,29.0,24.0,11.0,17.0,10.0,11.0,10.0,3.0,2.0,148.0,4.0,2.0,1.0,,2.0,,,,,,,,,,,,,1.0,,,,,,1.0,,,,,,,,,,,,,,,,,,,,0.0,0.0,0.0,0.0,,,,,,,,,,,,,,,,,,,,,,,,,,,,,,,,,,,,,,,,,,,,,,,,,,,1724745152090316.0,"😳 Pasó en#Brasil: 

👉🏻 Domingo: Derrikson le propuso matrimonio a su novia después del partido contra Marquense. ¡Ella aceptó!

👉🏻 Miércoles: El deportista anunció oficialmente, vía Instagram, que la relación había terminado.",,https://www.facebook.com/reel/797078413425494/,1.0,0.0,Vídeos,,,330.0,12.0,12.0,,,,329.0,0.0,264.0,0.0,159.0,0.0,0.0,0.0,0.0,,,,,,,,,
,,100036645439789,360 Radio Colombia,"😮 Luisa García, mujer transexual, a compartido la historia del embarazo junto a su pareja, Santiago, quien también es transexual.",64,02/23/2026 11:49,,,Total,256,175,38,4692.578,16.819,173,38,1,0,1,0,3575.005,1117.573,0.0,0.0,10.16,21.154,0.0,0.0,1.0,0.98,0.86,1.0,0.71,0.61,0.52,0.47,0.44,0.43,0.41,0.39,0.38,0.35,0.34,0.34,0.33,0.31,0.31,0.29,0.29,0.29,0.28,0.27,0.27,0.27,0.26,0.26,0.26,0.25,0.23,0.24,0.23,0.25,0.23,0.22,0.22,0.22,0.21,0.18,0.18,1.0,0.96,0.75,0.76,0.79,0.82,0.82,0.85,1.0,0.92,1.0,1.0,1.0,1.0,1.0,1.0,1.0,1.0,1.0,0.71,0.71,0.71,0.68,0.65,0.65,0.65,0.64,0.64,0.63,0.61,0.57,0.58,0.57,0.6,0.57,0.54,0.53,0.53,0.5,0.44,0.44,0.0,0.0,9.0,20.0,15.0,9.0,24.0,15.0,20.0,20.0,10.0,22.0,1.0,5.0,146.0,11.0,,1.0,2.0,4.0,1.0,,1.0,3.0,,,,,,,,3.0,,,,,,,,,,,,,1.0,,2.0,,,,,,,,,,,,0.0,0.0,0.0,0.0,,,,,,,,,,,,,,,,,,,,,,,,,,,,,,,,,,,,,,,,,,,,,,,,,,,1724727638758734.0,"😮 Luisa García, mujer transexual, a compartido la historia del embarazo junto a su pareja, Santiago, quien también es transexual.",,https://www.facebook.com/reel/922288516953811/,1.0,0.0,Vídeos,,,319.0,19.0,19.0,,,,318.0,0.0,256.0,0.0,175.0,0.0,0.0,1.0,1.0,,,,,,,,,
,,100036645439789,360 Radio Colombia,"@linacarvajall, creadora de contenido, entrevistó a una persona que trabaja vendiendo bebidas energéticas. Le preguntó si le gustaría ser modelo por un día, ella aceptó y todo quedó registrado en video.",119,02/23/2026 10:17,,,Total,89,42,8,1362.783,15.664,42,8,3,1,0,2,1270.518,90.328,1.937,0.0,6.949,17.405,1.937,0.0,1.0,0.76,0.67,1.0,0.4,0.38,0.36,0.33,0.31,0.31,0.29,0.24,0.21,0.21,0.21,0.21,0.21,0.24,0.24,0.21,0.21,0.17,0.17,0.17,0.17,0.19,0.19,0.17,0.19,0.17,0.12,0.14,0.12,0.14,0.12,0.14,0.12,0.12,0.12,0.1,0.07,1.0,0.63,0.56,0.56,0.56,0.56,0.56,0.56,1.0,0.56,0.75,0.81,0.81,0.88,0.94,1.0,1.0,1.0,1.0,0.56,0.5,0.44,0.44,0.44,0.44,0.44,0.44,0.44,0.44,0.44,0.31,0.38,0.31,0.38,0.31,0.31,0.31,0.31,0.31,0.25,0.19,0.0,0.0,,,,,,,,,,,,,,,,,,,,,,,,,,,,,,,,,,,,,,,,,,,,,,,,,,,,,,,,,0.0,0.0,0.0,0.0,,,,,,,,,,,,,,,,,,,,,,,,,,,,,,,,,,,,,,,,,,,,,,,,,,,1724671455431019.0,"@linacarvajall, creadora de contenido, entrevistó a una persona que trabaja vendiendo bebidas energéticas. Le preguntó si le gustaría ser modelo por un día, ella aceptó y todo quedó registrado en video.",,https://www.facebook.com/reel/2120070492120965/,1.0,0.0,Vídeos,,,100.0,2.0,2.0,,,,100.0,0.0,89.0,0.0,42.0,0.0,0.0,0.0,0.0,,,,,,,,,
,,100036645439789,360 Radio Colombia,😂 En video quedó registrado el momento en el que un hombre confundió el “choque las cinco” con la bendición que le estaba dando un Padre durante su matrimonio.,21,02/23/2026 09:25,,,Total,8501,4734,0,71177.887,9.241,4674,0,24,20,0,4,4974.584,65347.305,855.998,0.0,9.059,12.888,8.393,0.0,1.0,1.0,1.0,1.0,0.95,0.88,0.82,0.77,0.71,0.64,0.57,0.49,0.44,0.4,0.38,0.35,0.31,0.29,0.28,0.27,0.25,0.24,0.23,0.22,0.21,,,,,,,,,,,,,,,,,1.0,1.0,0.98,1.0,1.0,1.0,1.0,1.0,1.0,1.0,1.0,1.0,1.0,1.0,1.0,1.0,1.0,1.0,1.0,0.93,0.89,0.85,0.8,0.77,0.73,,,,,,,,,,,,,,,,,0.0,0.08,68.0,148.0,129.0,385.0,592.0,324.0,271.0,805.0,1245.0,621.0,44.0,15.0,3678.0,616.0,28.0,10.0,13.0,165.0,7.0,14.0,3.0,9.0,,5.0,4.0,,13.0,8.0,2.0,28.0,2.0,4.0,2.0,5.0,6.0,2.0,3.0,24.0,26.0,4.0,12.0,,5.0,6.0,2.0,,,,,,,2.0,,2.0,,2.0,0.0,0.0,0.0,0.0,8.0,1.0,3.0,1.0,,1.0,,,,2.0,,,,,1.0,,,,2.0,,,,,,,,,,,,,,,,1.0,,,,,,,,,,,1.0,1.0,,,,1724637675434397.0,😂 En video quedó registrado el momento en el que un hombre confundió el “choque las cinco” con la bendición que le estaba dando un Padre durante su matrimonio.,,https://www.facebook.com/reel/1202502958619724/,1.0,0.0,Vídeos,,,9196.0,186.0,186.0,,,,9188.0,0.0,8501.0,0.0,4734.0,0.0,0.0,0.0,0.0,,,,,,,,,
,,100036645439789,360 Radio Colombia,"🟢 En video quedó registrada la celebración de Cristian ‘Chicho’ Arango, tras su primera anotación como jugador de #AtléticoNacional, en su primera titularidad y primero como local. La dedicación fue para su abuela, quien le inculcó el amor por el ‘Verde de la Montaña’.",18,02/23/2026 08:58,,,Total,235,93,0,1170.774,5.395,93,0,8,7,0,1,264.019,901.081,5.674,0.0,6.008,4.062,2.837,0.0,1.0,1.0,1.0,1.0,0.95,0.84,0.7,0.56,0.43,0.41,0.38,0.31,0.29,0.26,0.25,0.24,0.2,0.16,0.16,0.16,0.13,,,,,,,,,,,,,,,,,,,,,1.0,1.0,1.0,1.0,1.0,1.0,1.0,1.0,1.0,1.0,1.0,1.0,1.0,1.0,1.0,1.0,1.0,1.0,1.0,1.0,0.8,,,,,,,,,,,,,,,,,,,,,0.0,0.0,,,,,,,,,,,,,,,,,,,,,,,,,,,,,,,,,,,,,,,,,,,,,,,,,,,,,,,,,0.0,0.0,0.0,0.0,,,,,,,,,,,,,,,,,,,,,,,,,,,,,,,,,,,,,,,,,,,,,,,,,,,1724621122102719.0,"🟢 En video quedó registrada la celebración de Cristian ‘Chicho’ Arango, tras su primera anotación como jugador de #AtléticoNacional, en su primera titularidad y primero como local. La dedicación fue para su abuela, quien le inculcó el amor por el ‘Verde de la Montaña’.",,https://www.facebook.com/reel/1623697798942745/,1.0,0.0,Vídeos,,,240.0,5.0,5.0,,,,240.0,0.0,235.0,0.0,93.0,0.0,0.0,0.0,0.0,,,,,,,,,
,,100036645439789,360 Radio Colombia,"🟢 En video quedó registrada la celebración de Cristian ‘Chicho’ Arango, tras su primera anotación como jugador de #AtléticoNacional, en su primera titularidad y primero como local. La dedicación fue para su abuela, quien le inculcó el amor por el ‘Verde de la Montaña’.",18,02/23/2026 08:55,,,Total,704,301,0,4493.39,7.235,301,0,31,29,0,2,766.528,3726.862,0.0,0.0,7.019,8.517,0.0,0.0,1.0,1.0,1.0,1.0,0.9,0.81,0.71,0.65,0.6,0.56,0.5,0.45,0.4,0.37,0.35,0.33,0.31,0.3,0.27,0.26,0.25,,,,,,,,,,,,,,,,,,,,,1.0,1.0,0.91,0.99,1.0,1.0,1.0,1.0,1.0,1.0,1.0,1.0,1.0,1.0,1.0,1.0,1.0,1.0,1.0,0.86,0.82,,,,,,,,,,,,,,,,,,,,,0.0,0.0,19.0,36.0,10.0,56.0,49.0,5.0,72.0,9.0,10.0,11.0,6.0,13.0,275.0,11.0,1.0,,1.0,1.0,,,1.0,,,,2.0,1.0,,,,1.0,1.0,1.0,,,,,,,,,1.0,,,,,,,,,,,,,,,,0.0,0.0,0.0,0.0,,,,,,,,,1.0,1.0,,,1.0,,,,,,,,,,,,,,1.0,,,,,,,,,,,,,,,,,,,,,,,,1724619515436213.0,"🟢 En video quedó registrada la celebración de Cristian ‘Chicho’ Arango, tras su primera anotación como jugador de #AtléticoNacional, en su primera titularidad y primero como local. La dedicación fue para su abuela, quien le inculcó el amor por el ‘Verde de la Montaña’.",,https://www.facebook.com/reel/2080834716033826/,1.0,0.0,Vídeos,,,743.0,20.0,20.0,,,,742.0,0.0,704.0,0.0,301.0,0.0,0.0,0.0,0.0,,,,,,,,,
,,100036645439789,360 Radio Colombia,🚨 Urgente: @ParexResources presentó oferta para adquirir activos de exploración y producción de Frontera Energy.,0,02/23/2026 07:00,,,Total,120,0,0,,,0,0,3,1,0,2,0.0,0.0,0.0,0.0,0.0,0.0,0.0,0.0,,,,,,,,,,,,,,,,,,,,,,,,,,,,,,,,,,,,,,,,,,,,,,,,,,,,,,,,,,,,,,,,,,,,,,,,,,,,,,,,,,,,0.0,,,,,,,,,,,,,,,,,,,,,,,,,,,,,,,,,,,,,,,,,,,,,,,,,,,,,,,,,0.0,0.0,0.0,0.0,,,,,,,,,,,,,,,,,,,,,,,,,,,,,,,,,,,,,,,,,,,,,,,,,,,1724533518778146.0,,,https://www.facebook.com/360RadioColombia/posts/pfbid04tpzegAiK8zjXLvr2zNwB5weFuSwDNpQNDpapWzFkK6sAKfLT7JBHpVbDTpopiLDl,0.0,0.0,Fotos,,,167.0,0.0,,,,,167.0,0.0,120.0,0.0,0.0,0.0,0.0,0.0,0.0,,,,,,,,,
,,100036645439789,360 Radio Colombia,"#Empresas | 💼🇨🇴 La presencia de empresarios colombianos entre las mayores fortunas de América Latina vuelve a poner al país en el radar de los grandes mercados regionales. Más allá de los montos, este listado refleja el peso que hoy tienen los negocios creados desde Colombia en sectores estratégicos de la economía 🌎.

📊✨ La gráfica muestra cómo el capital latinoamericano sigue concentrándose en líderes con fuerte capacidad de expansión internacional, diversificación y visión de largo plazo. Para el ecosistema empresarial, es una señal clara de que competir en grande desde la región sí es posible 🚀.

💡📈 En un momento de alta incertidumbre económica, estos nombres también evidencian el papel de la inversión, la innovación y la gestión empresarial como motores clave para el crecimiento y la proyección global de Colombia.",0,02/22/2026 09:00,,,Total,45881,0,0,,,0,0,131,121,1,9,0.0,0.0,0.0,0.0,0.0,0.0,0.0,0.0,,,,,,,,,,,,,,,,,,,,,,,,,,,,,,,,,,,,,,,,,,,,,,,,,,,,,,,,,,,,,,,,,,,,,,,,,,,,,,,,,,,,0.86,,,,,,,,,,,,,,,,,,,,,,,,,,,,,,,,,,,,,,,,,,,,,,,,,,,,,,,,,0.0,0.0,0.0,0.0,,,,,,,,,,,,,,,,,,,,,,,,,,,,,,,,,,,,,,,,,,,,,,,,,,,1723782068853291.0,,,https://www.facebook.com/360RadioColombia/posts/pfbid0yMkRjcM9UUBuyTgaG2HPftnT5sLFA8nbPGrQbJfVJEpuw7suPSjjLYhd8nwTCGKQl,0.0,0.0,Fotos,,,72761.0,2180.0,495.0,1685.0,,,72761.0,0.0,45881.0,0.0,0.0,0.0,0.0,0.0,0.0,,,,,,,,,
,,100036645439789,360 Radio Colombia,🥺 Este es el tráiler de #ToyStory 5.,144,02/22/2026 05:37,,,Total,420,109,15,3222.193,8.615,107,15,1,1,0,0,385.275,2836.918,0.0,0.0,9.363,5.427,0.0,0.0,0.86,0.43,0.33,0.99,0.3,0.26,0.25,0.24,0.22,0.19,0.18,0.17,0.17,0.16,0.15,0.14,0.14,0.14,0.14,0.14,0.14,0.12,0.12,0.11,0.11,0.1,0.11,0.11,0.11,0.1,0.08,0.07,0.07,0.07,0.06,0.06,0.06,0.06,0.06,0.06,0.06,1.0,0.56,0.47,0.47,0.47,0.47,0.5,0.53,1.0,0.56,0.63,0.66,0.75,0.81,0.84,0.88,1.0,1.0,1.0,0.47,0.47,0.41,0.41,0.38,0.38,0.34,0.38,0.38,0.38,0.34,0.28,0.25,0.25,0.25,0.22,0.22,0.19,0.19,0.22,0.19,0.19,0.0,0.0,4.0,2.0,7.0,1.0,8.0,3.0,17.0,5.0,22.0,25.0,8.0,6.0,90.0,10.0,1.0,3.0,,3.0,1.0,,,,,,,,,,,,,,,,,,,,,,1.0,,,,,,,,,,,,,,,,0.0,0.0,0.0,0.0,,,,,,,,,,,,,,,,,,,,,,,,,,,,,,,,,,,,,,,,,,,,,,,,,,,1723637178867780.0,🥺 Este es el tráiler de #ToyStory 5.,,https://www.facebook.com/reel/3081736458881756/,1.0,0.0,Vídeos,,,402.0,5.0,5.0,,,,402.0,0.0,420.0,0.0,109.0,0.0,0.0,0.0,0.0,,,,,,,,,
,,100036645439789,360 Radio Colombia,"🥺 el Zoológico de Ichikawa, un mono llamado Punch —nacido el 26 de julio de 2025 y cuidado por el personal tras ser abandonado— ha desarrollado un apego especial a un peluche de orangután que no suelta en ningún momento.",20,02/22/2026 04:54,,,Total,2237,990,0,14744.904,7.522,990,0,40,36,0,4,4208.608,10498.306,37.99,0.0,6.871,9.974,3.799,0.0,1.0,1.0,1.0,1.0,0.89,0.79,0.68,0.6,0.55,0.52,0.47,0.43,0.39,0.37,0.35,0.34,0.32,0.31,0.28,0.25,0.24,,,,,,,,,,,,,,,,,,,,,1.0,1.0,0.84,0.94,0.97,1.0,1.0,1.0,1.0,1.0,1.0,1.0,1.0,1.0,1.0,1.0,1.0,1.0,1.0,0.75,0.71,,,,,,,,,,,,,,,,,,,,,0.0,0.01,45.0,70.0,55.0,81.0,79.0,102.0,62.0,140.0,192.0,124.0,18.0,4.0,809.0,45.0,12.0,15.0,7.0,46.0,5.0,1.0,2.0,2.0,2.0,3.0,6.0,,2.0,3.0,1.0,9.0,,2.0,1.0,1.0,,,1.0,3.0,,,2.0,,2.0,,4.0,,,,,,,1.0,,,,,0.0,0.0,0.0,0.0,1.0,,,,,,,,,,,,1.0,1.0,,,,,,,,,,,,,,,,,,,,,,,,,,,,,,,,,,,,,1723608142204017.0,"🥺 el Zoológico de Ichikawa, un mono llamado Punch —nacido el 26 de julio de 2025 y cuidado por el personal tras ser abandonado— ha desarrollado un apego especial a un peluche de orangután que no suelta en ningún momento.",,https://www.facebook.com/reel/1207530684826733/,1.0,0.0,Vídeos,,,2278.0,34.0,34.0,,,,2277.0,0.0,2237.0,0.0,990.0,0.0,0.0,0.0,0.0,,,,,,,,,
,,100036645439789,360 Radio Colombia,"😳 En video quedó registrada la entrevista del activista político Daniel Maldonado a un manifestante en la Plaza de Bolívar. Tras una notoria contrariedad en la ideología política, el entrevistado terminó tirándole el micrófono al piso al entrevistador, quien se estaba refiriendo, además, al sobrepeso del manifestante.",89,02/22/2026 04:50,,,Total,264,168,30,5258.503,21.034,166,30,2,1,0,1,4630.644,625.084,2.775,0.0,8.93,25.87,2.775,0.0,0.99,0.9,0.79,0.99,0.67,0.57,0.54,0.51,0.5,0.49,0.46,0.44,0.43,0.42,0.4,0.39,0.36,0.35,0.34,0.28,0.22,0.21,0.2,0.2,0.19,0.18,0.18,0.18,0.17,0.17,0.15,0.15,0.15,0.17,0.14,0.14,0.14,0.14,0.14,0.14,0.13,0.99,0.86,0.66,0.67,0.7,0.76,0.79,0.81,0.99,0.84,0.9,0.95,0.98,1.0,1.0,0.99,0.99,0.99,0.99,0.55,0.43,0.42,0.4,0.38,0.37,0.36,0.36,0.35,0.34,0.33,0.29,0.3,0.3,0.33,0.28,0.28,0.28,0.28,0.28,0.27,0.24,0.0,0.0,29.0,29.0,15.0,26.0,18.0,17.0,11.0,5.0,4.0,9.0,,1.0,151.0,5.0,2.0,2.0,1.0,3.0,,,,,,1.0,,,,,,,,,,,,,,,1.0,,,,,1.0,,,,,,,,,,,,,0.0,0.0,0.0,0.0,,,,,,,,,,,,,,,,,,1.0,,,,,,,,,,,,,,,,,,,,,,,,,,,,,,,,,1723605648870933.0,"😳 En video quedó registrada la entrevista del activista político Daniel Maldonado a un manifestante en la Plaza de Bolívar. Tras una notoria contrariedad en la ideología política, el entrevistado terminó tirándole el micrófono al piso al entrevistador, quien se estaba refiriendo, además, al sobrepeso del manifestante.",uploaded,https://www.facebook.com/reel/26157026413949904/,1.0,0.0,Vídeos,,,264.0,4.0,4.0,,,,263.0,0.0,264.0,0.0,168.0,0.0,0.0,0.0,0.0,,,,,,,,,
,,100036645439789,360 Radio Colombia,"🥺 “No me vayan a llorar”, #WillieColón, durante una entrevista en Miami en 2021.",11,02/21/2026 19:44,,,Total,303,172,0,2094.753,6.845,168,0,5,4,0,1,1459.866,634.887,0.0,0.0,6.413,7.053,0.0,0.0,1.0,1.0,1.0,0.99,0.91,0.81,0.73,0.67,0.59,0.51,0.48,0.42,0.39,,,,,,,,,,,,,,,,,,,,,,,,,,,,,1.0,1.0,,,,,,,1.0,0.99,1.0,1.0,1.0,1.0,1.0,1.0,1.0,1.0,1.0,,,,,,,,,,,,,,,,,,,,,,,0.0,0.0,24.0,24.0,28.0,20.0,22.0,20.0,11.0,9.0,9.0,1.0,3.0,,136.0,14.0,5.0,1.0,1.0,4.0,2.0,1.0,,,,1.0,,,,,,3.0,,,,,,1.0,1.0,1.0,1.0,,,,,,,,,,,,,,,,,,0.0,0.0,0.0,0.0,,,,,,,,,,,,,,,,,,,,,,,,,,,,,,,,,,,,,,,,,,,,,,,,,,,1723275448903953.0,"🥺 “No me vayan a llorar”, #WillieColón, durante una entrevista en Miami en 2021.",,https://www.facebook.com/reel/1473055857771287/,1.0,0.0,Vídeos,,,402.0,9.0,9.0,,,,401.0,0.0,303.0,0.0,172.0,0.0,0.0,0.0,0.0,,,,,,,,,
,,100036645439789,360 Radio Colombia,"🕊️ Muere a los 75 años de edad #WillieColón, compositor de canciones como Pedro Navaja, éxito del álbum Siembra, el disco más vendido en la historia de la salsa.",177,02/21/2026 19:22,,,Total,142,84,20,4135.452,22.974,84,20,5,4,0,1,1442.156,2693.296,0.0,0.0,23.626,21.851,0.0,0.0,0.82,0.56,0.42,1.0,0.31,0.29,0.27,0.26,0.26,0.26,0.25,0.25,0.25,0.24,0.24,0.24,0.24,0.24,0.23,0.23,0.23,0.23,0.21,0.21,0.2,0.2,0.2,0.2,0.2,0.2,0.19,0.2,0.19,0.2,0.19,0.18,0.17,0.15,0.14,0.12,0.12,1.0,0.7,0.63,0.67,0.67,0.67,0.67,0.67,1.0,0.7,0.7,0.73,0.73,0.73,0.77,0.8,0.87,1.0,1.0,0.63,0.63,0.63,0.6,0.6,0.57,0.57,0.57,0.57,0.57,0.57,0.53,0.57,0.53,0.57,0.53,0.5,0.47,0.43,0.4,0.33,0.33,0.0,0.0,,,,,,,,,,,,,,,,,,,,,,,,,,,,,,,,,,,,,,,,,,,,,,,,,,,,,,,,,0.0,0.0,0.0,0.0,,,,,,,,,,,,,,,,,,,,,,,,,,,,,,,,,,,,,,,,,,,,,,,,,,,1723262535571911.0,"🕊️ Muere a los 75 años de edad #WillieColón, compositor de canciones como Pedro Navaja, éxito del álbum Siembra, el disco más vendido en la historia de la salsa.",,https://www.facebook.com/reel/1406602154270682/,1.0,0.0,Vídeos,,,202.0,1.0,1.0,,,,201.0,0.0,142.0,0.0,84.0,0.0,0.0,0.0,0.0,,,,,,,,,
,,100036645439789,360 Radio Colombia,"🕊️ 47 años de este momento: #WillieColón, cantando ‘Sin Poderte Hablar’, acompañado por Fania All-Star y la sección de cuerdas de la Orquesta Sinfónica de Venezuela. Presentación transmitida en vivo por RCTV, canal 2, en el programa musical ‘A Todo Color’, conducido por Orlando Urdaneta. Según algunas fuentes, la transmisión corresponde al 20 de octubre de 1979, en antesala al concierto de Las Estrellas de Fania en el Poliedro de Caracas y previo al cumpleaños de Celia Cruz.",328,02/21/2026 18:46,,,Total,251,149,20,4362.106,15.305,145,20,9,7,1,1,3669.839,692.267,0.0,0.0,6.993,19.731,0.0,0.0,0.6,0.39,0.32,0.99,0.3,0.26,0.2,0.15,0.09,0.07,0.04,0.04,0.05,0.03,0.03,0.03,0.03,0.04,0.03,0.03,0.03,0.02,0.02,0.03,0.01,0.01,0.01,0.01,0.01,0.01,0.01,0.01,0.01,0.01,0.01,0.01,0.01,0.01,0.01,0.01,0.01,0.98,0.1,0.08,0.1,0.08,0.08,0.08,0.08,1.0,0.11,0.1,0.17,0.21,0.35,0.46,0.6,0.7,0.75,0.92,0.08,0.08,0.05,0.05,0.06,0.02,0.02,0.02,0.02,0.03,0.02,0.03,0.02,0.03,0.02,0.02,0.02,0.02,0.02,0.02,0.02,0.02,0.0,0.0,21.0,23.0,21.0,19.0,14.0,17.0,6.0,7.0,9.0,3.0,3.0,,126.0,7.0,5.0,1.0,1.0,1.0,4.0,,1.0,,,,,,,1.0,,,,,,,,,,1.0,,,1.0,,,,,,,,,,,,,,,,0.0,0.0,0.0,0.0,,,,,,,,,,,,,,,,,,,,,,,,,,,,,,,,,,,,,,,,,,,,,,,,,,,1723240748907423.0,"🕊️ 47 años de este momento: #WillieColón, cantando ‘Sin Poderte Hablar’, acompañado por Fania All-Star y la sección de cuerdas de la Orquesta Sinfónica de Venezuela. Presentación transmitida en vivo por RCTV, canal 2, en el programa musical ‘A Todo Color’, conducido por Orlando Urdaneta. Según algunas fuentes, la transmisión corresponde al 20 de octubre de 1979, en antesala al concierto de Las Estrellas de Fania en el Poliedro de Caracas y previo al cumpleaños de Celia Cruz.",,https://www.facebook.com/reel/2186358245553674/,1.0,0.0,Vídeos,,,300.0,12.0,12.0,,,,300.0,0.0,251.0,0.0,149.0,0.0,0.0,0.0,0.0,,,,,,,,,
,,100036645439789,360 Radio Colombia,"🕊️ El mensaje de #BadBunny a #WillieColón, después de su fallecimiento.",58,02/21/2026 18:28,,,Total,163,88,0,998.846,6.204,87,0,3,2,0,1,826.135,172.711,0.0,0.0,4.213,6.885,0.0,0.0,1.0,1.0,0.8,1.0,0.55,0.44,0.34,0.23,0.16,0.15,0.13,0.11,0.11,0.1,0.1,0.1,0.09,0.08,0.07,0.06,0.06,0.06,0.05,0.05,0.05,0.05,0.05,0.05,0.05,0.03,0.03,0.03,0.03,0.03,0.03,0.03,0.03,0.03,0.03,0.03,0.03,1.0,1.0,0.6,0.7,0.8,0.9,0.9,0.9,1.0,1.0,1.0,1.0,1.0,1.0,1.0,1.0,1.0,1.0,1.0,0.5,0.5,0.5,0.4,0.4,0.4,0.4,0.4,0.4,0.4,0.3,0.3,0.3,0.3,0.3,0.3,0.3,0.3,0.3,0.3,0.3,0.3,0.0,0.0,,,,,,,,,,,,,,,,,,,,,,,,,,,,,,,,,,,,,,,,,,,,,,,,,,,,,,,,,0.0,0.0,0.0,0.0,,,,,,,,,,,,,,,,,,,,,,,,,,,,,,,,,,,,,,,,,,,,,,,,,,,1723230615575103.0,"🕊️ El mensaje de #BadBunny a #WillieColón, después de su fallecimiento.",,https://www.facebook.com/reel/1228332618901701/,1.0,0.0,Vídeos,,,171.0,4.0,4.0,,,,170.0,0.0,163.0,0.0,88.0,0.0,0.0,0.0,0.0,,,,,,,,,
,,100036645439789,360 Radio Colombia,"🕊️ “Vamos a bailar la murga”, #WillieColón",95,02/21/2026 17:52,,,Total,5320,2823,127,45798.382,9.159,2772,125,138,122,3,13,2528.751,3395.647,39873.984,0.0,11.244,12.581,8.867,0.0,1.0,0.74,0.49,1.0,0.38,0.32,0.26,0.23,0.21,0.2,0.18,0.15,0.13,0.12,0.11,0.1,0.09,0.08,0.07,0.07,0.06,0.05,0.05,0.05,0.05,0.05,0.04,0.04,0.04,0.04,0.03,0.03,0.03,0.04,0.03,0.03,0.03,0.03,0.03,0.02,0.02,1.0,0.62,0.29,0.32,0.35,0.41,0.46,0.49,1.0,0.54,0.73,0.79,0.84,0.92,1.0,1.0,1.0,1.0,1.0,0.27,0.25,0.22,0.22,0.21,0.2,0.19,0.18,0.17,0.16,0.15,0.13,0.14,0.13,0.14,0.12,0.12,0.12,0.11,0.1,0.09,0.09,0.0,0.02,44.0,53.0,67.0,124.0,318.0,88.0,558.0,216.0,523.0,640.0,85.0,63.0,2541.0,48.0,19.0,27.0,33.0,32.0,25.0,1.0,1.0,4.0,11.0,2.0,10.0,,3.0,6.0,3.0,16.0,,11.0,,2.0,,1.0,1.0,1.0,7.0,,3.0,,,1.0,,,,4.0,1.0,,,,,2.0,,,0.0,0.0,0.0,0.0,1.0,,1.0,,,,,,,1.0,,,3.0,,1.0,,,,,,,,,,,,,,,,,,,,,,,,,,,,,,,,,,,,1723208088910689.0,"🕊️ “Vamos a bailar la murga”, #WillieColón",auto,https://www.facebook.com/reel/1295202232436639/,1.0,0.0,Vídeos,,,5313.0,67.0,67.0,,,,5310.0,0.0,5320.0,0.0,2823.0,0.0,0.0,0.0,0.0,,,,,,,,,
,,100036645439789,360 Radio Colombia,"#Tecnología | 📺🌍 El mapa del mercado global de televisores deja un mensaje claro: la competencia es cada vez más intensa y el liderazgo se gana con innovación, escala y visión tecnológica. Hoy, las marcas que marcan la diferencia no solo venden pantallas, construyen experiencias para un consumidor más digital y exigente 🚀.

🔍✨ Esta gráfica refleja un pulso global donde Asia concentra gran parte del protagonismo, mientras otros fabricantes buscan abrirse espacio con propuestas más especializadas y mayor valor agregado. El reto ya no es solo crecer, sino mantenerse relevante en un mercado que cambia al ritmo del streaming, la conectividad y la inteligencia artificial.

📊🔥 Para la industria, los inversionistas y los consumidores, este escenario confirma que el futuro del entretenimiento en casa se está definiendo ahora. Entender quién domina hoy el mercado es clave para anticipar las próximas jugadas de un sector que no deja de transformarse.",0,02/21/2026 14:00,,,Total,120,0,0,,,0,0,1,0,0,1,0.0,0.0,0.0,0.0,0.0,0.0,0.0,0.0,,,,,,,,,,,,,,,,,,,,,,,,,,,,,,,,,,,,,,,,,,,,,,,,,,,,,,,,,,,,,,,,,,,,,,,,,,,,,,,,,,,,0.0,,,,,,,,,,,,,,,,,,,,,,,,,,,,,,,,,,,,,,,,,,,,,,,,,,,,,,,,,0.0,0.0,0.0,0.0,,,,,,,,,,,,,,,,,,,,,,,,,,,,,,,,,,,,,,,,,,,,,,,,,,,1723082112256620.0,,,https://www.facebook.com/360RadioColombia/posts/pfbid035YWCDPPjaJkVFtNLnbMUeRfq9uD1r84btQfFtfh4WquruBW4mKjkbZ8Cu174PesLl,0.0,0.0,Fotos,,,172.0,0.0,,,,,172.0,0.0,120.0,0.0,0.0,0.0,0.0,0.0,0.0,,,,,,,,,
,,100036645439789,360 Radio Colombia,"🎺 “Todo tiene su final”, #WILLIECOLÓN",141,02/21/2026 13:27,,,Total,4417,1561,267,46161.373,11.83,1533,262,143,122,3,18,2708.638,38972.217,1891.261,2589.257,12.568,14.721,8.838,6.425,0.91,0.52,0.36,0.99,0.3,0.26,0.24,0.22,0.21,0.2,0.2,0.19,0.19,0.19,0.18,0.18,0.18,0.18,0.17,0.16,0.15,0.14,0.13,0.12,0.12,0.11,0.11,0.11,0.1,0.09,0.07,0.08,0.08,0.08,0.07,0.07,0.07,0.06,0.06,0.06,0.06,1.0,0.64,0.59,0.6,0.61,0.61,0.62,0.63,1.0,0.63,0.68,0.68,0.72,0.74,0.8,0.89,0.97,0.98,1.0,0.53,0.49,0.48,0.44,0.41,0.4,0.38,0.38,0.36,0.34,0.31,0.24,0.26,0.26,0.29,0.24,0.23,0.23,0.21,0.21,0.2,0.19,0.0,0.03,98.0,161.0,143.0,219.0,200.0,151.0,112.0,160.0,156.0,93.0,10.0,26.0,1191.0,88.0,39.0,22.0,12.0,96.0,6.0,3.0,2.0,6.0,,9.0,6.0,,2.0,10.0,,16.0,,2.0,1.0,2.0,,4.0,5.0,5.0,11.0,,9.0,,,2.0,,,,1.0,,,,1.0,,1.0,,,0.0,0.0,0.0,0.0,2.0,,,1.0,,1.0,,1.0,,1.0,,,,,,1.0,,,1.0,,,,,,,,,,,,,,,,,,,,,,,,,,1.0,,,,,,1723063772258454.0,"🎺 “Todo tiene su final”, #WILLIECOLÓN",,https://www.facebook.com/reel/1963635494556341/,1.0,0.0,Vídeos,,,4170.0,159.0,149.0,,,10.0,3748.0,419.0,3920.0,529.0,1436.0,125.0,0.0,0.0,0.0,,,,,,,,,
,,100036645439789,360 Radio Colombia,🇺🇸 #WILLIECOLÓN (1950-2026),91,02/21/2026 10:33,,,Total,540,286,58,9436.718,17.771,277,57,19,11,1,7,7427.8,1736.761,272.157,0.0,12.678,19.808,14.325,0.0,1.0,0.87,0.73,1.0,0.62,0.52,0.48,0.46,0.45,0.43,0.4,0.38,0.35,0.33,0.32,0.32,0.3,0.29,0.28,0.27,0.26,0.26,0.24,0.23,0.22,0.21,0.21,0.2,0.19,0.19,0.19,0.19,0.19,0.19,0.17,0.16,0.15,0.15,0.15,0.14,0.14,1.0,0.79,0.59,0.6,0.64,0.67,0.67,0.7,0.99,0.73,0.85,0.9,0.94,0.97,0.99,0.99,0.99,0.99,0.99,0.56,0.55,0.54,0.51,0.49,0.46,0.45,0.45,0.43,0.4,0.4,0.39,0.4,0.4,0.4,0.36,0.34,0.32,0.32,0.31,0.3,0.29,0.0,0.0,41.0,54.0,29.0,45.0,27.0,33.0,16.0,17.0,7.0,8.0,2.0,1.0,254.0,15.0,3.0,,2.0,5.0,,,,,1.0,,,,,1.0,,1.0,,1.0,,,,,,,,,1.0,,,,,,,,,,,,,,,,0.0,0.0,0.0,0.0,,,,,,,,,,,,,,,,,,,,,,,,,,,,1.0,,,,,,,,,,,,1.0,,,,,,,,,,,1722960768935421.0,🇺🇸 #WILLIECOLÓN (1950-2026),auto,https://www.facebook.com/reel/2957890257751825/,1.0,0.0,Vídeos,,,583.0,27.0,27.0,,,,583.0,0.0,540.0,0.0,286.0,0.0,0.0,0.0,0.0,,,,,,,,,
,,100036645439789,360 Radio Colombia,"🇨🇴 A propósito de la Consulta Presidencial del próximo 8 de marzo, ciudadanos cuentan si participarán o no, y por quién van a votar.",88,02/21/2026 09:00,,,Total,326,207,44,6146.27,18.795,198,43,5,3,0,2,5195.601,950.669,0.0,0.0,12.509,20.7,0.0,0.0,0.99,0.81,0.63,1.0,0.55,0.47,0.46,0.44,0.41,0.4,0.38,0.36,0.34,0.32,0.29,0.27,0.27,0.26,0.26,0.25,0.25,0.24,0.23,0.23,0.22,0.22,0.22,0.22,0.21,0.21,0.18,0.19,0.19,0.2,0.17,0.16,0.15,0.15,0.15,0.14,0.14,1.0,0.8,0.58,0.59,0.6,0.61,0.66,0.71,1.0,0.76,0.85,0.88,0.91,0.98,0.99,0.99,0.99,0.99,1.0,0.55,0.55,0.54,0.51,0.51,0.5,0.49,0.49,0.48,0.48,0.47,0.4,0.43,0.42,0.45,0.39,0.36,0.35,0.34,0.34,0.3,0.3,0.0,0.01,39.0,35.0,45.0,15.0,9.0,32.0,7.0,9.0,3.0,7.0,1.0,2.0,187.0,7.0,9.0,,,2.0,,,1.0,,,,,,1.0,,,,,,,,,,,,,,,,,,,,,,,,,,,,,,0.0,0.0,0.0,0.0,,,,,,,,,,,,,,,,,,,,,,,,,,,,,,,,,,,,,,,,,,,,,,,,,,,1722897062275125.0,"🇨🇴 A propósito de la Consulta Presidencial del próximo 8 de marzo, ciudadanos cuentan si participarán o no, y por quién van a votar.",,https://www.facebook.com/reel/1233718551682312/,1.0,0.0,Vídeos,,,365.0,13.0,13.0,,,,364.0,0.0,326.0,0.0,207.0,0.0,0.0,0.0,0.0,,,,,,,,,
,,100036645439789,360 Radio Colombia,"#Mundo l 🎓 ¿Sabías que Oxford encabeza el ranking de las mejores universidades del mundo para 2026, seguida por Yale y Stanford?  Este top 10 incluye instituciones icónicas como MIT, Harvard, Cambridge, Imperial College, Michigan y la Universidad de Pensilvania.  Un verdadero mapa de los sueños para quienes quieren estudiar en la élite global. 

🌍 Detrás de este listado está un análisis de 500 universidades realizado por TIME y Statista, que evalúa investigación, impacto, internacionalización y empleabilidad. Reino Unido y Estados Unidos dominan los primeros puestos, confirmando su peso en la educación superior mundial.Pero cada vez más universidades de otras regiones están escalando posiciones. 

📚 Si pudieras elegir, ¿en cuál de estas universidades te gustaría estudiar: Oxford, Yale, Stanford, MIT u otra del top?  Cuéntame en los comentarios qué carrera te imaginas cursando allí y etiqueta a esa persona con la que compartirías este sueño académico.",0,02/21/2026 05:00,,,Total,380,0,0,,,0,0,4,2,0,2,0.0,0.0,0.0,0.0,0.0,0.0,0.0,0.0,,,,,,,,,,,,,,,,,,,,,,,,,,,,,,,,,,,,,,,,,,,,,,,,,,,,,,,,,,,,,,,,,,,,,,,,,,,,,,,,,,,,0.0,,,,,,,,,,,,,,,,,,,,,,,,,,,,,,,,,,,,,,,,,,,,,,,,,,,,,,,,,0.0,0.0,0.0,0.0,,,,,,,,,,,,,,,,,,,,,,,,,,,,,,,,,,,,,,,,,,,,,,,,,,,1722730252291806.0,,,https://www.facebook.com/360RadioColombia/posts/pfbid0EapiZc2wheaDj45QmTpn6D9AjdNG4o9wGRCAMrTBamf9FCf2LgiNjthYaaekrpzEl,0.0,0.0,Fotos,,,510.0,10.0,4.0,6.0,,,510.0,0.0,380.0,0.0,0.0,0.0,0.0,0.0,0.0,,,,,,,,,
,,100036645439789,360 Radio Colombia,"En un país marcado por antecedentes de irregularidades electorales, cualquier señalamiento sobre fraude tiene un efecto inmediato en la confianza pública.",0,02/20/2026 16:00,,,Total,127,0,0,,,0,0,1,0,0,1,0.0,0.0,0.0,0.0,0.0,0.0,0.0,0.0,,,,,,,,,,,,,,,,,,,,,,,,,,,,,,,,,,,,,,,,,,,,,,,,,,,,,,,,,,,,,,,,,,,,,,,,,,,,,,,,,,,,0.0,,,,,,,,,,,,,,,,,,,,,,,,,,,,,,,,,,,,,,,,,,,,,,,,,,,,,,,,,0.0,0.0,0.0,0.0,,,,,,,,,,,,,,,,,,,,,,,,,,,,,,,,,,,,,,,,,,,,,,,,,,,1722261275672037.0,,,https://www.facebook.com/360RadioColombia/posts/pfbid02HxJrKA7N3tuNtMKLywUcpNswdvJjUK9auc6sS61d4kACgCzWNH9nJpUmeAYwWYP9l,0.0,0.0,Fotos,,,173.0,0.0,,,,,173.0,0.0,127.0,0.0,0.0,0.0,0.0,0.0,0.0,,,,,,,,,
,,100036645439789,360 Radio Colombia,"✈️ El Ministerio de #Transporte y la Aeronáutica Civil revelaron el informe preliminar sobre el trágico accidente del avión de Satena ocurrido el 28 de enero, que dejó 15 personas fallecidas en el departamento de Norte de Santander.

La aeronave cubría la ruta Cúcuta–Ocaña cuando perdió contacto con la torre de control a 15 millas náuticas de su destino. Minutos después, los sistemas registraron un descenso continuo antes de impactar contra una zona montañosa en el sector de Las Guamas, jurisdicción de La Playa de Belén.

Las cajas negras fueron recuperadas y ya se adelantan análisis técnicos, incluso con apoyo internacional bajo estándares de la OACI, para esclarecer las causas de esta tragedia aérea en #Colombia.",114,02/20/2026 13:50,,,Total,293,182,42,6354.35,22.295,178,42,1,0,0,1,6180.031,174.319,0.0,0.0,6.705,23.862,0.0,0.0,1.0,0.74,0.62,1.0,0.53,0.49,0.43,0.39,0.34,0.31,0.31,0.3,0.3,0.27,0.27,0.26,0.26,0.25,0.24,0.24,0.24,0.23,0.24,0.23,0.23,0.21,0.21,0.21,0.21,0.21,0.18,0.19,0.19,0.19,0.17,0.17,0.15,0.14,0.1,0.08,0.04,1.0,0.64,0.52,0.54,0.56,0.57,0.58,0.58,1.0,0.64,0.67,0.68,0.73,0.85,0.93,1.0,1.0,1.0,1.0,0.52,0.51,0.5,0.5,0.49,0.49,0.46,0.46,0.46,0.45,0.45,0.38,0.42,0.4,0.42,0.37,0.37,0.32,0.3,0.21,0.18,0.1,0.0,0.0,22.0,45.0,25.0,29.0,14.0,11.0,13.0,10.0,6.0,3.0,1.0,1.0,170.0,4.0,4.0,2.0,,1.0,,,1.0,,,,,,,,,,,,,,,,,,,,,,,,,,,,,,,,,,,,0.0,0.0,0.0,0.0,,,,,,,,,,,,,,,,,,,,,,,,,,,,,,,,,,,,,,,,,,,,,,,,,,,1722188025679362.0,"✈️ El Ministerio de #Transporte y la Aeronáutica Civil revelaron el informe preliminar sobre el trágico accidente del avión de Satena ocurrido el 28 de enero, que dejó 15 personas fallecidas en el departamento de Norte de Santander.

La aeronave cubría la ruta Cúcuta–Ocaña cuando perdió contacto con la torre de control a 15 millas náuticas de su destino. Minutos después, los sistemas registraron un descenso continuo antes de impactar contra una zona montañosa en el sector de Las Guamas, jurisdicción de La Playa de Belén.

Las cajas negras fueron recuperadas y ya se adelantan análisis técnicos, incluso con apoyo internacional bajo estándares de la OACI, para esclarecer las causas de esta tragedia aérea en #Colombia.",,https://www.facebook.com/reel/1799211637411103/,1.0,0.0,Vídeos,,,308.0,11.0,11.0,,,,308.0,0.0,293.0,0.0,182.0,0.0,0.0,0.0,0.0,,,,,,,,,
,,100036645439789,360 Radio Colombia,"El sistema financiero en 2025 dejó un nuevo podio 💰📊

La Superintendencia Financiera de Colombia reveló que Bancolombia lideró en utilidades con $6,3 billones, pero la gran sorpresa fue Banco GNB Sudameris Colombia, que por primera vez se quedó con el segundo lugar ($1,85 billones), desplazando a Banco Davivienda al tercer puesto.

Top 5 en ganancias 2025:

 🥇 Bancolombia – $6,3 billones

 🥈 Banco GNB Sudameris – $1,85 billones

 🥉 Davivienda – $1,83 billones

 4️⃣ Banco de Bogotá – $1,2 billones

 5️⃣ Citibank – $643.617 millones

#Economía #Bancos #Colombia",0,02/20/2026 13:07,,,Total,58244,0,0,,,0,0,244,190,36,18,0.0,0.0,0.0,0.0,0.0,0.0,0.0,0.0,,,,,,,,,,,,,,,,,,,,,,,,,,,,,,,,,,,,,,,,,,,,,,,,,,,,,,,,,,,,,,,,,,,,,,,,,,,,,,,,,,,,0.54,,,,,,,,,,,,,,,,,,,,,,,,,,,,,,,,,,,,,,,,,,,,,,,,,,,,,,,,,0.0,0.0,0.0,0.0,,,,,,,,,,,,,,,,,,,,,,,,,,,,,,,,,,,,,,,,,,,,,,,,,,,1722164519015046.0,,,https://www.facebook.com/360RadioColombia/posts/pfbid022C13URUBjxTWYnb7WQ55gbNB4dbFPrAeoBfd6EBEBhMoLAVBbD15jkoDVbR4N8twl,0.0,0.0,Fotos,,,103037.0,6378.0,4990.0,1388.0,,,103037.0,0.0,58244.0,0.0,0.0,0.0,0.0,0.0,0.0,,,,,,,,,
,,100036645439789,360 Radio Colombia,"“La prioridad que tenemos es el plan democracia. Garantizar que estas elecciones sean totalmente seguras”.

Ministro de Defensa, Pedro Arnulfo Sánchez, tras reunión con gobernantes en #Córdoba.",81,02/20/2026 11:30,,,Total,218,141,4,1983.325,10.016,137,4,12,4,6,2,1806.533,176.792,0.0,0.0,14.733,9.713,0.0,0.0,0.99,0.87,0.59,0.99,0.47,0.29,0.26,0.23,0.23,0.2,0.18,0.14,0.12,0.12,0.11,0.08,0.07,0.06,0.06,0.06,0.06,0.06,0.05,0.05,0.05,0.05,0.04,0.04,0.04,0.04,0.03,0.03,0.03,0.03,0.03,0.03,0.03,0.03,0.03,0.02,0.02,0.97,0.63,0.25,0.28,0.31,0.34,0.47,0.53,0.97,0.53,0.81,0.88,1.0,0.97,0.97,0.97,0.97,0.97,0.97,0.25,0.25,0.25,0.22,0.22,0.22,0.22,0.19,0.19,0.19,0.16,0.13,0.13,0.13,0.13,0.13,0.13,0.13,0.13,0.13,0.09,0.09,0.0,0.0,22.0,30.0,27.0,23.0,5.0,13.0,4.0,7.0,3.0,4.0,,,129.0,8.0,1.0,,,1.0,,,,,,,,,,,,1.0,,,,,,1.0,,,,,,,,,,,,,,,,,,,,,0.0,0.0,0.0,0.0,,,,,,,,,,,,,,,,,,,,,,,,,,,,,,,,,,,,,,,,,,,,,,,,,,,1722107609020737.0,"“La prioridad que tenemos es el plan democracia. Garantizar que estas elecciones sean totalmente seguras”.

Ministro de Defensa, Pedro Arnulfo Sánchez, tras reunión con gobernantes en #Córdoba.",,https://www.facebook.com/reel/1201650278624074/,1.0,0.0,Vídeos,,,216.0,13.0,13.0,,,,216.0,0.0,218.0,0.0,141.0,0.0,0.0,0.0,0.0,,,,,,,,,
,,100036645439789,360 Radio Colombia,"🐔 En video quedó registrado el baile del pollo Frisby, a  propósito de la popularidad del fenómeno #Therian, usuarios indican que este es el que más quieren.",24,02/20/2026 10:00,,,Total,544,340,0,4635.383,8.367,330,0,11,8,0,3,3741.503,854.792,39.088,0.0,5.31,9.744,4.344,0.0,1.0,1.0,1.0,1.0,0.9,0.81,0.7,0.61,0.52,0.46,0.41,0.39,0.37,0.35,0.33,0.31,0.3,0.27,0.26,0.25,0.24,0.22,0.21,0.19,0.19,,,,,,,,,,,,,,,,,1.0,1.0,0.84,0.88,0.97,1.0,1.0,1.0,1.0,1.0,1.0,1.0,1.0,1.0,1.0,1.0,1.0,1.0,1.0,0.82,0.77,0.73,0.7,0.63,0.61,,,,,,,,,,,,,,,,,0.0,0.0,20.0,47.0,38.0,49.0,37.0,33.0,25.0,25.0,32.0,23.0,2.0,4.0,285.0,21.0,11.0,2.0,,12.0,,,,2.0,,1.0,,,,,,1.0,1.0,,1.0,,,,,1.0,,,,,,,,,,,,,1.0,,,,,,0.0,0.0,0.0,0.0,,,,,,1.0,,,,,,,,,,,,,,,,,,,,,,,,,,,,,,,,,,,,,,,,,,,,,1722051859026312.0,"🐔 En video quedó registrado el baile del pollo Frisby, a  propósito de la popularidad del fenómeno #Therian, usuarios indican que este es el que más quieren.",,https://www.facebook.com/reel/1405434050873851/,1.0,0.0,Vídeos,,,659.0,18.0,18.0,,,,658.0,0.0,544.0,0.0,340.0,0.0,0.0,0.0,0.0,,,,,,,,,
,,100036645439789,360 Radio Colombia,"🗣️ “Ha tenido la inteligencia y la generosidad de saber que para financiar las energías limpias hay que sacar la riqueza de la tierra, porque si no lo hago nos quedamos sin petróleo y sin energías limpias y empleo para las familias petroleras”.

#RoyBarreras, candidato presidencial, sobre el apoyo de la USO para la consulta presidencial del 8 de marzo.",50,02/20/2026 09:30,,,Total,170,88,0,1239.948,7.897,86,0,5,1,3,1,1186.364,53.584,0.0,0.0,4.466,8.182,0.0,0.0,1.0,1.0,0.93,1.0,0.77,0.64,0.58,0.5,0.41,0.34,0.3,0.24,0.2,0.2,0.19,0.15,0.14,0.11,0.11,0.09,0.09,0.09,0.09,0.07,0.07,0.07,0.07,0.07,0.07,0.07,0.07,0.07,0.07,0.07,0.07,0.07,0.06,0.06,0.06,0.06,0.06,1.0,1.0,0.56,0.56,0.67,0.72,0.94,1.0,1.0,1.0,1.0,1.0,1.0,1.0,1.0,1.0,1.0,1.0,1.0,0.44,0.44,0.44,0.44,0.33,0.33,0.33,0.33,0.33,0.33,0.33,0.33,0.33,0.33,0.33,0.33,0.33,0.28,0.28,0.28,0.28,0.28,0.0,0.0,,,,,,,,,,,,,,,,,,,,,,,,,,,,,,,,,,,,,,,,,,,,,,,,,,,,,,,,,0.0,0.0,0.0,0.0,,,,,,,,,,,,,,,,,,,,,,,,,,,,,,,,,,,,,,,,,,,,,,,,,,,1722033492361482.0,"🗣️ “Ha tenido la inteligencia y la generosidad de saber que para financiar las energías limpias hay que sacar la riqueza de la tierra, porque si no lo hago nos quedamos sin petróleo y sin energías limpias y empleo para las familias petroleras”.

#RoyBarreras, candidato presidencial, sobre el apoyo de la USO para la consulta presidencial del 8 de marzo.",,https://www.facebook.com/reel/1370911668398229/,1.0,0.0,Vídeos,,,170.0,8.0,8.0,,,,170.0,0.0,170.0,0.0,88.0,0.0,0.0,2.0,2.0,,,,,,,,,
,,100036645439789,360 Radio Colombia,"🗣️ “La #UniversidadNacional debe ser un espacio de crítica constante, donde se escuchen los consensos y disensos”.

Estudiantes de la institución sobre el paro actual.",49,02/20/2026 09:05,,,Total,123,54,0,630.646,5.045,53,0,2,1,0,1,596.324,32.184,2.138,0.0,6.437,5.012,2.138,0.0,1.0,1.0,0.98,1.0,0.76,0.67,0.54,0.31,0.26,0.22,0.19,0.13,0.09,0.09,0.09,0.07,0.07,0.07,0.07,0.06,0.06,0.06,0.06,0.06,0.06,0.06,0.06,0.02,0.02,0.02,0.02,0.02,0.02,0.02,0.02,0.02,0.02,0.02,0.02,0.02,0.02,1.0,1.0,0.8,0.8,0.8,0.8,1.0,1.0,1.0,1.0,1.0,1.0,1.0,1.0,1.0,1.0,1.0,1.0,1.0,0.6,0.6,0.6,0.6,0.6,0.6,0.6,0.6,0.2,0.2,0.2,0.2,0.2,0.2,0.2,0.2,0.2,0.2,0.2,0.2,0.2,0.2,0.0,0.0,,,,,,,,,,,,,,,,,,,,,,,,,,,,,,,,,,,,,,,,,,,,,,,,,,,,,,,,,0.0,0.0,0.0,0.0,,,,,,,,,,,,,,,,,,,,,,,,,,,,,,,,,,,,,,,,,,,,,,,,,,,1722015612363270.0,"🗣️ “La #UniversidadNacional debe ser un espacio de crítica constante, donde se escuchen los consensos y disensos”.

Estudiantes de la institución sobre el paro actual.",,https://www.facebook.com/reel/2066529870907793/,1.0,0.0,Vídeos,,,130.0,1.0,1.0,,,,130.0,0.0,123.0,0.0,54.0,0.0,0.0,0.0,0.0,,,,,,,,,
,,100036645439789,360 Radio Colombia,"🇨🇴 El ministro de Justicia, Jorge Iván Cuervo Restrepo, anunció ante el Congreso que sostendrá un encuentro con la fiscal general Luz Adriana Camargo para revisar el avance de los procesos y reforzar las acciones investigativas frente a los asesinatos de firmantes del Acuerdo de Paz en #Colombia.",33,02/20/2026 08:30,,,Total,202,114,0,1417.78,7.346,108,0,3,2,0,1,1310.612,107.168,0.0,0.0,6.304,7.447,0.0,0.0,0.99,0.99,0.99,0.99,0.96,0.87,0.8,0.74,0.66,0.56,0.51,0.44,0.38,0.32,0.27,0.25,0.25,0.24,0.2,0.19,0.17,0.15,0.15,0.13,0.11,0.1,0.1,0.09,0.08,0.08,0.05,0.08,0.06,0.08,0.05,0.05,0.05,,,,,1.0,1.0,0.85,1.0,1.0,1.0,1.0,1.0,1.0,1.0,1.0,1.0,1.0,1.0,1.0,1.0,1.0,1.0,1.0,0.81,0.69,0.62,0.62,0.54,0.46,0.38,0.38,0.38,0.35,0.35,0.23,0.35,0.27,0.35,0.23,0.23,0.23,,,,,0.0,0.0,31.0,21.0,19.0,11.0,7.0,12.0,2.0,5.0,1.0,,,,100.0,4.0,7.0,,,1.0,,,,,,,,,,,,1.0,,,,,,,,,,,,,,,,,,,,,,,,1.0,,,0.0,0.0,0.0,0.0,,,,,,,,,,,,,,,,,,,,,,,,,,,,,,,,,,,,,,,,,,,,,,,,,,,1721989489032549.0,"🇨🇴 El ministro de Justicia, Jorge Iván Cuervo Restrepo, anunció ante el Congreso que sostendrá un encuentro con la fiscal general Luz Adriana Camargo para revisar el avance de los procesos y reforzar las acciones investigativas frente a los asesinatos de firmantes del Acuerdo de Paz en #Colombia.",,https://www.facebook.com/reel/25743798861989441/,1.0,0.0,Vídeos,,,205.0,3.0,3.0,,,,205.0,0.0,202.0,0.0,114.0,0.0,0.0,0.0,0.0,,,,,,,,,
,,100036645439789,360 Radio Colombia,"🚨 Urgente: La Corte Suprema de los Estados Unidos anuló los aranceles globales impuestos por la administración de Donald Trump, al considerar que excedieron su autoridad constitucional.

El fallo redefine los límites del poder presidencial en materia comercial y podría obligar al Gobierno a devolver miles de millones de dólares recaudados.",0,02/20/2026 07:57,,,Total,408,0,0,,,0,0,8,5,1,2,0.0,0.0,0.0,0.0,0.0,0.0,0.0,0.0,,,,,,,,,,,,,,,,,,,,,,,,,,,,,,,,,,,,,,,,,,,,,,,,,,,,,,,,,,,,,,,,,,,,,,,,,,,,,,,,,,,,0.0,,,,,,,,,,,,,,,,,,,,,,,,,,,,,,,,,,,,,,,,,,,,,,,,,,,,,,,,,0.0,0.0,0.0,0.0,,,,,,,,,,,,,,,,,,,,,,,,,,,,,,,,,,,,,,,,,,,,,,,,,,,1721962549035243.0,,,https://www.facebook.com/360RadioColombia/posts/pfbid02bH9hVuRhyp3nkcE1UDoo13r7Gi9eoHDb45c4v3BQfpz8brbvBaT7XytrquZjzKVil,0.0,0.0,Fotos,,,551.0,9.0,7.0,2.0,,,551.0,0.0,408.0,0.0,0.0,0.0,0.0,0.0,0.0,,,,,,,,,
,,100036645439789,360 Radio Colombia,"🗣️ “Uno casi nunca se lleva bien con la suegra”.

🇨🇴 Armando #Benedetti, Ministro del Interior, confirma que no votará en las consultas presidenciales y opina sobre que su suegra sí lo haga.",51,02/20/2026 06:30,,,Total,493,326,0,6586.359,15.424,321,0,3,0,3,0,6486.384,99.975,0.0,0.0,9.998,15.555,0.0,0.0,1.0,1.0,0.96,1.0,0.86,0.75,0.66,0.6,0.53,0.45,0.4,0.38,0.37,0.35,0.33,0.31,0.3,0.29,0.29,0.29,0.28,0.26,0.24,0.23,0.23,0.23,0.23,0.22,0.22,0.22,0.2,0.21,0.21,0.21,0.2,0.19,0.19,0.16,0.14,0.13,0.13,1.0,1.0,0.78,0.8,0.82,0.85,0.9,0.94,1.0,1.0,1.0,1.0,1.0,1.0,1.0,1.0,1.0,1.0,1.0,0.78,0.75,0.71,0.66,0.63,0.63,0.63,0.62,0.61,0.59,0.59,0.55,0.58,0.57,0.58,0.54,0.51,0.51,0.43,0.38,0.35,0.34,0.0,0.0,75.0,65.0,48.0,43.0,16.0,36.0,14.0,8.0,6.0,8.0,,1.0,310.0,6.0,3.0,,,4.0,,,,,,1.0,,,,,,,,,,,,,,,,,,,,1.0,,,,,,,,,,,,,0.0,0.0,0.0,0.0,,,,1.0,,,,,,,,,,,,,,,,,,,,,,,,,,,,,,,,,,,,,,,,,,,,,,,1721892299042268.0,"🗣️ “Uno casi nunca se lleva bien con la suegra”.

🇨🇴 Armando #Benedetti, Ministro del Interior, confirma que no votará en las consultas presidenciales y opina sobre que su suegra sí lo haga.",uploaded,https://www.facebook.com/reel/1567972164489215/,1.0,0.0,Vídeos,,,475.0,37.0,37.0,,,,475.0,0.0,493.0,0.0,326.0,0.0,0.0,1.0,1.0,,,,,,,,,
,,100036645439789,360 Radio Colombia,"🗣️ “Como papá, me solidarizo con toda la familia de Kevin. Sé lo que es sufrir porque la medicina no llega. Como Presidente no dejaré que eso pase”.

#DanielQuintero, candidato presidencial.",48,02/20/2026 06:00,,,Total,347,182,0,2636.07,9.153,180,0,26,5,20,1,2320.525,315.545,0.0,0.0,7.889,9.357,0.0,0.0,1.0,1.0,0.95,1.0,0.79,0.62,0.46,0.41,0.38,0.36,0.3,0.27,0.25,0.23,0.23,0.23,0.23,0.2,0.2,0.18,0.17,0.16,0.16,0.15,0.13,0.13,0.13,0.13,0.13,0.12,0.1,0.12,0.11,0.12,0.1,0.1,0.1,0.1,0.09,0.08,0.08,1.0,0.98,0.84,0.84,0.93,0.95,0.95,0.95,1.0,0.98,0.98,0.98,0.98,0.98,1.0,1.0,1.0,1.0,1.0,0.73,0.7,0.68,0.66,0.64,0.55,0.55,0.52,0.52,0.52,0.48,0.41,0.48,0.45,0.48,0.41,0.41,0.41,0.41,0.36,0.34,0.34,0.0,0.0,27.0,36.0,33.0,30.0,13.0,17.0,5.0,12.0,4.0,3.0,,,165.0,10.0,3.0,1.0,1.0,,,,,,,1.0,,,,,,1.0,,,,,,,,,,,,,,,,,,,,,,,,,,,0.0,0.0,0.0,0.0,,,,,,,,,,,,,,,,,,,,,,,,,,,,,,,,,,,,,,,,,,,,,,,,,,,1721864115711753.0,"🗣️ “Como papá, me solidarizo con toda la familia de Kevin. Sé lo que es sufrir porque la medicina no llega. Como Presidente no dejaré que eso pase”.

#DanielQuintero, candidato presidencial.",,https://www.facebook.com/reel/1239075654318058/,1.0,0.0,Vídeos,,,316.0,51.0,51.0,,,,315.0,0.0,347.0,0.0,182.0,0.0,0.0,2.0,2.0,,,,,,,,,
,,100036645439789,360 Radio Colombia,"🗣️ “Que alguien me diga, ¿por qué no nos merecemos un salario de dos millones?”

🇨🇴 Ciudadano que trabaja en recoger las bolsas de basura documenta parte de su trabajo y defiende el alza del Salario Mínimo.",51,02/20/2026 05:30,,,Total,241,146,0,1925.003,7.762,140,0,4,3,0,1,1789.073,100.791,35.139,0.0,10.08,7.917,2.929,0.0,1.0,1.0,0.92,1.0,0.78,0.68,0.55,0.47,0.4,0.34,0.29,0.26,0.25,0.22,0.19,0.16,0.14,0.12,0.1,0.09,0.08,0.08,0.08,0.08,0.06,0.05,0.05,0.05,0.04,0.03,0.03,0.03,0.03,0.03,0.03,0.02,0.02,0.02,0.02,0.01,0.01,1.0,1.0,0.39,0.47,0.58,0.67,0.78,0.89,1.0,1.0,1.0,1.0,1.0,1.0,1.0,1.0,1.0,1.0,1.0,0.36,0.33,0.33,0.31,0.31,0.25,0.22,0.22,0.22,0.17,0.14,0.11,0.11,0.11,0.14,0.11,0.08,0.08,0.08,0.08,0.06,0.06,0.0,0.0,17.0,23.0,17.0,20.0,18.0,17.0,8.0,12.0,6.0,4.0,,2.0,135.0,5.0,4.0,,,1.0,1.0,,,,,,,,,,,,,,,,,,,,,,,,,,,,,,,,,,,,,,0.0,0.0,0.0,0.0,,,,,,,,,,,,,,,,,,,,,,,,,,,,,,,,,,,,,,,,,,,,,,,,,,,1721842292380602.0,"🗣️ “Que alguien me diga, ¿por qué no nos merecemos un salario de dos millones?”

🇨🇴 Ciudadano que trabaja en recoger las bolsas de basura documenta parte de su trabajo y defiende el alza del Salario Mínimo.",auto,https://www.facebook.com/reel/2010451299853271/,1.0,0.0,Vídeos,,,267.0,4.0,4.0,,,,266.0,0.0,241.0,0.0,146.0,0.0,0.0,0.0,0.0,,,,,,,,,
,,100036645439789,360 Radio Colombia,"😧 Multitudinario: así fue el recibimiento al candidato presidencial, Abelardo De La Espriella (@delaespriella_style) en Cúcuta.",52,02/20/2026 05:00,,,Total,552,388,0,7447.792,14.748,379,0,43,29,10,4,6881.724,434.484,131.584,0.0,12.414,15.026,10.966,0.0,1.0,1.0,0.94,1.0,0.83,0.71,0.63,0.55,0.51,0.47,0.44,0.41,0.38,0.36,0.33,0.29,0.28,0.26,0.25,0.24,0.23,0.22,0.22,0.21,0.2,0.2,0.2,0.19,0.19,0.18,0.15,0.17,0.16,0.18,0.14,0.13,0.13,0.12,0.12,0.11,0.1,0.99,1.0,0.66,0.68,0.74,0.77,0.87,0.95,1.0,1.0,1.0,1.0,1.0,1.0,1.0,1.0,1.0,1.0,1.0,0.62,0.6,0.58,0.58,0.56,0.53,0.53,0.52,0.5,0.48,0.48,0.39,0.44,0.41,0.46,0.37,0.35,0.33,0.32,0.3,0.28,0.27,0.0,0.0,59.0,70.0,49.0,54.0,35.0,39.0,32.0,21.0,10.0,8.0,2.0,1.0,354.0,15.0,3.0,1.0,4.0,4.0,1.0,,,,,2.0,,,1.0,,,,,,,,,1.0,,,1.0,,,,1.0,,,,,,,,,,,,,,0.0,0.0,0.0,0.0,,,,,,,,,,,,,,,,,,,,,,,,,,,,,,,,,,,,,,,,,,,,,,,,,,,1721821792382652.0,"😧 Multitudinario: así fue el recibimiento al candidato presidencial, Abelardo De La Espriella (@delaespriella_style) en Cúcuta.",auto,https://www.facebook.com/reel/2124954201600132/,1.0,0.0,Vídeos,,,564.0,52.0,52.0,,,,563.0,0.0,552.0,0.0,388.0,0.0,0.0,1.0,1.0,,,,,,,,,
,,100036645439789,360 Radio Colombia,"🗣️ “Hoy la mejor política de prevención en salud en Colombia es no votar por #IvánCepeda y Carolina Corcho quienes son autores y cómplices de un proyecto que tiene sin medicamentos al país y quienes además prometieron continuar con semejante desastre”.

Daniel Briceño, candidato a la Cámara por #Bogotá del #CentroDemocrático.",43,02/20/2026 04:00,,,Total,847,436,0,6597.369,8.195,428,0,140,102,25,13,3236.001,3218.573,142.795,0.0,6.463,11.558,5.289,0.0,1.0,1.0,0.97,1.0,0.86,0.74,0.66,0.58,0.51,0.46,0.39,0.36,0.31,0.29,0.27,0.26,0.25,0.23,0.22,0.21,0.2,0.19,0.17,0.16,0.15,0.14,0.14,0.13,0.13,0.12,0.1,0.11,0.1,0.11,0.1,0.1,0.09,0.08,0.08,0.07,0.07,0.99,1.0,0.8,0.85,0.93,0.96,1.0,1.0,0.99,1.0,1.0,1.0,1.0,1.0,1.0,1.0,1.0,0.99,0.99,0.79,0.74,0.7,0.65,0.61,0.55,0.52,0.51,0.49,0.47,0.46,0.38,0.41,0.38,0.42,0.37,0.36,0.32,0.3,0.3,0.27,0.27,0.0,0.0,48.0,63.0,45.0,57.0,62.0,43.0,42.0,19.0,29.0,12.0,1.0,4.0,386.0,19.0,5.0,2.0,1.0,7.0,,,1.0,,,1.0,,,,,,2.0,,,,1.0,,,,1.0,6.0,,1.0,,,,,,,,,,,,,,,,0.0,0.0,0.0,0.0,1.0,,,,,1.0,,,,1.0,,,,,,,,,,,,,,,,,,,,,,,,,,,,,,,,,,,,,,,,,1721781979053300.0,"🗣️ “Hoy la mejor política de prevención en salud en Colombia es no votar por #IvánCepeda y Carolina Corcho quienes son autores y cómplices de un proyecto que tiene sin medicamentos al país y quienes además prometieron continuar con semejante desastre”.

Daniel Briceño, candidato a la Cámara por #Bogotá del #CentroDemocrático.",,https://www.facebook.com/reel/763245436863575/,1.0,0.0,Vídeos,,,866.0,74.0,74.0,,,,866.0,0.0,847.0,0.0,436.0,0.0,0.0,0.0,0.0,,,,,,,,,
,,100036645439789,360 Radio Colombia,"“Desde la década de 1980, la vida de la gente de Medellín y Antioquía cambió. Ya no regresarán al pasado”.

#IvánCepeda, candidato presidencial del #PactoHistórico.",58,02/20/2026 03:30,,,Total,476,270,0,5094.333,11.32,259,0,28,21,6,1,3675.23,1412.038,7.065,0.0,8.116,13.414,3.533,0.0,1.0,1.0,0.9,1.0,0.79,0.67,0.57,0.46,0.42,0.38,0.35,0.33,0.31,0.29,0.27,0.24,0.23,0.21,0.2,0.2,0.19,0.19,0.17,0.17,0.16,0.16,0.15,0.15,0.14,0.13,0.1,0.11,0.1,0.12,0.1,0.1,0.1,0.09,0.09,0.09,0.08,1.0,0.96,0.58,0.61,0.68,0.71,0.77,0.85,1.0,0.89,1.0,1.0,1.0,1.0,1.0,1.0,1.0,1.0,1.0,0.57,0.55,0.55,0.49,0.48,0.47,0.45,0.44,0.44,0.41,0.39,0.3,0.31,0.3,0.35,0.29,0.28,0.28,0.27,0.26,0.26,0.23,0.0,0.0,46.0,38.0,24.0,44.0,31.0,19.0,36.0,10.0,4.0,6.0,2.0,7.0,244.0,8.0,4.0,,2.0,7.0,,,,,,,1.0,,1.0,,,,,,,,,,1.0,,,,1.0,,,,,,,,,,,,,,,,0.0,0.0,0.0,0.0,,,,,,,,,,,,,,,,,,,,,,,,,,,,,,,,,,,,,,,,,1.0,,,,,,,,,,1721762782388553.0,"“Desde la década de 1980, la vida de la gente de Medellín y Antioquía cambió. Ya no regresarán al pasado”.

#IvánCepeda, candidato presidencial del #PactoHistórico.",,https://www.facebook.com/reel/1665268171012835/,1.0,0.0,Vídeos,,,489.0,37.0,37.0,,,,489.0,0.0,476.0,0.0,270.0,0.0,0.0,0.0,0.0,,,,,,,,,
,,100036645439789,360 Radio Colombia,"🗣️ “Señor Gaviria, corrompido es aquel que hizo parte de un gobierno con el único objetivo de sabotear la reforma a la salud y traicionar a la juventud que eligió un programa de cambio”.

Daniel Rojas, Ministro de Educación en #Colombia, a Alejandro Gaviria.",179,02/20/2026 03:00,,,Total,236,138,25,5021.788,22.723,136,25,2,1,0,1,4723.615,278.829,19.344,0.0,9.959,24.603,19.344,0.0,0.88,0.67,0.54,1.0,0.45,0.38,0.37,0.32,0.27,0.24,0.24,0.23,0.22,0.18,0.17,0.15,0.14,0.12,0.12,0.12,0.11,0.1,0.1,0.1,0.09,0.08,0.07,0.07,0.07,0.07,0.07,0.07,0.07,0.07,0.07,0.06,0.06,0.06,0.06,0.06,0.06,1.0,0.44,0.22,0.23,0.26,0.29,0.33,0.34,1.0,0.41,0.45,0.45,0.51,0.6,0.7,0.73,0.85,1.0,1.0,0.22,0.21,0.19,0.19,0.19,0.18,0.15,0.14,0.14,0.14,0.14,0.14,0.14,0.14,0.14,0.12,0.11,0.11,0.11,0.11,0.11,0.11,0.0,0.0,31.0,30.0,21.0,13.0,5.0,18.0,4.0,7.0,3.0,3.0,,,126.0,5.0,3.0,,,2.0,,,,,,,,,,,,1.0,,,,,,,,,1.0,,,,,,,,,,,,,,,,,,0.0,0.0,0.0,0.0,,,,,,,,,,,,,,,,,,,,,,,,,,,,,,,,,,,,,,,,,,,,,,,,,,,1721740635724101.0,"🗣️ “Señor Gaviria, corrompido es aquel que hizo parte de un gobierno con el único objetivo de sabotear la reforma a la salud y traicionar a la juventud que eligió un programa de cambio”.

Daniel Rojas, Ministro de Educación en #Colombia, a Alejandro Gaviria.",,https://www.facebook.com/reel/860939066948611/,1.0,0.0,Vídeos,,,234.0,7.0,7.0,,,,234.0,0.0,236.0,0.0,138.0,0.0,0.0,0.0,0.0,,,,,,,,,
,,100036645439789,360 Radio Colombia,"El proceso disciplinario que enfrenta el Manchester City entra en su fase decisiva y mantiene en vilo al fútbol inglés. Para conocer de qué acusan al equipo de Pep Guardiola, siga el link del primer comentario.",0,02/19/2026 11:37,,,Total,191,0,0,,,0,0,6,3,1,2,0.0,0.0,0.0,0.0,0.0,0.0,0.0,0.0,,,,,,,,,,,,,,,,,,,,,,,,,,,,,,,,,,,,,,,,,,,,,,,,,,,,,,,,,,,,,,,,,,,,,,,,,,,,,,,,,,,,0.0,,,,,,,,,,,,,,,,,,,,,,,,,,,,,,,,,,,,,,,,,,,,,,,,,,,,,,,,,0.0,0.0,0.0,0.0,,,,,,,,,,,,,,,,,,,,,,,,,,,,,,,,,,,,,,,,,,,,,,,,,,,1721212779110220.0,,,https://www.facebook.com/360RadioColombia/posts/pfbid04Mp5w7pierTZLQLe9e8UsHfwmkYLraTQcVnvWTxcxp4Tni73nAJmmHH6ENqitJo4l,0.0,0.0,Fotos,,,277.0,0.0,,,,,277.0,0.0,191.0,0.0,0.0,0.0,0.0,0.0,0.0,,,,,,,,,
,,100036645439789,360 Radio Colombia,"Antioquia cerró 2025 con un desempeño económico superior al promedio nacional, impulsado por el dinamismo del sector privado, el repunte industrial y un entorno comercial. Para conocer si es el departamento con mejor economía, siga el link del primer comentario.",0,02/19/2026 11:30,,,Total,129,0,0,,,0,0,8,3,3,2,0.0,0.0,0.0,0.0,0.0,0.0,0.0,0.0,,,,,,,,,,,,,,,,,,,,,,,,,,,,,,,,,,,,,,,,,,,,,,,,,,,,,,,,,,,,,,,,,,,,,,,,,,,,,,,,,,,,0.0,,,,,,,,,,,,,,,,,,,,,,,,,,,,,,,,,,,,,,,,,,,,,,,,,,,,,,,,,0.0,0.0,0.0,0.0,,,,,,,,,,,,,,,,,,,,,,,,,,,,,,,,,,,,,,,,,,,,,,,,,,,1721208565777308.0,,,https://www.facebook.com/360RadioColombia/posts/pfbid02sQReQKLWhLoURwHovX2LyFDVktwis49owJRdoKrc2Rus97xAaxJp3Ljyh76oG3xPl,0.0,0.0,Fotos,,,204.0,2.0,2.0,,,,204.0,0.0,129.0,0.0,0.0,0.0,0.0,0.0,0.0,,,,,,,,,
,,100036645439789,360 Radio Colombia,"En la última década, el técnico argentino ha acumulado al menos 21,3 millones de dólares en compensaciones por despidos, una cifra que lo ubica entre los entrenadores con mayores ingresos por este concepto en el mercado reciente. Para conocer cuál fue su despido más reciente, siga el link del primer comentario.",0,02/19/2026 06:58,,,Total,1006,0,0,,,0,0,4,1,1,2,0.0,0.0,0.0,0.0,0.0,0.0,0.0,0.0,,,,,,,,,,,,,,,,,,,,,,,,,,,,,,,,,,,,,,,,,,,,,,,,,,,,,,,,,,,,,,,,,,,,,,,,,,,,,,,,,,,,0.0,,,,,,,,,,,,,,,,,,,,,,,,,,,,,,,,,,,,,,,,,,,,,,,,,,,,,,,,,0.0,0.0,0.0,0.0,,,,,,,,,,,,,,,,,,,,,,,,,,,,,,,,,,,,,,,,,,,,,,,,,,,1721026235795541.0,,,https://www.facebook.com/360RadioColombia/posts/pfbid02Bs86KjJDhsJiZrdPmqw9TZW6Hq3E3Ss5v25ptpcHzwWyM8WweynkpAUwj8FqjMEnl,0.0,0.0,Fotos,,,1430.0,21.0,10.0,11.0,,,1430.0,0.0,1006.0,0.0,0.0,0.0,0.0,0.0,0.0,,,,,,,,,
,,100036645439789,360 Radio Colombia,"🚨 “Ayer fue #Kevin la víctima, hoy es Robison, paciente con leucemia y trasplantado. 5 semanas sin tratamiento, es una patrón general en Nueva EPS”.

🥺 Mamá pide ayuda con el medicamento para su hijo.",59,02/19/2026 06:20,,,Total,204,118,0,1936.519,8.456,113,0,18,6,1,11,1216.353,566.993,153.173,0.0,9.45,7.848,10.941,0.0,0.99,0.99,0.86,0.99,0.74,0.59,0.49,0.38,0.32,0.28,0.25,0.2,0.19,0.19,0.18,0.18,0.18,0.18,0.18,0.17,0.15,0.14,0.13,0.12,0.12,0.11,0.11,0.11,0.1,0.1,0.08,0.09,0.08,0.09,0.08,0.08,0.08,0.08,0.08,0.08,0.06,0.96,0.86,0.75,0.75,0.75,0.75,0.75,0.79,0.96,0.82,1.0,1.0,1.0,1.0,1.0,0.96,0.96,0.96,0.96,0.71,0.64,0.57,0.54,0.5,0.5,0.46,0.46,0.46,0.43,0.43,0.36,0.39,0.36,0.39,0.36,0.36,0.36,0.32,0.29,0.29,0.21,0.0,0.0,5.0,14.0,21.0,16.0,6.0,17.0,1.0,11.0,10.0,10.0,2.0,2.0,104.0,8.0,1.0,1.0,,3.0,,,,,,1.0,,,,,,,,,,,,,,,,,,,,,,,,,,,,,,,,,0.0,0.0,0.0,0.0,,,,,,,,,,,,,,,,,,,,,,,,,,,,,,,,,,,,,,,,,,,,,,,,,,,1720994839132014.0,"🚨 “Ayer fue #Kevin la víctima, hoy es Robison, paciente con leucemia y trasplantado. 5 semanas sin tratamiento, es una patrón general en Nueva EPS”.

🥺 Mamá pide ayuda con el medicamento para su hijo.",,https://www.facebook.com/reel/1418704939736211/,1.0,0.0,Vídeos,,,256.0,3.0,3.0,,,,254.0,0.0,204.0,0.0,118.0,0.0,0.0,0.0,0.0,,,,,,,,,
,,100036645439789,360 Radio Colombia,"😧 Así fue el cruce completo entre #Vinicius Junior y Nicolás Otamendi, en el partido de Champions League.",16,02/19/2026 05:30,,,Total,381,229,0,4009.435,10.807,225,0,3,2,0,1,3753.398,256.037,0.0,0.0,8.535,11.008,0.0,0.0,1.0,1.0,1.0,1.0,0.91,0.83,0.78,0.76,0.73,0.68,0.65,0.62,0.59,0.55,0.52,0.49,0.45,,,,,,,,,,,,,,,,,,,,,,,,,1.0,1.0,,,0.9,1.0,1.0,1.0,1.0,1.0,1.0,1.0,1.0,1.0,1.0,1.0,1.0,1.0,1.0,,,,,,,,,,,,,,,,,,,,,,,0.0,0.0,40.0,56.0,9.0,39.0,35.0,14.0,10.0,9.0,5.0,3.0,,6.0,194.0,15.0,6.0,,,7.0,2.0,,,,,1.0,,,2.0,,,1.0,1.0,,,,,,,,,,,,,,,,,,,,,,,,,,0.0,0.0,0.0,0.0,,,,,,,,,,,,,,,,,,,,,,,,,,,,,,,,,,,,,,,,,,,,,,,,,,,1720959832468848.0,"😧 Así fue el cruce completo entre #Vinicius Junior y Nicolás Otamendi, en el partido de Champions League.",,https://www.facebook.com/reel/1237570217821850/,1.0,0.0,Vídeos,,,506.0,1.0,1.0,,,,506.0,0.0,381.0,0.0,229.0,0.0,0.0,0.0,0.0,,,,,,,,,
,,100036645439789,360 Radio Colombia,"😂 A propósito del fenómeno mundial de los #Therians, el mundo recuerda cuál fue el primero.",27,02/19/2026 04:30,,,Total,1366,435,0,5648.012,4.402,429,0,6,5,0,1,941.708,726.795,10.439,3969.07,12.979,7.358,5.22,3.619,0.97,0.97,0.97,0.97,0.97,0.96,0.81,0.79,0.63,0.51,0.43,0.42,0.35,0.27,0.27,0.23,0.2,0.18,0.18,0.16,0.14,0.14,0.13,0.12,0.12,0.12,0.11,0.11,0.11,0.1,0.09,0.09,0.09,0.09,0.08,0.08,0.08,0.08,0.08,0.08,0.08,1.0,1.0,0.88,0.91,0.95,1.0,1.0,1.0,1.0,1.0,1.0,1.0,1.0,1.0,1.0,1.0,1.0,1.0,1.0,0.86,0.79,0.72,0.68,0.65,0.63,0.63,0.58,0.58,0.58,,,,,,,,,,,,,0.0,0.0,29.0,42.0,23.0,54.0,55.0,26.0,70.0,11.0,22.0,28.0,22.0,45.0,420.0,7.0,1.0,1.0,1.0,1.0,,,,1.0,,,1.0,,,,,1.0,,,,,,,,,,,,,,,,,,,,,,,,,,,0.0,0.0,0.0,0.0,,,,,,,,,,,,,,,,,,,,,,,,,,,,,,,,,,,,,,,,,,,,1.0,,,,,,,1720917565806408.0,"😂 A propósito del fenómeno mundial de los #Therians, el mundo recuerda cuál fue el primero.",,https://www.facebook.com/reel/3498750076930887/,1.0,0.0,Vídeos,,,1377.0,7.0,5.0,,,2.0,219.0,1127.0,324.0,1198.0,111.0,324.0,0.0,0.0,0.0,,,,,,,,,
,,100036645439789,360 Radio Colombia,"🤬 “No me dan mis medicamentos, ¿pierdo el órgano que mi esposa me donó?”.
Un ciudadano intentó reclamarle al Ministro de Salud, Guillermo #Jaramillo, por la falta en la entrega de medicamentos. Esto pone en peligro el órgano que su esposa le donó.",42,02/19/2026 04:00,,,Total,1148,755,0,12821.081,11.74,755,0,41,26,4,11,7988.698,4493.285,339.098,0.0,9.54,13.382,14.13,0.0,0.99,0.99,0.99,0.99,0.92,0.85,0.76,0.7,0.63,0.57,0.52,0.46,0.42,0.4,0.37,0.34,0.33,0.31,0.29,0.28,0.27,0.25,0.23,0.23,0.21,0.2,0.19,0.17,0.16,0.16,0.14,0.15,0.15,0.15,0.14,0.14,0.13,0.12,0.12,0.12,0.11,1.0,1.0,0.82,0.88,0.92,0.97,1.0,1.0,1.0,1.0,1.0,1.0,1.0,1.0,1.0,1.0,1.0,1.0,1.0,0.79,0.74,0.7,0.65,0.63,0.6,0.56,0.52,0.48,0.45,0.44,0.39,0.42,0.41,0.43,0.38,0.38,0.36,0.34,0.34,0.33,0.31,0.0,0.01,81.0,124.0,103.0,77.0,57.0,109.0,41.0,70.0,48.0,31.0,4.0,2.0,642.0,26.0,13.0,8.0,3.0,13.0,3.0,,1.0,,3.0,,12.0,,1.0,,,7.0,,,,1.0,1.0,,2.0,,1.0,,,,,1.0,,5.0,,1.0,,1.0,,,,,,1.0,0.0,0.0,0.0,0.0,,,,,,,,,,1.0,,,1.0,1.0,,,,,,,,,,,,,,,,,,,1.0,,1.0,1.0,1.0,1.0,1.0,,,,,,,,,,,,1720895425808622.0,"🤬 “No me dan mis medicamentos, ¿pierdo el órgano que mi esposa me donó?”.
Un ciudadano intentó reclamarle al Ministro de Salud, Guillermo #Jaramillo, por la falta en la entrega de medicamentos. Esto pone en peligro el órgano que su esposa le donó.",,https://www.facebook.com/reel/1610792156782672/,1.0,0.0,Vídeos,,,1191.0,51.0,51.0,,,,1189.0,0.0,1148.0,0.0,755.0,0.0,0.0,0.0,0.0,,,,,,,,,
,,100036645439789,360 Radio Colombia,"🗣️ | “#GustavoPetro es un miserable”.

🇨🇴 Daniel Briceño, candidato a la Cámara de Representantes por Bogotá del partido @cedemocratico.",169,02/19/2026 03:30,,,Total,179,120,15,3499.574,21.209,118,15,7,3,1,3,2555.846,924.187,19.541,0.0,18.861,23.449,2.792,0.0,0.91,0.58,0.38,1.0,0.33,0.32,0.29,0.26,0.24,0.2,0.18,0.18,0.16,0.13,0.13,0.12,0.12,0.11,0.11,0.11,0.11,0.11,0.11,0.1,0.1,0.09,0.08,0.07,0.07,0.07,0.06,0.06,0.06,0.07,0.06,0.06,0.06,0.05,0.04,0.04,0.03,1.0,0.53,0.33,0.33,0.35,0.35,0.38,0.4,1.0,0.48,0.53,0.6,0.73,0.78,0.88,0.95,0.98,1.0,1.0,0.33,0.33,0.33,0.33,0.3,0.3,0.28,0.23,0.2,0.2,0.2,0.18,0.18,0.18,0.2,0.18,0.18,0.18,0.15,0.13,0.13,0.1,0.0,0.0,22.0,19.0,27.0,15.0,16.0,7.0,4.0,5.0,1.0,1.0,,,100.0,6.0,3.0,1.0,1.0,,4.0,,,,,,2.0,,1.0,,,1.0,,,,,,,,,,1.0,,,,,,,,,,,,,,,,,0.0,0.0,0.0,0.0,,,,,,,,,,,,,,,,,,,,,,,,,,,,,,,,,,,,,,,,,,,,,,,,,,,1720868049144693.0,"🗣️ | “#GustavoPetro es un miserable”.

🇨🇴 Daniel Briceño, candidato a la Cámara de Representantes por Bogotá del partido @cedemocratico.",,https://www.facebook.com/reel/1211079884341719/,1.0,0.0,Vídeos,,,180.0,3.0,3.0,,,,180.0,0.0,179.0,0.0,120.0,0.0,0.0,0.0,0.0,,,,,,,,,
,,100036645439789,360 Radio Colombia,🐶 Un perro atacó a un ‘Therian’ que se reconoce como gata.,11,02/19/2026 03:00,,,Total,104803,57862,0,796955.445,8.517,56290,0,1307,1130,110,67,18976.439,752512.764,25466.242,0.0,8.474,13.299,7.625,0.0,1.0,1.0,1.0,1.0,0.98,0.94,0.9,0.87,0.84,0.75,0.69,0.64,0.54,,,,,,,,,,,,,,,,,,,,,,,,,,,,,1.0,1.0,,,,,,,1.0,0.94,1.0,1.0,1.0,1.0,1.0,1.0,1.0,1.0,1.0,,,,,,,,,,,,,,,,,,,,,,,0.0,0.75,412.0,831.0,803.0,2038.0,4458.0,1743.0,6164.0,5313.0,12257.0,16481.0,4944.0,1695.0,48434.0,2672.0,435.0,617.0,570.0,1911.0,156.0,81.0,40.0,83.0,89.0,74.0,277.0,,55.0,64.0,34.0,715.0,40.0,211.0,20.0,33.0,17.0,34.0,109.0,82.0,274.0,7.0,348.0,,46.0,41.0,11.0,,,23.0,,,,9.0,,26.0,,,0.0,0.0,0.0,0.0,31.0,10.0,29.0,12.0,,17.0,,,,17.0,,,30.0,,6.0,,,,9.0,,,,,,,,,,,,,,,,,,,,,,,7.0,6.0,,,,,,,,1720849202479911.0,🐶 Un perro atacó a un ‘Therian’ que se reconoce como gata.,,https://www.facebook.com/reel/2337153103471574/,1.0,0.0,Vídeos,,,139866.0,6163.0,6163.0,,,,139792.0,0.0,104803.0,0.0,57862.0,0.0,0.0,0.0,0.0,,,,,,,,,
,,100036645439789,360 Radio Colombia,"⛪️ “Hoy, Miércoles de Ceniza, comenzamos la Cuaresma, tiempo de gracia y conversión. Pidamos al Señor que disponga nuestros corazones para escuchar y hacer vida su Palabra, ayunando de gestos y comentarios que hieran a los demás y nos alejen de su Corazón misericordioso. Que Dios los bendiga. Muchas gracias”.

#PapaLeónXIV",32,02/18/2026 21:00,,,Total,71,27,0,435.203,5.307,25,0,2,2,0,0,232.722,202.481,0.0,0.0,14.463,3.423,0.0,0.0,1.0,1.0,1.0,1.0,0.63,0.48,0.44,0.44,0.41,0.41,0.37,0.33,0.26,0.26,0.22,0.19,0.15,0.15,0.15,0.15,0.15,0.15,0.15,0.15,0.11,0.11,0.11,0.11,0.07,0.07,,0.07,0.07,0.07,,,,,,,,1.0,1.0,0.8,0.8,0.8,1.0,1.0,1.0,1.0,1.0,1.0,1.0,1.0,1.0,1.0,1.0,1.0,1.0,1.0,0.8,0.8,0.8,0.8,0.8,0.6,0.6,0.6,0.6,0.4,0.4,,0.4,0.4,0.4,,,,,,,,0.0,0.0,,,,,,,,,,,,,,,,,,,,,,,,,,,,,,,,,,,,,,,,,,,,,,,,,,,,,,,,,0.0,0.0,0.0,0.0,,,,,,,,,,,,,,,,,,,,,,,,,,,,,,,,,,,,,,,,,,,,,,,,,,,1720641532500678.0,"⛪️ “Hoy, Miércoles de Ceniza, comenzamos la Cuaresma, tiempo de gracia y conversión. Pidamos al Señor que disponga nuestros corazones para escuchar y hacer vida su Palabra, ayunando de gestos y comentarios que hieran a los demás y nos alejen de su Corazón misericordioso. Que Dios los bendiga. Muchas gracias”.

#PapaLeónXIV",,https://www.facebook.com/reel/1847249805943769/,1.0,0.0,Vídeos,,,91.0,0.0,,,,,91.0,0.0,71.0,0.0,27.0,0.0,0.0,0.0,0.0,,,,,,,,,
,,100036645439789,360 Radio Colombia,"🤝 En video quedó registrado el momento de la reconciliación entre los cantantes de música urbana, Rauw Alejandro y Jhay Cortés.",76,02/18/2026 20:52,,,Total,101,50,1,662.09,5.859,49,1,2,1,0,1,557.636,104.454,0.0,0.0,4.542,6.196,0.0,0.0,1.0,0.92,0.62,1.0,0.38,0.3,0.2,0.2,0.16,0.16,0.16,0.08,0.08,0.08,0.04,0.04,0.04,0.04,0.04,0.04,0.04,0.02,0.02,0.02,0.02,0.02,0.02,0.02,0.02,0.02,0.02,0.02,0.02,0.02,0.02,0.02,0.02,0.02,0.02,0.02,0.02,1.0,0.57,0.29,0.29,0.29,0.29,0.29,0.57,1.0,0.57,1.0,1.0,1.0,1.0,1.0,1.0,1.0,1.0,1.0,0.29,0.29,0.14,0.14,0.14,0.14,0.14,0.14,0.14,0.14,0.14,0.14,0.14,0.14,0.14,0.14,0.14,0.14,0.14,0.14,0.14,0.14,0.0,0.0,,,,,,,,,,,,,,,,,,,,,,,,,,,,,,,,,,,,,,,,,,,,,,,,,,,,,,,,,0.0,0.0,0.0,0.0,,,,,,,,,,,,,,,,,,,,,,,,,,,,,,,,,,,,,,,,,,,,,,,,,,,1720637175834447.0,"🤝 En video quedó registrado el momento de la reconciliación entre los cantantes de música urbana, Rauw Alejandro y Jhay Cortés.",,https://www.facebook.com/reel/1414009437406971/,1.0,0.0,Vídeos,,,122.0,4.0,4.0,,,,121.0,0.0,101.0,0.0,50.0,0.0,0.0,0.0,0.0,,,,,,,,,
,,100036645439789,360 Radio Colombia,"🗣️ “Nos estamos volviendo viejos antes de volvernos ricos” 

🤝 #PalomaValencia en debate de candidatos organizado por la #UEIA",116,02/18/2026 16:14,,,Total,102,60,2,888.063,8.377,58,2,2,1,0,1,796.007,92.056,0.0,0.0,8.369,8.38,0.0,0.0,1.0,0.63,0.38,1.0,0.32,0.25,0.18,0.15,0.1,0.1,0.1,0.08,0.08,0.07,0.07,0.07,0.05,0.05,0.05,0.05,0.03,0.03,0.05,0.05,0.02,0.02,0.03,0.02,0.02,0.03,0.03,0.03,0.02,0.02,0.02,0.02,0.03,0.02,0.02,0.02,0.02,1.0,0.36,0.21,0.21,0.21,0.29,0.29,0.29,1.0,0.36,0.43,0.43,0.43,0.64,0.79,1.0,1.0,1.0,1.0,0.21,0.14,0.14,0.21,0.21,0.07,0.07,0.14,0.07,0.07,0.14,0.14,0.14,0.07,0.07,0.07,0.07,0.14,0.07,0.07,0.07,0.07,0.0,0.0,,,,,,,,,,,,,,,,,,,,,,,,,,,,,,,,,,,,,,,,,,,,,,,,,,,,,,,,,0.0,0.0,0.0,0.0,,,,,,,,,,,,,,,,,,,,,,,,,,,,,,,,,,,,,,,,,,,,,,,,,,,1720469072517924.0,"🗣️ “Nos estamos volviendo viejos antes de volvernos ricos” 

🤝 #PalomaValencia en debate de candidatos organizado por la #UEIA",,https://www.facebook.com/reel/1648668312937790/,1.0,0.0,Vídeos,,,116.0,3.0,3.0,,,,115.0,0.0,102.0,0.0,60.0,0.0,0.0,0.0,0.0,,,,,,,,,
,,100036645439789,360 Radio Colombia,"🗣️ “Nos estamos volviendo viejos antes de volvernos ricos” 

🤝 #PalomaValencia en debate de candidatos organizado por la #UEIA",40,02/18/2026 15:58,,,Total,120,74,0,834.802,6.625,69,0,3,1,0,2,814.687,16.634,3.481,0.0,2.08,6.964,3.481,0.0,1.0,1.0,0.99,1.0,0.88,0.76,0.57,0.43,0.39,0.35,0.31,0.28,0.24,0.22,0.2,0.19,0.16,0.16,0.15,0.14,0.12,0.08,0.08,0.08,0.08,0.08,0.08,0.08,0.07,0.07,0.05,0.07,0.07,0.07,0.05,0.05,0.05,0.04,0.04,0.04,0.04,1.0,1.0,0.79,0.86,0.86,1.0,1.0,1.0,1.0,1.0,0.93,0.93,0.93,0.93,0.93,0.93,0.93,0.93,1.0,0.71,0.64,0.43,0.43,0.43,0.43,0.43,0.43,0.43,0.36,0.36,0.29,0.36,0.36,0.36,0.29,0.29,0.29,0.21,0.21,0.21,0.21,0.0,0.0,,,,,,,,,,,,,,,,,,,,,,,,,,,,,,,,,,,,,,,,,,,,,,,,,,,,,,,,,0.0,0.0,0.0,0.0,,,,,,,,,,,,,,,,,,,,,,,,,,,,,,,,,,,,,,,,,,,,,,,,,,,1720459479185550.0,"🗣️ “Nos estamos volviendo viejos antes de volvernos ricos” 

🤝 #PalomaValencia en debate de candidatos organizado por la #UEIA",,https://www.facebook.com/reel/934658188999400/,1.0,0.0,Vídeos,,,136.0,4.0,4.0,,,,136.0,0.0,120.0,0.0,74.0,0.0,0.0,0.0,0.0,,,,,,,,,
,,100036645439789,360 Radio Colombia,"El Carnaval de Barranquilla 2026 ratificó su papel como uno de los eventos culturales más importantes del país, con una alta asistencia, fuerte dinamización del turismo, amplia proyección internacional. Conozca cuántas personas participaron en el link del primer comentario.",0,02/18/2026 14:50,,,Total,172,0,0,,,0,0,2,0,1,1,0.0,0.0,0.0,0.0,0.0,0.0,0.0,0.0,,,,,,,,,,,,,,,,,,,,,,,,,,,,,,,,,,,,,,,,,,,,,,,,,,,,,,,,,,,,,,,,,,,,,,,,,,,,,,,,,,,,0.0,,,,,,,,,,,,,,,,,,,,,,,,,,,,,,,,,,,,,,,,,,,,,,,,,,,,,,,,,0.0,0.0,0.0,0.0,,,,,,,,,,,,,,,,,,,,,,,,,,,,,,,,,,,,,,,,,,,,,,,,,,,1720424242522407.0,,,https://www.facebook.com/360RadioColombia/posts/pfbid02tL3ko4YxN6bR3euHNKQK9znVaTc9ufLDThvCJyJDibGTFkqRQnFwpGrxd7bHjnd6l,0.0,0.0,Fotos,,,237.0,1.0,,1.0,,,237.0,0.0,172.0,0.0,0.0,0.0,0.0,0.0,0.0,,,,,,,,,
,,100036645439789,360 Radio Colombia,"📂 El Consejo de Estado ratificó que Ismael Peña es el legítimo rector de la #UniversidadNacional. La decisión, según sectores opositores, frena la injerencia del presidente #GustavoPetro y reafirma la legalidad.",32,02/18/2026 12:44,,,Total,164,93,0,1325.176,8.834,91,0,11,6,1,4,1195.677,129.499,0.0,0.0,8.634,8.857,0.0,0.0,1.0,1.0,1.0,1.0,0.92,0.77,0.7,0.66,0.58,0.49,0.43,0.4,0.37,0.34,0.33,0.32,0.32,0.31,0.3,0.26,0.25,0.22,0.22,0.2,0.19,0.19,0.17,0.16,0.16,0.16,,0.14,0.13,0.14,,,,,,,,1.0,1.0,0.93,0.97,1.0,1.0,1.0,1.0,1.0,1.0,1.0,1.0,1.0,1.0,1.0,1.0,1.0,1.0,1.0,0.8,0.77,0.67,0.67,0.63,0.6,0.6,0.53,0.5,0.5,0.5,,0.43,0.4,0.43,,,,,,,,0.0,0.0,,,,,,,,,,,,,,,,,,,,,,,,,,,,,,,,,,,,,,,,,,,,,,,,,,,,,,,,,0.0,0.0,0.0,0.0,,,,,,,,,,,,,,,,,,,,,,,,,,,,,,,,,,,,,,,,,,,,,,,,,,,1720355895862575.0,"📂 El Consejo de Estado ratificó que Ismael Peña es el legítimo rector de la #UniversidadNacional. La decisión, según sectores opositores, frena la injerencia del presidente #GustavoPetro y reafirma la legalidad.",,https://www.facebook.com/reel/1299165615438992/,1.0,0.0,Vídeos,,,160.0,11.0,11.0,,,,160.0,0.0,164.0,0.0,93.0,0.0,0.0,0.0,0.0,,,,,,,,,
,,100036645439789,360 Radio Colombia,"Un informe de la Fundación Paz y Reconciliación identificó 195 candidaturas al Congreso con algún tipo de cuestionamiento. Para conocer quiénes son los señalados, siga el link del primer comentario.",0,02/18/2026 12:30,,,Total,207,0,0,,,0,0,5,2,1,2,0.0,0.0,0.0,0.0,0.0,0.0,0.0,0.0,,,,,,,,,,,,,,,,,,,,,,,,,,,,,,,,,,,,,,,,,,,,,,,,,,,,,,,,,,,,,,,,,,,,,,,,,,,,,,,,,,,,0.0,,,,,,,,,,,,,,,,,,,,,,,,,,,,,,,,,,,,,,,,,,,,,,,,,,,,,,,,,0.0,0.0,0.0,0.0,,,,,,,,,,,,,,,,,,,,,,,,,,,,,,,,,,,,,,,,,,,,,,,,,,,1720347442530087.0,,,https://www.facebook.com/360RadioColombia/posts/pfbid02ypiupSsKMGUmHU3g58WBkdt3g3jPdM7JD66agQSPsSLwen1QB6ucpj6vxukkc6RFl,0.0,0.0,Fotos,,,301.0,2.0,2.0,,,,301.0,0.0,207.0,0.0,0.0,0.0,0.0,0.0,0.0,,,,,,,,,
,,100036645439789,360 Radio Colombia,"🗣️ “A Kevin lo asesinaron.  Decir que murió por falta de cuidado de su familia es un descaro, una infamia”.

🇨🇴 @davidlunas, candidato a la Presidencia de la República.",103,02/18/2026 12:01,,,Total,175,92,8,2162.795,12.574,89,8,11,3,4,4,2134.421,26.941,1.433,0.0,1.925,13.683,0.717,0.0,1.0,0.63,0.49,1.0,0.43,0.35,0.32,0.27,0.22,0.21,0.18,0.18,0.18,0.18,0.15,0.14,0.12,0.12,0.12,0.11,0.11,0.09,0.09,0.09,0.09,0.09,0.09,0.09,0.08,0.07,0.07,0.07,0.07,0.07,0.07,0.07,0.07,0.07,0.07,0.07,0.07,1.0,0.59,0.38,0.38,0.38,0.45,0.48,0.59,1.0,0.59,0.59,0.66,0.69,0.86,1.0,1.0,1.0,1.0,1.0,0.34,0.34,0.28,0.28,0.28,0.28,0.28,0.28,0.28,0.24,0.21,0.21,0.21,0.21,0.21,0.21,0.21,0.21,0.21,0.21,0.21,0.21,0.0,0.0,,,,,,,,,,,,,,,,,,,,,,,,,,,,,,,,,,,,,,,,,,,,,,,,,,,,,,,,,0.0,0.0,0.0,0.0,,,,,,,,,,,,,,,,,,,,,,,,,,,,,,,,,,,,,,,,,,,,,,,,,,,1720332279198270.0,"🗣️ “A Kevin lo asesinaron.  Decir que murió por falta de cuidado de su familia es un descaro, una infamia”.

🇨🇴 @davidlunas, candidato a la Presidencia de la República.",,https://www.facebook.com/reel/1923570724938001/,1.0,0.0,Vídeos,,,190.0,12.0,12.0,,,,190.0,0.0,175.0,0.0,92.0,0.0,0.0,0.0,0.0,,,,,,,,,
,,100036645439789,360 Radio Colombia,El Aeropuerto Internacional José María Córdova adelantará trabajos programados en su pista entre el 24 de febrero y el 6 de marzo una medida que implicará ajustes en la operación aérea. Conozca cómo cambiará esto la programación de vuelos en el link del primer comentario.,0,02/18/2026 11:21,,,Total,469,0,0,,,0,0,3,1,0,2,0.0,0.0,0.0,0.0,0.0,0.0,0.0,0.0,,,,,,,,,,,,,,,,,,,,,,,,,,,,,,,,,,,,,,,,,,,,,,,,,,,,,,,,,,,,,,,,,,,,,,,,,,,,,,,,,,,,0.0,,,,,,,,,,,,,,,,,,,,,,,,,,,,,,,,,,,,,,,,,,,,,,,,,,,,,,,,,0.0,0.0,0.0,0.0,,,,,,,,,,,,,,,,,,,,,,,,,,,,,,,,,,,,,,,,,,,,,,,,,,,1720309412533890.0,,,https://www.facebook.com/360RadioColombia/posts/pfbid0XuzbLCFiFhMWUBtjxCChGMDM9vkeh1uCV394d6tmE5eDR5dKob2y56imbc9oYbBPl,0.0,0.0,Fotos,,,612.0,3.0,3.0,,,,612.0,0.0,469.0,0.0,0.0,0.0,0.0,0.0,0.0,,,,,,,,,
,,100036645439789,360 Radio Colombia,"“A Kevin lo mató el sistema de salud del gobierno #Petro, le negaron los medicamentos que necesitaba y hoy los indolentes @petrogustavo
y Ministro Jaramilll no solo no asumen la responsabilidad, sino que culpan a la mamá del niño”.

- @claudialopezcl, candidata presidencial.",58,02/18/2026 10:30,,,Total,149,86,0,1742.374,11.934,81,0,9,6,0,3,1666.238,57.673,18.463,0.0,3.205,13.33,6.155,0.0,1.0,1.0,0.8,1.0,0.67,0.55,0.51,0.45,0.42,0.35,0.33,0.29,0.28,0.27,0.27,0.26,0.23,0.22,0.22,0.22,0.21,0.21,0.21,0.21,0.19,0.19,0.19,0.17,0.17,0.17,0.16,0.16,0.16,0.16,0.16,0.14,0.13,0.13,0.13,0.12,0.12,1.0,0.89,0.68,0.68,0.71,0.79,0.82,0.82,1.0,0.86,1.0,1.0,1.0,1.0,1.0,1.0,1.0,1.0,1.0,0.68,0.64,0.64,0.64,0.64,0.57,0.57,0.57,0.54,0.54,0.54,0.5,0.5,0.5,0.5,0.5,0.43,0.39,0.39,0.39,0.36,0.36,0.0,0.0,,,,,,,,,,,,,,,,,,,,,,,,,,,,,,,,,,,,,,,,,,,,,,,,,,,,,,,,,0.0,0.0,0.0,0.0,,,,,,,,,,,,,,,,,,,,,,,,,,,,,,,,,,,,,,,,,,,,,,,,,,,1720277555870409.0,"“A Kevin lo mató el sistema de salud del gobierno #Petro, le negaron los medicamentos que necesitaba y hoy los indolentes @petrogustavo
y Ministro Jaramilll no solo no asumen la responsabilidad, sino que culpan a la mamá del niño”.

- @claudialopezcl, candidata presidencial.",uploaded,https://www.facebook.com/reel/4001112983514060/,1.0,0.0,Vídeos,,,166.0,4.0,4.0,,,,166.0,0.0,149.0,0.0,86.0,0.0,0.0,0.0,0.0,,,,,,,,,
,,100036645439789,360 Radio Colombia,"😡 “Le ha dicho mono a #Vinicius cinco veces, esta persona que prefiero decir el nombre porque no vale la pena”. 

🇫🇷 Kylian Mbappe, jugador del #RealMadrid, sobre los jestos racistas a su compañero.",97,02/18/2026 10:30,,,Total,92,57,11,1677.369,18.432,56,11,3,1,0,2,1510.639,145.831,20.899,0.0,8.579,20.982,10.45,0.0,0.98,0.88,0.7,0.98,0.53,0.44,0.44,0.37,0.32,0.32,0.32,0.32,0.3,0.28,0.23,0.21,0.21,0.21,0.21,0.21,0.21,0.21,0.21,0.21,0.21,0.19,0.19,0.19,0.19,0.19,0.18,0.19,0.19,0.19,0.18,0.16,0.14,0.14,0.14,0.14,0.12,1.0,0.86,0.57,0.57,0.57,0.57,0.62,0.76,1.0,0.81,0.86,0.86,0.86,0.95,1.0,1.0,1.0,1.0,1.0,0.57,0.57,0.57,0.57,0.57,0.57,0.52,0.52,0.52,0.52,0.52,0.48,0.52,0.52,0.52,0.48,0.43,0.38,0.38,0.38,0.38,0.33,0.0,0.0,,,,,,,,,,,,,,,,,,,,,,,,,,,,,,,,,,,,,,,,,,,,,,,,,,,,,,,,,0.0,0.0,0.0,0.0,,,,,,,,,,,,,,,,,,,,,,,,,,,,,,,,,,,,,,,,,,,,,,,,,,,1720277539203744.0,"😡 “Le ha dicho mono a #Vinicius cinco veces, esta persona que prefiero decir el nombre porque no vale la pena”. 

🇫🇷 Kylian Mbappe, jugador del #RealMadrid, sobre los jestos racistas a su compañero.",,https://www.facebook.com/reel/2453669321748437/,1.0,0.0,Vídeos,,,102.0,2.0,2.0,,,,101.0,0.0,92.0,0.0,57.0,0.0,0.0,0.0,0.0,,,,,,,,,
,,100036645439789,360 Radio Colombia,🐊 El fenómeno #Therian está por todo el mundo: esta persona se reconoce como un cocodrilo en México.,21,02/18/2026 09:30,,,Total,8417,6655,0,94247.25,11.701,6511,0,44,38,5,1,1643.54,1065.618,154.394,91383.698,6.459,11.91,7.72,11.821,1.0,1.0,1.0,1.0,1.0,1.0,1.0,0.97,0.97,0.94,0.91,0.91,0.87,0.87,0.84,0.81,0.81,0.77,0.77,0.75,0.72,0.72,0.69,0.66,0.66,0.5,0.5,0.32,0.26,0.26,0.19,0.23,0.21,0.23,0.19,0.17,0.17,0.16,0.14,0.14,0.13,1.0,1.0,0.94,1.0,1.0,1.0,1.0,1.0,1.0,1.0,1.0,1.0,1.0,1.0,1.0,1.0,1.0,1.0,1.0,0.86,0.78,0.7,0.63,0.57,0.52,,,,,,,,,,,,,,,,,0.0,0.0,263.0,794.0,129.0,1438.0,1590.0,289.0,1150.0,252.0,149.0,121.0,67.0,396.0,6612.0,18.0,2.0,14.0,,1.0,,,,,,2.0,1.0,,,,,1.0,,2.0,,,,,,,,,,,1.0,,,1.0,,,,,,,,,,,0.0,0.0,0.0,0.0,,,,,,,,,,,,,,,,,,,,,,,,,,,,,,,,,,,,,,,,,,,,,,,,,,,1720238249207673.0,🐊 El fenómeno #Therian está por todo el mundo: esta persona se reconoce como un cocodrilo en México.,,https://www.facebook.com/reel/1570473437569662/,1.0,0.0,Vídeos,,,9140.0,55.0,11.0,,14.0,30.0,375.0,8778.0,917.0,8193.0,190.0,6465.0,0.0,0.0,0.0,,,,,,,,,
,,100036645439789,360 Radio Colombia,"El 'Festival de Música Pa’ Gozar y Cantar 2.0', que estaba programado para el 28 de febrero de 2026 en el estadio Nemesio Camacho El Campín de Bogotá, se realizará finalmente el 28 de marzo de 2026. Para conocer si puede seguir adquiriendo entradas, siga el link del primer comentario.",0,02/18/2026 07:14,,,Total,1069,0,0,,,0,0,3,1,1,1,0.0,0.0,0.0,0.0,0.0,0.0,0.0,0.0,,,,,,,,,,,,,,,,,,,,,,,,,,,,,,,,,,,,,,,,,,,,,,,,,,,,,,,,,,,,,,,,,,,,,,,,,,,,,,,,,,,,0.0,,,,,,,,,,,,,,,,,,,,,,,,,,,,,,,,,,,,,,,,,,,,,,,,,,,,,,,,,0.0,0.0,0.0,0.0,,,,,,,,,,,,,,,,,,,,,,,,,,,,,,,,,,,,,,,,,,,,,,,,,,,1720140025884162.0,,,https://www.facebook.com/360RadioColombia/posts/pfbid02JxQdxydTwef89w8TBe3nKNUkcYhPSTAaTCUoZ94tu6wfuyaFoLjUw1rLpNmxXtiEl,0.0,0.0,Fotos,,,1362.0,11.0,8.0,3.0,,,1362.0,0.0,1069.0,0.0,0.0,0.0,0.0,0.0,0.0,,,,,,,,,
,,100036645439789,360 Radio Colombia,"🇨🇴 La candidata presidencial, #PalomaValencia, le pidió al  presidente #GustavoPetro no asfixiar a los empresarios con empleos, y recordó que varios funcionarios del Gobierno han estado involucrados en casos de corrupción.",69,02/18/2026 05:00,,,Total,162,69,2,871.125,6.452,68,2,10,5,3,2,802.299,68.826,0.0,0.0,2.648,7.361,0.0,0.0,1.0,0.96,0.68,1.0,0.43,0.38,0.23,0.22,0.16,0.14,0.14,0.13,0.13,0.13,0.1,0.1,0.09,0.09,0.07,0.07,0.07,0.07,0.07,0.04,0.04,0.03,0.03,0.03,0.03,0.03,0.03,0.03,0.03,0.03,0.03,0.03,0.03,0.03,0.03,0.03,0.03,1.0,0.9,0.5,0.6,0.6,0.7,0.7,0.9,1.0,0.9,1.0,1.0,1.0,1.0,1.0,1.0,1.0,1.0,1.0,0.5,0.5,0.5,0.5,0.3,0.3,0.2,0.2,0.2,0.2,0.2,0.2,0.2,0.2,0.2,0.2,0.2,0.2,0.2,0.2,0.2,0.2,0.0,0.0,,,,,,,,,,,,,,,,,,,,,,,,,,,,,,,,,,,,,,,,,,,,,,,,,,,,,,,,,0.0,0.0,0.0,0.0,,,,,,,,,,,,,,,,,,,,,,,,,,,,,,,,,,,,,,,,,,,,,,,,,,,1720039709227527.0,"🇨🇴 La candidata presidencial, #PalomaValencia, le pidió al  presidente #GustavoPetro no asfixiar a los empresarios con empleos, y recordó que varios funcionarios del Gobierno han estado involucrados en casos de corrupción.",,https://www.facebook.com/reel/951145547239662/,1.0,0.0,Vídeos,,,144.0,9.0,9.0,,,,143.0,0.0,162.0,0.0,69.0,0.0,0.0,0.0,0.0,,,,,,,,,
,,100036645439789,360 Radio Colombia,"🚨 El Presidente #GustavoPetro revela detalles de la historia clínica del menor fallecido, Kevin Acosta, y genera polémica por incurrir en una falta a la Ley, durante su alocución en La Guajira.",165,02/18/2026 04:00,,,Total,587,323,64,12362.283,24.626,315,64,19,6,10,3,7707.186,4304.51,350.587,0.0,16.493,33.079,43.824,0.0,0.89,0.55,0.4,0.99,0.34,0.32,0.3,0.27,0.26,0.25,0.24,0.24,0.23,0.21,0.2,0.2,0.2,0.19,0.19,0.18,0.18,0.17,0.17,0.16,0.15,0.15,0.14,0.14,0.14,0.14,0.12,0.13,0.12,0.13,0.11,0.11,0.11,0.11,0.1,0.1,0.09,1.0,0.66,0.52,0.53,0.55,0.55,0.56,0.58,1.0,0.63,0.68,0.7,0.72,0.76,0.82,0.89,0.95,1.0,1.0,0.5,0.5,0.48,0.47,0.44,0.42,0.41,0.4,0.4,0.39,0.39,0.34,0.37,0.35,0.37,0.31,0.31,0.3,0.3,0.29,0.28,0.26,0.0,0.01,37.0,64.0,38.0,35.0,26.0,41.0,14.0,33.0,21.0,5.0,1.0,3.0,289.0,14.0,6.0,1.0,,6.0,,,,1.0,,,,,1.0,,,1.0,,,,,,,,2.0,1.0,,,,1.0,,,,,,,,,,,,,,0.0,0.0,0.0,0.0,,,,,,,,,,,,,,,,,,,,,,,,,,,,,,,,,,,,,,,,,,,,,,,,,,,1719996619231836.0,"🚨 El Presidente #GustavoPetro revela detalles de la historia clínica del menor fallecido, Kevin Acosta, y genera polémica por incurrir en una falta a la Ley, durante su alocución en La Guajira.",,https://www.facebook.com/reel/1429544811972895/,1.0,0.0,Vídeos,,,552.0,67.0,67.0,,,,552.0,0.0,587.0,0.0,323.0,0.0,0.0,0.0,0.0,,,,,,,,,
,,100036645439789,360 Radio Colombia,"🗣️ “Lo tuve que dormir, le practiqué la eutanasi4”, veterinario cuenta cómo fue su primera experiencia atendiendo a un #Therian.",93,02/18/2026 03:00,,,Total,234,120,39,4703.217,20.013,119,38,6,4,1,1,3407.022,1296.195,0.0,0.0,11.678,27.476,0.0,0.0,1.0,0.79,0.66,0.99,0.56,0.49,0.47,0.45,0.44,0.43,0.41,0.4,0.39,0.39,0.39,0.39,0.38,0.38,0.37,0.36,0.35,0.34,0.34,0.33,0.33,0.33,0.33,0.33,0.33,0.33,0.32,0.33,0.33,0.33,0.32,0.31,0.31,0.31,0.3,0.3,0.3,1.0,0.87,0.8,0.82,0.84,0.85,0.85,0.85,1.0,0.85,0.89,0.93,0.96,0.98,1.0,1.0,1.0,1.0,1.0,0.78,0.76,0.75,0.75,0.73,0.73,0.73,0.71,0.71,0.71,0.71,0.69,0.71,0.71,0.71,0.69,0.67,0.67,0.67,0.65,0.65,0.65,0.0,0.0,8.0,12.0,22.0,10.0,7.0,12.0,5.0,16.0,11.0,10.0,2.0,2.0,102.0,7.0,4.0,3.0,,,2.0,,,,,,,,,,,,,,,,,1.0,,,,,1.0,,,,,,,,,,,,,,,,0.0,0.0,0.0,0.0,,,,,,,,,,,,,,,,,,,,,,,,,,,,,,,,,,,,,,,,,,,,,,,,,,,1719954669236031.0,"🗣️ “Lo tuve que dormir, le practiqué la eutanasi4”, veterinario cuenta cómo fue su primera experiencia atendiendo a un #Therian.",,https://www.facebook.com/reel/1860452337942724/,1.0,0.0,Vídeos,,,263.0,8.0,8.0,,,,263.0,0.0,234.0,0.0,120.0,0.0,0.0,0.0,0.0,,,,,,,,,
,,100036645439789,360 Radio Colombia,"Para conocer quién es Valeria Bedoya, hija de Berenice Bedoya: hoja de vida y contratos que ha firmado, siga el link del primer comentario.",0,02/17/2026 14:12,,,Total,651,0,0,,,0,0,9,5,1,3,0.0,0.0,0.0,0.0,0.0,0.0,0.0,0.0,,,,,,,,,,,,,,,,,,,,,,,,,,,,,,,,,,,,,,,,,,,,,,,,,,,,,,,,,,,,,,,,,,,,,,,,,,,,,,,,,,,,0.0,,,,,,,,,,,,,,,,,,,,,,,,,,,,,,,,,,,,,,,,,,,,,,,,,,,,,,,,,0.0,0.0,0.0,0.0,,,,,,,,,,,,,,,,,,,,,,,,,,,,,,,,,,,,,,,,,,,,,,,,,,,1719497332615098.0,,,https://www.facebook.com/360RadioColombia/posts/pfbid02EBfowR8ZTH5cQnQ9tRbKSsWQNGEZFqoNXTwdQV3pB3bxh6aMSWqeSHG5TzZq2Mq6l,0.0,0.0,Fotos,,,966.0,16.0,11.0,5.0,,,966.0,0.0,651.0,0.0,0.0,0.0,0.0,0.0,0.0,,,,,,,,,
,,100036645439789,360 Radio Colombia,"💰 El plantel más valioso del torneo supera los €200 millones, con figuras que individualmente alcanzan los €50 millones en el mercado. Brasil domina el ranking de los equipos más caros y concentra la mayor inversión deportiva del continente.

🇨🇴 Los clubes colombianos compiten con nóminas que rondan los €10–15 millones, muy lejos de los gigantes sudamericanos. La brecha financiera es amplia, pero la historia demuestra que en la cancha todo puede cambiar.",0,02/17/2026 14:05,,,Total,129,0,0,,,0,0,3,1,0,2,0.0,0.0,0.0,0.0,0.0,0.0,0.0,0.0,,,,,,,,,,,,,,,,,,,,,,,,,,,,,,,,,,,,,,,,,,,,,,,,,,,,,,,,,,,,,,,,,,,,,,,,,,,,,,,,,,,,0.0,,,,,,,,,,,,,,,,,,,,,,,,,,,,,,,,,,,,,,,,,,,,,,,,,,,,,,,,,0.0,0.0,0.0,0.0,,,,,,,,,,,,,,,,,,,,,,,,,,,,,,,,,,,,,,,,,,,,,,,,,,,1719493632615468.0,,,https://www.facebook.com/360RadioColombia/posts/pfbid02mLDvHwxSYW23uyg1w4xwnFS8Rc3Nxnqw1SqgiB4GmZhPC1zZdnSTMVWdW6QndYoNl,0.0,0.0,Fotos,,,170.0,1.0,,1.0,,,170.0,0.0,129.0,0.0,0.0,0.0,0.0,0.0,0.0,,,,,,,,,
,,100036645439789,360 Radio Colombia,"#Cultura | El turismo cafetero en el Valle del Cauca gana protagonismo en Colombia, impulsado por municipios como Sevilla, Caicedonia y Alcalá, que integran el Paisaje Cultural Cafetero reconocido por la Unesco como Patrimonio de la Humanidad.",0,02/17/2026 13:58,,,Total,18487,0,0,,,0,0,11,9,0,2,0.0,0.0,0.0,0.0,0.0,0.0,0.0,0.0,,,,,,,,,,,,,,,,,,,,,,,,,,,,,,,,,,,,,,,,,,,,,,,,,,,,,,,,,,,,,,,,,,,,,,,,,,,,,,,,,,,,0.0,,,,,,,,,,,,,,,,,,,,,,,,,,,,,,,,,,,,,,,,,,,,,,,,,,,,,,,,,0.0,0.0,0.0,0.0,,,,,,,,,,,,,,,,,,,,,,,,,,,,,,,,,,,,,,,,,,,,,,,,,,,1719489872615844.0,,,https://www.facebook.com/360RadioColombia/posts/pfbid032cnquCts3ivGfUfLJMowA3wNCgwdTNyj3KPcGijNW7whmxw6ENyTb2aMzg1AiNH6l,0.0,0.0,Enlaces,,,19387.0,35.0,16.0,,,19.0,58.0,19329.0,4090.0,18361.0,0.0,0.0,0.0,0.0,0.0,,,,,,,,,
,,100036645439789,360 Radio Colombia,"🗣️ “El Presidente #GustavoPetro y el Ministro de Salud, Guillermo Alfonso Jaramillo, son unos indolentes”, @claudialopezcl, candidata presidencial, a propósito de la muerte del pequeño Kevin Acosta, quien no recibió su medicina para la hemofilia.",57,02/17/2026 13:29,,,Total,616,522,0,11748.394,13.141,502,0,66,22,26,18,6381.118,820.538,4546.738,0.0,12.067,17.062,10.06,0.0,0.98,0.99,0.91,0.98,0.82,0.74,0.63,0.54,0.49,0.46,0.44,0.43,0.42,0.39,0.35,0.33,0.31,0.3,0.29,0.29,0.28,0.27,0.27,0.26,0.24,0.24,0.23,0.22,0.22,0.21,0.18,0.19,0.18,0.2,0.18,0.17,0.16,0.16,0.16,0.15,0.14,1.0,0.99,0.67,0.69,0.71,0.76,0.81,0.89,1.0,0.96,1.0,1.0,1.0,1.0,1.0,1.0,1.0,1.0,1.0,0.66,0.64,0.63,0.62,0.59,0.56,0.56,0.53,0.52,0.52,0.49,0.41,0.43,0.42,0.45,0.4,0.39,0.38,0.37,0.35,0.35,0.33,0.0,0.0,78.0,88.0,60.0,89.0,43.0,54.0,20.0,31.0,25.0,21.0,3.0,5.0,496.0,16.0,,1.0,,3.0,,,,,,1.0,,,,,,3.0,,,,1.0,1.0,,,,,,,,,,,,,,,,,,,,,,0.0,0.0,0.0,0.0,,,,,,,,,,,,,,,,,,,,,,,,,,,,,,,,,,,,,,,,,,,,,,,,,,,1719475532617278.0,"🗣️ “El Presidente #GustavoPetro y el Ministro de Salud, Guillermo Alfonso Jaramillo, son unos indolentes”, @claudialopezcl, candidata presidencial, a propósito de la muerte del pequeño Kevin Acosta, quien no recibió su medicina para la hemofilia.",,https://www.facebook.com/reel/768574272969027/,1.0,0.0,Vídeos,,,962.0,56.0,55.0,,,1.0,962.0,0.0,616.0,0.0,522.0,0.0,0.0,1.0,1.0,,,,,,,,,
,,100036645439789,360 Radio Colombia,"😡 “Voy a interponer una queja disciplinaria contra el Ministro de Salud, Gustavo Jaramillo, por la negligencia en el caso del pequeño Kevin Arley. Los niños son primero y su derecho a jugar no puede ser la excusa para tapar el desastre de un gobierno indolente”. 

🇨🇴 @palomavalencial, candidata presidencial.",46,02/17/2026 13:15,,,Total,307,165,0,3043.366,11.355,163,0,12,10,1,1,2948.522,94.831,0.013,0.0,4.742,11.938,0.013,0.0,1.0,1.0,0.95,1.0,0.85,0.73,0.61,0.57,0.52,0.45,0.41,0.38,0.33,0.3,0.29,0.27,0.27,0.26,0.26,0.26,0.26,0.24,0.24,0.24,0.24,0.24,0.24,0.23,0.23,0.22,0.22,0.22,0.22,0.22,0.21,0.21,0.21,0.21,0.21,0.21,0.2,1.0,1.0,0.9,0.9,0.94,0.94,1.0,1.0,1.0,1.0,1.0,1.0,1.0,1.0,1.0,1.0,1.0,1.0,1.0,0.9,0.9,0.83,0.83,0.83,0.81,0.81,0.81,0.79,0.79,0.77,0.75,0.75,0.75,0.75,0.73,0.71,0.71,0.71,0.71,0.71,0.69,0.0,0.0,31.0,36.0,32.0,14.0,6.0,15.0,7.0,11.0,5.0,4.0,,,152.0,8.0,2.0,,,,,,,,1.0,,,,2.0,,,,,,,,,,,,,,,,,,,,,,,,,,,,,,0.0,0.0,0.0,0.0,,,,,,,,,,,,,,,,,,,,,,,,,,,,,,,,,,,,,,,,,,,,,,,,,,,1719468612617970.0,"😡 “Voy a interponer una queja disciplinaria contra el Ministro de Salud, Gustavo Jaramillo, por la negligencia en el caso del pequeño Kevin Arley. Los niños son primero y su derecho a jugar no puede ser la excusa para tapar el desastre de un gobierno indolente”. 

🇨🇴 @palomavalencial, candidata presidencial.",,https://www.facebook.com/reel/1314273707236293/,1.0,0.0,Vídeos,,,291.0,7.0,7.0,,,,291.0,0.0,307.0,0.0,165.0,0.0,0.0,2.0,1.0,,,,,,,,,
,,100036645439789,360 Radio Colombia,"😡 En vídeo quedó registrado el momento en el que es asaltada una joyería en San Andresito de San José, en #Bogotá. Dos delincuentes armados y encapuchados intimidaron a trabajadores y robaron prendas de la tienda.",29,02/17/2026 12:49,,,Total,270,182,0,3673.174,14.692,182,0,4,4,0,0,2511.665,1161.509,0.0,0.0,10.657,17.814,0.0,0.0,1.0,1.0,1.0,1.0,0.93,0.87,0.82,0.77,0.71,0.63,0.59,0.58,0.52,0.51,0.45,0.45,0.4,0.38,0.37,0.35,0.34,0.34,0.32,0.32,0.31,0.31,0.3,0.3,0.29,0.28,,0.21,0.2,0.24,,,,,,,,1.0,1.0,0.99,1.0,1.0,1.0,1.0,1.0,1.0,1.0,1.0,1.0,1.0,1.0,1.0,1.0,1.0,1.0,1.0,0.91,0.9,0.9,0.84,0.84,0.83,0.81,0.8,0.78,0.75,0.74,,0.57,0.54,0.64,,,,,,,,0.0,0.0,15.0,29.0,12.0,24.0,17.0,19.0,14.0,17.0,13.0,11.0,5.0,3.0,157.0,15.0,2.0,1.0,,3.0,,1.0,,,,1.0,,,1.0,,,,,,1.0,,,,,,,,,,,,,,,,,,,,,,,,0.0,0.0,0.0,0.0,,,,,,,,,,,,,,,,,,,,,,,,,,,,,,,,,,,,,,,,,,,,,,,,,,,1719455699285928.0,"😡 En vídeo quedó registrado el momento en el que es asaltada una joyería en San Andresito de San José, en #Bogotá. Dos delincuentes armados y encapuchados intimidaron a trabajadores y robaron prendas de la tienda.",,https://www.facebook.com/reel/2424192804706011/,1.0,0.0,Vídeos,,,307.0,5.0,5.0,,,,306.0,0.0,270.0,0.0,182.0,0.0,0.0,0.0,0.0,,,,,,,,,
,,100036645439789,360 Radio Colombia,"🔻 Deportivo Independiente Medellín será Colombia, hoy, en la #CopaLibertadores. ‘El Poderoso’ enfrentará a Liverpool a las 07:30 p.m.",51,02/17/2026 12:31,,,Total,40,17,0,153.089,3.001,17,0,2,1,0,1,138.772,14.317,0.0,0.0,0.796,4.206,0.0,0.0,1.0,1.0,0.76,1.0,0.47,0.35,0.29,0.24,0.12,0.12,0.12,0.12,0.12,0.12,0.12,0.06,0.0,0.0,0.0,0.0,0.0,0.0,0.0,0.0,0.0,0.0,0.0,0.0,0.0,0.0,0.0,0.0,0.0,0.0,0.0,0.0,0.0,0.0,0.0,0.0,0.0,1.0,1.0,0.0,0.0,0.0,0.5,1.0,1.0,1.0,1.0,1.0,1.0,1.0,1.0,1.0,1.0,1.0,1.0,1.0,0.0,0.0,0.0,0.0,0.0,0.0,0.0,0.0,0.0,0.0,0.0,0.0,0.0,0.0,0.0,0.0,0.0,0.0,0.0,0.0,0.0,0.0,0.0,0.0,,,,,,,,,,,,,,,,,,,,,,,,,,,,,,,,,,,,,,,,,,,,,,,,,,,,,,,,,0.0,0.0,0.0,0.0,,,,,,,,,,,,,,,,,,,,,,,,,,,,,,,,,,,,,,,,,,,,,,,,,,,1719446279286870.0,"🔻 Deportivo Independiente Medellín será Colombia, hoy, en la #CopaLibertadores. ‘El Poderoso’ enfrentará a Liverpool a las 07:30 p.m.",,https://www.facebook.com/reel/772475849238489/,1.0,0.0,Vídeos,,,51.0,0.0,,,,,51.0,0.0,40.0,0.0,17.0,0.0,0.0,0.0,0.0,,,,,,,,,
,,100036645439789,360 Radio Colombia,"🚨 Crisis política en Perú

El Congreso destituyó este 17 de febrero al presidente interino José Jerí, a menos de dos meses de las elecciones generales.

Jerí había asumido el poder tras la salida de Dina Boluarte, pero perdió el respaldo parlamentario en medio de cuestionamientos políticos y denuncias que terminaron por acelerar su caída.",0,02/17/2026 11:59,,,Total,341,0,0,,,0,0,4,2,0,2,0.0,0.0,0.0,0.0,0.0,0.0,0.0,0.0,,,,,,,,,,,,,,,,,,,,,,,,,,,,,,,,,,,,,,,,,,,,,,,,,,,,,,,,,,,,,,,,,,,,,,,,,,,,,,,,,,,,0.0,,,,,,,,,,,,,,,,,,,,,,,,,,,,,,,,,,,,,,,,,,,,,,,,,,,,,,,,,0.0,0.0,0.0,0.0,,,,,,,,,,,,,,,,,,,,,,,,,,,,,,,,,,,,,,,,,,,,,,,,,,,1719424575955707.0,,,https://www.facebook.com/360RadioColombia/posts/pfbid0UPSduMzjaXVV5rhYEhVPaNYZnJe8YobYiJJ4AqZStyHUAR5VNb9g63grWJtfPB7ol,0.0,0.0,Fotos,,,443.0,3.0,2.0,1.0,,,443.0,0.0,341.0,0.0,0.0,0.0,0.0,0.0,0.0,,,,,,,,,
,,100036645439789,360 Radio Colombia,"⛪️ Un sacerdote denunció a un grupo de monjas del sector Alto de la Virgen, en Guarne, por presunto hostigamiento religioso, persecución y difamación.

El caso involucra a un religioso vinculado a la Prelatura Verbum Domini, quien asegura que se habrían vulnerado sus derechos fundamentales, especialmente la libertad de culto.",106,02/17/2026 11:58,,,Total,355,210,59,9285.037,27.228,206,59,3,3,0,0,9152.737,132.3,0.0,0.0,4.725,29.242,0.0,0.0,1.0,0.86,0.72,1.0,0.61,0.5,0.46,0.42,0.4,0.39,0.38,0.38,0.38,0.38,0.37,0.35,0.34,0.34,0.34,0.32,0.31,0.3,0.29,0.28,0.28,0.28,0.28,0.28,0.27,0.26,0.26,0.26,0.26,0.26,0.25,0.25,0.25,0.25,0.25,0.25,0.24,1.0,0.82,0.73,0.73,0.74,0.75,0.8,0.82,1.0,0.82,0.82,0.84,0.87,0.91,0.99,1.0,1.0,1.0,1.0,0.69,0.68,0.64,0.63,0.61,0.6,0.6,0.6,0.6,0.59,0.57,0.56,0.57,0.57,0.57,0.55,0.55,0.55,0.55,0.54,0.54,0.53,0.0,0.0,32.0,40.0,32.0,20.0,11.0,33.0,7.0,13.0,7.0,10.0,,1.0,188.0,10.0,5.0,,,3.0,,,,,,,,,1.0,,,2.0,,,,,,,,,,,,,,1.0,,,,,,,,,,,,,0.0,0.0,0.0,0.0,,,,,,,,,,,,,,,,,,,,,,,,,,,,,,,,,,,,,,,,,,,,,,,,,,,1719424139289084.0,"⛪️ Un sacerdote denunció a un grupo de monjas del sector Alto de la Virgen, en Guarne, por presunto hostigamiento religioso, persecución y difamación.

El caso involucra a un religioso vinculado a la Prelatura Verbum Domini, quien asegura que se habrían vulnerado sus derechos fundamentales, especialmente la libertad de culto.",,https://www.facebook.com/reel/1686710562555893/,1.0,0.0,Vídeos,,,392.0,18.0,18.0,,,,390.0,0.0,355.0,0.0,210.0,0.0,0.0,0.0,0.0,,,,,,,,,
,,100036645439789,360 Radio Colombia,"🏟️La Administración Distrital presentó oficialmente la solicitud de licencia para renovar el Estadio Atanasio Girardot.

De mantenerse el cronograma previsto, los trabajos iniciarían a finales de julio de 2026.

La ciudad se prepara para dar un salto en infraestructura deportiva y posicionar su estadio entre los más modernos de la región.",58,02/17/2026 11:20,,,Total,72,40,0,824.533,11.294,39,0,3,2,0,1,541.756,282.777,0.0,0.0,10.877,11.527,0.0,0.0,0.98,0.98,0.85,0.98,0.73,0.7,0.65,0.6,0.5,0.48,0.4,0.35,0.35,0.35,0.33,0.33,0.3,0.25,0.23,0.2,0.2,0.2,0.18,0.18,0.18,0.18,0.18,0.18,0.18,0.18,0.18,0.18,0.18,0.18,0.18,0.18,0.18,0.18,0.15,0.13,0.1,1.0,0.93,0.6,0.67,0.8,0.87,0.87,0.93,1.0,0.93,1.0,1.0,1.0,1.0,1.0,1.0,1.0,1.0,1.0,0.53,0.53,0.53,0.47,0.47,0.47,0.47,0.47,0.47,0.47,0.47,0.47,0.47,0.47,0.47,0.47,0.47,0.47,0.47,0.4,0.33,0.27,0.0,0.0,,,,,,,,,,,,,,,,,,,,,,,,,,,,,,,,,,,,,,,,,,,,,,,,,,,,,,,,,0.0,0.0,0.0,0.0,,,,,,,,,,,,,,,,,,,,,,,,,,,,,,,,,,,,,,,,,,,,,,,,,,,1719401212624710.0,"🏟️La Administración Distrital presentó oficialmente la solicitud de licencia para renovar el Estadio Atanasio Girardot.

De mantenerse el cronograma previsto, los trabajos iniciarían a finales de julio de 2026.

La ciudad se prepara para dar un salto en infraestructura deportiva y posicionar su estadio entre los más modernos de la región.",,https://www.facebook.com/reel/1219826503636831/,1.0,0.0,Vídeos,,,79.0,2.0,2.0,,,,79.0,0.0,72.0,0.0,40.0,0.0,0.0,0.0,0.0,,,,,,,,,
,,100036645439789,360 Radio Colombia,"🏟️ Medellín va por un mejor estadio de fútbol.

La Alcaldía radicó la licencia para modernizar el Estadio Atanasio Girardot, un proyecto que contempla:

💰 Inversión superior a $752.000 millones
👥 Aumento de capacidad: de 45.200 a casi 60.000 personas
⚽ Nuevo campo de juego con tecnología de alto nivel
🎥 Modernización en seguridad, iluminación y sonido
♿ Más accesibilidad y mejores espacios para los asistentes

Si se cumplen los tiempos proyectados, las obras comenzarían a finales de julio de 2026.

¿Está Medellín lista para tener uno de los estadios más modernos de América Latina? 🔥

#AtanasioGirardot #Medellín #Infraestructura #Fútbol #ObrasPúblicas",0,02/17/2026 10:57,,,Total,268,0,0,,,0,0,4,3,0,1,0.0,0.0,0.0,0.0,0.0,0.0,0.0,0.0,,,,,,,,,,,,,,,,,,,,,,,,,,,,,,,,,,,,,,,,,,,,,,,,,,,,,,,,,,,,,,,,,,,,,,,,,,,,,,,,,,,,0.0,,,,,,,,,,,,,,,,,,,,,,,,,,,,,,,,,,,,,,,,,,,,,,,,,,,,,,,,,0.0,0.0,0.0,0.0,,,,,,,,,,,,,,,,,,,,,,,,,,,,,,,,,,,,,,,,,,,,,,,,,,,1719385665959598.0,,,https://www.facebook.com/360RadioColombia/posts/pfbid0td5wyuBxdAG6d9HyoCF6STQf48c19tTb6jiLt2gVktqxCps7iFU9biQgzcTrtSj1l,0.0,0.0,Fotos,,,408.0,9.0,,9.0,,,408.0,0.0,268.0,0.0,0.0,0.0,0.0,0.0,0.0,,,,,,,,,
,,100036645439789,360 Radio Colombia,"🏥 La indiferencia del Estado no es un concepto abstracto: tiene consecuencias reales y, a veces, irreversibles. Cuando las alertas no se escuchan y las decisiones se aplazan, el costo lo pagan las familias. El caso de Kevin se convierte en un símbolo doloroso de esas fallas. No admite lecturas ideológicas ni atajos discursivos. Se trata, ante todo, de una vida que se perdió en un país cuyo Gobierno se proclama defensor de la vida.

Las declaraciones del ministro de Salud, Guillermo Alfonso Jaramillo, y del presidente Gustavo Petro no solo generaron controversia. También dejaron en evidencia una desconexión frente a la realidad que viven miles de familias en el sistema de salud. Minimizar o desviar la discusión no responde a la gravedad de lo ocurrido. La ciudadanía espera empatía, responsabilidad y acciones concretas. Porque detrás de cada cifra hay una historia que merece respeto.

Cada muerte asociada a una posible negligencia médica exige una revisión seria, transparente y profundamente humana. No se trata de buscar culpables a la ligera, sino de garantizar verdad y justicia. El sistema debe estar al servicio de la vida, sin excusas ni cálculos políticos. La confianza pública se construye con respuestas claras y decisiones oportunas. Ignorar el fondo del problema solo perpetúa el dolor y la desconfianza.",0,02/17/2026 10:48,,,Total,122,0,0,,,0,0,3,1,0,2,0.0,0.0,0.0,0.0,0.0,0.0,0.0,0.0,,,,,,,,,,,,,,,,,,,,,,,,,,,,,,,,,,,,,,,,,,,,,,,,,,,,,,,,,,,,,,,,,,,,,,,,,,,,,,,,,,,,0.0,,,,,,,,,,,,,,,,,,,,,,,,,,,,,,,,,,,,,,,,,,,,,,,,,,,,,,,,,0.0,0.0,0.0,0.0,,,,,,,,,,,,,,,,,,,,,,,,,,,,,,,,,,,,,,,,,,,,,,,,,,,1719379799293518.0,,,https://www.facebook.com/360RadioColombia/posts/pfbid0335L3vTJ6eGSryUCz2nmribSqjR6oYrxtLJpNiYDXeaq81dueQvkpccvK5uLvLVMol,0.0,0.0,Fotos,,,156.0,2.0,,2.0,,,156.0,0.0,122.0,0.0,0.0,0.0,0.0,0.0,0.0,,,,,,,,,
,,100036645439789,360 Radio Colombia,"🇨🇺 “Cuba es, ahora mismo, una nación fallida, y una verdadera amenaza humanitaria”.

🇺🇸 Presidente de #EstadosUnidos, Donald Trump, sobre la dictadura en Cuba.",69,02/17/2026 07:55,,,Total,62,32,0,331.813,5.821,32,0,2,1,0,1,296.788,35.025,0.0,0.0,3.185,6.452,0.0,0.0,0.97,0.97,0.66,0.97,0.5,0.38,0.28,0.28,0.19,0.09,0.06,0.06,0.03,0.0,0.0,0.0,0.0,0.0,0.0,0.0,0.0,0.0,0.0,0.03,0.03,0.03,0.03,0.03,0.0,0.0,0.0,0.0,0.0,0.0,0.0,0.0,0.0,0.0,0.0,0.0,0.0,1.0,0.67,0.0,0.0,0.0,0.0,0.0,0.0,1.0,0.33,0.67,1.0,1.0,1.0,1.0,1.0,1.0,1.0,1.0,0.0,0.0,0.0,0.0,0.0,0.0,0.0,0.0,0.0,0.0,0.0,0.0,0.0,0.0,0.0,0.0,0.0,0.0,0.0,0.0,0.0,0.0,0.0,0.0,,,,,,,,,,,,,,,,,,,,,,,,,,,,,,,,,,,,,,,,,,,,,,,,,,,,,,,,,0.0,0.0,0.0,0.0,,,,,,,,,,,,,,,,,,,,,,,,,,,,,,,,,,,,,,,,,,,,,,,,,,,1719261985971966.0,"🇨🇺 “Cuba es, ahora mismo, una nación fallida, y una verdadera amenaza humanitaria”.

🇺🇸 Presidente de #EstadosUnidos, Donald Trump, sobre la dictadura en Cuba.",,https://www.facebook.com/reel/1299614228755397/,1.0,0.0,Vídeos,,,60.0,6.0,6.0,,,,60.0,0.0,62.0,0.0,32.0,0.0,0.0,0.0,0.0,,,,,,,,,
,,100036645439789,360 Radio Colombia,"🗣️ “Esta semana habrá un incremento de las lluvias en el país. 6 represas se mantienen en alerta roja”.

La Ministra de Ambiente, Irene Vélez, en el Consejo de Ministros.",103,02/17/2026 07:27,,,Total,72,43,1,588.61,9.493,43,1,4,2,1,1,579.632,8.978,0.0,0.0,2.993,9.825,0.0,0.0,1.0,0.63,0.4,1.0,0.3,0.23,0.19,0.16,0.14,0.14,0.14,0.12,0.12,0.09,0.07,0.05,0.05,0.05,0.02,0.02,0.02,0.02,0.02,0.02,0.02,0.02,0.02,0.02,0.02,0.02,0.02,0.02,0.02,0.02,0.02,0.02,0.02,0.02,0.02,0.02,0.02,1.0,0.56,0.11,0.22,0.22,0.22,0.33,0.44,1.0,0.56,0.67,0.67,0.67,0.78,0.89,1.0,1.0,1.0,1.0,0.11,0.11,0.11,0.11,0.11,0.11,0.11,0.11,0.11,0.11,0.11,0.11,0.11,0.11,0.11,0.11,0.11,0.11,0.11,0.11,0.11,0.11,0.0,0.0,,,,,,,,,,,,,,,,,,,,,,,,,,,,,,,,,,,,,,,,,,,,,,,,,,,,,,,,,0.0,0.0,0.0,0.0,,,,,,,,,,,,,,,,,,,,,,,,,,,,,,,,,,,,,,,,,,,,,,,,,,,1719240802640751.0,"🗣️ “Esta semana habrá un incremento de las lluvias en el país. 6 represas se mantienen en alerta roja”.

La Ministra de Ambiente, Irene Vélez, en el Consejo de Ministros.",,https://www.facebook.com/reel/1604648517444588/,1.0,0.0,Vídeos,,,68.0,3.0,3.0,,,,67.0,0.0,72.0,0.0,43.0,0.0,0.0,0.0,0.0,,,,,,,,,
,,100036645439789,360 Radio Colombia,"🗣️ “Si a un niño hemofílico no se le deja subir a la bicicleta pues tiene menos riesgos, es un tema de prevención. Pero hay que saber si el médico o el sistema de salud no enseña, pues las mamás no salen aprendidas menos en niveles educativos muy deficitarios que hay en Colombia”, #GustavoPetro, Presidente de #Colombia, sobre el fallecimiento de Kevin Acosta.",47,02/17/2026 06:45,,,Total,164,89,0,1916.243,12.774,87,0,11,2,8,1,1680.76,235.483,0.0,0.0,9.058,13.555,0.0,0.0,1.0,1.0,0.94,1.0,0.87,0.76,0.71,0.63,0.6,0.56,0.52,0.51,0.49,0.47,0.45,0.45,0.44,0.4,0.36,0.35,0.34,0.34,0.31,0.28,0.27,0.27,0.22,0.22,0.22,0.22,0.16,0.17,0.17,0.19,0.16,0.15,0.15,0.15,0.13,0.12,0.12,1.0,1.0,0.76,0.86,0.93,0.95,0.95,1.0,1.0,1.0,1.0,1.0,1.0,1.0,1.0,1.0,1.0,1.0,1.0,0.74,0.71,0.71,0.67,0.6,0.57,0.57,0.48,0.48,0.48,0.48,0.33,0.36,0.36,0.4,0.33,0.31,0.31,0.31,0.29,0.26,0.26,0.0,0.0,,,,,,,,,,,,,,,,,,,,,,,,,,,,,,,,,,,,,,,,,,,,,,,,,,,,,,,,,0.0,0.0,0.0,0.0,,,,,,,,,,,,,,,,,,,,,,,,,,,,,,,,,,,,,,,,,,,,,,,,,,,1719208379310660.0,"🗣️ “Si a un niño hemofílico no se le deja subir a la bicicleta pues tiene menos riesgos, es un tema de prevención. Pero hay que saber si el médico o el sistema de salud no enseña, pues las mamás no salen aprendidas menos en niveles educativos muy deficitarios que hay en Colombia”, #GustavoPetro, Presidente de #Colombia, sobre el fallecimiento de Kevin Acosta.",,https://www.facebook.com/reel/26110645861865218/,1.0,0.0,Vídeos,,,175.0,27.0,27.0,,,,173.0,0.0,164.0,0.0,89.0,0.0,0.0,0.0,0.0,,,,,,,,,
,,100036645439789,360 Radio Colombia,"⚽️ El 10 cumplió: un barbero se ofreció a cortarle el pelo a #JamesRodríguez, quien le dijo que después de almuerzo podía y así fue.",33,02/17/2026 06:24,,,Total,699,372,0,7051.903,10.733,372,0,28,26,0,2,2060.61,4991.293,0.0,0.0,10.043,12.879,0.0,0.0,1.0,1.0,1.0,1.0,0.94,0.87,0.78,0.73,0.65,0.61,0.57,0.54,0.47,0.45,0.43,0.4,0.39,0.38,0.36,0.35,0.34,0.33,0.33,0.32,0.32,0.31,0.31,0.31,0.31,0.3,0.27,0.28,0.27,0.3,0.26,0.24,0.23,,,,,0.99,1.0,0.96,1.0,1.0,1.0,1.0,1.0,0.99,1.0,1.0,1.0,1.0,1.0,1.0,1.0,1.0,0.99,0.99,0.94,0.9,0.89,0.87,0.86,0.84,0.84,0.82,0.82,0.81,0.81,0.72,0.74,0.73,0.79,0.69,0.64,0.6,,,,,0.0,0.01,31.0,34.0,30.0,40.0,48.0,29.0,41.0,36.0,43.0,26.0,2.0,7.0,232.0,72.0,7.0,11.0,1.0,22.0,1.0,,,1.0,1.0,1.0,,,,,,3.0,1.0,1.0,,,,,4.0,1.0,4.0,,1.0,,1.0,,,,,2.0,1.0,1.0,1.0,1.0,1.0,,,,0.0,0.0,0.0,0.0,,,,,,,,,,,,,,,,,,,,,,,,,,,,,,,,,,,,,,,,,,,,,,,,,,,1719192365978928.0,"⚽️ El 10 cumplió: un barbero se ofreció a cortarle el pelo a #JamesRodríguez, quien le dijo que después de almuerzo podía y así fue.",,https://www.facebook.com/reel/2005042750045503/,1.0,0.0,Vídeos,,,746.0,24.0,24.0,,,,745.0,0.0,699.0,0.0,372.0,0.0,0.0,0.0,0.0,,,,,,,,,
,,100036645439789,360 Radio Colombia,"🗣️ “El hecho de que no bajen las tarifas de energía, pese a que los embalses del país están desbordados, evidencia irresponsabilidad y codicia. Quieren favorecer a politiqueros de Córdoba, el hecho de los colombianos estén pagando 10 veces más por el servicio de energía es una estafa”.

🇨🇴 Gustavo Petro, Presidente de #Colombia.",69,02/17/2026 06:20,,,Total,400,239,36,5344.939,15.141,234,36,6,4,1,1,4279.727,1047.785,17.427,0.0,9.613,17.759,5.809,0.0,1.0,0.97,0.79,1.0,0.64,0.54,0.5,0.45,0.41,0.39,0.37,0.35,0.33,0.31,0.28,0.27,0.25,0.24,0.21,0.21,0.21,0.21,0.19,0.19,0.18,0.18,0.18,0.18,0.17,0.16,0.15,0.15,0.15,0.16,0.15,0.15,0.15,0.15,0.14,0.13,0.13,1.0,0.88,0.54,0.62,0.64,0.68,0.7,0.8,1.0,0.83,0.94,1.0,1.0,1.0,1.0,1.0,1.0,1.0,1.0,0.54,0.54,0.53,0.49,0.48,0.47,0.47,0.47,0.47,0.43,0.41,0.38,0.38,0.38,0.4,0.38,0.38,0.37,0.37,0.36,0.34,0.34,0.0,0.0,43.0,53.0,20.0,34.0,18.0,14.0,23.0,12.0,11.0,6.0,1.0,,217.0,8.0,4.0,,,4.0,,,,,,1.0,,,1.0,,,1.0,,,,,,,,1.0,,,,,1.0,,,,,1.0,,,,,,,,,0.0,0.0,0.0,0.0,,,,,,,,,,,,,,,,,,,,,,,,,,,,,,,,,,,,,,,,,,,,,,,,,,,1719188999312598.0,"🗣️ “El hecho de que no bajen las tarifas de energía, pese a que los embalses del país están desbordados, evidencia irresponsabilidad y codicia. Quieren favorecer a politiqueros de Córdoba, el hecho de los colombianos estén pagando 10 veces más por el servicio de energía es una estafa”.

🇨🇴 Gustavo Petro, Presidente de #Colombia.",,https://www.facebook.com/reel/883582641154072/,1.0,0.0,Vídeos,,,388.0,20.0,20.0,,,,388.0,0.0,400.0,0.0,239.0,0.0,0.0,0.0,0.0,,,,,,,,,
,,100036645439789,360 Radio Colombia,"🗣️ “El niño tuvo un accidente craneosefalico y es entendible que los niños que sufren de hemofilia tienen que estar restringidos de ciertas actividades”

📂 Guillermo Jaramillo, Ministro de Salud.",31,02/17/2026 05:49,,,Total,393,192,0,3674.266,10.234,187,0,30,12,15,3,1615.088,1965.554,93.624,0.0,8.815,12.819,9.363,0.0,1.0,1.0,1.0,1.0,0.92,0.85,0.79,0.73,0.66,0.61,0.57,0.51,0.46,0.43,0.41,0.39,0.36,0.35,0.35,0.34,0.33,0.32,0.31,0.29,0.29,0.28,0.26,0.26,0.26,0.25,,0.24,0.23,0.24,,,,,,,,1.0,1.0,0.97,0.99,1.0,1.0,1.0,1.0,1.0,1.0,1.0,1.0,1.0,1.0,1.0,1.0,1.0,1.0,1.0,0.94,0.91,0.9,0.87,0.81,0.8,0.78,0.72,0.71,0.71,0.7,,0.68,0.64,0.68,,,,,,,,0.0,0.0,17.0,28.0,16.0,22.0,17.0,17.0,7.0,27.0,19.0,9.0,4.0,,180.0,5.0,,1.0,1.0,3.0,,,,,,1.0,,,,,,,,,,,,,,,,,1.0,,,,,,,,,,,,,,,,0.0,0.0,0.0,0.0,,,,,,,,,,,,,,,,,,,,,,,,,,,,,,,,,,,,,,,,,,,,,,,,,,,1719163482648483.0,"🗣️ “El niño tuvo un accidente craneosefalico y es entendible que los niños que sufren de hemofilia tienen que estar restringidos de ciertas actividades”

📂 Guillermo Jaramillo, Ministro de Salud.",,https://www.facebook.com/reel/4266075353538527/,1.0,0.0,Vídeos,,,423.0,50.0,50.0,,,,423.0,0.0,393.0,0.0,192.0,0.0,0.0,0.0,0.0,,,,,,,,,
,,100036645439789,360 Radio Colombia,"La Alcaldía de Medellín avanza en los trámites para la renovación del Estadio Atanasio Girardot, un proyecto que entraría en fase de construcción a finales de julio. Para conocer cuánto costará en total esta obra, siga el link del primer comentario.",0,02/16/2026 18:22,,,Total,3968,0,0,,,0,0,71,57,10,4,0.0,0.0,0.0,0.0,0.0,0.0,0.0,0.0,,,,,,,,,,,,,,,,,,,,,,,,,,,,,,,,,,,,,,,,,,,,,,,,,,,,,,,,,,,,,,,,,,,,,,,,,,,,,,,,,,,,0.05,,,,,,,,,,,,,,,,,,,,,,,,,,,,,,,,,,,,,,,,,,,,,,,,,,,,,,,,,0.0,0.0,0.0,0.0,,,,,,,,,,,,,,,,,,,,,,,,,,,,,,,,,,,,,,,,,,,,,,,,,,,1718741036024061.0,,,https://www.facebook.com/360RadioColombia/posts/pfbid02ViKqvpRuia3GPfLX2GiQycv52oMu5WJm5C4xSLLbggNKSfi5pBbbMYPesRatzZBfl,0.0,0.0,Fotos,,,5933.0,105.0,65.0,40.0,,,5933.0,0.0,3968.0,0.0,0.0,0.0,0.0,0.0,0.0,,,,,,,,,
,,100036645439789,360 Radio Colombia,"La Alcaldía de #Medellín adelanta una investigación contra ocho edificaciones levantadas sin licencia en el corregimiento de San Sebastián de Palmitas. Para conocer las repercusiones que esto puede tener, siga el link del primer comentario.",0,02/16/2026 18:14,,,Total,307,0,0,,,0,0,5,1,2,2,0.0,0.0,0.0,0.0,0.0,0.0,0.0,0.0,,,,,,,,,,,,,,,,,,,,,,,,,,,,,,,,,,,,,,,,,,,,,,,,,,,,,,,,,,,,,,,,,,,,,,,,,,,,,,,,,,,,0.0,,,,,,,,,,,,,,,,,,,,,,,,,,,,,,,,,,,,,,,,,,,,,,,,,,,,,,,,,0.0,0.0,0.0,0.0,,,,,,,,,,,,,,,,,,,,,,,,,,,,,,,,,,,,,,,,,,,,,,,,,,,1718736216024543.0,,,https://www.facebook.com/360RadioColombia/posts/pfbid02qyRguXNtybed1YmLwH8rZV3cHfgrbfSw1PB54ippAMyckwT6pgioPm8QnDqqm47Cl,0.0,0.0,Fotos,,,466.0,6.0,4.0,2.0,,,466.0,0.0,307.0,0.0,0.0,0.0,0.0,0.0,0.0,,,,,,,,,
,,100036645439789,360 Radio Colombia,"Luego de conocerse el balance reciente del desempeño económico del país, el presidente Gustavo Petro responsabilizó al Banco de la República por el freno en la inversión. Para conocer las tasas de esta entidad, siga el link del primer comentario.",0,02/16/2026 18:08,,,Total,822,0,0,,,0,0,34,22,10,2,0.0,0.0,0.0,0.0,0.0,0.0,0.0,0.0,,,,,,,,,,,,,,,,,,,,,,,,,,,,,,,,,,,,,,,,,,,,,,,,,,,,,,,,,,,,,,,,,,,,,,,,,,,,,,,,,,,,0.01,,,,,,,,,,,,,,,,,,,,,,,,,,,,,,,,,,,,,,,,,,,,,,,,,,,,,,,,,0.0,0.0,0.0,0.0,,,,,,,,,,,,,,,,,,,,,,,,,,,,,,,,,,,,,,,,,,,,,,,,,,,1718732709358227.0,,,https://www.facebook.com/360RadioColombia/posts/pfbid02jDFbpWV7MqCPrx2JBNMHCz55dhGaHu78Mc2qwMm418hua62Kt9X5WTVxg5B2d3WVl,0.0,0.0,Fotos,,,1099.0,26.0,24.0,2.0,,,1099.0,0.0,822.0,0.0,0.0,0.0,0.0,1.0,1.0,1.0,1.0,,,,,,,
,,100036645439789,360 Radio Colombia,"😂 En el #CarnavalDeBarranquilla 2026 hay creatividad por doquier. Una comparsa se robó la atención al llevar la temática de la captura de Nicolás Maduro, en la que se ve, además, al presidente de #EstadosUnidos, Donald Trump.",21,02/16/2026 17:02,,,Total,336,241,0,3846.607,11.181,234,0,7,5,0,2,3293.606,553.001,0.0,0.0,13.826,10.835,0.0,0.0,1.0,1.0,1.0,1.0,0.98,0.92,0.88,0.83,0.78,0.7,0.6,0.56,0.53,0.49,0.44,0.4,0.37,0.34,0.33,0.32,0.29,0.25,0.24,0.24,0.24,,,,,,,,,,,,,,,,,1.0,1.0,1.0,1.0,1.0,1.0,1.0,1.0,1.0,1.0,1.0,1.0,1.0,1.0,1.0,1.0,1.0,1.0,1.0,0.96,0.89,0.75,0.74,0.74,0.71,,,,,,,,,,,,,,,,,0.0,0.0,41.0,38.0,32.0,30.0,21.0,21.0,19.0,13.0,11.0,9.0,1.0,1.0,200.0,16.0,15.0,3.0,2.0,1.0,1.0,1.0,1.0,1.0,,,,,,,,,,,,,,,,,,,,,,,,,,,,,,,,,,,0.0,0.0,0.0,0.0,,,,,,,,,,,,,,,,,,,,,,,,,,,,,,,,,,,,,,,,,,,,,,,,,,,1718696226028542.0,"😂 En el #CarnavalDeBarranquilla 2026 hay creatividad por doquier. Una comparsa se robó la atención al llevar la temática de la captura de Nicolás Maduro, en la que se ve, además, al presidente de #EstadosUnidos, Donald Trump.",,https://www.facebook.com/reel/788983007555799/,1.0,0.0,Vídeos,,,438.0,13.0,13.0,,,,438.0,0.0,336.0,0.0,241.0,0.0,0.0,0.0,0.0,,,,,,,,,
,,100036645439789,360 Radio Colombia,"🌎 En video quedan registrados los comportamientos de personas que se reconocen, de forma inconsciente, como animales: el fenómeno #Therian. A nivel mundial la discusión ha girado entorno a si esto es normal.",119,02/16/2026 16:45,,,Total,450,311,31,8185.114,14.41,300,31,12,5,3,4,5275.056,2794.322,115.736,0.0,10.916,17.762,7.716,0.0,1.0,0.81,0.6,0.99,0.51,0.43,0.35,0.33,0.3,0.26,0.22,0.22,0.2,0.17,0.15,0.15,0.14,0.13,0.13,0.12,0.11,0.1,0.1,0.1,0.09,0.09,0.09,0.1,0.09,0.09,0.07,0.08,0.07,0.08,0.06,0.05,0.05,0.05,0.05,0.05,0.04,1.0,0.51,0.28,0.3,0.33,0.34,0.36,0.39,1.0,0.47,0.51,0.6,0.69,0.76,0.81,0.99,1.0,1.0,1.0,0.26,0.24,0.22,0.22,0.22,0.22,0.21,0.22,0.22,0.21,0.22,0.16,0.18,0.16,0.19,0.14,0.13,0.11,0.11,0.1,0.1,0.1,0.0,0.01,26.0,36.0,27.0,33.0,29.0,19.0,43.0,19.0,27.0,26.0,9.0,13.0,251.0,37.0,6.0,4.0,,3.0,3.0,,,,2.0,1.0,1.0,1.0,1.0,1.0,,,,,,,,,,,,,,,,,,,,,,,,,,,,,0.0,0.0,0.0,0.0,,,,,,,,,,,,,,,,,,,,,,,,,,,,,,,,,,,,,,,,,,,,,,,,,,,1718687519362746.0,"🌎 En video quedan registrados los comportamientos de personas que se reconocen, de forma inconsciente, como animales: el fenómeno #Therian. A nivel mundial la discusión ha girado entorno a si esto es normal.",,https://www.facebook.com/reel/938740408838694/,1.0,0.0,Vídeos,,,633.0,38.0,38.0,,,,631.0,0.0,450.0,0.0,311.0,0.0,0.0,0.0,0.0,,,,,,,,,
,,100036645439789,360 Radio Colombia,"🚨 Una persona fue apuñalada en TransMilenio en medio de una riña con puñal. Aparentemente, el robo de una maleta fue el detonante para la riña, la policía llegó horas después a la estación del transporte público.",86,02/16/2026 16:30,,,Total,1539,1221,493,65391.758,40.767,1200,493,21,15,2,4,60234.419,2142.946,3014.393,0.0,17.008,42.872,41.294,0.0,1.0,0.94,0.85,1.0,0.79,0.73,0.71,0.68,0.67,0.66,0.66,0.65,0.64,0.62,0.61,0.59,0.58,0.58,0.56,0.54,0.52,0.51,0.49,0.46,0.43,0.43,0.42,0.41,0.41,0.4,0.37,0.38,0.38,0.39,0.37,0.37,0.35,0.34,0.33,0.31,0.29,1.0,0.95,0.82,0.84,0.85,0.87,0.89,0.91,1.0,0.94,0.96,0.97,0.97,1.0,1.0,1.0,1.0,1.0,1.0,0.8,0.77,0.74,0.71,0.67,0.63,0.63,0.62,0.61,0.59,0.59,0.55,0.56,0.55,0.58,0.55,0.53,0.51,0.5,0.49,0.46,0.42,0.0,0.02,127.0,202.0,119.0,164.0,141.0,125.0,91.0,84.0,88.0,43.0,8.0,7.0,1082.0,58.0,18.0,7.0,4.0,18.0,2.0,,1.0,1.0,2.0,4.0,3.0,,2.0,,,5.0,,,1.0,,1.0,1.0,3.0,2.0,2.0,1.0,1.0,1.0,1.0,,,,,,,,,,,,,,0.0,0.0,0.0,0.0,,,,,,,,,,,,,,,,,,,,,,,,,,,,,,,,,,,,,,,,,,,,,,,,,,,1718679606030204.0,"🚨 Una persona fue apuñalada en TransMilenio en medio de una riña con puñal. Aparentemente, el robo de una maleta fue el detonante para la riña, la policía llegó horas después a la estación del transporte público.",,https://www.facebook.com/reel/916733197419786/,1.0,0.0,Vídeos,,,1925.0,140.0,140.0,,,,1917.0,0.0,1539.0,0.0,1221.0,0.0,0.0,0.0,0.0,,,,,,,,,
,,100036645439789,360 Radio Colombia,"😯 En la tarde de este lunes, 16 de febrero, la Minga Indígena realizó manifestaciones en el sector CAN, Bogotá, frente a las instalaciones del Ministerio de Trabajo, que desencadenaron en riñas entre los manifestantes y los funcionarios de la entidad.",17,02/16/2026 16:08,,,Total,478,422,0,9256.309,16.708,402,0,22,9,5,8,7396.573,743.452,1116.284,0.0,8.851,19.568,12.134,0.0,1.0,1.0,1.0,1.0,0.98,0.94,0.91,0.87,0.85,0.83,0.8,0.77,0.74,0.7,0.68,0.66,0.63,0.61,0.59,0.57,0.55,,,,,,,,,,,,,,,,,,,,,1.0,1.0,1.0,1.0,1.0,1.0,1.0,1.0,1.0,1.0,1.0,1.0,1.0,1.0,1.0,1.0,1.0,1.0,1.0,0.98,0.95,,,,,,,,,,,,,,,,,,,,,0.0,0.01,68.0,75.0,38.0,54.0,48.0,38.0,23.0,35.0,20.0,8.0,2.0,3.0,389.0,15.0,5.0,,1.0,5.0,1.0,,,,,1.0,,,,,,2.0,,,1.0,,,,,,,,1.0,,,,1.0,,,,,,,,,,,,0.0,0.0,0.0,0.0,,,,,,,,,,,,,,,,,,,,,,,,,,,,,,,,,,,,,,,,,,,,,,,,,,,1718668316031333.0,"😯 En la tarde de este lunes, 16 de febrero, la Minga Indígena realizó manifestaciones en el sector CAN, Bogotá, frente a las instalaciones del Ministerio de Trabajo, que desencadenaron en riñas entre los manifestantes y los funcionarios de la entidad.",,https://www.facebook.com/reel/1312206007620799/,1.0,0.0,Vídeos,,,930.0,54.0,54.0,,,,930.0,0.0,478.0,0.0,422.0,0.0,0.0,0.0,0.0,,,,,,,,,
,,100036645439789,360 Radio Colombia,"⚽️ Neymar le cumplió el sueño a María, la señora fanática de #Santos que había asegurado “si conocía a Ney, podía morir en paz”.",91,02/16/2026 14:53,,,Total,150,91,11,2188.634,15.975,91,11,2,2,0,0,2164.714,23.92,0.0,0.0,3.418,16.652,0.0,0.0,1.0,0.93,0.74,1.0,0.54,0.41,0.36,0.34,0.29,0.27,0.24,0.21,0.21,0.19,0.19,0.16,0.16,0.14,0.14,0.14,0.13,0.12,0.12,0.12,0.12,0.12,0.12,0.12,0.11,0.11,0.1,0.1,0.1,0.1,0.09,0.09,0.09,0.09,0.09,0.09,0.09,1.0,0.58,0.39,0.39,0.45,0.45,0.52,0.52,1.0,0.58,0.67,0.76,0.79,0.94,1.0,1.0,1.0,1.0,1.0,0.39,0.36,0.33,0.33,0.33,0.33,0.33,0.33,0.33,0.3,0.3,0.27,0.27,0.27,0.27,0.24,0.24,0.24,0.24,0.24,0.24,0.24,0.0,0.0,,,,,,,,,,,,,,,,,,,,,,,,,,,,,,,,,,,,,,,,,,,,,,,,,,,,,,,,,0.0,0.0,0.0,0.0,,,,,,,,,,,,,,,,,,,,,,,,,,,,,,,,,,,,,,,,,,,,,,,,,,,1718623589369139.0,"⚽️ Neymar le cumplió el sueño a María, la señora fanática de #Santos que había asegurado “si conocía a Ney, podía morir en paz”.",,https://www.facebook.com/reel/1847957312570415/,1.0,0.0,Vídeos,,,146.0,1.0,1.0,,,,146.0,0.0,150.0,0.0,91.0,0.0,0.0,0.0,0.0,,,,,,,,,
,,100036645439789,360 Radio Colombia,"⚽️ Radamel #Falcao García salió del último partido con #Millonarios por una lesión en el aductor, el pasado sábado. Durante el domingo círculo un video en el que se ve al ‘Tigre’ festejando su cumpleaños número 40, lo que ha llevado algunos hinchas a preguntarse qué tan lesionado está el goleador.",48,02/16/2026 14:27,,,Total,154,88,0,1251.827,8.345,87,0,3,2,0,1,903.142,346.097,2.588,0.0,8.049,8.521,2.588,0.0,0.99,0.99,0.94,0.99,0.77,0.65,0.57,0.44,0.41,0.38,0.33,0.26,0.25,0.23,0.2,0.2,0.19,0.18,0.17,0.16,0.15,0.14,0.14,0.13,0.13,0.13,0.11,0.1,0.1,0.1,0.1,0.1,0.1,0.1,0.1,0.08,0.08,0.08,0.08,0.07,0.07,1.0,1.0,0.7,0.75,0.8,0.85,0.85,0.95,1.0,1.0,1.0,1.0,1.0,1.0,1.0,1.0,1.0,1.0,1.0,0.65,0.65,0.6,0.6,0.55,0.55,0.55,0.5,0.45,0.45,0.45,0.45,0.45,0.45,0.45,0.45,0.35,0.35,0.35,0.35,0.3,0.3,0.0,0.0,,,,,,,,,,,,,,,,,,,,,,,,,,,,,,,,,,,,,,,,,,,,,,,,,,,,,,,,,0.0,0.0,0.0,0.0,,,,,,,,,,,,,,,,,,,,,,,,,,,,,,,,,,,,,,,,,,,,,,,,,,,1718608472703984.0,"⚽️ Radamel #Falcao García salió del último partido con #Millonarios por una lesión en el aductor, el pasado sábado. Durante el domingo círculo un video en el que se ve al ‘Tigre’ festejando su cumpleaños número 40, lo que ha llevado algunos hinchas a preguntarse qué tan lesionado está el goleador.",,https://www.facebook.com/reel/1698787314862350/,1.0,0.0,Vídeos,,,153.0,1.0,1.0,,,,153.0,0.0,154.0,0.0,88.0,0.0,0.0,0.0,0.0,,,,,,,,,
,,100036645439789,360 Radio Colombia,"#Economía | La implementación de inversiones forzosas en Colombia podría aumentar las tasas de interés hasta 100 puntos básicos y frenar el crecimiento económico, advirtió Asobancaria.

Asobancaria Colombia",0,02/16/2026 13:52,,,Total,34,0,0,,,0,0,1,0,0,1,0.0,0.0,0.0,0.0,0.0,0.0,0.0,0.0,,,,,,,,,,,,,,,,,,,,,,,,,,,,,,,,,,,,,,,,,,,,,,,,,,,,,,,,,,,,,,,,,,,,,,,,,,,,,,,,,,,,0.0,,,,,,,,,,,,,,,,,,,,,,,,,,,,,,,,,,,,,,,,,,,,,,,,,,,,,,,,,0.0,0.0,0.0,0.0,,,,,,,,,,,,,,,,,,,,,,,,,,,,,,,,,,,,,,,,,,,,,,,,,,,1718590039372494.0,,,https://www.facebook.com/360RadioColombia/posts/pfbid0jwxNqSmMTpGCjm66TGuTChqazP5pZ194G2ta3Sytms4hLGKskqvQTFx9mvDZd1Xgl,0.0,0.0,Enlaces,,,50.0,0.0,,,,,50.0,0.0,34.0,0.0,0.0,0.0,0.0,0.0,0.0,,,,,,,,,
,,100036645439789,360 Radio Colombia,"⚽ El colombiano Christian González quedó habilitado para negociar una extensión con los #NewEnglandPatriots, en una operación que podría convertirlo en el atleta colombiano mejor pagado de la historia. Para conocer por cuánto tiempo tendrá este salario, siga el link del primer comentario.",0,02/16/2026 13:50,,,Total,88,0,0,,,0,0,2,0,1,1,0.0,0.0,0.0,0.0,0.0,0.0,0.0,0.0,,,,,,,,,,,,,,,,,,,,,,,,,,,,,,,,,,,,,,,,,,,,,,,,,,,,,,,,,,,,,,,,,,,,,,,,,,,,,,,,,,,,0.0,,,,,,,,,,,,,,,,,,,,,,,,,,,,,,,,,,,,,,,,,,,,,,,,,,,,,,,,,0.0,0.0,0.0,0.0,,,,,,,,,,,,,,,,,,,,,,,,,,,,,,,,,,,,,,,,,,,,,,,,,,,1718589106039254.0,,,https://www.facebook.com/360RadioColombia/posts/pfbid02r4ZPu3rJcJoV5wuScAk4DScLpdQGKf6UHCVH7UDxNfxba9onRBhyGdLDPfqhCsDrl,0.0,0.0,Fotos,,,128.0,2.0,2.0,,,,128.0,0.0,88.0,0.0,0.0,0.0,0.0,0.0,0.0,,,,,,,,,
,,100036645439789,360 Radio Colombia,"🚨 Terminó la sesión extraordinaria de la Comisión de Concertación. El Gobierno confirmó que el salario mínimo seguirá en 23,7% y anunció un paquete de ayudas para pymes, buscando proteger empleo.",151,02/16/2026 13:30,,,Total,68,30,1,431.727,8.634,30,1,2,0,1,1,366.125,65.602,0.0,0.0,5.047,9.896,0.0,0.0,0.93,0.57,0.3,1.0,0.27,0.13,0.1,0.1,0.1,0.03,0.03,0.03,0.03,0.03,0.03,0.03,0.03,0.03,0.03,0.03,0.03,0.03,0.03,0.03,0.03,0.0,0.0,0.0,0.0,0.0,0.0,0.0,0.0,0.0,0.0,0.0,0.0,0.0,0.0,0.0,0.0,1.0,0.13,0.13,0.13,0.13,0.13,0.13,0.13,1.0,0.13,0.13,0.13,0.38,0.38,0.38,0.5,1.0,1.0,1.0,0.13,0.13,0.13,0.13,0.13,0.13,0.0,0.0,0.0,0.0,0.0,0.0,0.0,0.0,0.0,0.0,0.0,0.0,0.0,0.0,0.0,0.0,0.0,0.0,,,,,,,,,,,,,,,,,,,,,,,,,,,,,,,,,,,,,,,,,,,,,,,,,,,,,,,,,0.0,0.0,0.0,0.0,,,,,,,,,,,,,,,,,,,,,,,,,,,,,,,,,,,,,,,,,,,,,,,,,,,1718578986040266.0,"🚨 Terminó la sesión extraordinaria de la Comisión de Concertación. El Gobierno confirmó que el salario mínimo seguirá en 23,7% y anunció un paquete de ayudas para pymes, buscando proteger empleo.",,https://www.facebook.com/reel/793407743796368/,1.0,0.0,Vídeos,,,57.0,3.0,3.0,,,,57.0,0.0,68.0,0.0,30.0,0.0,0.0,0.0,0.0,,,,,,,,,
,,100036645439789,360 Radio Colombia,"🎉 Michelle Char es la reina del #CarnavalDeBarranquilla2026 en su edición número 90.

Con su vestido ‘Raíz viva’ brilla ante sus carnavaleros e invitó al mundo a vivir la celebración  hasta el miércoles de ceniza.",46,02/16/2026 13:12,,,Total,73,38,0,561.971,7.394,37,0,2,1,0,1,492.97,59.55,9.451,0.0,2.707,9.302,9.451,0.0,1.0,1.0,1.0,1.0,0.87,0.61,0.58,0.5,0.45,0.34,0.32,0.32,0.26,0.24,0.21,0.21,0.18,0.18,0.16,0.16,0.16,0.16,0.16,0.16,0.16,0.13,0.13,0.13,0.11,0.08,0.03,0.03,0.03,0.03,0.03,0.03,0.03,0.03,0.03,0.03,0.03,1.0,1.0,0.67,0.78,0.78,0.89,0.89,1.0,1.0,1.0,1.0,1.0,1.0,1.0,1.0,1.0,1.0,1.0,1.0,0.67,0.67,0.67,0.67,0.67,0.67,0.56,0.56,0.56,0.44,0.33,0.11,0.11,0.11,0.11,0.11,0.11,0.11,0.11,0.11,0.11,0.11,0.0,0.0,,,,,,,,,,,,,,,,,,,,,,,,,,,,,,,,,,,,,,,,,,,,,,,,,,,,,,,,,0.0,0.0,0.0,0.0,,,,,,,,,,,,,,,,,,,,,,,,,,,,,,,,,,,,,,,,,,,,,,,,,,,1718569256041239.0,"🎉 Michelle Char es la reina del #CarnavalDeBarranquilla2026 en su edición número 90.

Con su vestido ‘Raíz viva’ brilla ante sus carnavaleros e invitó al mundo a vivir la celebración  hasta el miércoles de ceniza.",,https://www.facebook.com/reel/917866931302511/,1.0,0.0,Vídeos,,,82.0,0.0,,,,,82.0,0.0,73.0,0.0,38.0,0.0,0.0,0.0,0.0,,,,,,,,,
,,100036645439789,360 Radio Colombia,"🗣️ El candidato presidencial, #AbelardoDeLaEspriella, pide que no se suspenda el incremento al #SalarioMínimo.",41,02/16/2026 12:50,,,Total,235,129,0,2638.283,13.324,127,0,5,5,0,0,2549.201,89.082,0.0,0.0,8.909,13.56,0.0,0.0,1.0,1.0,1.0,1.0,0.91,0.81,0.74,0.68,0.63,0.61,0.58,0.53,0.5,0.49,0.47,0.46,0.45,0.44,0.42,0.39,0.39,0.38,0.36,0.36,0.36,0.33,0.33,0.31,0.3,0.3,0.27,0.29,0.28,0.29,0.27,0.26,0.26,0.25,0.25,0.24,0.24,1.0,1.0,0.92,0.97,0.98,1.0,1.0,1.0,1.0,1.0,1.0,1.0,1.0,1.0,1.0,1.0,1.0,1.0,1.0,0.85,0.85,0.83,0.8,0.8,0.78,0.73,0.71,0.68,0.66,0.66,0.59,0.63,0.61,0.64,0.59,0.58,0.56,0.54,0.54,0.53,0.53,0.0,0.0,30.0,20.0,17.0,13.0,12.0,11.0,8.0,10.0,5.0,1.0,,1.0,116.0,5.0,4.0,,,1.0,,2.0,,,,,,,,,,,,,,,,,,,,,,,1.0,,,,,,,,,,,,,,0.0,0.0,0.0,0.0,,,,,,,,,,,,,,,,,,,,,,,,,,,,,,,,,,,,,,,,,,,,,,,,,,,1718557536042411.0,"🗣️ El candidato presidencial, #AbelardoDeLaEspriella, pide que no se suspenda el incremento al #SalarioMínimo.",,https://www.facebook.com/reel/25780339804963443/,1.0,0.0,Vídeos,,,216.0,10.0,10.0,,,,216.0,0.0,235.0,0.0,129.0,0.0,0.0,0.0,0.0,,,,,,,,,
,,100036645439789,360 Radio Colombia,"🚨 Continúa el plantón en el sector del CAN, con accesos bloqueados al Ministerio de Educación y la ANT. Más de 1.500 funcionarios permanecen retenidos en medio de tensión.",22,02/16/2026 12:40,,,Total,151,100,0,1504.132,11.309,98,0,10,5,4,1,1284.551,219.581,0.0,0.0,6.862,12.719,0.0,0.0,1.0,1.0,1.0,1.0,0.97,0.88,0.78,0.71,0.64,0.59,0.52,0.48,0.43,0.39,0.37,0.37,0.35,0.32,0.28,0.24,0.22,0.21,0.2,0.17,0.17,,,,,,,,,,,,,,,,,1.0,1.0,0.88,1.0,1.0,1.0,1.0,1.0,1.0,1.0,1.0,1.0,1.0,1.0,1.0,1.0,1.0,1.0,1.0,0.75,0.69,0.66,0.63,0.53,0.53,,,,,,,,,,,,,,,,,0.0,0.0,,,,,,,,,,,,,,,,,,,,,,,,,,,,,,,,,,,,,,,,,,,,,,,,,,,,,,,,,0.0,0.0,0.0,0.0,,,,,,,,,,,,,,,,,,,,,,,,,,,,,,,,,,,,,,,,,,,,,,,,,,,1718552639376234.0,"🚨 Continúa el plantón en el sector del CAN, con accesos bloqueados al Ministerio de Educación y la ANT. Más de 1.500 funcionarios permanecen retenidos en medio de tensión.",,https://www.facebook.com/reel/1222835030026999/,1.0,0.0,Vídeos,,,171.0,13.0,13.0,,,,171.0,0.0,151.0,0.0,100.0,0.0,0.0,0.0,0.0,,,,,,,,,
,,100036645439789,360 Radio Colombia,"La Asociación Colombiana de Geólogos y Geofísicos de la Energía (ACGGP) presenta la Segunda Edición de la Convención de Exploración Energética 2026, el primer gran encuentro energético del año en Colombia.

Del 24 al 27 de febrero, el Hotel Hilton Cartagena será el escenario de más de 70 conferencias técnicas, 6 charlas magistrales, cursos, salidas de campo y una muestra comercial con empresas líderes del sector.

Bajo el lema “Camino a la Coexistencia”, expertos nacionales e internacionales debatirán sobre seguridad energética, exploración de hidrocarburos, minerales estratégicos, innovación tecnológica e inteligencia artificial aplicada al sector.

📍 24–27 de febrero de 2026
📍 Cartagena, Colombia

Un espacio clave para discutir el futuro energético del país en un año decisivo.

@acggp_energia",0,02/16/2026 12:26,,,Total,68,0,0,,,0,0,1,0,0,1,0.0,0.0,0.0,0.0,0.0,0.0,0.0,0.0,,,,,,,,,,,,,,,,,,,,,,,,,,,,,,,,,,,,,,,,,,,,,,,,,,,,,,,,,,,,,,,,,,,,,,,,,,,,,,,,,,,,0.0,,,,,,,,,,,,,,,,,,,,,,,,,,,,,,,,,,,,,,,,,,,,,,,,,,,,,,,,,0.0,0.0,0.0,0.0,,,,,,,,,,,,,,,,,,,,,,,,,,,,,,,,,,,,,,,,,,,,,,,,,,,1718545726043592.0,,,https://www.facebook.com/360RadioColombia/posts/pfbid02HtpA4fxaLu31HLw7FKkpD3Thh5YU594QecdDk5hNPz8JRZTXEfTe1dy2xPERvVrzl,0.0,0.0,Fotos,,,89.0,0.0,,,,,89.0,0.0,68.0,0.0,0.0,0.0,0.0,0.0,0.0,,,,,,,,,
,,100036645439789,360 Radio Colombia,"😡 El Alcalde #FedericoGutiérrez expuso que ya tienen identificados, y realizarán comparendos, a las personas que dejan su basura en las quebradas. “Y después dicen por qué ocurren los desastres”, dijo el mandatario.",52,02/16/2026 12:13,,,Total,118,75,0,1265.119,11.606,75,0,5,1,1,3,1190.018,25.452,49.649,0.0,2.828,12.021,49.649,0.0,1.0,1.0,0.96,1.0,0.84,0.6,0.53,0.52,0.45,0.37,0.33,0.31,0.29,0.29,0.25,0.25,0.25,0.24,0.24,0.23,0.21,0.2,0.2,0.2,0.2,0.17,0.17,0.16,0.16,0.16,0.12,0.13,0.12,0.13,0.12,0.12,0.12,0.11,0.11,0.09,0.08,1.0,1.0,0.82,0.82,0.86,0.86,0.86,1.0,1.0,1.0,1.0,1.0,1.0,1.0,1.0,1.0,1.0,1.0,1.0,0.77,0.73,0.68,0.68,0.68,0.68,0.59,0.59,0.55,0.55,0.55,0.41,0.45,0.41,0.45,0.41,0.41,0.41,0.36,0.36,0.32,0.27,0.0,0.0,,,,,,,,,,,,,,,,,,,,,,,,,,,,,,,,,,,,,,,,,,,,,,,,,,,,,,,,,0.0,0.0,0.0,0.0,,,,,,,,,,,,,,,,,,,,,,,,,,,,,,,,,,,,,,,,,,,,,,,,,,,1718538459377652.0,"😡 El Alcalde #FedericoGutiérrez expuso que ya tienen identificados, y realizarán comparendos, a las personas que dejan su basura en las quebradas. “Y después dicen por qué ocurren los desastres”, dijo el mandatario.",,https://www.facebook.com/reel/1436336731189377/,1.0,0.0,Vídeos,,,113.0,5.0,5.0,,,,113.0,0.0,118.0,0.0,75.0,0.0,0.0,0.0,0.0,,,,,,,,,
,,100036645439789,360 Radio Colombia,"🐴 Los caballos en #Cartagena ya no tiran de carruajes turísticos, ni caminan sobre el asfalto caliente. Ahora, caminan libres y en retiro.",40,02/16/2026 11:56,,,Total,89,42,0,464.999,5.284,42,0,3,2,0,1,339.031,125.968,0.0,0.0,3.6,6.397,0.0,0.0,1.0,1.0,1.0,1.0,0.93,0.86,0.76,0.62,0.6,0.55,0.48,0.24,0.21,0.19,0.14,0.14,0.14,0.12,0.1,0.05,0.05,0.05,0.05,0.05,0.02,0.02,0.02,0.02,0.02,0.0,0.0,0.0,0.0,0.0,0.0,0.0,0.0,0.0,0.0,0.0,0.0,1.0,1.0,0.67,0.83,1.0,1.0,1.0,1.0,1.0,1.0,1.0,1.0,1.0,1.0,1.0,1.0,1.0,1.0,1.0,0.33,0.33,0.33,0.33,0.33,0.17,0.17,0.17,0.17,0.17,0.0,0.0,0.0,0.0,0.0,0.0,0.0,0.0,0.0,0.0,0.0,0.0,0.0,0.0,,,,,,,,,,,,,,,,,,,,,,,,,,,,,,,,,,,,,,,,,,,,,,,,,,,,,,,,,0.0,0.0,0.0,0.0,,,,,,,,,,,,,,,,,,,,,,,,,,,,,,,,,,,,,,,,,,,,,,,,,,,1718527832712048.0,"🐴 Los caballos en #Cartagena ya no tiran de carruajes turísticos, ni caminan sobre el asfalto caliente. Ahora, caminan libres y en retiro.",,https://www.facebook.com/reel/1413838693756913/,1.0,0.0,Vídeos,,,91.0,0.0,,,,,91.0,0.0,89.0,0.0,42.0,0.0,0.0,0.0,0.0,,,,,,,,,
,,100036645439789,360 Radio Colombia,"🇧🇴 A los 38 años, Marcelo Moreno Martins volvió del retiro, fichó por #OrientePetrolero con un objetivo claro: llevar a la Selección de #Bolivia al Mundial 2026. Deberá ganar el repechaje ante Surinam.",72,02/16/2026 09:27,,,Total,144,73,2,1178.513,9.279,73,2,2,1,0,1,833.17,345.343,0.0,0.0,6.642,11.109,0.0,0.0,1.0,0.95,0.85,1.0,0.74,0.58,0.44,0.33,0.29,0.27,0.25,0.19,0.15,0.14,0.14,0.12,0.08,0.08,0.07,0.05,0.05,0.04,0.04,0.03,0.03,0.03,0.03,0.03,0.03,0.03,0.03,0.03,0.03,0.03,0.03,0.01,0.01,0.01,0.01,0.01,0.01,1.0,0.67,0.24,0.29,0.29,0.43,0.48,0.48,1.0,0.52,0.86,0.95,1.0,1.0,1.0,1.0,1.0,1.0,1.0,0.19,0.19,0.14,0.14,0.1,0.1,0.1,0.1,0.1,0.1,0.1,0.1,0.1,0.1,0.1,0.1,0.05,0.05,0.05,0.05,0.05,0.05,0.0,0.0,,,,,,,,,,,,,,,,,,,,,,,,,,,,,,,,,,,,,,,,,,,,,,,,,,,,,,,,,0.0,0.0,0.0,0.0,,,,,,,,,,,,,,,,,,,,,,,,,,,,,,,,,,,,,,,,,,,,,,,,,,,1718437676054397.0,"🇧🇴 A los 38 años, Marcelo Moreno Martins volvió del retiro, fichó por #OrientePetrolero con un objetivo claro: llevar a la Selección de #Bolivia al Mundial 2026. Deberá ganar el repechaje ante Surinam.",,https://www.facebook.com/reel/1799709957358706/,1.0,0.0,Vídeos,,,136.0,2.0,2.0,,,,136.0,0.0,144.0,0.0,73.0,0.0,0.0,0.0,0.0,,,,,,,,,
,,100036645439789,360 Radio Colombia,🇨🇴 Más de 400 familias de #SanVicentedeChucurrí están incomunicadas del casco urbano por los deslizamientos que bloquean vías.,22,02/16/2026 09:10,,,Total,533,241,0,2652.236,5.96,237,0,3,0,0,3,1244.761,1407.475,0.0,0.0,4.939,7.78,0.0,0.0,1.0,1.0,1.0,1.0,0.88,0.74,0.65,0.54,0.45,0.39,0.32,0.27,0.24,0.22,0.2,0.19,0.18,0.16,0.14,0.12,0.12,0.12,0.1,0.1,0.1,,,,,,,,,,,,,,,,,1.0,1.0,0.89,1.0,1.0,1.0,1.0,1.0,1.0,1.0,1.0,1.0,1.0,1.0,1.0,1.0,1.0,1.0,1.0,0.79,0.76,0.74,0.63,0.61,0.61,,,,,,,,,,,,,,,,,0.0,0.0,19.0,39.0,29.0,26.0,21.0,33.0,20.0,21.0,17.0,12.0,,2.0,215.0,9.0,3.0,1.0,1.0,,2.0,,,,,,1.0,,1.0,1.0,,1.0,1.0,,,,1.0,,1.0,,,,1.0,,,,,,1.0,1.0,,,,,,,,,0.0,0.0,0.0,0.0,,,,,,,,,,,,,,,,,,,,,,,,,,,,,,,,,,,,,,,,,,,,,,,,,,,1718425849388913.0,🇨🇴 Más de 400 familias de #SanVicentedeChucurrí están incomunicadas del casco urbano por los deslizamientos que bloquean vías.,,https://www.facebook.com/reel/1380768260517208/,1.0,0.0,Vídeos,,,487.0,7.0,7.0,,,,486.0,0.0,533.0,0.0,241.0,0.0,0.0,0.0,0.0,,,,,,,,,
,,100036645439789,360 Radio Colombia,"#Urgente | Economía de Colombia creció 2,6% durante el 2025.",0,02/16/2026 07:15,,,Total,244,0,0,,,0,0,8,5,1,2,0.0,0.0,0.0,0.0,0.0,0.0,0.0,0.0,,,,,,,,,,,,,,,,,,,,,,,,,,,,,,,,,,,,,,,,,,,,,,,,,,,,,,,,,,,,,,,,,,,,,,,,,,,,,,,,,,,,0.0,,,,,,,,,,,,,,,,,,,,,,,,,,,,,,,,,,,,,,,,,,,,,,,,,,,,,,,,,0.0,0.0,0.0,0.0,,,,,,,,,,,,,,,,,,,,,,,,,,,,,,,,,,,,,,,,,,,,,,,,,,,1718346562730175.0,,,https://www.facebook.com/360RadioColombia/posts/pfbid0krvS4WAwtDmnjuPtHtaMQrWMJu49nU78ZrdsbpjkZau55Zaf7oanmm9HfTTcdu6vl,0.0,0.0,Fotos,,,333.0,8.0,7.0,1.0,,,333.0,0.0,244.0,0.0,0.0,0.0,0.0,0.0,0.0,,,,,,,,,
,,100036645439789,360 Radio Colombia,"#Economía | El crecimiento económico de Colombia 2025 habría cerrado en 2,8%, según proyecciones de sectores económicos, a la espera del dato oficial del Dane.",0,02/16/2026 06:51,,,Total,26,0,0,,,0,0,0,0,0,0,0.0,0.0,0.0,0.0,0.0,0.0,0.0,0.0,,,,,,,,,,,,,,,,,,,,,,,,,,,,,,,,,,,,,,,,,,,,,,,,,,,,,,,,,,,,,,,,,,,,,,,,,,,,,,,,,,,,0.0,,,,,,,,,,,,,,,,,,,,,,,,,,,,,,,,,,,,,,,,,,,,,,,,,,,,,,,,,0.0,0.0,0.0,0.0,,,,,,,,,,,,,,,,,,,,,,,,,,,,,,,,,,,,,,,,,,,,,,,,,,,1718328549398643.0,,,https://www.facebook.com/360RadioColombia/posts/pfbid0qqnMaZSqRVTWULoDJfMw9xPnsJyVfAENzjBgYShMqCxHNjG61WamaaSEy95kYqi5l,0.0,0.0,Enlaces,,,38.0,0.0,,,,,38.0,0.0,26.0,0.0,0.0,0.0,0.0,0.0,0.0,,,,,,,,,
,,100036645439789,360 Radio Colombia,"🚀 El 17 de febrero llega un eclipse solar “Anillo de Fuego”: la Luna cubrirá el Sol dejando un aro de luz visible principalmente sobre la remota Antártida, mientras desde zonas del sur de Sudamérica y África se verá sólo parcialmente; es uno de los fenómenos astronómicos más espectaculares del año",76,02/16/2026 04:46,,,Total,12211,2722,375,63810.849,6.636,2659,372,68,58,0,10,1826.679,36369.073,23.751,25591.346,15.523,25.371,1.827,3.561,0.99,0.83,0.6,0.99,0.47,0.42,0.36,0.33,0.31,0.29,0.27,0.26,0.25,0.24,0.23,0.22,0.21,0.2,0.19,0.18,0.18,0.17,0.17,0.17,0.16,0.16,0.15,0.15,0.15,0.15,0.13,0.14,0.14,0.14,0.13,0.13,0.12,0.11,0.09,0.07,0.06,1.0,0.83,0.61,0.64,0.66,0.7,0.74,0.77,1.0,0.79,0.87,0.92,1.0,1.0,1.0,1.0,1.0,1.0,1.0,0.58,0.57,0.56,0.54,0.53,0.52,0.51,0.49,0.48,0.48,0.47,0.43,0.46,0.45,0.46,0.42,0.4,0.38,0.34,0.29,0.24,0.19,0.0,0.01,269.0,394.0,197.0,377.0,229.0,302.0,171.0,224.0,185.0,156.0,66.0,89.0,2545.0,14.0,20.0,24.0,4.0,9.0,8.0,,1.0,,1.0,6.0,9.0,,,,6.0,7.0,1.0,15.0,,,,2.0,1.0,,,,18.0,,12.0,,2.0,,,3.0,,,,,,11.0,2.0,1.0,0.0,0.0,0.0,0.0,,,,,,,,,,,,,,,,,,,,,,,,,,,,,,,,,,,,,,,,,,,,,,,,,,,1718233346074830.0,"🚀 El 17 de febrero llega un eclipse solar “Anillo de Fuego”: la Luna cubrirá el Sol dejando un aro de luz visible principalmente sobre la remota Antártida, mientras desde zonas del sur de Sudamérica y África se verá sólo parcialmente; es uno de los fenómenos astronómicos más espectaculares del año",,https://www.facebook.com/reel/838882289201391/,1.0,0.0,Vídeos,,,10033.0,308.0,262.0,,32.0,14.0,2654.0,7387.0,5625.0,8733.0,1095.0,1627.0,0.0,0.0,0.0,,,,,,,,,
,,100036645439789,360 Radio Colombia,"#Mundo l El español no solo es un idioma, es una fuerza global: México, #Colombia y España lideran la lista de países donde más personas lo hablan como lengua materna, conectando culturas y continentes.",0,02/16/2026 03:00,,,Total,60577,0,0,,,0,0,391,336,34,21,0.0,0.0,0.0,0.0,0.0,0.0,0.0,0.0,,,,,,,,,,,,,,,,,,,,,,,,,,,,,,,,,,,,,,,,,,,,,,,,,,,,,,,,,,,,,,,,,,,,,,,,,,,,,,,,,,,,0.9,,,,,,,,,,,,,,,,,,,,,,,,,,,,,,,,,,,,,,,,,,,,,,,,,,,,,,,,,0.0,0.0,0.0,0.0,,,,,,,,,,,,,,,,,,,,,,,,,,,,,,,,,,,,,,,,,,,,,,,,,,,1718157399415758.0,,,https://www.facebook.com/360RadioColombia/posts/pfbid04JY4T3BUoaJq8bjerrKFLym3YaG8eGFntu8aDwbv7x4pdPu88tRGm5AN6xeGxvrSl,0.0,0.0,Fotos,,,97639.0,4447.0,3095.0,1352.0,,,97639.0,0.0,60577.0,0.0,0.0,0.0,0.0,0.0,0.0,,,,,,,,,
,,100036645439789,360 Radio Colombia,"#Economía | 🌎📊 Asia liderará el crecimiento económico mundial en 2026. China e India encabezan la lista de países que más aportarán al aumento del PIB real global, consolidando su peso en la economía internacional.",0,02/15/2026 18:50,,,Total,278,0,0,,,0,0,1,0,0,1,0.0,0.0,0.0,0.0,0.0,0.0,0.0,0.0,,,,,,,,,,,,,,,,,,,,,,,,,,,,,,,,,,,,,,,,,,,,,,,,,,,,,,,,,,,,,,,,,,,,,,,,,,,,,,,,,,,,0.0,,,,,,,,,,,,,,,,,,,,,,,,,,,,,,,,,,,,,,,,,,,,,,,,,,,,,,,,,0.0,0.0,0.0,0.0,,,,,,,,,,,,,,,,,,,,,,,,,,,,,,,,,,,,,,,,,,,,,,,,,,,1717865456111619.0,,,https://www.facebook.com/360RadioColombia/posts/pfbid035oMcqiPyzaHBUxic4Cx2WgrB4tMxDRA429dw1wzvZbX1FGfL3a8roaWgX2qCuB8El,0.0,0.0,Fotos,,,368.0,3.0,1.0,2.0,,,368.0,0.0,278.0,0.0,0.0,0.0,0.0,0.0,0.0,,,,,,,,,
,,100036645439789,360 Radio Colombia,"🇨🇴 El presidente Gustavo Petro (@gustavopetrourrego) respalda el aumento del 23,7% decretado para el #SalarioMínimo en 2026 y sostiene que los temores sobre un posible disparo en los precios y mayores niveles de desempleo no se materializaron.",75,02/15/2026 18:45,,,Total,817,376,36,7017.259,10.053,367,36,13,11,2,0,2264.265,4752.994,0.0,0.0,9.338,11.981,0.0,0.0,1.0,0.85,0.67,1.0,0.49,0.42,0.33,0.28,0.26,0.24,0.21,0.19,0.18,0.17,0.17,0.16,0.15,0.15,0.15,0.15,0.14,0.13,0.12,0.11,0.11,0.1,0.1,0.1,0.1,0.1,0.09,0.1,0.1,0.1,0.09,0.09,0.09,0.09,0.08,0.07,0.07,1.0,0.76,0.59,0.6,0.61,0.62,0.65,0.67,1.0,0.69,0.83,0.93,1.0,1.0,1.0,1.0,1.0,1.0,1.0,0.58,0.55,0.51,0.47,0.42,0.42,0.39,0.39,0.39,0.39,0.39,0.36,0.39,0.38,0.39,0.36,0.35,0.35,0.34,0.32,0.29,0.29,0.0,0.0,42.0,50.0,25.0,46.0,42.0,31.0,35.0,28.0,35.0,33.0,3.0,3.0,342.0,14.0,4.0,4.0,,3.0,2.0,,,,1.0,,2.0,,,,1.0,1.0,1.0,1.0,,,,,,,,,,,,,,,,,,,,,,,,,0.0,0.0,0.0,0.0,,,,,,,,,,,,,,,,,,,,,,,,,,,,,,,,,,,,,,,,,,,,,,,,,,,1717862796111885.0,"🇨🇴 El presidente Gustavo Petro (@gustavopetrourrego) respalda el aumento del 23,7% decretado para el #SalarioMínimo en 2026 y sostiene que los temores sobre un posible disparo en los precios y mayores niveles de desempleo no se materializaron.",,https://www.facebook.com/reel/2129302647476637/,1.0,0.0,Vídeos,,,750.0,26.0,26.0,,,,748.0,0.0,817.0,0.0,376.0,0.0,0.0,0.0,0.0,,,,,,,,,
,,100036645439789,360 Radio Colombia,"🇨🇴 El jefe de Estado, @gustavopetrourrego, sostuvo que la expedición del decreto sobre el #SalarioMínimo vital se hizo conforme a los parámetros fijados por la Corte Constitucional. Aun así, manifestó que acatará lo que resuelva el Consejo de Estado y anunció que desde mañana se reactivará el diálogo en la Comisión de Concertación para definir el nuevo incremento.

De igual manera, confirmó el llamado a concentraciones este jueves en diferentes plazas del país, con el fin de respaldar la defensa del salario mínimo vital.",165,02/15/2026 18:21,,,Total,288,149,11,3467.91,13.871,147,11,9,6,3,0,2539.878,928.032,0.0,0.0,7.366,20.483,0.0,0.0,0.88,0.48,0.29,1.0,0.21,0.17,0.16,0.13,0.12,0.1,0.09,0.09,0.09,0.09,0.08,0.07,0.07,0.06,0.06,0.06,0.06,0.06,0.05,0.05,0.05,0.05,0.05,0.05,0.05,0.05,0.05,0.05,0.05,0.05,0.05,0.05,0.05,0.05,0.05,0.05,0.05,1.0,0.33,0.23,0.23,0.28,0.28,0.31,0.33,0.97,0.33,0.36,0.38,0.46,0.51,0.62,0.67,0.79,0.97,0.97,0.23,0.23,0.23,0.21,0.21,0.18,0.18,0.18,0.21,0.21,0.21,0.21,0.21,0.21,0.21,0.21,0.18,0.18,0.18,0.18,0.18,0.18,0.0,0.0,23.0,21.0,17.0,20.0,13.0,10.0,5.0,14.0,10.0,6.0,2.0,2.0,136.0,2.0,3.0,,,4.0,3.0,,,,,,,,,,,,,,,,,1.0,,,,,,,,,,,,,,,,,,,,,0.0,0.0,0.0,0.0,,,,,,,,,,,,,,,,,,,,,,,,,,,,,,,,,,,,,,,,,,,,,,,,,,,1717848702779961.0,"🇨🇴 El jefe de Estado, @gustavopetrourrego, sostuvo que la expedición del decreto sobre el #SalarioMínimo vital se hizo conforme a los parámetros fijados por la Corte Constitucional. Aun así, manifestó que acatará lo que resuelva el Consejo de Estado y anunció que desde mañana se reactivará el diálogo en la Comisión de Concertación para definir el nuevo incremento.

De igual manera, confirmó el llamado a concentraciones este jueves en diferentes plazas del país, con el fin de respaldar la defensa del salario mínimo vital.",,https://www.facebook.com/reel/802009839585430/,1.0,0.0,Vídeos,,,274.0,15.0,15.0,,,,274.0,0.0,288.0,0.0,149.0,0.0,0.0,0.0,0.0,,,,,,,,,
