post_id,post_title,post_date,post_modified,post_status,post_author,categories,tags,url
215756,¿Qué pasa si no renové la Cámara y Comercio en 2026? Sanciones,2026-04-01 09:37:39,2026-04-01 09:37:53,publish,Jorge González,Noticias de Antioquia,Antioquía|Cámara comercio|Economóa|Empresarial|Jorge g|medellin|Mercatil,https://360radio.com.co/que-pasa-si-no-renove-la-camara-y-comercio-en-2026-sanciones/215756/
215748,Grupos del Mundial 2026: así quedó el campeonato tras el repechaje,2026-04-01 08:56:35,2026-04-01 08:57:15,publish,Jorge González,Cultura|Deportes|Noticias de Colombia,Cómo quedaron los grupos del mundial|Fase de grupos mundial 2026|Jorge g|Mundial 2026|Partidos mundial 2026|Partidos selección colombia|Selección Colombia,https://360radio.com.co/deportes/grupos-del-mundial-2026-asi-quedo-el-campeonato-tras-el-repechaje/
215729,"Así es el nuevo pasaporte colombiano que comienza a regir desde hoy: requisitos, precio y novedades",2026-04-01 08:30:43,2026-04-01 07:27:43,publish,Jorge González,Noticias de Colombia,Así es el nuevo pasaporte|Cancilleria|Desde cuando es hábil el pasaporte nuevo|Gustavo Petro|Jorge g|Nuevo pasaporte,https://360radio.com.co/asi-es-el-nuevo-pasaporte-colombiano-que-comienza-a-regir-desde-hoy-requisitos-precio-y-novedades/215729/
215737,Video: Explosión en peaje de Cogua Cundinamarca deja heridos y colapsa la vía Zipaquirá–Ubaté,2026-04-01 07:37:35,2026-04-01 07:38:14,publish,Jorge González,Movilidad|Noticias de Bogotá|Noticias de Colombia,Explosión peaje zipaquirá|Heridos en peaje|Jorge g|Peaje zipaquira|Qué paso en el peaje de zipaquira|Tráfico peaje zipaquira,https://360radio.com.co/bogota/videos-explosion-en-peaje-de-cogua-cundinamarca-deja-heridos-y-colapsa-la-via-zipaquira-ubate/
215722,"Resultado del Súper Astro Luna hoy, 31 de marzo: número y signo ganador",2026-04-01 07:05:28,2026-04-01 07:03:56,publish,360 Radio,Territorio,Jorge g|Premio super astro luna|Resultado Astro Luna|Resultado Astro Luna hoy|Super astro luna 31 de marzo|Super astro luna zodiaco|Varios,https://360radio.com.co/resultado-del-super-astro-luna-hoy-31-de-marzo-numero-y-signo-ganador/215722/
215714,"Lotería de la Cruz Roja resultado hoy 31 de marzo: número ganador, secos y último sorteo",2026-04-01 06:43:04,2026-04-01 06:43:51,publish,360 Radio,Territorio,Jorge g|Loteria Cruz Roja|Lotería hoy 31 de marzo|Premio mayor lotería cruz roja|Secos Loteria Cruz Roja|Varios,https://360radio.com.co/215714-2/215714/
215698,Sube la gasolina en Colombia desde abril: nuevos precios por ciudad y aumento confirmado,2026-03-31 19:22:06,2026-03-31 19:22:27,publish,Jorge González,"Colombia|Economía, finanzas y negocios",cOPLOMBIA|destacada|ECONOMIA|Gasolina|Jorge g|Precio ACPM|Precio gasolina,https://360radio.com.co/sube-la-gasolina-en-colombia-desde-abril-nuevos-precios-por-ciudad-y-aumento-confirmado/215698/
215643,Tensión en la derecha: choque entre De la Espriella y el uribismo por vetos y apoyos,2026-03-31 17:37:29,2026-03-31 17:36:50,publish,Laura Salazar,Colombia|Política,candidatos de derecha|choque entre De la Espriella y el uribismo por vetos y apoyos|POLITICA|Tensión en la derecha,https://360radio.com.co/tension-en-la-derecha-choque-entre-de-la-espriella-y-el-uribismo-por-vetos-y-apoyos/215643/
215676,Vuelos nacionales bajan hasta un 17% en destinos clave,2026-03-31 16:47:18,2026-03-31 16:53:48,publish,Juan Turriago,Noticias,,https://360radio.com.co/vuelos-nacionales-bajan-destinos-clave/215676/
215618,Agro perdió 363.000 empleos en Colombia pese a caída del desempleo en febrero,2026-03-31 16:42:48,2026-03-31 16:44:14,publish,Laura Salazar,"Colombia|Economía, finanzas y negocios",Agricultura en Colombia|Agro perdió 363.000 empleos en Colombia|DANE|Desempleo mes febrero,https://360radio.com.co/agro-perdio-363-000-empleos-en-colombia-pese-a-caida-del-desempleo-en-febrero/215618/
215675,Tasa de interés en Colombia sube 100 puntos básicos: decisión del Banco de la República en 2026,2026-03-31 15:33:24,2026-03-31 15:34:00,publish,Jorge González,"Colombia|Economía, finanzas y negocios",BANCO|Banco de la República|COLOMBIA|destacada|ECONOMIA|Jorge g|Junta directiva|tasa de interes,https://360radio.com.co/tasa-de-interes-en-colombia-sube-100-puntos-basicos-decision-del-banco-de-la-republica-en-2026/215675/
215667,Fraude bancario se traslada la psicología del usuario,2026-03-31 15:21:26,2026-03-31 15:21:31,publish,Juan Turriago,Noticias,,https://360radio.com.co/fraude-bancario-se-traslada-la-psicologia-del-usuario/215667/
215633,¿Debe renovar su pasaporte? Colombia estrena nuevo sistema desde este 1 de abril,2026-03-31 14:00:51,2026-03-31 14:03:39,publish,Laura Salazar,Colombia,,https://360radio.com.co/debe-renovar-su-pasaporte-colombia-estrena-nuevo-sistema-desde-este-1-de-abril/215633/
215655,¿Cuánto le deben pagar por trabajar en Semana Santa 2026? Esto le llegará de salario si gana el mínimo,2026-03-31 13:32:07,2026-03-31 13:32:07,publish,Jorge González,"Colombia|Economía, finanzas y negocios",Cuanto pagan en semana santa|Días festivos en semana santa|Jorge g|Pago adicional semana santa|Recargo días festivos|Salario,https://360radio.com.co/cuanto-le-deben-pagar-por-trabajar-en-semana-santa-2026-esto-le-llegara-de-salario-si-gana-el-minimo/215655/
215654,Revelan identidad de las mujeres que tuvieron violenta pelea con cuchillo en Cali: una murió,2026-03-31 13:13:25,2026-03-31 13:13:31,publish,Juan Turriago,Noticias,Conflictos personales.|Convivencia ciudadana|Mediación policial|Orden público Cali|Plan de seguridad|Prevención de violencia|Secretaría de Seguridad Cali,https://360radio.com.co/mujeres-pelea-con-cuchillo-en-cali/215654/
215657,Petro rompe relaciones con el Banco de la República: Esto se sabe,2026-03-31 13:09:55,2026-03-31 13:09:55,publish,Jorge González,"Colombia|Economía, finanzas y negocios|Noticias de Colombia",Banco de la República|destacada|ECONOMIA|Jorge g|Minsitro de hacienda|Petro|Ruptura relaciones|ultima hora,https://360radio.com.co/petro-rompe-relaciones-con-el-banco-de-la-republica-esto-se-sabe/215657/
215640,A qué hora es el lanzamiento de Artemis en la NASA y dónde verlo en vivo?,2026-03-31 12:46:18,2026-03-31 12:46:18,publish,Juan Turriago,Mundo,Ciencia espacial|Era Artemis|Exploración lunar 2026|Hito histórico humanidad|Impacto global Artemis|Nuevo viaje a la Luna|Regreso a la Tierra Orion.,https://360radio.com.co/lanzamiento-de-artemis-y-donde-verlo-nasa/215640/
215642,"Estos son los horarios del D1, Tiendas Ara, Oxxo y más supermercados en Semana Santa 2026",2026-03-31 12:34:00,2026-03-31 12:34:10,publish,Jorge González,Noticias de Colombia,D1 semana santa|Horarios almacenes de cadena|Jorge g|oxxo semana santa|Qué almacenes abren en semana santa|Semana Santa,https://360radio.com.co/estos-son-los-horarios-del-d1-tiendas-ara-oxxo-y-mas-supermercados-en-semana-santa-2026/215642/
215626,Viajar a Disney en 2026 es un 12% más barato,2026-03-31 11:43:56,2026-03-31 11:45:22,publish,Juan Turriago,Mundo,Ahorro vacaciones|Disney World 2026|paquetes turísticos|Precios parques Disney|Semana santa 2026|Turismo Florida|Viajes a Orlando,https://360radio.com.co/viajar-a-disney/215626/
215624,Petro solicitó renuncia del comandante de la Fuerza Aeroespacial tras accidente del avión Hércules,2026-03-31 10:44:16,2026-03-31 12:35:23,publish,Laura Salazar,Noticias|Noticias de Colombia,Accidente avión Hércules|destacada|FAC|Gustavo Petro|Petro solicitó renuncia del comandante de la Fuerza Aeroespacial,https://360radio.com.co/petro-solicito-renuncia-del-comandante-de-la-fuerza-aeroespacial-tras-accidente-del-avion-hercules/215624/
215615,Precio del ACPM en Colombia subiría $5.700,2026-03-31 10:24:56,2026-03-31 10:25:05,publish,Juan Turriago,"Minería, energía e hidrocarburos",,https://360radio.com.co/precio-del-acpm/215615/
215607,Quebrada Munguidó en Chocó: alerta por posible guerra entre ELN y disidencias de Iván Mordisco,2026-03-31 10:15:46,2026-03-31 10:18:13,publish,Laura Salazar,Regiones de Colombia|Seguridad|Territorio,Alerta por posible guerra entre ELN y disidencias de Iván Mordisco|Conflicto en Chocó|Defensoría del Pueblo|Litoral de San Juan|Quebrada Munguidó en Chocó,https://360radio.com.co/quebrada-munguido-en-choco-alerta-por-posible-guerra-entre-eln-y-disidencias-de-ivan-mordisco/215607/
215611,Petróleo Brent se dispara un 60% en un mes,2026-03-31 09:16:49,2026-03-31 09:36:31,publish,Juan Turriago,"Minería, energía e hidrocarburos",barril de crudo|cotización Brent marzo|Crisis energética|Economía global|mercado energético|Precio del petróleo Brent|subida del petróleo,https://360radio.com.co/petroleo-brent-se-dispara-un-60-en-un-mes/215611/
215603,Iván Cepeda denunciará a El Gury por hostigamiento tras confrontación en Medellín,2026-03-31 08:31:19,2026-03-31 08:31:19,publish,Laura Salazar,Noticias de Medellín|Política,Concejal Andrés Felipe Rodríguez|Hostigamiento y confrotación|Iván Cepeda denunciará a El Gury|medellin|POLITICA,https://360radio.com.co/medellin/ivan-cepeda-denunciara-a-el-gury-por-hostigamiento-tras-confrontacion-en-medellin/
215596,Iván Mordisco estaría herido tras bombardeo en Vaupés: intensifican cerco militar para capturarlo,2026-03-31 07:15:05,2026-03-31 06:37:56,publish,Jorge González,Noticias de Colombia,´Iván Mordisco´|Farc Ep|Fuerzas Militares|Iván Mordisco sigue vivo|Jorge g|Operativo contra iván mordisco|SEGURIDAD|Vaupés,https://360radio.com.co/ivan-mordisco-estaria-herido-tras-bombardeo-en-vaupes-intensifican-cerco-militar-para-capturarlo/215596/
215590,Resultados Lotería del Tolima hoy 30 de marzo : número ganador y secos,2026-03-31 06:30:34,2026-03-31 06:19:31,publish,360 Radio,Territorio,Jorge g|Lotería tolima|Premio mayor tolima|Resultado tolima hoy|Secos tolima hoy|Tolima 30 de marzo|Varios,https://360radio.com.co/resultados-loteria-del-tolima-hoy-30-de-marzo-numero-ganador-y-secos/215590/
215113,"Lotería de Cundinamarca resultado hoy 30 marzo: número ganador, secos y último sorteo",2026-03-31 06:03:59,2026-03-31 06:03:59,publish,360 Radio,Territorio,Julieth B|Lotería 30 de marzo|Loteria de Cundianamarca|Premio mayor cundinamarca|Resultado loteria|Resultados cundinamarca|Varios,https://360radio.com.co/loteria-de-cundinamarca-resultado-hoy-30-marzo-numero-ganador-secos-y-ultimo-sorteo/215113/
215546,"El desempleo en Colombia bajó a 9,2% en febrero: es el nivel más bajo para este mes desde 2001",2026-03-30 18:45:21,2026-03-30 18:49:17,publish,Laura Salazar,"Colombia|Economía, finanzas y negocios",Bajó desempleo en Colombia|DANE|Desempleo en Colombia,https://360radio.com.co/el-desempleo-en-colombia-bajo-a-92-en-febrero-es-el-nivel-mas-bajo-para-este-mes-desde-2001/215546/
215554,Wadith Manzur busca posesión como senador pese a estar detenido por caso UNGRD,2026-03-30 17:54:18,2026-03-30 17:53:28,publish,Laura Salazar,Judicial|Noticias de Colombia,Senado de Colombia|Ungrd|Wadith Manzur busca posesión como senador|Wadith Manzur privado de libertad,https://360radio.com.co/wadith-manzur-busca-posesion-como-senador-pese-a-estar-detenido-por-caso-ungrd/215554/
215580,"Bancolombia lanza retiros sin contacto, cajero contactless",2026-03-30 16:43:24,2026-03-31 06:19:48,publish,Juan Turriago,Noticias,​App Bancolombia código dinámico|​Cajeros automáticos contactless|​Fraude por skimming prevención|Retiro sin tarjeta Bancolombia|​Seguridad bancaria Colombia|​Tarjeta de crédito Visa Bancolombia|​Tecnología NFC cajeros,https://360radio.com.co/bancolombia-lanza-retiros-sin-contacto-cajero-contactless/215580/
215571,Campetrol Gas importado  representa el 20% de la oferta en Colombia,2026-03-30 16:23:35,2026-03-30 16:23:35,publish,Juan Turriago,"Minería, energía e hidrocarburos",Campetrol|extracción de crudo|industria de hidrocarburos|Producción de petróleo|reporte petrolero 2026.|Sector energético|taladros en Colombia,https://360radio.com.co/campetrol-gas-importado/215571/
215568,Las decisiones del sector defensa y seguridad del país nunca más pueden ser sometidas a escrutinio del público,2026-03-30 16:14:25,2026-03-30 16:16:15,publish,360 Radio,Editorial,Equipamiento militar|Fuerza Aérea colombia|Fuerzas Militares|Gustavo Petro|IVAN DUQUE|Jorge g|Presupuesto militar,https://360radio.com.co/seguridad-y-defensa-en-colombia-la-falta-de-inversion-y-decisiones-politicas-que-ponen-en-riesgo-vidas/215568/
215537,Artemis II: transmisión en vivo del histórico viaje a la Luna y dónde ver el lanzamiento este miércoles,2026-03-30 14:54:19,2026-03-30 14:52:24,publish,Laura Salazar,Mundo,Artemis II|Dónde ver transmisión en vivo Artemis II|Evento en vivo|Nasa,https://360radio.com.co/artemis-ii-transmision-en-vivo-del-historico-viaje-a-la-luna-y-donde-ver-el-lanzamiento-este-miercoles/215537/
215545,Impuesto al Patrimonio topes y exenciones,2026-03-30 14:24:41,2026-03-30 14:24:41,publish,Juan Turriago,Empresas,Calendario Tributario|Declaración de impuestos|DIAN|Emergencia económica|Impuesto al patrimonio 2026|Patrimonio líquido.|personas jurídicas,https://360radio.com.co/impuesto-al-patrimonio-topes-y-exenciones/215545/
215547,Gobierno plantea nueva fórmula para el precio del diésel en Colombia: así impactaría el ACPM,2026-03-30 13:48:35,2026-03-30 13:48:35,publish,Jorge González,Noticias de Colombia,ACPM|COLOMBIA|Combustibles|destacada|Gobierno Nacional|Jorge g|Petro|precio del acpm|Transporte colombia,https://360radio.com.co/gobierno-plantea-nueva-formula-para-el-precio-del-diesel-en-colombia-asi-impactaria-el-acpm/215547/
215534,Incertidumbre en la Bolsa por decisión de Ecopetrol,2026-03-30 12:59:45,2026-03-30 12:59:45,publish,Juan Turriago,"Minería, energía e hidrocarburos",ECOPETROL|​Gobierno corporativo|Junta Directiva Ecopetrol|mercado bursátil|Ricardo Roa|sector hidrocarburos|Transición energética Colombia,https://360radio.com.co/decision-de-ecopetrol/215534/
215519,Avianca pide al Congreso endurecer sanciones,2026-03-30 12:07:11,2026-03-30 12:07:11,publish,Juan Turriago,Aviación en Colombia,Avianca|congreso de la republica|Incidentes en vuelos|Pasajeros disruptivos|Proyecto de ley|Sanciones aeronáuticas|Seguridad aérea en Colombia,https://360radio.com.co/avianca-pide-al-congreso/215519/
215520,Petrolero ruso a Cuba: llega cargamento con aval de Trump en medio de crisis energética,2026-03-30 11:34:58,2026-03-30 11:30:58,publish,Laura Salazar,"Economía, finanzas y negocios|Mundo|Noticias del mundo",Crisis energética Cuba|Donald Trump Cuba petróleo|Petrolero ruso a Cuba|Relaciones Rusia Cuba,https://360radio.com.co/petrolero-ruso-a-cuba-llega-cargamento-con-aval-de-trump-en-medio-de-crisis-energetica/215520/
215521,¿Cuándo es el próximo partido de la Selección Colombia?  Próximos amistoso,2026-03-30 10:36:09,2026-03-30 10:36:18,publish,Jorge González,Deportes,Croacia|Cuándo juega la selección|Jorge g|Nestor Lorenzo|Próximo partido de colombia|Selección Colombia,https://360radio.com.co/deportes/cuando-es-el-proximo-partido-de-la-seleccion-colombia-proximos-amistoso/
215515,Qué no se debe hacer en Semana Santa,2026-03-30 10:21:53,2026-03-30 10:21:53,publish,Juan Turriago,Cultura,Abstinencia|ayuno|Prohibiciónes de la iglesia|Que no se puede hacer en semana santa|Semana santa 2026|tradiciones religiosas|Viernes Santo,https://360radio.com.co/semana-santa/215515/
215500,¿Cuándo es el stream de Westcol con Álvaro Uribe? Fecha y horas confirmada,2026-03-30 10:07:44,2026-03-30 10:13:37,publish,Laura Salazar,Cultura|Entretenimiento,Álvaro Uribe entrevista|Stream Westcol Álvaro Uribe|Streaming política Colombia|Westcol Kick Colombia,https://360radio.com.co/entretenimiento/cuando-es-el-stream-de-westcol-con-alvaro-uribe-fecha-y-horas-confirmada/
215496,Brasil busca venganza ante la Croacia de Modrić,2026-03-30 10:02:16,2026-03-30 10:02:16,publish,Juan Turriago,Deportes,​Amistoso internacional FIFA|​Brasil vs Croacia 2026|​Camping World Stadium Orlando|​Dónde ver Brasil vs Croacia|​Horario Brasil vs Croacia|​Road to 26 fútbol|​Vinícius Jr vs Luka Modrić,https://360radio.com.co/deportes/brasil-vs-croacia/
215490,Inicio de obras en la carrera Séptima desata protestas por impacto ambiental,2026-03-30 09:54:29,2026-03-30 11:21:48,publish,Laura Salazar,Movilidad|Noticias de Bogotá,destacada|Impacto ambiental Bogotá|Inicio de obras carrera Séptima|Movilidad Bogotá|Protestas carrera Séptima Bogotá,https://360radio.com.co/bogota/inicio-de-obras-en-la-carrera-septima-desata-protestas-por-impacto-ambiental/
215498,¿Qué podría pasar con Yeferson Cossio tras denuncia de Avianca por broma en pleno vuelo?,2026-03-30 09:51:15,2026-03-30 09:51:25,publish,Jorge González,Noticias de Colombia,Avianca|Avión|Cossio|Influencers|Jeferson COSSIO|Jorge g|Sanción|Vuelos bogotá - madrid,https://360radio.com.co/que-podria-pasar-con-yeferson-cossio-tras-denuncia-de-avianca-por-broma-en-pleno-vuelo/215498/
215489,Paolo Rudelli nuevo Sustituto de la Secretaría de Estado,2026-03-30 09:26:47,2026-03-30 09:26:47,publish,Juan Turriago,Noticias,Curia Romana|​Nombramientos eclesiásticos|Paolo Rudelli|Papa Leon XIV|Secretaría de Estado|Sustituto para los Asuntos Generales|Vaticano,https://360radio.com.co/paolo-rudelli/215489/
215481,Seguridad Antioquia Semana Santa 2026: más de 4.500 policías refuerzan el operativo,2026-03-30 09:08:53,2026-03-30 09:08:53,publish,Laura Salazar,Movilidad|Noticias de Antioquia|Seguridad,Controles viales Antioquia 2026|Movilidad Antioquia Semana Santa|Policía Antioquia operativos Semana Santa|Seguridad Antioquia Semana Santa 2026,https://360radio.com.co/seguridad-antioquia-semana-santa-2026-mas-de-4-500-policias-refuerzan-el-operativo/215481/
215468,Colombia será sede de cumbre global sobre transición energética: 45 países asistirán,2026-03-30 08:30:17,2026-03-30 08:19:57,publish,Jorge González,Medio Ambiente y Sostenibilidad|Noticias de Colombia|Uncategorized,,https://360radio.com.co/colombia-sera-sede-de-cumbre-global-sobre-transicion-energetica-45-paises-asistiran/215468/
215471,Irene Vélez anuncia proceso sancionatorio contra Hidroituango por afectaciones ambientales,2026-03-30 08:02:25,2026-03-30 08:07:38,publish,Jorge González,Noticias de Colombia,destacada|Hidroituango|Hidroituango sanción|Jorge g|Minsitra irene vélez|Proceso sancionatorio|Sancion a Hidroituango,https://360radio.com.co/irene-velez-anuncia-proceso-sancionatorio-contra-hidroituango-por-afectaciones-ambientales/215471/
215465,"Resultado del Súper Astro Luna hoy, 29 de marzo: número y signo ganador",2026-03-30 07:00:17,2026-03-30 06:12:00,publish,Jorge González,Territorio,Domingo 29 astro luna|Jorge g|Loterías|Número ganador astro luna hoy|Resultado super astro|Super Astro Hoy|Varios,https://360radio.com.co/resultado-del-super-astro-luna-hoy-29-de-marzo-numero-y-signo-ganador/215465/
215462,"Resultado Chontico Noche hoy, 29 de marzo: este fue el número ganador",2026-03-30 05:59:32,2026-03-30 06:01:10,publish,360 Radio,Territorio,Chontico Noche|Jorge g|Lotería|Lotería domingo 29 de marzo|Resultado chontico|Varios,https://360radio.com.co/resultado-chontico-noche-hoy-29-de-marzo-este-fue-el-numero-ganador/215462/
215456,Baño de realidad  para la selección  Colombia  en Estados Unidos,2026-03-29 18:21:34,2026-03-29 18:21:34,publish,Juan Turriago,Deportes,Amistosos 2026|Francia|Fútbol internacional|Jaminton Campaz.|Luis Diaz|Nestor Lorenzo|Selección Colombia,https://360radio.com.co/deportes/seleccion-colombia-en-estados-unidos/
215450,La millonada que define la temporada en la Copa Libertadores,2026-03-29 16:20:52,2026-03-29 14:08:14,publish,Juan Turriago,Deportes,​Alejandro Domínguez CONMEBOL|​CONMEBOL presupuesto clubes|​Estructura premios fútbol sudamericano|​Final Copa Libertadores 2026|​Ganador Copa Libertadores dinero|​Ingresos Copa Libertadores|Premios Copa Libertadores 2026,https://360radio.com.co/deportes/la-millonada-que-define-la-temporada-en-la-copa-libertadores/
215444,Maduro rompe el silencio desde su reclusión en Brooklyn,2026-03-29 15:30:26,2026-03-29 13:57:55,publish,Juan Turriago,Noticias,Cilia Flores y Maduro|Detención de Maduro|Gobierno de Venezuela|Juicio Nicolás Maduro|Nicolás Maduro hoy|relaciones Venezuela Estados Unidos|Situación política Venezuela,https://360radio.com.co/maduro-rompe-el-silencio-desde-su-reclusion-en-brooklyn/215444/
215023,Los videojuegos que se convirtieron en máquinas de hacer dinero,2026-03-29 15:25:18,2026-03-28 10:20:38,publish,Juan Camilo Ocampo,Entretenimiento|Noticias del mundo,Entretenimiento|Las franquicias de videojuegos que más dinero han generado en la historia|Mario|MUNDO|Pokémon y Call of Duty|videojuegos|Videojuegos que más han recaudado dinero,https://360radio.com.co/entretenimiento/los-videojuegos-que-se-convirtieron-en-maquinas-de-hacer-dinero/
215440,El dominio de Colombianos en el streaming mundial,2026-03-29 14:30:14,2026-03-29 13:47:17,publish,Juan Turriago,Entretenimiento,Audiencia y mercado digital hispanohablante.|creadores de contenido|JuanSGuarnizo Twitch seguidores|Kings League Américas|métricas de streaming Latinoamérica|streaming en español 2026|Westcol Kick estadísticas,https://360radio.com.co/entretenimiento/el-dominio-de-colombianos-en-el-streaming-mundial/
215436,Petro eleva la tensión con EE. UU. por operaciones militares en el Caribe,2026-03-29 13:31:52,2026-03-29 13:31:52,publish,Juan Turriago,Mundo,caribe|Casa Blanca|Gustavo Petro|lucha antinarcóticos|operaciones militares|Soberanía nacional|Tensión diplomática,https://360radio.com.co/petro-tension-con-ee-uu-por-operaciones-militares/215436/
215431,Restaurantes tendencia en Bogotá  este 2026,2026-03-29 12:04:15,2026-03-29 12:04:15,publish,Juan Turriago,Noticias de Bogotá,​Comida fusión Bogotá|​El Chato mejor restaurante|Gastronomía en Bogotá|Mejores restaurantes Bogotá 2026|Restaurantes Zona G|​Rooftops en Bogotá|​Sabor Bogotá 2026,https://360radio.com.co/bogota/restaurantes-tendencia-en-bogota-este-2026/
215427,Posible titular de Colombia para enfrentar a Francia,2026-03-29 10:20:43,2026-03-28 19:09:29,publish,Juan Turriago,Deportes,Alineación Selección Colombia|Dónde ver Selección Colombia|Fecha FIFA de marzo|Kylian Mbappé|Luis Diaz|Nestor Lorenzo|Northwest Stadium,https://360radio.com.co/deportes/posible-titular-de-colombia-para-enfrentar-a-francia/
215422,¿A qué hora juega la selección Colombia y por donde ver el partido?,2026-03-29 08:00:01,2026-03-29 12:11:06,publish,Juan Turriago,Deportes,Amistosos internacionales 2026|Dónde ver Selección Colombia|Fútbol RCN transmisión|Gol Caracol en vivo|Historial Colombia vs Francia|Hora partido Colombia|Selección Colombia,https://360radio.com.co/deportes/seleccion-colombia-y-por-donde-ver-el-partido/
215417,Rock al Parque 2026: fechas confirmadas edición  30 años,2026-03-28 20:00:06,2026-03-29 18:34:39,publish,Juan Turriago,Cultura|Noticias de Bogotá,30 años Rock al Parque|cartel Rock al Parque|festivales en Bogotá|historia del rock colombiano.|Idartes|música en vivo|simon bolivar,https://360radio.com.co/bogota/rock-al-parque-2026-fechas-confirmadas-edicion-30-anos/
215278,Los países con mejor desempeño académico en el mundo,2026-03-28 18:05:33,2026-03-28 10:19:53,publish,Juan Camilo Ocampo,Noticias del mundo,desempeño académico|Los países con mejor desempeño académico|MUNDO|OCDE,https://360radio.com.co/los-paises-con-mejor-desempeno-academico-en-el-mundo/215278/
215412,"Una crisis multinivel compleja de maniobrar: El FEPC, inflación de costos y el déficit fiscal",2026-03-28 17:01:59,2026-03-28 17:01:59,publish,Andrés David Rico Salazar,Columnas,Banco de la República tasas de interés|déficit fiscal en Colombia|​Inflación de alimentos|Paro camionero|precio del acpm|Regla fiscal|​Subsidio a la gasolina,https://360radio.com.co/una-crisis-multinivel-compleja-de-maniobrar-el-fepc-inflacion-de-costos-y-el-deficit-fiscal/215412/
215405,Se normaliza paso Rumichaca en Ecuador,2026-03-28 15:21:01,2026-03-28 15:21:01,publish,Juan Turriago,Noticias del mundo,,https://360radio.com.co/rumichaca/215405/
215400,Crisis y bloqueos viales en el Bajo Cauca le cuestan una fortuna a Colombia,2026-03-28 13:56:40,2026-03-28 13:56:40,publish,Juan Turriago,Noticias de Antioquia,abastecimiento nacional|Bloqueos de vías en Colombia|Colfecar|Corredor vial Medellín - Costa Caribe|Pérdidas económicas transporte|Sector logístico colombiano|Transporte de carga por carretera,https://360radio.com.co/crisis-bajo-cauca/215400/
215395,Impuesto al patrimonio para empresas en Colombia,2026-03-28 13:00:04,2026-03-28 13:55:59,publish,Juan Turriago,Empresas,Asobancaria|Carga fiscal bancos|Decreto 173 de 2026|destacada|Patrimonio líquido 2026|Sector financiero colombiano|Solvencia financiera|Tarifas impuesto empresas,https://360radio.com.co/colombia-2/215395/
215391,Colombia en el Top 10 de los países con mayor coeficiente intelectual en América Latina,2026-03-28 12:03:18,2026-03-28 12:03:18,publish,Juan Turriago,Noticias del mundo,,https://360radio.com.co/colombia/215391/
215382,Superfinanciera confirma que las tarjetas de crédito serán más caras en abril,2026-03-28 11:02:14,2026-03-28 11:06:24,publish,Juan Turriago,"Economía, finanzas y negocios",Compras de Semana Santa|Créditos de consumo|Finanzas personales Colombia|Intereses de tarjetas de crédito|Superintendencia Financiera de Colombia|Tasa de Interés Bancario Corriente|Tasa de usura en Colombia,https://360radio.com.co/superfinanciera-confirma-alza/215382/
215372,"Iván Cepeda lidera las encuestas, la derecha recorta distancias",2026-03-28 10:12:50,2026-03-28 10:12:50,publish,Juan Turriago,Noticias,Candidatos presidenciales 2026|Centro Nacional de Consultoría marzo|Intencion de Voto Colombia|Iván Cepeda presidente|Pacto Histórico vs Centro Democrático|Paloma Valencia encuestas|Segunda vuelta presidencial,https://360radio.com.co/ivan-cepeda-lidera-las-encuestas-la-derecha-recorta-distancias/215372/
215361,Tránsito masivo en Semana Santa: 8 millones de vehículos se movilizarán por vías concesionadas,2026-03-28 09:37:15,2026-03-28 09:37:15,publish,Juan Camilo Ocampo,Noticias de Colombia,ANI|COLOMBIA|La Agencia Nacional de Infraestructura|Semana Santa|Semana Santa en Colombia|Tránsito masivo en Semana Santa|Viajeros en Semana Santa,https://360radio.com.co/transito-masivo-en-semana-santa-8-millones-de-vehiculos-se-movilizaran-por-vias-concesionadas/215361/
215356,¿Qué cambia? Petro sanciona en Córdoba la Ley de Jurisdicción Agraria,2026-03-28 08:58:02,2026-03-28 08:58:41,publish,Juan Camilo Ocampo,Noticias de Colombia,COLOMBIA|Gustavo Petro|Ley de Jurisdicción Agraria|Petro sanciona en Córdoba la Ley de Jurisdicción Agraria,https://360radio.com.co/que-cambia-petro-sanciona-en-cordoba-la-ley-de-jurisdiccion-agraria/215356/
215340,El sector transporte proyecta un crecimiento del 10% en pasajeros,2026-03-28 08:20:08,2026-03-28 02:51:17,publish,Juan Turriago,Noticias,destinos turísticos|​Flujo de pasajeros|​Movilidad nacional|​Reserva de pasajes|​Temporada de viajes|Terminales de transporte|​Viajes por carretera,https://360radio.com.co/el-sector-transporte-proyecta-un-crecimiento-del-10-en-pasajeros/215340/
215351,"Resultado Lotería de Santander hoy 28 marzo: secos, número ganador y último sorteo",2026-03-28 07:00:52,2026-03-28 06:41:06,publish,360 Radio,Territorio,arzo|Jorge g|Lotería 28 de marzo|Loteria de Santander|Premio mayor 28 de|Resultado hoy 28 de mrzo|Resultado loteria|Sntandeer hoy 28 de marzo|Varios,https://360radio.com.co/resultado-loteria-de-santander-hoy-28-marzo-secos-numero-ganador-y-ultimo-sorteo/215351/
215303,"Resultado Lotería de Risaralda hoy 27 de marzo: secos, último sorteo y número ganador",2026-03-28 06:30:01,2026-03-28 06:24:06,publish,360 Radio,Territorio,Loteria de Risaralda|Loteria de Risaralda hoy|Loteria de Risaralda numero ganador|loterias de Colombia|Resultado Lotería de Risaralda hoy 27 de marzo|Secos Loteria de Risaralda|Varios,https://360radio.com.co/resultado-loteria-de-risaralda-hoy-27-de-marzo-secos-ultimo-sorteo-y-numero-ganador/215303/
215299,Lotería de Medellín resultado hoy 27 de marzo: último sorteo y número ganador,2026-03-28 06:18:32,2026-03-28 06:18:45,publish,Juan Camilo Ocampo,Territorio,Loteria de Medellin hoy|Loteria de Medellin hoy resultado|Loteria de Medellin numero ganador|Lotería de Medellín resultado hoy 27 de marzo|loterias de Colombia|Ultimo sorteo loteria de Medellin|Varios,https://360radio.com.co/loteria-de-medellin-resultado-hoy-27-de-marzo-ultimo-sorteo-y-numero-ganador/215299/
215279,Metro de Bogotá llega a los nueve trenes y estabiliza frecuencias hacia la avenida Caracas,2026-03-27 21:00:51,2026-03-27 17:13:20,publish,Juan Turriago,Noticias de Bogotá,,https://360radio.com.co/bogota/metro-bogota/
215326,Leyenda de Kraken regresará mañana a los escenarios de Bogotá tras 40 años de historia sonora,2026-03-27 19:32:29,2026-03-27 19:32:29,publish,Julieth Barbosa,Entretenimiento,,https://360radio.com.co/entretenimiento/leyenda-de-kraken-regresara-manana-a-los-escenarios-de-bogota-tras-40-anos-de-historia-sonora/
215320,"""Cuba es el siguiente"", sentenció Trump tras pedir a los medios ignorar su advertencia",2026-03-27 19:05:01,2026-03-27 19:05:01,publish,Julieth Barbosa,Noticias del mundo,"Campaña Donald Trump 2026 política exterior Caribe|Cuba y Venezuela comparativa|Declaraciones Donald Trump sobre Cuba marzo 2026|Estrategia de presión máxima Florida exilio cubano|Relación Trump|Seguridad nacional hemisférica y movimiento MAGA|Trump ""Cuba es el siguiente"" análisis político|Trump vs. régimen de La Habana sanciones 2026|Voto republicano en Florida y política internacional",https://360radio.com.co/cuba-es-el-siguiente-sentencio-trump-tras-pedir-a-los-medios-ignorar-su-advertencia/215320/
215316,Revolución Digital: El libro electrónico ya representa el 36% de la producción editorial en Colombia,2026-03-27 18:40:45,2026-03-27 18:41:59,publish,Julieth Barbosa,Cultura|Noticias de Colombia,Cámara Colombiana del Libro estadísticas 2026|Crecimiento del audiolibro en Colombia 2024-2026|Economía naranja sector editorial digital|Libro digital en Colombia informe 2026|Mercado editorial digital ciencia y técnica|Plataformas de suscripción de libros en Colombia|Registros ISBN libros digitales Colombia|Ventas de libros digitales vs papel Colombia,https://360radio.com.co/revolucion-digital-el-libro-electronico-ya-representa-el-36-de-la-produccion-editorial-en-colombia/215316/
215310,Movilidad cerrará carril de la Carrera Séptima entre calles 121 y 119 a partir del lunes 30 de marzo,2026-03-27 18:03:00,2026-03-27 18:03:00,publish,Julieth Barbosa,Infraestructura|Noticias de Bogotá,Cambio de paraderos SITP Usaquén 2026|Cierre carril Carrera Séptima Bogotá marzo 2026|Construcción megaproyecto Carrera Séptima IDU|Desvíos y movilidad norte de Bogotá 2026|Duración obras Carrera Séptima contrato IDU-1739|Estado del tráfico Carrera Séptima hoy|Obras Carrera Séptima calle 127 Usaquén|Plan de Manejo de Tránsito Séptima calle 119 a 121,https://360radio.com.co/bogota/movilidad-cerrara-carril-de-la-carrera-septima-entre-calles-121-y-119-a-partir-del-lunes-30-de-marzo/
215256,Cámara por Bogotá: Así quedó definida tras cierre del escrutinio,2026-03-27 17:17:58,2026-03-28 06:44:51,publish,Laura Salazar,Bogotá|Elecciones 2026|Política,Cámara de Representantes Bogotá 2026|candidatos Pacto Histórico|centro democrático|Congreso Bogotá|destacada|Elecciones 2026|Elecciones Legislativas Bogotá 2026|Escrutinio Cámara Bogotá 2026,https://360radio.com.co/camara-por-bogota-asi-quedo-definida-tras-cierre-del-escrutinio/215256/
215292,Tecnología y seguridad en los autos modernos: así evolucionan los vehículos para viajar tranquilo en Semana Santa,2026-03-27 17:01:25,2026-03-27 17:01:25,publish,Juan Camilo Ocampo,Territorio,Comercial|KIA k3 hatchback|Semana Santa|Tecnología y seguridad,https://360radio.com.co/tecnologia-y-seguridad-en-los-autos-modernos-asi-evolucionan-los-vehiculos-para-viajar-tranquilo-en-semana-santa/215292/
215263,Idartes oficializó el calendario de Rock al Parque 2026 para celebrar su edición número 30,2026-03-27 16:52:40,2026-03-27 16:52:40,publish,Julieth Barbosa,Cultura|Noticias de Bogotá,Calendario Festivales al Parque Bogotá 2026|Colombia al Parque 2026 Parque de los Novios|Fechas Rock al Parque 2026 30 ediciones|Hip Hop al Parque Bogotá octubre 2026|Idartes programación festivales gratuitos 2026|Impacto económico festivales Idartes Bogotá|Joropo al Parque Plaza de Bolívar mayo|Salsa al Parque 2026 fechas noviembre,https://360radio.com.co/bogota/idartes-oficializo-el-calendario-de-rock-al-parque-2026-para-celebrar-su-edicion-numero-30/
215262,Bloqueos mineros indefinidos y disturbios en el Bajo Cauca,2026-03-27 16:39:21,2026-03-27 16:39:21,publish,Juan Turriago,"Minería, energía e hidrocarburos",Bloqueos en Antioquia|Caucasia y Tarazá|Crisis de orden público|Desabastecimiento de alimentos|Diálogo Gobierno Nacional mineros|Minería ancestral vs. minería criminal|Quema de maquinaria amarilla,https://360radio.com.co/bajo-cauca/215262/
215267,Aeropuerto de Rionegro: Comienzan trabajos de modernización,2026-03-27 16:34:25,2026-03-27 16:34:25,publish,Juan Camilo Ocampo,Noticias de Antioquia,Aeropuerto de Rionegro|Aeropuerto Jose María Córdova|ANI|Antioquía|Comienzan trabajos de modernización en el José María Córdova|Gobernación de Antioquia,https://360radio.com.co/aeropuerto-de-rionegro-comienzan-trabajos-de-modernizacion/215267/
215251,Frisby aclara situación legal en España: La disputa por la marca sigue activa,2026-03-27 16:06:19,2026-03-27 16:06:19,publish,Juan Turriago,Judicial,​Competencia desleal marcas|​Frisby S.A. BIC comunicado|Litigio de marca Frisby|​Medidas cautelares Alicante|​Pollo Frisby España|​Propiedad intelectual en la Unión Europea|​Registro de marca por mala fe,https://360radio.com.co/frisby-aclara-situacion-legal-en-espana-la-disputa-por-la-marca-sigue-activa/215251/
215246,"Aeronáutica Civil proyectó movilización de 1,8 millones de pasajeros durante Semana Santa 2026",2026-03-27 15:56:28,2026-03-27 15:56:28,publish,Julieth Barbosa,Movilidad|Noticias de Colombia,"Operación retorno Semana Santa 5 de abril 2026|Proyecciones pasajeros Aerocivil Semana Santa 2026|Recomendaciones aeropuertos Semana Santa Colombia|Requisitos para viajar en avión Semana Santa 2026|Tráfico aéreo Colombia ""País de la Belleza""|Viajes Semana Santa Colombia 2026 Aeronáutica Civil|Vuelos nacionales e internacionales Colombia marzo 2026",https://360radio.com.co/aeronautica-civil-proyecto-movilizacion-de-18-millones-de-pasajeros-durante-semana-santa-2026/215246/
215232,Abstinencia y ayuno: Las razones teológicas detrás del veto a la carne roja en los días santos,2026-03-27 14:37:39,2026-03-27 14:37:39,publish,Juan Turriago,Colombia,Ayuno y abstinencia católica|Biblia y el consumo de carne|Carne roja y pecado|Diferencia entre ayuno y abstinencia|Origen de no comer carne|Significado de la abstinencia|Viernes Santo tradiciones,https://360radio.com.co/razones-teologicas-detras-del-veto-a-la-carne-roja-en-los-dias-santos/215232/
215239,Gobierno Nacional invertirá $167.000 millones en modernización de seis aeropuertos estratégicos,2026-03-27 14:10:44,2026-03-27 14:10:44,publish,Julieth Barbosa,Infraestructura,Agencia Nacional de Infraestructura ANI proyectos 2026|Ampliación aeropuerto José María Córdova Rionegro|Capacidad pasajeros aeropuerto Medellín Rionegro|Conectividad aérea regional Colombia 2032|Inversión infraestructura aérea Ministerio de Transporte|Mafe Rojas Ministra de Transporte anuncios 2026|Obras en aeropuertos Montería Quibdó y Carepa|Plan de modernización aeropuertos Colombia 2026,https://360radio.com.co/gobierno-nacional-invertira-167-000-millones-en-modernizacion-de-seis-aeropuertos-estrategicos/215239/
215233,Accionistas de Grupo SURA aprobaron dividendo de COP 2.000 con un incremento del 33.3%,2026-03-27 13:22:33,2026-03-27 13:22:33,publish,Julieth Barbosa,"Colombia|Economía, finanzas y negocios|Empresas",Asamblea Grupo SURA 2026 resultados y dividendos|Nueva Junta Directiva Grupo SURA 2026-2028|Pago de dividendos Grupo SURA 2026 fechas|Programa Visionistas para accionistas SURA|Raquel Bernal y Bernardo Vargas Junta SURA|Ricardo Jaramillo Mejía presidente Grupo SURA 2026|Utilidad recurrente Grupo SURA 2025 COP 2.3 billones,https://360radio.com.co/accionistas-de-grupo-sura-aprobaron-dividendo-de-cop-2-000-con-un-incremento-del-33-3/215233/
215220,Petro y Westcol: los detalles del encuentro que rompió récords.,2026-03-27 13:02:31,2026-03-27 13:05:11,publish,Juan Turriago,Noticias,​Entrevista Westcol presidente|​Gustavo Petro en Kick|​Jóvenes creadores de contenido|​Política y redes sociales 2026|Streaming en Colombia|​Subsidios del Gobierno Nacional|​Tendencias en plataformas digitales,https://360radio.com.co/petro-y-westcol-los-detalles-del-encuentro-que-rompio-records/215220/
215218,"Ticketmaster y BTS en Bogotá 2026: fechas, preventa y cómo comprar boletas",2026-03-27 11:43:58,2026-03-27 11:44:12,publish,Jorge González,Cultura|Entretenimiento,ACONCIENRTO BOGOTA|BOLETOS PARA BTS|BTS|BTS EN BOGOT|TIKETERA,https://360radio.com.co/entretenimiento/ticketmaster-y-bts-en-bogota-2026-fechas-preventa-y-como-comprar-boletas/
215214,Colombia vs. Francia: Las 10 claves tácticas para dar el golpe en Europa,2026-03-27 11:32:33,2026-03-27 11:32:33,publish,Juan Turriago,Deportes,Amistosos internacionales 2026|Formación de Colombia|JAMES RODRIGUEZ|Kylian Mbappé|Luis Diaz|Nestor Lorenzo|Táctica de fútbol,https://360radio.com.co/deportes/colombia-vs-francia-las-10-claves-tacticas-para-dar-el-golpe-en-europa/
215205,¿Cuánto ganarán alcaldes este año? Lista completa de sueldos por categoría municipal,2026-03-27 10:25:10,2026-03-27 10:25:10,publish,Juan Turriago,Colombia,​Categorización de municipios Ley 617|Decreto 0323 de 2026|​Escalas salariales servidores públicos|​Función Pública sueldos|​Incremento salarial retroactivo|​Límites máximos salariales Colombia|​Topes salariales alcaldes 2026,https://360radio.com.co/cuanto-ganaran-alcaldes-este-ano-lista-completa-de-sueldos-por-categoria-municipal/215205/
215204,"Revelan video dentro del avión hércules antes del accidente: ""estaban muy felices”",2026-03-27 09:29:25,2026-03-27 09:29:36,publish,Jorge González,Noticias de Colombia,Accidente aéreo|Avión Hércules|FAC|Hércules|Jorge g|Siniestro|Soldados|Videos previos al accidente,https://360radio.com.co/revelan-video-dentro-del-avion-hercules-antes-del-accidente-estaban-muy-felices/215204/
215189,Cambios en Nequi tras dejar Bancolombia: lo que debes saber hoy,2026-03-27 09:11:33,2026-03-27 09:12:04,publish,Juan Turriago,Colombia,​Cuentas de ahorro Nequi|Grupo Bancolombia|​Independencia de Nequi 2026|​Microcréditos Nequi|Nequi S.A. compañía de financiamiento|​Seguridad digital Nequi|Superintendencia Financiera de Colombia,https://360radio.com.co/cambios-en-nequi-tras-dejar-bancolombia-lo-que-debes-saber-hoy/215189/
215194,No solo casinos: cómo los proveedores B2B dan forma al juego online,2026-03-27 09:09:17,2026-03-27 09:09:17,publish,Juan Camilo Ocampo,Territorio,Comercial|Dinero seguro|juego online|juego seguro|proveedores B2B|proveedores B2B dan forma al juego online,https://360radio.com.co/no-solo-casinos-como-los-proveedores-b2b-dan-forma-al-juego-online/215194/
215187,¿Los juzgados abren en Semana Santa 2026? así funcionarán,2026-03-27 09:02:23,2026-03-27 09:02:23,publish,Jorge González,Noticias de Colombia,Fiscalia|Hasta cuando abren los Juzgados|Jorge g|JUDICIAL|Juzgados|Los juzgados operan en sema santa|Semana Santa,https://360radio.com.co/los-juzgados-abren-en-semana-santa-2026-asi-funcionaran/215187/
215185,SENA abre ofertas de empleo con salarios de más de $5 millones y en el exterior: paso a paso para aplicar,2026-03-27 08:57:10,2026-03-27 08:57:10,publish,Juan Camilo Ocampo,Noticias de Colombia,COLOMBIA|Ofertas de empleo en el SENA|Ofertas de empleo en el SENA HOY|Sena|SENA abre ofertas de empleo,https://360radio.com.co/sena-abre-ofertas-de-empleo-con-salarios-de-mas-de-5-millones-y-en-el-exterior-paso-a-paso-para-aplicar/215185/
215181,Hora del Planeta 2026: cuándo es y por qué se apagarán las luces,2026-03-27 08:41:10,2026-03-27 08:41:10,publish,Juan Camilo Ocampo,Noticias de Colombia|Noticias del mundo,COLOMBIA|Hora del planeta|Hora del planeta 2026|Hora del planeta 2026 en Bogotá|Hora del planeta 2026 en Colombia|MUNDO,https://360radio.com.co/hora-del-planeta-2026-cuando-es-y-por-que-se-apagaran-las-luces/215181/
215150,Agenda cultural de marzo de 2026 dinamizó la economía creativa en las principales ciudades,2026-03-27 08:05:47,2026-03-26 17:09:13,publish,Julieth Barbosa,Cultura,Agenda cultural Colombia fin de semana 28 y 29 de marzo 2026|Espectáculo 'Aria' Plaza Cultural La Santamaría|Exhibición inmersiva El Principito Medellín Los Molinos|Festival de Música Clásica Cali Teatro Municipal|Festival Internacional de Artes Vivas (FIAV) Bogotá 2026|Festival Rimas y Ritmos Bello Parque Fabricato|Latir Festival Bogotá La Media Torta 2026|Obra Bodas de Sangre Bellas Artes Cali programación,https://360radio.com.co/agenda-cultural-de-marzo-de-2026-dinamizo-la-economia-creativa-en-las-principales-ciudades/215150/
215176,"Lotería del Quindío resultado hoy 26 marzo: número ganador, secos y último sorteo",2026-03-27 06:30:07,2026-03-27 06:07:35,publish,Jorge González,Territorio,Jorge g|Lotería|Loteria Quindío|Premio Mayor Quindío|Premios Secos Quindío|Quindío|Resultado 26 de marzo|Varios,https://360radio.com.co/loteria-del-quindio-resultado-hoy-26-marzo-numero-ganador-secos-y-ultimo-sorteo/215176/
215110,"Lotería de Bogotá resultado hoy 26 marzo: número ganador, secos y último sorteo",2026-03-27 05:54:02,2026-03-27 05:54:02,publish,360 Radio,Territorio,Julieth B|Loteria de Bogota|Loteria de Bogota 26 marzo|Loteria de Bogota ayer|Loteria de Bogota hoy|Loteria de Bogota numero ganador|Loteria de Bogota resultado|Loteria de Bogota Secos|Loteria de Bogota ultimo sorteo|Loterias Colombia|Loterias hoy|Varios,https://360radio.com.co/loteria-de-bogota-resultado-hoy-26-marzo-numero-ganador-secos-y-ultimo-sorteo/215110/
215169,Video: ¿El nuevo Borja? Lucho Suárez erró gol debajo del arco,2026-03-26 19:33:31,2026-03-26 19:33:31,publish,Juan Camilo Ocampo,Deportes,DEPORTES|Lucho Suárez|Lucho Suárez erró gol debajo del arco|Selección Colombia,https://360radio.com.co/deportes/video-el-nuevo-borja-lucho-suarez-erro-gol-debajo-del-arco/
215167,Así será la modernización del José María Córdova anunciada por MinTransporte,2026-03-26 19:12:51,2026-03-27 09:07:13,publish,Juan Camilo Ocampo,Noticias de Antioquia,Aeropuerto Jose María Córdova|Antioquía|Así será la modernización del José María Córdova|destacada|MinTransporte,https://360radio.com.co/asi-sera-la-modernizacion-del-jose-maria-cordova-anunciada-por-mintransporte/215167/
215161,¿Buscas prácticas? Antioquia abre convocatoria de Excelencia para 2026-II,2026-03-26 18:36:07,2026-03-26 18:36:07,publish,Juan Camilo Ocampo,Noticias de Antioquia|Noticias de Medellín,¿Buscas prácticas?|Antioquía|Antioquia abre convocatoria de Excelencia para 2026-II|Gobernación de Antioquia|medellin|Prácticas universitarias,https://360radio.com.co/medellin/buscas-practicas-antioquia-abre-convocatoria-de-excelencia-para-2026-ii/
215151,Antioqueña de Oro 2026 abre convocatoria con más cupos y enfoque en inclusión femenina,2026-03-26 17:01:20,2026-03-26 17:01:20,publish,Laura Salazar,Noticias de Antioquia|Noticias de Medellín,Antioqueña de Oro 2026|Convocatoria Antioqueña de Oro 2026|Departamento de Antioquia|Gobernación de Antioquia|Inclusión Social|Secretaría de las Mujeres,https://360radio.com.co/medellin/antioquena-de-oro-2026-abre-convocatoria-con-mas-cupos-y-enfoque-en-inclusion-femenina/
215138,Duelo de peso: así están las apuestas para Colombia vs. Croacia,2026-03-26 15:53:34,2026-03-26 15:56:51,publish,Juan Camilo Ocampo,Deportes,así están las apuestas para Colombia vs. Croacia|Colombia vs. Croacia|Partido de la Selección Colombia|Selección Colombia Hoy,https://360radio.com.co/deportes/duelo-de-peso-asi-estan-las-apuestas-para-colombia-vs-croacia/
215128,Avanza solución en la avenida El Poblado: arriban piezas clave para nuevo canal,2026-03-26 13:54:21,2026-03-26 13:54:21,publish,Juan Camilo Ocampo,Noticias de Medellín,Alcaldia de medellin|Avenida El poblado|medellin|Medellín acelera obras en la avenida El Poblado|Quebrada La Presidenta,https://360radio.com.co/medellin/avanza-solucion-en-la-avenida-el-poblado-arriban-piezas-clave-para-nuevo-canal/
215120,Nueva audiencia en Nueva York: Nicolás Maduro y Cilia Flores comparecieron ante tribunal federal,2026-03-26 13:34:09,2026-03-26 13:34:09,publish,Juan Camilo Ocampo,Noticias del mundo,MUNDO|Nicolas Maduro|Nicolás Maduro hoy|Nueva audiencia en Nueva York|Segunda audiencia de Maduro,https://360radio.com.co/nueva-audiencia-en-nueva-york-nicolas-maduro-y-cilia-flores-comparecieron-ante-tribunal-federal/215120/
215106,El nuevo motor de divisas de Colombia se llama talento digital,2026-03-26 12:30:10,2026-03-26 12:30:10,publish,360 Radio,Columnas|Opinión,Comparativa remesas vs inversión extranjera directa|Crecimiento flujo de dólares a pesos colombianos|Exportación de servicios digitales y trabajo remoto 2026|Informe Global66 Panorama de Transferencias Internacionales|Ingresos remesas y servicios digitales Colombia 2025|Julieth B|Nómadas digitales y freelancers en Colombia tributación|Récord transferencias internacionales Colombia USD 13.000 millones|Regulación para trabajadores remotos en Colombia,https://360radio.com.co/el-nuevo-motor-de-divisas-de-colombia-se-llama-talento-digital/215106/
215100,HBO oficializó el estreno de la serie de Harry Potter para la Navidad de 2026 con un primer avance,2026-03-26 12:21:54,2026-03-26 12:21:54,publish,Julieth Barbosa,Entretenimiento,Adaptación fiel libros J.K. Rowling HBO|HBO Max Harry Potter fecha de estreno Navidad|John Lithgow como Albus Dumbledore serie|Nuevo reparto Harry Potter Dominic McLaughlin|Serie Harry Potter HBO Max estreno 2026|Showrunner Francesca Gardiner Harry Potter|Tráiler oficial Harry Potter HBO 2026|Voldemort serie Harry Potter reparto rumores,https://360radio.com.co/entretenimiento/hbo-oficializo-el-estreno-de-la-serie-de-harry-potter-para-la-navidad-de-2026-con-un-primer-avance/
215091,"Noelia Castillo no sufría de una discapacidad o enfermedad terminal, aún así le dieron la eutanasia",2026-03-26 11:51:50,2026-03-26 11:51:50,publish,Jorge González,Noticias del mundo,Casos de depresión|Estabilidad mental|Euanasia|EUROPA|Eutanasia en Europa|Jorge g|Noelia Castillo,https://360radio.com.co/noelia-castillo-no-sufria-de-una-discapacidad-o-enfermedad-terminal-aun-asi-le-dieron-la-eutanasia/215091/
215089,Gobierno Nacional encargó a Diego Solano como Superintendente de Industria y Comercio tras fallo,2026-03-26 11:47:02,2026-03-26 11:47:02,publish,Julieth Barbosa,Noticias de Colombia,Decreto 0322 del 25 de marzo de 2026 Presidencia|Diego Andrés Solano Osorio perfil profesional|Estabilidad institucional y protección al consumidor Colombia|Experiencia técnica y especialidad cargo Superintendente|Fallo Consejo de Estado anulación nombramiento SIC|Nombramiento Diego Solano Osorio Superintendente SIC 2026|Requisitos OCDE para superintendentes en Colombia|Salida de Cielo Rusinque Superintendencia de Industria y Comercio,https://360radio.com.co/gobierno-nacional-encargo-a-diego-solano-como-superintendente-de-industria-y-comercio-tras-fallo/215089/
215070,Colombia vs. Croacia HOY: pronóstico,2026-03-26 10:56:15,2026-03-26 10:56:15,publish,Julieth Barbosa,Deportes,Camping World Stadium Orlando partido hoy|Colombia vs Croacia amistoso marzo 2026|Historial Colombia vs selecciones europeas 2026|Luis Díaz y James Rodríguez vs Croacia|Luka Modric último baile Croacia vs Colombia|Néstor Lorenzo Selección Colombia formación 2026|Pronósticos Colombia vs Croacia apuestas fútbol|Zlatko Dalić nómina Croacia amistoso internacional,https://360radio.com.co/deportes/colombia-vs-croacia-hoy-pronostico/
215079,Juan Carlos Echeverry es el nuevo presidente del Banco de Bogotá: perfil y trayectoria,2026-03-26 10:54:31,2026-03-26 11:01:28,publish,Jorge González,Empresas|Noticias de Colombia,Banco Bogotá|destacada,https://360radio.com.co/juan-carlos-echeverry-es-el-nuevo-presidente-del-banco-de-bogota-perfil-y-trayectoria/215079/
215071,Revelan chats contra Nicolás Rodríguez: estas conversaciones serían prueba en denuncia contra el jugador de Nacional,2026-03-26 10:25:53,2026-03-26 10:25:53,publish,Jorge González,Judicial|Noticias de Colombia,Acoso sexual jugador nacional|Jorge g|Jugador de nacionla|Nacional Futbol club|Nicolas Rodríguez|Quien es Nicolas RodrígueZ,https://360radio.com.co/revelan-chats-contra-nicolas-rodriguez-estas-conversaciones-serian-prueba-en-denuncia-contra-el-jugador-de-nacional/215071/
215060,"Partidos del Repechaje al Mundial 2026: horarios, qué es y cómo se juegan",2026-03-26 09:55:11,2026-03-26 09:55:11,publish,Julieth Barbosa,Deportes,Bolivia vs Surinam dónde ver hoy|Clasificados Mundial 2026 lista completa|Formato repechaje intercontinental FIFA 48 selecciones|Jamaica vs Nueva Caledonia eliminatorias 2026|Próximos partidos de Italia repechaje mundialista|Repechaje Mundial 2026 partidos hoy 26 de marzo|Repesca UEFA 2026 enfrentamientos y horarios|Torneo Clasificatorio FIFA México sedes Monterrey Guadalajara,https://360radio.com.co/deportes/partidos-del-repechaje-al-mundial-2026-horarios-que-es-y-como-se-juegan/
215057,"Abonos de Millonarios para la Sudamericana 2026: precios, boletas y partidos que incluye",2026-03-26 09:43:25,2026-03-26 09:44:39,publish,Jorge González,"Economía, finanzas y negocios|Noticias de Bogotá",,https://360radio.com.co/bogota/abonos-de-millonarios-para-la-sudamericana-2026-precios-boletas-partidos-que-incluye/
215054,"Estas son las mejores universidades y carreras de Colombia, según ranking internacional",2026-03-26 09:11:34,2026-03-26 09:11:34,publish,Julieth Barbosa,Educación,Comparativa universidades América Latina QS 2026|Estudiar Medicina en Colombia Universidad de Antioquia|Mejores universidades de Colombia ranking 2026|Pontificia Universidad Javeriana Teología ranking mundial|Programas académicos Top 50 global Colombia|QS World University Rankings by Subject 2026 Colombia|Universidad de los Andes Estudios sobre el Desarrollo QS|Universidad Nacional de Colombia ranking ingeniería 2026,https://360radio.com.co/estas-son-las-mejores-universidades-y-carreras-de-colombia-segun-ranking-internacional/215054/
215048,¿Dónde ver a Westcol con Gustavo Petro en stream y a qué hora?,2026-03-26 08:46:40,2026-03-26 08:46:40,publish,Jorge González,Entretenimiento|Noticias de Colombia,A qué hora será el estreamer de petro|Jorge g|Petro|Presidente Colombia|Streamer westcol con petro|westcol|Westcol Urube,https://360radio.com.co/entretenimiento/donde-ver-a-westcol-con-gustavo-petro-en-stream-y-a-que-hora/
215043,"Lotería de Manizales resultado hoy 25 marzo: número ganador, secos y último sorteo",2026-03-26 07:40:01,2026-03-26 08:11:56,publish,Jorge González,Territorio,Jorge g|Lotería manizales|Manizales 25 de marzo|Premio mayor manizales|Premios Secos Loteria manizales|Sorteo Loteria Manizales|Sorteo oficial|Varios,https://360radio.com.co/loteria-de-manizales-resultado-hoy-25-marzo-numero-ganador-secos-y-ultimo-sorteo/215043/
215037,Posible formación de la Selección Colombia vs Croacia hoy,2026-03-26 07:00:15,2026-03-26 06:38:59,publish,Jorge González,Deportes|Entretenimiento,Alineación colombia hoy|COLOMBIA|Croacia|James|Jorge g|Lucho Diaz|Selección Colombia|Titulares de colombia,https://360radio.com.co/entretenimiento/posible-formacion-de-la-seleccion-colombia-vs-croacia-hoy/
215032,A qué hora juega la Selección Colombia vs Croacia hoy jueves 26 de marzo,2026-03-26 06:18:32,2026-03-26 06:19:43,publish,Jorge González,Deportes,Croacia|DEPORTES|destacada|Hora del partido de Colombia|Jorge g|Por donde ver colombia vs criacia|Selección Colombia|Titulares de colombia,https://360radio.com.co/deportes/a-que-hora-juega-la-seleccion-colombia-vs-croacia-hoy-jueves-26-de-marzo/
214978,"Lotería del Meta resultado hoy 25 marzo: secos, número ganador y último sorteo",2026-03-26 06:02:22,2026-03-26 06:02:22,publish,360 Radio,Territorio,Julieth B|Loteria del meta 25 marzo Loteria del meta 25 marzo|Loteria del Meta ayer L|Loteria del Meta hoy|Loteria del Meta numero ganador|Loteria del Meta resultado|Loteria del Meta secos|Loteria del Meta ultimo sorteo|Loterías|Loterias Colombia|Loterias hoy|Varios,https://360radio.com.co/loteria-del-meta-resultado-hoy-25-marzo-secos-numero-ganador-y-ultimo-sorteo/214978/
215019,"Resultado Lotería del Valle hoy 25 marzo: número ganador, secos y último sorteo",2026-03-25 22:30:21,2026-03-26 05:52:31,publish,360 Radio,Territorio,Loteria del valle|loteria del valle hoy|Loteria del Valle numero ganador|Loteria del Valle ultimo sorteo|loterias de Colombia|Resultado Lotería del Valle hoy 25 marzo|Varios,https://360radio.com.co/resultado-loteria-del-valle-hoy-25-marzo-numero-ganador-secos-y-ultimo-sorteo/215019/
215015,¿Listo el bolsillo? Esto costará comer en el estadio del debut de Colombia en el Mundial 2026,2026-03-25 19:12:41,2026-03-25 19:23:23,publish,Juan Camilo Ocampo,Deportes,DEPORTES|Estadio Banorte|Esto costará comer en el estadio del debut de Colombia en el Mundial 2026|Mundial 2026|Selección Colombia,https://360radio.com.co/deportes/listo-el-bolsillo-esto-costara-comer-en-el-estadio-del-debut-de-colombia-en-el-mundial-2026/
215008,Wingo lanza nuevas rutas desde Medellín a Guatemala y Jamaica: precios y fechas,2026-03-25 17:49:34,2026-03-25 17:49:34,publish,Jorge González,Empresas|Noticias de Colombia,COLOMBIA|Jorge g|Medellín wingo|Nuvas rutas wingo|Precios wingo|Turismo|Wingo|Wingo guatemala|Wingo jamaica,https://360radio.com.co/wingo-lanza-nuevas-rutas-desde-medellin-a-guatemala-y-jamaica-precios-y-fechas/215008/
215005,Pacto Histórico: senadoras piden salida del gerente de RTVC por denuncias de acoso,2026-03-25 17:31:10,2026-03-25 17:31:44,publish,Juan Camilo Ocampo,Noticias de Colombia,COLOMBIA|gerente de RTVC|Hollman Morris|Pacto Histórico|POLITICA|senadoras piden salida del gerente de RTVC por denuncias de acoso,https://360radio.com.co/pacto-historico-senadoras-piden-salida-del-gerente-de-rtvc-por-denuncias-de-acoso/215005/
215001,"Tradición, cultura y senderos: así se vivirá la Semana Santa en el Parque Arví",2026-03-25 17:04:48,2026-03-25 17:04:48,publish,Juan Camilo Ocampo,Noticias de Medellín,Alcaldia de medellin|medellin|Semana Santa en el Parque Arví|Semana Santa en Medellín,https://360radio.com.co/medellin/tradicion-cultura-y-senderos-asi-se-vivira-la-semana-santa-en-el-parque-arvi/
214988,Justicia de EE. UU. sentenció a Google y Meta por diseñar algoritmos adictivos para menores,2026-03-25 16:47:05,2026-03-25 16:47:05,publish,Julieth Barbosa,Tecnología,Acuerdos extrajudiciales TikTok Snap 2026|Diseño adictivo de interfaces digitales menores|Impacto de algoritmos en la salud pública juvenil|Juicio Los Ángeles Google Meta salud mental|Meta demanda Nuevo México seguridad infantil|Regulación de Big Tech en Estados Unidos|Responsabilidad legal algoritmos redes sociales|Veredicto Google Meta adicción plataformas 2026,https://360radio.com.co/tecnologia/justicia-de-ee-uu-sentencio-a-google-y-meta-por-disenar-algoritmos-adictivos-para-menores/
214994,¿Qué debe saber antes de viajar a EE.UU. con su celular?,2026-03-25 16:29:30,2026-03-25 16:29:30,publish,Juan Camilo Ocampo,Territorio,¿Qué debe saber antes de viajar a EE.UU. con su celular?|Celular|Comercial|Estados Unidos|Por qué el roaming sale tan caro en EE.UU.,https://360radio.com.co/que-debe-saber-antes-de-viajar-a-ee-uu-con-su-celular/214994/
214987,Renovación en la Junta Directiva de Celsia: estos son sus nuevos integrantes,2026-03-25 16:18:56,2026-03-25 16:31:09,publish,Juan Camilo Ocampo,Empresas|Noticias de Colombia,Celsia|COLOMBIA|Empresas|Renovación en la Junta Directiva de Celsia:,https://360radio.com.co/renovacion-en-la-junta-directiva-de-celsia-estos-son-sus-nuevos-integrantes/214987/
214983,"Deportivo Pereira, en caída libre: castigo de la FIFA complica su panorama",2026-03-25 15:51:49,2026-03-25 15:51:49,publish,Juan Camilo Ocampo,Deportes,DEPORTES|Deportivo Pereira|FIFA|Sanción de la FIFA impide fichajes al Deportivo Pereira,https://360radio.com.co/deportes/deportivo-pereira-en-caida-libre-castigo-de-la-fifa-complica-su-panorama/
214968,Empresas pagarán primera cuota del Impuesto al Patrimonio el 1 de abril ante el Gobierno Nacional,2026-03-25 14:26:55,2026-03-25 14:26:55,publish,Julieth Barbosa,Empresas|Noticias de Colombia,,https://360radio.com.co/empresas-pagaran-primera-cuota-del-impuesto-al-patrimonio-el-1-de-abril-ante-el-gobierno-nacional/214968/
214969,Medellín invierte más de $40.000 millones en mobiliario para colegios públicos,2026-03-25 14:22:45,2026-03-25 14:22:45,publish,Juan Camilo Ocampo,Noticias de Medellín,Alcaldia de medellin|Colegios públicos de Medellín|Instituciones educativas|Instituciones educativas de Medellín|medellin,https://360radio.com.co/medellin/medellin-invierte-mas-de-40-000-millones-en-mobiliario-para-colegios-publicos/
214959,Naomy Geraldine desapareció luego de que colegio la entregara a hombre que fingió ser su hermanastro,2026-03-25 14:01:59,2026-03-25 14:01:59,publish,Julieth Barbosa,Noticias del mundo,Alerta Amber CDMX Naomy Geraldine|Búsqueda de menores desaparecidos Tláhuac marzo 2026|Desaparición Naomy Geraldine Tláhuac 2026|Fallas en entrega de alumnos secundarias técnicas|Fiscalía CDMX geolocalización celular Naomy|Protocolos de seguridad escolar SEP Ciudad de México|Secundaria Técnica 108 Tláhuac Naomy Geraldine|Seguridad en colonia La Estación Tláhuac|Varios,https://360radio.com.co/naomy-geraldine-desaparecio-luego-de-que-colegio-la-entregara-a-hombre-que-fingio-ser-su-hermanastro/214959/
214962,Paloma Valencia mide sus pasos: cómo evitar el desgaste del pasado reciente,2026-03-25 13:47:28,2026-03-25 13:47:28,publish,360 Radio,Confidenciales,Confidenciales|Elecciones 2026|IVAN DUQUE|Juan Ocampo|Paloma Valencia|Paloma Valencia mide sus pasos,https://360radio.com.co/paloma-valencia-mide-sus-pasos-como-evitar-el-desgaste-del-pasado-reciente/214962/
214954,Procuraduría declaró insubsistente a funcionario tras interrogatorio a Zulema Jattin ante la JEP,2026-03-25 13:08:29,2026-03-25 13:08:29,publish,Julieth Barbosa,Judicial,Caso Zulema Jattin JEP parapolítica|Cuestionario de la Procuraduría Cartel de la Toga|Declaratoria de insubsistencia funcionarios públicos Colombia|Despido Carlos Alberto Garzón Procuraduría JEP|Independencia de la Procuraduría en casos de la JEP|Luis Gustavo Moreno y Jairo Andrés Angarita vínculos|Procurador General Gregorio Eljach decisiones 2026,https://360radio.com.co/procuraduria-declaro-insubsistente-a-funcionario-tras-interrogatorio-a-zulema-jattin-ante-la-jep/214954/
214941,"Corte Suprema condena a 23 años de cárcel a Ciro Ramírez por el escándalo “Marionetas 2.0""",2026-03-25 12:16:33,2026-03-25 12:17:36,publish,Julieth Barbosa,Judicial,Caso Marionetas 2.0 corrupción contratación|Condena Ciro Ramírez Corte Suprema 2026|Delitos de cohecho e interés indebido en contratos|Desvío de recursos DPS y Proyecta Quindío|Inhabilitación para ejercer cargos públicos Colombia|Sentencia exsenador Ciro Alejandro Ramírez Cortés,https://360radio.com.co/corte-suprema-condena-a-23-anos-de-carcel-a-ciro-ramirez-por-el-escandalo-marionetas-2-0/214941/
214942,Así quedó el tarjetón presidencial 2026 en Colombia tras sorteo de la Registraduría Nacional,2026-03-25 12:10:33,2026-03-25 17:55:28,publish,Jorge González,Noticias de Colombia|Política,ABELARDO DE LA ESPRIELLA|Cómo quedó el tarjetón de votaciones|Elecciones 2026|Elecciones tarjetón|Fajardo|Iván Cepeda|Jorge g|Paloma Valencia,https://360radio.com.co/asi-quedo-el-tarjeton-presidencial-2026-en-colombia-tras-sorteo-de-la-registraduria-nacional-del-estado-civil/214942/
214936,"La fortuna y propiedades de Patricia Teherán que ahora recibirá su nuevo hijo, Alex",2026-03-25 11:53:52,2026-03-25 11:53:52,publish,Julieth Barbosa,Entretenimiento,"Abogada Wendy Herrera caso Alex Teherán|Alex Rodrigo Castillo padre de Alex Teherán|Alex Teherán hijo de Patricia Teherán legal 2026|Alex Teherán proceso de filiación identidad|Herencia y regalías de Patricia Teherán|Hijo de Patricia Teherán reconocido formalmente|Legado musical de ""La Diosa del Vallenato""",https://360radio.com.co/entretenimiento/la-fortuna-y-propiedades-de-patricia-teheran-que-ahora-recibira-su-nuevo-hijo-alex/
214930,"¿Le deben dinero? Use ""Tap to pay"", la opción de Apple para cobrar con su iPhone",2026-03-25 11:01:52,2026-03-25 11:01:52,publish,Julieth Barbosa,Tecnología,Aceptar tarjetas de crédito en iPhone sin lector|Apple Tap to Pay iPhone cobros 2026|Comisiones por cobrar con iPhone en negocios|Cómo funciona el cobro por aproximación Apple|Convertir iPhone en datáfono o POS|Mercado Pago y Stripe Tap to Pay Colombia|Pagos con chip NFC tecnología contactless|Seguridad en transacciones Tap to Pay Apple,https://360radio.com.co/tecnologia/le-deben-dinero-use-tap-to-pay-la-opcion-de-apple-para-cobrar-con-su-iphone/
214918,¿Dónde ver Barcelona vs. Real Madrid femenino hoy en la Champions?,2026-03-25 10:20:59,2026-03-25 10:20:59,publish,Jorge González,Deportes,A qué hora juega el real madrid|Barcelona vs real madrid|CHAMPIONS LEAGUE|Donde ver el clásico de espsaña|Futbol femenino|Jorge g|Linda Caicedo,https://360radio.com.co/deportes/donde-ver-barcelona-vs-real-madrid-femenino-hoy-en-la-champions/
214904,"¿En semana Santa hay pico y placa? Así funcionará en Bogotá, Medellín, Cali y más ciudades",2026-03-25 10:19:33,2026-03-25 10:19:33,publish,Julieth Barbosa,Movilidad,Exenciones Pico y Placa festivos Colombia|Horarios Pico y Placa Cali días santos|Multa por Pico y Placa Colombia 2026|Pico y Placa Regional Bogotá abril 2026|Pico y Placa Semana Santa Colombia 2026|Plan Retorno Bogotá Domingo de Resurrección|Restricción vehicular Medellín Semana Santa|Rotación de placas Bucaramanga y Pereira marzo,https://360radio.com.co/en-semana-santa-hay-pico-y-placa-asi-funcionara-en-bogota-medellin-cali-y-mas-ciudades/214904/
214905,"Junta de Ecopetrol analiza presión de sindicato, accionistas y exdirectivos por situación de Ricardo Roa",2026-03-25 09:55:25,2026-03-25 10:01:12,publish,Jorge González,Empresas|Noticias de Colombia,destacada|ECOPETROL|Juanta directiva|Ricardo Roa|Sindicato,https://360radio.com.co/uso-y-accionistas-presionan-a-ecopetrol-por-caso-de-ricardo-roa-barragan-esto-dijo-la-junta/214905/
214895,Feminicidio en Bosa: él fue el hombre que asesinó a su esposa e hijastras en la casa,2026-03-25 09:45:25,2026-03-25 09:47:34,publish,Julieth Barbosa,Noticias de Bogotá,Asesinato Deisy Granados Arboleda y sus hijas|Captura Cristian Camilo Valencia Hurtado Bogotá|Carlos Fernando Galán declaraciones feminicidio Bosa|Feminicidio Bosa barrio Atalayas marzo 2026|Karen Penagos Granados víctima feminicidio,https://360radio.com.co/bogota/feminicidio-en-bosa-el-fue-el-hombre-que-asesino-a-su-esposa-e-hijastras-en-la-casa/
214896,"Lotería de la Cruz Roja resultado hoy 24 marzo: número ganador, secos y último sorteo",2026-03-25 09:36:15,2026-03-25 09:36:26,publish,Jorge González,Territorio,24 de marzo cruz roja|Cruz Roja|Jorge g|Loteria Cruz Roja|Premio mayor cruz roja|Resultados otería|Varios,https://360radio.com.co/loteria-de-la-cruz-roja-resultado-hoy-24-marzo-numero-ganador-secos-y-ultimo-sorteo/214896/
214886,Así se pronunció Ricardo Orrego tras su salida de Noticias Caracol por denuncias de acoso,2026-03-25 08:53:03,2026-03-25 08:53:03,publish,Jorge González,Noticias de Colombia,Canal Caracol|Jorge g|Noticia caracol|Presunto acoso|Ricardo Orrego|Ricardo orrego se pronuncia,https://360radio.com.co/asi-se-pronuncio-ricardo-orrego-tras-su-salida-de-noticias-caracol-por-denuncias-de-acoso/214886/
214885,"¿Cuándo es la audiencia de Nicolás Maduro en Estados Unidos, a qué hora y se puede ver?",2026-03-25 08:49:36,2026-03-25 08:49:36,publish,Julieth Barbosa,Judicial,Audiencia Nicolás Maduro y Cilia Flores Nueva York 2026|Cargos de narcoterrorismo contra Nicolás Maduro EE. UU.|Consecuencias legales y cadena perpetua caso Maduro|Corte del Distrito Sur de Nueva York Juez Alvin Hellerstein|Defensa de Maduro inmunidad soberana y jurisdicción|Extradición y custodia federal Nicolás Maduro 2026|Operativo militar captura de Maduro 2026 Fuerte Tiuna|Proceso judicial Cilia Flores Estados Unidos 26 de marzo,https://360radio.com.co/cuando-es-la-audiencia-de-nicolas-maduro-en-estados-unidos-a-que-hora-y-se-puede-ver/214885/
214879,China descubre una supermina de oro con 1.000 toneladas: sería una de las más grandes del mundo,2026-03-25 07:30:58,2026-03-25 06:37:32,publish,Jorge González,"Economía, finanzas y negocios|Mundo",China|geologos chinos|Jorge g|Mina de oro|Oro|Oro chino|Reserva de oro,https://360radio.com.co/china-descubre-una-supermina-de-oro-con-1-000-toneladas-seria-una-de-las-mas-grandes-del-mundo/214879/
214875,"Lotería del Tolima resultado hoy 24 marzo: número ganador, secos y último sorteo",2026-03-25 06:24:17,2026-03-25 06:24:17,publish,Jorge González,Territorio,a Baloto|COLOMBIA|Jorge g|Lotería tolima|Premio mayor|Resultado loteria|Resultado lotería hoy|Tolim|Varios,https://360radio.com.co/214875-2/214875/
214551,"Lotería de Cundinamarca resultado hoy 24 marzo: número ganador, secos y último sorteo",2026-03-25 05:59:46,2026-03-25 05:59:52,publish,360 Radio,Territorio,Julieth B|Lotería 23 de marzo|Loteria de Cundianamarca|Premio mayor cundinamarca|Resultado loiteria|Resultados cundinamarca|Varios,https://360radio.com.co/loteria-de-cundinamarca-resultado-hoy-24-marzo-numero-ganador-secos-y-ultimo-sorteo/214551/
214869,"Colombina cierra 2025 con ingresos por $3,5 billones y crecimiento anual",2026-03-24 19:58:58,2026-03-24 19:58:58,publish,Juan Camilo Ocampo,Empresas|Noticias de Colombia,5 billones|COLOMBIA|Colombina cierra 2025 con ingresos por $3|Empresas|Grupo Colombina,https://360radio.com.co/colombina-cierra-2025-con-ingresos-por-35-billones-y-crecimiento-anual/214869/
214865,Tres días de duelo nacional tras tragedia del avión Hércules en Putumayo,2026-03-24 19:15:33,2026-03-24 19:15:33,publish,Juan Camilo Ocampo,Noticias de Colombia,Avión Hércules|COLOMBIA|Gobierno Nacional|Tres días de duelo nacional tras tragedia del avión Hércules,https://360radio.com.co/tres-dias-de-duelo-nacional-tras-tragedia-del-avion-hercules-en-putumayo/214865/
214862,Ashwagandha: qué es y por qué se ha vuelto tendencia en el bienestar,2026-03-24 17:27:23,2026-03-25 16:01:34,publish,Juan Camilo Ocampo,Territorio,Ashwagandha|Comercial|para que sirve la ashwagandha|suplemento ashwagandha,https://360radio.com.co/ashwagandha-que-es-y-por-que-se-ha-vuelto-tendencia-en-el-bienestar/214862/
214858,La economía del entretenimiento digital en Colombia,2026-03-24 17:17:19,2026-03-24 17:17:19,publish,Juan Camilo Ocampo,Territorio,Comercial|Entretenimiento digital|Entretenimiento digital en Colombia|Entretenimiento interactivo online|La economía del entretenimiento digital en Colombia|Streaming y contenidos audiovisuales,https://360radio.com.co/la-economia-del-entretenimiento-digital-en-colombia/214858/
214847,Esta es la condena por acoso que podrían sufrir los presentadores Jorge Alfredo Vargas y Ricardo Orrego,2026-03-24 17:01:30,2026-03-24 17:01:30,publish,Juan Turriago,Noticias,Acoso laboral y personal|Código penal colombiano|Condena por acoso en Colombia|Fiscalía General de la Nación|Imputación de cargos|Justicia Colombiana|Periodistas de televisión nacional,https://360radio.com.co/esta-es-la-condena-por-acoso-que-podrian-sufrir-los-presentadores-jorge-alfredo-vargas-y-ricardo-orrego/214847/
214849,Medellín refuerza inspecciones: 34 alojamientos de renta corta operaban ilegalmente,2026-03-24 16:55:48,2026-03-24 17:02:40,publish,Juan Camilo Ocampo,Noticias de Medellín,Alcaldia de medellin|medellin|Rentas cortas en Medellín,https://360radio.com.co/medellin/medellin-refuerza-inspecciones-34-alojamientos-de-renta-corta-operaban-ilegalmente/
214833,Tibitoc estrena compuertas tras 50 años: Bogotá asegura el bombeo de agua para 3 millones de personas,2026-03-24 16:17:06,2026-03-24 16:17:06,publish,Julieth Barbosa,Noticias de Bogotá,Abastecimiento de agua occidente de Bogotá|Concesión de agua río Bogotá CAR 2025|Empresa de Acueducto y Alcantarillado de Bogotá EAAB|Inversión optimización planta Tibitoc 207 mil millones|Modernización Planta de Tratamiento Tibitoc 2026|Natasha Avendaño gerente EAAB declaraciones|Nuevas compuertas sistema de bombeo Tibitoc|Seguridad hídrica Bogotá y municipios de la Sabana,https://360radio.com.co/bogota/tibitoc-estrena-compuertas-tras-50-anos-bogota-asegura-el-bombeo-de-agua-para-3-millones-de-personas/
214832,FutuMed avanza en Medellín con respaldo internacional para su implementación,2026-03-24 16:15:44,2026-03-24 16:15:44,publish,Juan Camilo Ocampo,Noticias de Medellín,Alcaldia de medellin|FutuMed|FutuMed avanza en Medellín|medellin|Ruta N,https://360radio.com.co/medellin/futumed-avanza-en-medellin-con-respaldo-internacional-para-su-implementacion/
214828,Fiscalía ordena capturar cúpula de la Segunda Marquetalia por el crimen de Miguel Uribe,2026-03-24 16:12:32,2026-03-24 16:12:32,publish,Juan Turriago,Noticias,Circulares rojas de Interpol|Disidencias de las Farc|Fiscalía General de la Nación|Justicia Colombiana|magnicidio en Colombia|Órdenes de captura inmediata|Segunda Marquetalia,https://360radio.com.co/fiscalia-ordena-capturar-cupula-de-la-segunda-marquetalia-por-el-crimen-de-miguel-uribe/214828/
214823,Ricardo Orrego y Jorge Alfredo Vargas salen de Caracol Televisión en medio de denuncias de acoso,2026-03-24 15:47:54,2026-03-24 15:47:54,publish,Juan Camilo Ocampo,Noticias de Colombia,COLOMBIA|Jorge Alfredo Vargas|Noticias Caracol|Ricardo Orrego|Ricardo Orrego y Jorge Alfredo Vargas salen de Caracol Televisión,https://360radio.com.co/ricardo-orrego-y-jorge-alfredo-vargas-salen-de-caracol-television-en-medio-de-denuncias-de-acoso/214823/
214814,Nicolás Rodríguez jugador de Atlético Nacional: denunciado por presunto abuso sexual,2026-03-24 15:43:13,2026-03-24 15:49:52,publish,Juan Turriago,Deportes,Águilas Doradas|Atletico Nacional|Escándalo fútbol colombiano|Fiscalía General de la Nación|Jugador de fútbol investigado|Protocolos de integridad|Rionegro Antioquia,https://360radio.com.co/deportes/jugador-de-atletico-nacional-denunciado-por-presunto-abuso-sexual/
214815,Caso Miguel Uribe: siete mandos de disidencias son requeridos por la justicia,2026-03-24 15:26:06,2026-03-24 15:26:06,publish,Juan Camilo Ocampo,Noticias de Colombia|Política,caso Miguel Uribe|COLOMBIA|Magnicidio Miguel Uribe|Miguel Uribe Turbay|POLITICA|Segunda Marquetalia|siete mandos de disidencias son requeridos por la justicia,https://360radio.com.co/caso-miguel-uribe-siete-mandos-de-disidencias-son-requeridos-por-la-justicia/214815/
214798,León Valencia anuncia libro sobre Iván Cepeda en plena ejecución de millonario contrato estatal,2026-03-24 15:06:57,2026-03-24 15:06:57,publish,Julieth Barbosa,Noticias de Colombia,Contratación directa Ley de Garantías Colombia 2026|Contrato Fundación Pares Ministerio de Minas 2026|Control social procesos mineros Fundación Pares|Iván Cepeda biografía León Valencia|León Valencia contrato directo MinMinas|Presupuesto asociatividad minero-energética Pares|Sofía Petro Fundación Pares conflicto de interés|Transparencia contratación estatal ONG Colombia,https://360radio.com.co/leon-valencia-anuncia-libro-sobre-ivan-cepeda-en-plena-ejecucion-de-millonario-contrato-estatal/214798/
214777,"Oro encadena 10 días de caídas, peor racha histórica en la década",2026-03-24 14:42:18,2026-03-24 14:46:13,publish,Juan Turriago,"Minería, energía e hidrocarburos",​Activos refugio|​Análisis técnico financiero|​Cotización del lingote|Inversión en metales preciosos|Mercado de materias primas|​Reserva Federal (Fed)|​Tipos de interés EE. UU.,https://360radio.com.co/oro214777-2/214777/
214802,¿Va a viajar en Semana Santa? 5 consejos para moverse sin problemas en Colombia,2026-03-24 14:36:00,2026-03-24 14:36:00,publish,Juan Camilo Ocampo,Noticias de Colombia,¿Va a viajar en Semana Santa?|COLOMBIA|Consejos para viajar en Semana Santa|Semana santa 2026|Semana Santa en Colombia,https://360radio.com.co/va-a-viajar-en-semana-santa-5-consejos-para-moverse-sin-problemas-en-colombia/214802/
214796,Politizar la tragedia: el error que Colombia sigue repitiendo,2026-03-24 14:05:37,2026-03-24 14:05:37,publish,360 Radio,Editorial,Avión FAC|COLOMBIA|EDITORIAL|FAC|Juan Ocampo|Politizar la tragedia:|Tragedia aérea FAC,https://360radio.com.co/politizar-la-tragedia-el-error-que-colombia-sigue-repitiendo/214796/
214789,¿Nueva versión en camino? Nintendo planea modelo con batería reemplazable para el mercado europeo,2026-03-24 13:32:44,2026-03-24 13:32:44,publish,Julieth Barbosa,Tecnología,Acciones de Nintendo Co. caída y recuperación|Crisis de suministros y chips de memoria Nintendo|Lanzamiento Metroid Prime 4 Beyond ventas|Pokémon Pokopia éxito comercial Nintendo|Precio Switch 2 Estados Unidos vs Japón|Producción Nintendo Switch 2 recorte 2026|Shuntaro Furukawa declaraciones inversores 2026|Ventas globales Nintendo Switch 2 marzo,https://360radio.com.co/tecnologia/nueva-version-en-camino-nintendo-planea-modelo-con-bateria-reemplazable-para-el-mercado-europeo/
214784,Polémica por posible privatización de la Fábrica de Licores de Antioquia: esto se sabe del proyecto,2026-03-24 13:32:24,2026-03-24 13:36:02,publish,Jorge González,Empresas|Noticias de Antioquia|Noticias de Colombia|Noticias de Medellín,Andrés Julián Rendón|Antioquía|destacada|Empresas|FABRICA LICORES ANTIOQUIA|FLA|Jorge g|Privatización de la FLA,https://360radio.com.co/medellin/polemica-por-posible-privatizacion-de-la-fabrica-de-licores-de-antioquia-esto-se-sabe-del-proyecto/
214782,"El verdadero reto de 2026 no es vender, es cobrar: la crisis silenciosa de liquidez en las MiPymes",2026-03-24 12:56:01,2026-03-24 12:58:21,publish,360 Radio,Columnas|Opinión,Brecha financiera entre grandes empresas y proveedores|Confirming como solución de caja para proveedores|Crédito comercial y plazos de pago 90 días|Ecosistema empresarial colombiano y flujo de caja|Financiación de capital de trabajo en pymes|Julieth B|Liquidez MiPymes Colombia 2026|Nicolás Villa Peláez análisis financiero|Riesgo de impago y facturación electrónica,https://360radio.com.co/el-verdadero-reto-de-2026-no-es-vender-es-cobrar-la-crisis-silenciosa-de-liquidez-en-las-mipymes/214782/
214775,¿Cómo obtener vuelos más baratos con Claro club y Jetsmart? Fechas y condiciones clave,2026-03-24 12:38:01,2026-03-24 12:38:01,publish,Julieth Barbosa,Movilidad,Acumulación millas AAdvantage JetSMART|Beneficios Claro club tiquetes aéreos|Código promocional JetSMART marzo 2026|Descuentos JetSMART Claro club 2026|JetSMART flota Airbus A320neo Colombia|Requisitos para redimir descuentos Claro JetSMART|Tarifas preferenciales vuelos nacionales e internacionales|Vuelos baratos Colombia JetSMART promociones,https://360radio.com.co/como-obtener-vuelos-mas-baratos-con-claro-club-y-jetsmart-fechas-y-condiciones-clave/214775/
214763,Néstor Morales se pronuncia sobre denuncias de presunto acoso en Noticias Caracol: El caso llega a la Fiscalía,2026-03-24 12:07:16,2026-03-24 12:07:16,publish,Juan Turriago,Judicial,Acoso sexual y laboral en medios|Corte Suprema de Justicia|Escándalo en periodismo colombiano|Fiscalía General de la Nación|Néstor Morales Mañanas Blu|Periodistas de Caracol TV|Protocolos de acoso laboral,https://360radio.com.co/caracol-tv-214763-2/214763/
214769,"Más que música, un ritual: Por qué el vinilo es el nuevo acto de resistencia contra el algoritmo",2026-03-24 11:49:07,2026-03-24 11:49:07,publish,Julieth Barbosa,Entretenimiento,Crecimiento mercado del vinilo Estados Unidos|Fundación Sonido Periférico vinilos|Generación Z y consumo de música analógica|Ingresos industria musical formato físico 2026|Ventas de discos de vinilo 2025 RIAA|Vinilos más vendidos 2025 Taylor Swift,https://360radio.com.co/entretenimiento/mas-que-musica-un-ritual-por-que-el-vinilo-es-el-nuevo-acto-de-resistencia-contra-el-algoritmo/
214755,"Esto dijo Juan Roberto Vargas en vivo tras denuncias de acoso sexual en Caracol Televisión: ""triste""",2026-03-24 11:05:03,2026-03-24 11:05:03,publish,Julieth Barbosa,Empresas,Comunicado oficial Caracol Televisión acoso sexual|Escándalo presentadores Noticias Caracol 2026|Ética periodística y seguridad laboral Colombia|Gonzalo Córdoba Caracol Televisión postura oficial|Juan Roberto Vargas Noticias Caracol denuncias acoso|Periodistas denunciantes Caracol Televisión|Protocolos contra el acoso laboral en medios|Sala de Prensa Blu Juan Roberto Vargas declaraciones|Varios,https://360radio.com.co/esto-dijo-juan-roberto-vargas-en-vivo-tras-denuncias-de-acoso-sexual-en-caracol-television-triste/214755/
214756,Así se vive el Domingo de Ramos en el mundo,2026-03-24 10:59:38,2026-03-24 10:59:38,publish,Juan Turriago,Mundo,​Calendario litúrgico 2026|Cuándo es el Domingo de Ramos|​Entrada de Jesús en Jerusalén|​Inicio de la Semana Santa|​Procesiones de Semana Santa|​Significado de las palmas y olivos|​Tradiciones del Domingo de Ramos,https://360radio.com.co/asi-se-vive-el-domingo-de-ramos-en-el-mundo/214756/
214738,¿Cuándo salen los resultados de las pruebas de la Contraloría 2026?,2026-03-24 10:28:30,2026-03-24 10:28:30,publish,Julieth Barbosa,Noticias de Colombia,Calendario carrera administrativa Contraloría General|Cargos de carrera administrativa Colombia 2026|Concurso Contraloría General de la República 2024-2026|Consulta de cuadernillos y hojas de respuesta Contraloría|Lista de elegibles Contraloría diciembre 2026|Reclamaciones concurso de méritos Contraloría|Resultados pruebas escritas Contraloría 2026|Universidad de Antioquia operador concurso Contraloría,https://360radio.com.co/cuando-salen-los-resultados-de-las-pruebas-de-la-contraloria-2026/214738/
214739,Accidente de avión de la Fuerza Aérea: Revelan identidad de víctimas y más hipótesis,2026-03-24 10:11:58,2026-03-24 10:12:05,publish,Jorge González,Noticias de Colombia,Accidente aéreo|Avión FAC|Collmbia|FAC|Identidad de soldados fallecidos|Jorge g|Putumayo|Tragedia,https://360radio.com.co/accidente-de-avion-de-la-fuerza-aerea-revelan-identidad-de-victimas-y-mas-hipotesis/214739/
214746,Revelan la causa del colapso del jugador de Millonarios,2026-03-24 10:11:11,2026-03-24 10:11:11,publish,Juan Turriago,Deportes,Alberto Gamero|Clásico Capitalino|Estadio El Campín|Formación de Millonarios|Goles Millonarios hoy|Liga BetPlay 2026|Tabla de posiciones FPC,https://360radio.com.co/deportes/revelan-la-causa-del-colapso-del-jugador-de-millonarios/
214732,¿Cómo cambiar el puesto de votación para elecciones presidenciales? Se acaba el plazo,2026-03-24 09:34:21,2026-03-24 09:35:01,publish,Julieth Barbosa,Noticias de Colombia,Cambio de lugar de votación Bogotá centros comerciales|Censo electoral definitivo fecha de consulta|destacada|elecciones presidenciales Colombia 31 de mayo|Fecha límite inscribir cédula primera vuelta|Inscripción de cédulas elecciones Colombia 2026|Puesto de votación Registraduría consulta 2026|Requisitos para votar por primera vez 2026|Resolución 2580 de 2025 Registraduría Nacional,https://360radio.com.co/como-cambiar-el-puesto-de-votacion-para-elecciones-presidenciales-se-acaba-el-plazo/214732/
214725,Refinería de Cartagena retoma operación plena tras superar contingencia eléctrica,2026-03-24 08:55:34,2026-03-24 08:56:12,publish,Julieth Barbosa,"Empresas|Minería, energía e hidrocarburos",Abastecimiento de gasolina y diésel región Caribe|Ecopetrol contingencia eléctrica Reficar marzo|Informe oficial Ecopetrol falla eléctrica|Mantenimiento y confiabilidad eléctrica industrial|Operación Refinería de Cartagena Reficar 2026|Restablecimiento unidades de proceso Reficar|Seguridad energética y refinerías en Colombia|Suministro de combustibles en Colombia hoy,https://360radio.com.co/refineria-de-cartagena-retoma-operacion-plena-tras-superar-contingencia-electrica/214725/
214700,En Putumayo gobernador pide auxilio nacional para atender a 125 damnificados,2026-03-24 08:30:35,2026-03-23 17:10:05,publish,Juan Turriago,Noticias,Ayuda humanitaria Putumayo|Damnificados en Putumayo|Desastres naturales en Putumayo|Gestión del Riesgo UNGRD|Gobernación del Putumayo noticias|Lluvias en el sur de Colombia|Ola invernal Colombia 2026,https://360radio.com.co/en-putumayo-gobernador-pide-auxilio-nacional-para-atender-a-125-damnificados/214700/
214719,¿Cuándo es Semana Santa 2026? Fechas clave y festivos en Colombia,2026-03-24 08:18:50,2026-03-24 08:18:50,publish,Jorge González,Noticias de Colombia,COLOMBIA|Cuando es semana santa|Días festivos semana santa|Jorge g|Religión|Semana santa 2026,https://360radio.com.co/cuando-es-semana-santa-2026-fechas-clave-y-festivos-en-colombia/214719/
214713,Disturbios en Caucasia: intervención de la Undmo desata caos y quema de vehículos en la vía a la Costa,2026-03-24 06:52:41,2026-03-24 06:52:50,publish,Jorge González,Noticias de Colombia,Bajo Cauca|Bloqueos de mineors|Bloqueos vía la costa|Caucasia|Jorge g|MINEROS|Protestas,https://360radio.com.co/disturbios-en-caucasia-intervencion-de-la-undmo-desata-caos-y-quema-de-vehiculos-en-la-via-a-la-costa/214713/
214708,Resultados Chontico Noche hoy 23 de marzo de 2026: número ganador y La Quinta,2026-03-24 06:25:24,2026-03-24 06:25:24,publish,Jorge González,Territorio,Chontico hoy|Chontico noche 23 de marzo|Cómo jugar chontico|Lotería|Resultado chontico|Resultado loteria|Resultados chontico|Varios,https://360radio.com.co/resultados-chontico-noche-hoy-23-de-marzo-de-2026-numero-ganador-y-la-quinta/214708/
214696,La guerra en Israel alcanza los 57.000 millones de dólares en pérdidas,2026-03-23 19:00:37,2026-03-24 06:26:23,publish,Juan Turriago,Mundo,,https://360radio.com.co/la-guerra-en-israel-alcanza-los-57-000-millones-de-dolares-en-perdidas/214696/
214692,"Colombia vs. Croacia: Horario, sede y dónde ver el histórico amistoso",2026-03-23 16:27:25,2026-03-23 16:27:25,publish,Juan Turriago,Deportes,​Amistosos Selección Colombia 2026|​Boletas Selección Colombia 2026|​Copa del Mundo 2026 Grupo K|​Horario Colombia vs Croacia|​Néstor Lorenzo Selección Colombia|​Próximos partidos de la Selección Colombia|Selección Colombia en Orlando,https://360radio.com.co/deportes/colombia-vs-croacia214692-2/
214685,Accidente de avión Hércules de la FAC en Putumayo deja 125 personas afectadas,2026-03-23 15:03:14,2026-03-23 15:03:14,publish,Juan Turriago,Colombia,Atención humanitaria|Aviación militar|Emergencia aérea Colombia|Fuerza Aérea Colombiana (FAC)|gestión del riesgo|Gobernación de Putumayo|Puesto de Mando Unificado (PMU),https://360radio.com.co/accidente-de-avion-hercules-de-la-fac-en-putumayo-deja-125-personas-afectadas/214685/
214680,El precio del petróleo se desploma más de un 10%,2026-03-23 13:54:36,2026-03-23 13:54:36,publish,Juan Turriago,Noticias del mundo,Crudo Brent y WTI|Donald Trump Irán|​Economías exportadoras de crudo|​Mercado energético global|​OPEP+ producción|sanciones a Irán|​Volatilidad del petróleo,https://360radio.com.co/el-precio-del-petroleo-se-desploma-mas-de-un-10/214680/
214676,Pico y placa regional en Bogotá hoy 23 de marzo Horarios y restricciones,2026-03-23 12:59:10,2026-03-23 12:59:10,publish,Juan Turriago,Movilidad,,https://360radio.com.co/pico-y-placa-regional-en-bogota-horarios-y-restricciones/214676/
214672,Accidente de avión Hércules en Putumayo hoy: lo que se sabe del siniestro de la Fuerza Aérea Colombiana,2026-03-23 10:59:43,2026-03-23 14:28:11,publish,Juan Turriago,Noticias,Accidente aéreo|Avión|Aviones hércules|destacada|FAC|Fuerza Aérea Colombiana,https://360radio.com.co/fac-214672-2/214672/
214666,táctica de oleadas humanas de Rusia  más de 200 combates diarios,2026-03-23 10:21:16,2026-03-23 10:21:16,publish,Juan Turriago,Mundo,​Bajas ejército ruso|​Contraataque ucraniano|​Drones interceptores Ucrania|​Estrategia militar de Rusia|Frente de Járkov y Sumy|Ofensiva rusa primavera|​Volodímir Zelenski hoy,https://360radio.com.co/tactica-de-oleadas-humanas-de-rusia-mas-de-200-combates-diarios/214666/
214644,Colombia cierra polémico canje de divisas,2026-03-22 19:00:25,2026-03-22 19:46:40,publish,Juan Turriago,"Economía, finanzas y negocios",Canje divisas|dinero|Divisas colombia|dolár|ECONOMIA|Precio dolar|tasa de cambio,https://360radio.com.co/colombia-cierra-polemico-canje-de-divisas/214644/
214469,Los gigantes del petróleo: quiénes consumen más crudo a nivel mundial,2026-03-22 18:45:11,2026-03-22 19:47:40,publish,Juan Camilo Ocampo,Noticias del mundo,China|destacada|Energy Institute|Estados Unidos|Los gigantes del petróleo|Países que más producen petróleo|PETROLEO,https://360radio.com.co/los-gigantes-del-petroleo-quienes-consumen-mas-crudo-a-nivel-mundial/214469/
213891,Ranking Mundial 2026: Madagascar y las naciones africanas encabezan la participación de la mujer en la economía,2026-03-22 16:30:15,2026-03-16 16:08:37,publish,Julieth Barbosa,Noticias del mundo,Brecha de género en economías emergentes|Economía de Madagascar participación femenina|Estadísticas de empleo femenino global|Mujeres en el mercado laboral de África|Países con mayor fuerza laboral femenina|Participación femenina en Nigeria y Tanzania|Participación laboral femenina ranking 2026|Ranking IMCO participación de la mujer,https://360radio.com.co/213891-2/213891/
214658,¿Se repite el escenario de 2022? Columna cuestiona comparaciones en elecciones Colombia 2026,2026-03-22 14:46:04,2026-03-23 14:39:34,publish,Jorge González,Noticias de Colombia,Actulidad|Cepeda|COLOMBIA|COLUMNA|Elecciones 2026|Elecciones primera vuelta|Jorge g|noticias|Opinión|Paloma,https://360radio.com.co/se-repite-el-escenario-de-2022-columna-cuestiona-comparaciones-en-elecciones-colombia-2026/214658/
214310,Geopolítica del petróleo 2026: Asia concentra la mayor dependencia del Estrecho de Ormuz,2026-03-22 11:30:14,2026-03-19 14:41:42,publish,Julieth Barbosa,"Minería, energía e hidrocarburos|Noticias del mundo",Bloqueo Estrecho de Ormuz impacto global|Dependencia energética Estrecho de Ormuz 2026|Geopolítica del Golfo Pérsico energía|Importaciones de petróleo Asia Ormuz|Precio del barril de petróleo conflicto Ormuz|Rutas comerciales marítimas de hidrocarburos|Seguridad energética Japón y Corea del Sur|Suministro de crudo China e India 2026,https://360radio.com.co/geopolitica-del-petroleo-2026-asia-concentra-la-mayor-dependencia-del-estrecho-de-ormuz/214310/
214563,Precios de tiquetes aéreos en Colombia suben 14% por crisis en Medio Oriente,2026-03-22 07:05:10,2026-03-20 19:07:42,publish,Jorge González,"Economía, finanzas y negocios|Noticias de Colombia",COLOMBIA|COMBUSTIBLE|Crisis medio orinete|Jorge g|Ormuz|vacaciones|Vuelos|Vuelos caros,https://360radio.com.co/precios-de-tiquetes-aereos-en-colombia-suben-14-por-crisis-en-medio-oriente/214563/
214651,millones de personas se movilizarán durante puente festivo,2026-03-22 07:00:50,2026-03-21 19:00:24,publish,Juan Turriago,Movilidad,Autoridades de tránsito|Estado de las vías|Seguridad vial|terminales aéreas|Tráfico nacional|Viajeros nacionales|Vuelos nacionales e internacionales,https://360radio.com.co/millones-de-personas-se-movilizaran-durante-puente-festivo/214651/
214323,Así se mueve la energía nuclear: países con más reactores en construcción,2026-03-21 19:30:59,2026-03-20 19:09:14,publish,Juan Camilo Ocampo,Noticias del mundo,Así se mueve la energía nuclear|construcción de reactores nucleares|energía nuclear|MUNDO,https://360radio.com.co/asi-se-mueve-la-energia-nuclear-paises-con-mas-reactores-en-construccion/214323/
214639,Gustavo Petro elimina definitivamente el subsidio a la gasolina,2026-03-21 18:06:46,2026-03-21 18:06:46,publish,Juan Turriago,Colombia,ACPM y transporte de carga|canasta familiar|Fondo de Estabilización de Precios de los Combustibles (FEPC)|Gustavo Petro|Inflación en Colombia|​Precio del petróleo hoy|subsidio a los combustibles,https://360radio.com.co/gustavo-petro-elimina-definitivamente-el-subsidio-a-la-gasolina/214639/
214634,Segunda Marquetalia ordenó el asesinato de Miguel Uribe Turbay,2026-03-21 16:55:26,2026-03-21 15:54:42,publish,Juan Turriago,Noticias|Política,Alias El Viejo|Fiscalía General de la Nación|Investigación judicial|IVAN MARQUEZ|magnicidio en Colombia|Segunda Marquetalia|​Zarco Aldinever,https://360radio.com.co/segunda-marquetalia-ordeno-el-asesinato-de-miguel-uribe-turbay/214634/
214623,Xbox y la llegada de Gaming Copilot a las consolas Series X|S,2026-03-21 15:15:18,2026-03-21 15:15:18,publish,Juan Turriago,Tecnología,​Asistente de IA para videojuegos|​Auto Super Resolution (Auto SR)|​Game Developers Conference 2026|Inteligencia artificial en consolas|Microsoft Xbox Series X|S|​Project Helix Xbox|​Tutoriales de juegos con IA,https://360radio.com.co/tecnologia/xbox-y-la-llegada-de-gaming-copilot-a-las-consolas-series-xs/
214618,Título universitario pierde su corona EE. UU. no lo exige como garantía de éxito,2026-03-21 13:02:46,2026-03-21 13:02:46,publish,Juan Turriago,Mundo,Brecha de habilidades (skills gap)|Certificaciones profesionales cortas|Contratación basada en competencias (skills-based hiring)|Deuda estudiantil EE. UU.|Formación técnica y tecnológica|Mercado laboral en Estados Unidos|Salarios competitivos sin carrera universitaria,https://360radio.com.co/titulo-universitario-pierde-su-corona-ee-uu-no-lo-exige-como-garantia-de-exito/214618/
214600,Donald Trump la guerra con Irán entra en su fase final,2026-03-21 12:36:38,2026-03-21 18:42:11,publish,Juan Turriago,Mundo,​Ataques estratégicos Oriente Medi|​Capacidades militares iraníes|​Crisis energética global|Donald Trump Irán|estrecho de Ormuz|​Pete Hegseth Pentágono|​Precio del petróleo hoy,https://360radio.com.co/donald-trump-la-guerra-con-iran-entra-en-su-fase-final-pese-a-la-ofensiva-activa-del-pentagono/214600/
214613,La industria de videojuegos superará los US$353.000 millones en ingresos para 2030,2026-03-21 12:34:08,2026-03-21 12:34:08,publish,Juan Turriago,Noticias,economía creativa digital|Ecosistema gamer|​Ingresos del gaming|​Inteligencia Artificial en videojuegos|​Juego en la nube (Cloud gaming)|​Mercado de videojuegos en Latinoamérica​|​Video Gaming Report 2026,https://360radio.com.co/la-industria-de-videojuegos-superara-los-us353-000-millones-en-ingresos-para-2030/214613/
214605,Éxodo en Bogotá: Más de 184.000 pasajeros se movilizan por las Terminales este puente de San José,2026-03-21 11:39:53,2026-03-21 11:39:53,publish,Julieth Barbosa,Movilidad|Noticias de Bogotá,Destinos más buscados desde Bogotá festivo|Movilidad Cundinamarca y Santander marzo 2026|Punto de control Yomasa transporte legal|Rafael González gerente Terminal de Bogotá|Salida de buses hacia Villavicencio y los Llanos|Seguridad en terminales de transporte Bogotá|Terminal de Transporte Bogotá puente marzo 2026|Viajeros Terminal de Salitre puente de San José,https://360radio.com.co/bogota/exodo-en-bogota-mas-de-184-000-pasajeros-se-movilizan-por-las-terminales-este-puente-de-san-jose/
214593,Nace el Ecoparque Ferroviario del Nordeste: El megaproyecto que revivirá el tren en Antioquia,2026-03-21 10:20:54,2026-03-21 10:20:54,publish,Julieth Barbosa,Movilidad|Noticias de Antioquia,Comfenalco Antioquia proyectos turísticos 2026|Ecoparque Ferroviario del Nordeste Antioquia 2026|Francisco Javier Cisneros historia ferroviaria|Reactivación del Ferrocarril de Antioquia turismo|Ruta del tren turística Porce y Santiago|Túnel de La Quiebra y estación Cisneros|Turismo sostenible en el Nordeste antioqueño|Vías del Nus y Antioquia Gold alianzas regionales,https://360radio.com.co/nace-el-ecoparque-ferroviario-del-nordeste-el-megaproyecto-que-revivira-el-tren-en-antioquia/214593/
214592,Línea 3 del Metro de Bogotá: Estudios de factibilidad estarán listos en 2027,2026-03-21 10:11:15,2026-03-21 10:11:15,publish,Juan Turriago,Noticias de Bogotá,​Ciudad Verde Soacha transporte|​Conectividad regional Bogotá|​Estudios de factibilidad Metro 2027|​Financiera de Desarrollo Nacional FDN|​Metro de Bogotá a Soacha|​Movilidad en la Autopista Sur|​Región Metropolitana Bogotá Cundinamarca,https://360radio.com.co/bogota/linea-3-del-metro-de-bogota-estudios-de-factibilidad-estaran-listos-en-2027/
214584,Las 10 ciudades más seguras de América Latina en 2026,2026-03-21 09:55:19,2026-03-21 10:16:15,publish,Juan Turriago,Ciudades,​Calidad de vida en Uruguay y Chile|​Destinos seguros para invertir en Latam|Índice de criminalidad en Latinoamérica|​Mejores ciudades para vivir en Sudamérica|​Ranking de seguridad urbana|​Seguridad ciudadana 2026|​Turismo seguro en América Latina,https://360radio.com.co/las-10-ciudades-mas-seguras-de-america-latina-en-2026/214584/
214573,¿Cómo volver a casa desde el Estéreo Picnic? Conozca los puntos de salida y transporte oficial,2026-03-21 09:45:34,2026-03-21 09:47:26,publish,Julieth Barbosa,Entretenimiento|Noticias de Bogotá,"Cierres viales Parque Simón Bolívar FEP|Cómo llegar al Simón Bolívar en transporte público|Logística Festival Estéreo Picnic 2026 Bogotá|Mapa de accesos ""Un Mundo Distinto""|Movilidad Bogotá puente festivo marzo 2026|Recomendaciones de seguridad FEP 2026|Rutas SITP y TransMilenio Estéreo Picnic|Zonas de parqueo y taxis Estéreo Picnic",https://360radio.com.co/entretenimiento/como-volver-a-casa-desde-el-estereo-picnic-conozca-los-puntos-de-salida-y-transporte-oficial/
214569,Metro de Medellín habilita jornada especial este sábado para renovar la tarjeta Cívica,2026-03-21 08:45:06,2026-03-20 20:25:19,publish,Julieth Barbosa,Movilidad|Noticias de Medellín,Actualización tecnológica tarjeta Cívica 2026|Cambio de tarjeta Cívica antigua gratis|Horarios Metro de Medellín sábado 21 de marzo|Plazo máximo renovación Cívica junio 2026|Puntos de atención PAC Metro de Medellín|Recarga digital Cívica Bancolombia Nequi errores|Renovación tarjeta Cívica Metro de Medellín 2026|Tarjeta Cívica azul con foto renovación,https://360radio.com.co/medellin/metro-de-medellin-habilita-jornada-especial-este-sabado-para-renovar-la-tarjeta-civica/
214555,Ideam advierte: lluvias marcarán el puente festivo del 20 al 23 de marzo en Colombia,2026-03-21 07:05:17,2026-03-20 18:36:33,publish,Jorge González,Noticias de Colombia,Clima puente 20 de marzo|Ideam|Invierno|Jorge g|Lluvias Colombia|LLuvias este fin de semana|Temporada Invernal,https://360radio.com.co/ideam-advierte-lluvias-marcaran-el-puente-festivo-del-20-al-23-de-marzo-en-colombia/214555/
214545,"Resultado Lotería de Risaralda hoy viernes 20 marzo: secos, número ganador y último sorteo",2026-03-21 07:03:31,2026-03-21 07:03:31,publish,Jorge González,Territorio,Coljuegos|Jorge g|Lotería|Lotería risaralda|Resultados Loteria|Risaralda|Varios,https://360radio.com.co/resultado-loteria-de-risaralda-hoy-viernes-20-marzo-secos-numero-ganador-y-ultimo-sorteo/214545/
214542,"Resultado Lotería de Santander hoy 20 marzo: secos, número ganador y último sorteo",2026-03-21 06:54:12,2026-03-21 06:54:12,publish,360 Radio,Territorio,Julieth B|Loteria de Santander|Loteria de Santander 20 marzo|Loteria de Santander ayer|Loteria de Santander Hoy|Loteria de Santander numero ganador|Loteria de santander resultado|Loteria de Santander secos|Loteria de Santander ultimo sorteo|Loterías|Loterias Colombia|Ultimo resultado Loteria de Santander|Varios,https://360radio.com.co/resultado-loteria-de-santander-hoy-20-marzo-secos-numero-ganador-y-ultimo-sorteo/214542/
214554,Villa de Leyva proyecta asistencia récord de 6.000 personas para su Festival de Astronomía,2026-03-20 18:30:32,2026-03-20 18:30:32,publish,Julieth Barbosa,Cultura|Noticias de Colombia,,https://360radio.com.co/villa-de-leyva-proyecta-asistencia-record-de-6-000-personas-para-su-festival-de-astronomia/214554/
214534,"Tras récord de 7,7 millones de pasajeros, el Rafael Núñez inicia su transformación definitiva",2026-03-20 17:18:17,2026-03-20 17:18:17,publish,Julieth Barbosa,Infraestructura|Noticias del Caribe,Ampliación Aeropuerto Rafael Núñez Cartagena 2026|Cierre financiero concesionario Oinac|Financiamiento Davivienda e Itaú infraestructura|Iniciativa Privada APP sector aeroportuario|Obras de modernización aeropuerto Cartagena|Pasajeros Aeropuerto Rafael Núñez 2025|Patricia Mejía gerente Oinac declaraciones,https://360radio.com.co/tras-record-de-77-millones-de-pasajeros-el-rafael-nunez-inicia-su-transformacion-definitiva/214534/
214531,Gustavo Petro asegura que no tiene investigaciones por nexos con el narcotráfico,2026-03-20 17:08:51,2026-03-20 17:11:02,publish,Juan Turriago,Noticias de Colombia,CASA DE NARIÑO|​Financiación de campañas políticas|Fiscalía General de la Nación|​Golpe blando en Colombia|Investigaciones judiciales en Colombia|​Oposición política colombiana|Paz Total,https://360radio.com.co/gustavo-petro-asegura-que-no-tiene-investigaciones-por-nexos-con-el-narcotrafico/214531/
214518,Minnesota United vs Seattle Sounders: hora y canal para ver a James Rodríguez en la MLS,2026-03-20 16:34:24,2026-03-20 16:42:23,publish,Jorge González,Deportes|Entretenimiento|Uncategorized,A qué hora juega james|DEPORTES|JAMES RODRIGUEZ|Jorge g|MLS|Partido james|Selección Colombia,https://360radio.com.co/deportes/__trashed-13/
214507,"Lagos de Torca entrega 5,2 kilómetros de nuevas vías para descongestionar el norte de Bogotá",2026-03-20 15:50:52,2026-03-21 07:05:24,publish,Julieth Barbosa,Infraestructura|Noticias de Bogotá,Conectividad Autopista Norte y Carrera Séptima|destacada|Entrega de vías Lagos de Torca IDU|Infraestructura urbana y mitigación de inundaciones Bogotá|Parque Metropolitano Guaymaral dimensiones|Prolongación Avenida Boyacá calle 183 a 200|Proyecto Lagos de Torca Bogotá 2026|Vivienda de interés social Lagos de Torca,https://360radio.com.co/bogota/lagos-de-torca-entrega-52-kilometros-de-nuevas-vias-para-descongestionar-el-norte-de-bogota/
214493,El 40% de los colombianos califica como regular la situación actual del país,2026-03-20 15:42:42,2026-03-20 15:46:46,publish,Juan Turriago,Posconsumo y Economía Circular,Canasta básica familiar|Confianza inversionista|costo de vida en colombia|Crecimiento del PIB Colombia|Estabilidad social Colombia|Inflación en Colombia 2026|Percepción ciudadana Colombia,https://360radio.com.co/el-40-de-los-colombianos-califica-como-regular-la-situacion-actual-del-pais/214493/
214501,"""Maletines del Saber"": La estrategia de Aris Mining para transformar la educación en regiones mineras",2026-03-20 15:25:37,2026-03-20 15:25:37,publish,Julieth Barbosa,Educación|Empresas,Apoyo escolar para estratos 1 y 2|Aris Mining kits escolares 2026|Becas Colibrí Aris Mining inglés|Educación en municipios mineros Remedios y Marmato|Entrega de útiles escolares Antioquia y Caldas|Programa Maletines del Saber Aris Mining|Responsabilidad social minería responsable Colombia,https://360radio.com.co/maletines-del-saber-la-estrategia-de-aris-mining-para-transformar-la-educacion-en-regiones-mineras/214501/
214496,¿Cuándo habrá más flujo? Aerocivil identifica los tres días críticos para viajar este puente festivo,2026-03-20 14:58:04,2026-03-20 14:58:04,publish,Julieth Barbosa,Movilidad|Noticias de Colombia,Estado de vuelos aeropuertos Colombia hoy|Movilidad aérea Colombia puente marzo 2026|Pasajeros vuelos nacionales e internacionales Colombia|Proyecciones Aeronáutica Civil festivo San José|Recomendaciones para viajar en avión Colombia|Temporada vacacional marzo 2026 Aerocivil|Tráfico aéreo Bogotá y principales ciudades,https://360radio.com.co/cuando-habra-mas-flujo-aerocivil-identifica-los-tres-dias-criticos-para-viajar-este-puente-festivo/214496/
214484,Puerto Bahía triplicará su capacidad de gas para blindar la seguridad energética de Colombia,2026-03-20 14:40:25,2026-03-20 14:40:25,publish,Julieth Barbosa,"Empresas|Minería, energía e hidrocarburos",Abastecimiento de gas Bogotá Medellín Cali|Capacidad de regasificación Puerto Bahía|Conexión gasoducto Reficar SNT|Ecopetrol y Frontera Energy gas natural|Importación de gas licuado Colombia 2026|Seguridad energética y suministro de gas|Terminal de regasificación Puerto Bahía 2026|Unidad Flotante de Almacenamiento y Regasificación FSRU,https://360radio.com.co/puerto-bahia-triplicara-su-capacidad-de-gas-para-blindar-la-seguridad-energetica-de-colombia/214484/
214486,"Festival Estéreo Picnic 2026: cierres viales y desvíos en Bogotá, así será la movilidad",2026-03-20 14:28:12,2026-03-20 14:37:17,publish,Juan Turriago,Entretenimiento,Cierres viales Bogotá hoy|Cómo llegar al Estéreo Picnic|​Horarios SITP Estéreo Picnic|​Mapa cierres viales Bogotá|​Parque Simón Bolívar movilidad|​Rutas TransMilenio FEP|​Secretaría de Movilidad Bogotá eventos,https://360radio.com.co/entretenimiento/estereo-picnic-como-llegar-y-volver-seguro-del-simon-bolivar/
214479,"FLA se distancia de la competencia con hito comercial de 73,2 millones de botellas en 2025",2026-03-20 13:38:22,2026-03-20 13:38:22,publish,Julieth Barbosa,"Economía, finanzas y negocios|Empresas",Balance Fábrica de Licores de Antioquia 2025|Esteban Ramos gerente FLA declaraciones|Expansión FLA Valle del Cauca y Nariño|Impuesto al consumo licores Antioquia|Mercado de bebidas espirituosas Colombia 2026|Transferencias FLA educación y salud|Utilidades operacionales FLA 2026|Ventas Aguardiente Antioqueño 2025,https://360radio.com.co/fla-se-distancia-de-la-competencia-con-hito-comercial-de-732-millones-de-botellas-en-2025/214479/
214445,Iván Cepeda y Abelardo de la Espriella lideran intención de voto para 2026,2026-03-20 13:11:04,2026-03-20 13:11:04,publish,Juan Turriago,Política,​Abelardo de la Espriella 2026|Candidatos presidenciales Colombia|​GAD3 encuesta marzo 2026|Intencion de Voto Colombia|​Iván Cepeda encuesta|​Paloma Valencia intención de voto|Segunda vuelta presidencial,https://360radio.com.co/ivan-cepeda-y-abelardo-de-la-espriella-lideran-intencion-de-voto-para-2026/214445/
214458,La Selección Colombia anuncia a Claro Colombia como nuevo socio,2026-03-20 12:59:24,2026-03-20 12:59:24,publish,Juan Camilo Ocampo,Deportes,Claro Colombia|DEPORTES|FCF|La Selección Colombia anuncia a Claro Colombia como nuevo socio|Selección Colombia|Selección Colombia y Claro,https://360radio.com.co/deportes/la-seleccion-colombia-anuncia-a-claro-colombia-como-nuevo-socio/
214446,¿Cómo saber si soy beneficiario de la renta ciudadana en 2026?,2026-03-20 12:10:50,2026-03-20 12:10:50,publish,Juan Camilo Ocampo,Noticias de Colombia,¿Cómo saber si soy beneficiario de la renta ciudadana en 2026?|COLOMBIA|Renta Ciudadana 2026,https://360radio.com.co/como-saber-si-soy-beneficiario-de-la-renta-ciudadana-en-2026/214446/
214434,Apple lanzará su primer iPhone plegable y una MacBook táctil en 2026,2026-03-20 11:47:28,2026-03-20 11:47:28,publish,Juan Turriago,Tecnología,​AirPods con cámaras infrarrojas|Apple Event septiembre 2026|​Apple Intelligence funciones|Iphone|​iPhone Ultra precio|​MacBook Ultra pantalla táctil|​Mark Gurman filtraciones Apple,https://360radio.com.co/tecnologia/apple-lanzara-su-primer-iphone-plegable-y-una-macbook-tactil-en-2026/
214435,"Sorteo de la Copa Libertadores: duros retos para Santa Fe, Medellín y Junior, Tolima con grupo más favorable",2026-03-20 11:44:50,2026-03-20 11:44:50,publish,Juan Camilo Ocampo,Deportes,Copa Libertadores 2026|DEPORTES|DIM|Fase de Grupos Copa Libertadores|Junior|Santa Fe|Sorteo de la Copa Libertadores,https://360radio.com.co/deportes/sorteo-de-la-copa-libertadores-duros-retos-para-santa-fe-medellin-y-junior-tolima-con-grupo-mas-favorable/
214421,"Actriz Mariana Gómez, confirma que está embarazada",2026-03-20 11:14:45,2026-03-20 11:14:45,publish,Juan Turriago,Entretenimiento,​Actrices colombianas|​Carolina Ramírez embarazada|​Instagram de Mariana Gómez|​Irma Serna|​Juan Felipe Samper|​La Reina del Flow 3|​Novio de Mariana Gómez,https://360radio.com.co/entretenimiento/actriz-mariana-gomez-confirma-que-esta-embarazada/
214417,Fiscalías de EE. UU. investigan a Gustavo Petro por presuntos vínculos con el narcotráfico,2026-03-20 10:22:56,2026-03-20 10:23:04,publish,Jorge González,Noticias de Colombia|Noticias del mundo,COLOMBIA|Departamneto de seguridad|destacada|Gustavo Petro|Jorge g|Narcotráfico|Petro es investogado,https://360radio.com.co/fiscalias-de-ee-uu-investigan-a-gustavo-petro-por-presuntos-vinculos-con-el-narcotrafico/214417/
214409,¿Cuánto vale la nueva camiseta de la Selección  Colombia para el Mundial 2026?,2026-03-20 10:15:47,2026-03-20 10:27:45,publish,Juan Turriago,Deportes,​Camiseta Adidas Selección Colombia 2026|Dónde comprar camiseta Selección Colombia|​Indumentaria oficial FCF|​Mundial 2026 Colombia|​Nueva piel Selección Colombia|​Precio camiseta Selección Colombia original|​Versión jugador vs versión aficionado,https://360radio.com.co/deportes/camiseta-de-la-seleccion-colombia-para-el-mundial-2026-estos-son-los-precios-oficiales/
214410,"¿Quién era Chuck Norris, el famoso actor de Hollywood que falleció a los 86 años?",2026-03-20 09:50:04,2026-03-20 09:50:04,publish,Juan Camilo Ocampo,Entretenimiento|Noticias del mundo,¿Quién era Chuck Norri?|Chuck Norris|Entretenimiento|MUNDO|Murió Chuck Norris a los 86 años,https://360radio.com.co/entretenimiento/quien-era-chuck-norris-el-famoso-actor-de-hollywood-que-fallecio-a-los-86-anos/
214406,Fechas de primera y segunda vuelta presidencial en Colombia 2026: ¿Cuándo son?,2026-03-20 09:36:29,2026-03-20 09:36:29,publish,Juan Camilo Ocampo,Noticias de Colombia|Política,ABELARDO DE LA ESPRIELLA|COLOMBIA|Elección 2026|Fechas de primera y segunda vuelta presidencial|Intencion de Voto 2026|Iván Cepede|Paloma Valencia|POLITICA,https://360radio.com.co/fechas-de-primera-y-segunda-vuelta-presidencial-en-colombia-2026-cuando-son/214406/
214399,"Carrera por la Presidencia se mueve: Paloma Valencia sube, Abelardo de la Espriella pierde apoyo y Cepeda lidera",2026-03-20 08:54:30,2026-03-20 09:00:04,publish,Juan Camilo Ocampo,Noticias de Colombia|Política,ABELARDO DE LA ESPRIELLA|Carrera por la Presidencia se mueve|COLOMBIA|elecciones de 2026|Encuesta presidencial|Iván Cepeda|Paloma Valencia|POLITICA|Una nueva encuesta de GAD3,https://360radio.com.co/carrera-por-la-presidencia-se-mueve-paloma-valencia-sube-abelardo-de-la-espriella-pierde-apoyo-y-cepeda-lidera/214399/
213954,Prosperidad Social confirma fechas de pago de Renta Ciudadana y Devolución del IVA de marzo 2026,2026-03-20 08:15:55,2026-03-20 08:15:04,publish,Juan Camilo Ocampo,Noticias de Colombia,COLOMBIA|Devolución del IVA|Marzo 2026|Noticias de Colombia|Prosperidad confirma fechas de pago de Renta Ciudadana|Prosperidad Social|Renta Ciudadano,https://360radio.com.co/prosperidad-confirma-fechas-de-pago-de-renta-ciudadana-y-devolucion-del-iva-de-marzo-2026/213954/
214393,Créditos digitales y de bajo monto: la apuesta de Medellín para fortalecer la economía local,2026-03-20 07:52:37,2026-03-20 08:32:19,publish,Juan Camilo Ocampo,Noticias de Medellín,Alcaldia de medellin|Banco Distrital|Créditos digitales y de bajo monto|economía local|Gota a gota|medellin|Nueva línea de nano créditos digitales en Medellín|Nuevas líneas de crédito en Medellín|Nuevos créditos para emprendedores,https://360radio.com.co/medellin/creditos-digitales-y-de-bajo-monto-la-apuesta-de-medellin-para-fortalecer-la-economia-local/
214373,Consejo de Estado tumba nombramiento de Cielo Rusinque en la Superintendencia de Industria y Comercio,2026-03-20 06:50:30,2026-03-20 08:16:15,publish,Jorge González,Noticias de Colombia,Cielo Rusinque|COLOMBIA|Consejo de Estado|destacada|Gobierno Nacional|Jorge g|Petro|POLITICA|Superintendente de Industria y Comercio,https://360radio.com.co/consejo-de-estado-tumba-nombramiento-de-cielo-rusinque-en-la-superintendencia-de-industria-y-comercio/214373/
214303,"Lotería de Bogotá resultado hoy 19 marzo: número ganador, secos y último sorteo",2026-03-20 06:10:53,2026-03-20 05:44:01,publish,360 Radio,Territorio,Julieth B|Loteria de Bogota|Loteria de Bogota 12 marzo|Loteria de Bogota ayer|Loteria de Bogota hoy|Loteria de Bogota numero ganador|Loteria de Bogota resultado|Loteria de Bogota Secos|Loteria de Bogota ultimo sorteo|Loterias Colombia|Loterias hoy|Varios,https://360radio.com.co/loteria-de-bogota-resultado-hoy-19-marzo-numero-ganador-secos-y-ultimo-sorteo/214303/
214380,"Resultado Lotería del Quindío hoy 19 de marzo: secos, último sorteo y número ganador",2026-03-20 05:33:21,2026-03-20 05:33:32,publish,Jorge González,Territorio,ECONOMIA|Loteria Quindío|número ganador|Premio mayor y secos|Resultado loteria|Varios,https://360radio.com.co/resultado-loteria-del-quindio-hoy-19-de-marzo-secos-ultimo-sorteo-y-numero-ganador/214380/
214364,Selección Colombia revela convocados para enfrentar a Croacia y Francia antes del Mundial 2026,2026-03-19 23:00:17,2026-03-19 18:52:05,publish,Jorge González,Deportes|Noticias de Colombia,Amistosos seleccion|COLOMBIA|Convocados|Jorge g|Nestor Lorenzo|Partido 26 de marzo|Selección Colombia,https://360radio.com.co/deportes/seleccion-colombia-revela-convocados-para-enfrentar-a-croacia-y-francia-antes-del-mundial-2026/
214367,"Agenda Cultural: Un puente festivo entre la euforia del rock, la tradición ancestral y el cosmos",2026-03-19 19:43:06,2026-03-19 19:43:06,publish,Julieth Barbosa,Ciudades|Cultura,Agenda cultural puente festivo marzo 2026 Colombia|Eventos en Bogotá lunes festivo 23 de marzo|Exposición Nacional Equina Manizales 2026|Festival de Astronomía Villa de Leyva 2026|Festival Estéreo Picnic 2026 horarios y cierres,https://360radio.com.co/agenda-cultural-un-puente-festivo-entre-la-euforia-del-rock-la-tradicion-ancestral-y-el-cosmos/214367/
214347,Crisis de caja en el sector GLP: Deuda del Estado afecta a 360.000 familias de estratos 1 y 2,2026-03-19 18:11:19,2026-03-19 18:11:19,publish,Julieth Barbosa,"Minería, energía e hidrocarburos|Noticias de Colombia",Alejandro Martínez Villegas Gasnova declaraciones|Crisis de gas en cilindros Colombia|Deuda Ministerio de Hacienda Gasnova|Ministerio de Minas y Energía resoluciones gas|Pagos redes de distribución de gas 2026|Pobreza energética en zonas rurales Colombia|Subsidios estrato 1 y 2 gas licuado|Subsidios GLP Colombia 2026 retrasos,https://360radio.com.co/crisis-de-caja-en-el-sector-glp-deuda-del-estado-afecta-a-360-000-familias-de-estratos-1-y-2/214347/
214342,"Ticketmaster Colombia cumple un año: 1,8 millones de entradas vendidas marcan hito en el entretenimiento",2026-03-19 17:31:59,2026-03-19 17:31:59,publish,Julieth Barbosa,Entretenimiento,Conciertos más vendidos en Colombia 2026|Filas virtuales Ticketmaster capacidad|Fraude y reventa ilegal de entradas soluciones|Infraestructura digital para eventos masivos|Ticketmaster cifras de ventas Latinoamérica|Ticketmaster Colombia primer aniversario 2026|Venta de boletas conciertos Colombia 2026,https://360radio.com.co/entretenimiento/ticketmaster-colombia-cumple-un-ano-18-millones-de-entradas-vendidas-marcan-hito-en-el-entretenimiento/
214331,Antioquia mira al mar: Seis proyectos clave para la transformación total del Urabá,2026-03-19 17:05:48,2026-03-19 17:05:48,publish,Julieth Barbosa,Noticias de Antioquia,Conectividad marítima de Antioquia|Desarrollo portuario en el Caribe colombiano|Estrategia Futuro Urabá Proantioquia 2026|Hub logístico e industrial Urabá|Inversión CAF y Banco Mundial Antioquia|ProUrabá atracción de inversión extranjera|Turismo sostenible en Necoclí y Arboletes,https://360radio.com.co/antioquia-mira-al-mar-seis-proyectos-clave-para-la-transformacion-total-del-uraba/214331/
214329,Pentágono advierte expansión de ofensiva contra el narcotráfico en América Latina: “esto apenas comienza”,2026-03-19 16:43:12,2026-03-19 16:43:25,publish,Jorge González,Noticias del mundo,COLOMBIA|DEA|Fronteras|Jorge g|Narcotraficp|Pentagono|TRUMP|Venezuela,https://360radio.com.co/pentagono-advierte-expansion-de-ofensiva-contra-el-narcotrafico-en-america-latina-esto-apenas-comienza/214329/
214316,¿Qué están planeado los partidos de centro derecha en Colombia?,2026-03-19 16:27:03,2026-03-19 18:34:09,publish,360 Radio,Confidenciales,Abelardo de la Espriella y Miguel Uribe|Candidatos presidenciales Centro Democrático 2026|Crisis interna uribismo Medellín|destacada|elecciones presidenciales Colombia 2026|José Félix Lafaurie vs Miguel Uribe|Julieth B|Miguel Uribe Londoño Centro Democrático 2026|Miguel Uribe Londoño vicepresidencia|Política en Antioquia marzo 2026,https://360radio.com.co/que-estan-planeado-los-partidos-de-centro-derecha-en-colombia/214316/
214315,Guía práctica: cómo jugar máquinas de casino y disfrutar la experiencia,2026-03-19 15:39:00,2026-03-19 15:39:00,publish,Juan Camilo Ocampo,Territorio,1xSlots Colombia|Comercial|cómo jugar máquinas de casino|cómo jugar máquinas de casino y disfrutar la experiencia|máquinas de casino,https://360radio.com.co/guia-practica-como-jugar-maquinas-de-casino-y-disfrutar-la-experiencia/214315/
214306,Bogotá recibe a más de 517.000 viajeros en marzo impulsada por la agenda cultural,2026-03-19 14:17:51,2026-03-19 14:17:51,publish,Julieth Barbosa,Cultura|Noticias de Bogotá,Movilidad terminal de transporte Bogotá|Pinbus pasajes bus Bogotá|Planificación viajes Semana Santa Colombia|Terminal de Salitre llegada de pasajeros|Transporte intermunicipal Bogotá marzo 2026|Turismo eventos Bogotá marzo|Viajeros Festival Estéreo Picnic 2026|Viajes Medellín Bogotá bus 2026,https://360radio.com.co/bogota/bogota-recibe-a-mas-de-517-000-viajeros-en-marzo-impulsada-por-la-agenda-cultural/
214299,Ministerio de Minas investiga a 70 estaciones de servicio por no bajar el precio de la gasolina,2026-03-19 13:23:43,2026-03-19 13:23:43,publish,Julieth Barbosa,Noticias de Colombia,Descuento gasolina 500 pesos galón|Especulación precios combustibles Colombia|Estaciones de servicio sancionadas por precios|Investigación estaciones de servicio Colombia 2026|Ministerio de Minas y Energía inspecciones EDS|Sanciones SIC gasolineras 2026|Tarifas gasolina corriente febrero 2026,https://360radio.com.co/ministerio-de-minas-investiga-a-70-estaciones-de-servicio-por-no-bajar-el-precio-de-la-gasolina/214299/
214295,Win Sports no quiere perder el fútbol colombiano y pagaría millones por los derechos,2026-03-19 12:41:38,2026-03-19 12:42:37,publish,Juan Camilo Ocampo,Deportes,DEPORTES|DIM|Dimayor|Fútbol Colombiano|Junior|Millonarios|Nacional|Win Sports no quiere perder el fútbol colombiano|Win Sports propone más de 91 millones de dólares|Wins Sports,https://360radio.com.co/deportes/win-sports-no-quiere-perder-el-futbol-colombiano-y-pagaria-millones-por-los-derechos/
214292,Cambio en el Banco de Bogotá: César Prado deja la presidencia,2026-03-19 12:14:40,2026-03-19 14:28:42,publish,Juan Camilo Ocampo,Noticias de Colombia,banco de bogota|COLOMBIA|Ddestacada|ECONOMIA,https://360radio.com.co/cambio-en-el-banco-de-bogota-cesar-prado-deja-la-presidencia/214292/
214288,Educación en Antioquia crece: matrícula supera las metas del año,2026-03-19 11:25:12,2026-03-19 11:25:12,publish,Juan Camilo Ocampo,Noticias de Antioquia|Noticias de Medellín,Antioquía|Antioquia supera los 432 mil estudiantes matriculados|Educación en Antioquia|Educación en Antioquia crece|Gobernación de Antioquia|medellin,https://360radio.com.co/medellin/educacion-en-antioquia-crece-matricula-supera-las-metas-del-ano/
214278,"¿Qué se celebra el 19 de marzo, y por qué es diferente en Colombia frente al mundo?",2026-03-19 10:45:22,2026-03-19 10:45:22,publish,Jorge González,Cultura,19 de marzo|COLOMBIA|cultura|Día de san Jose|DÍA DEL HOMBRE|fechas especiales|Jorge g|qué se celebra el 19 de marzo,https://360radio.com.co/que-se-celebra-el-19-de-marzo-y-por-que-es-diferente-en-colombia-frente-al-mundo/214278/
214279,Estas son las 70 estaciones de gasolina bajo investigación por no reducir precios,2026-03-19 10:39:08,2026-03-19 10:40:56,publish,Juan Camilo Ocampo,Noticias de Colombia,70 estaciones de gasolina bajo investigación por no reducir precios|COLOMBIA|Gasolina|MinMinas|MinMinas investiga a 70 estaciones de servicio por no bajar precios|Reducción de la gasolina,https://360radio.com.co/estas-son-las-70-estaciones-de-gasolina-bajo-investigacion-por-no-reducir-precios/214279/
214268,Medellín le apuesta a la inteligencia artificial con 20.000 oportunidades de formación,2026-03-19 09:48:39,2026-03-19 09:50:26,publish,Juan Camilo Ocampo,Noticias de Medellín,Alcaldia de medellin|google|IA|Inteligencia artificial|medellin|Medellín abre 20.000 cupos gratuitos para formarse en inteligencia artificial|Medellín le apuesta a la inteligencia artificial|Ruta N,https://360radio.com.co/medellin/medellin-le-apuesta-a-la-inteligencia-artificial-con-20-000-oportunidades-de-formacion/
214269,¿Cuándo juega la Selección Colombia? Fechas de amistosos contra Croacia y Francia,2026-03-19 09:38:33,2026-03-19 09:38:41,publish,Jorge González,Deportes|Entretenimiento|Noticias de Colombia,Amistosos Colombia|AMISTOSOS DE COLOMBIA|Cuando juega Colombia|DEPORTES|Jorge g|Lucho Diaz|Selección Colombia,https://360radio.com.co/deportes/cuando-juega-la-seleccion-colombia-fechas-de-amistosos-contra-croacia-y-francia/
214260,"¿A qué hora se presentan Sabrina, The Killers, Skrillex y más en el FEP 2026?: Horarios",2026-03-19 09:05:18,2026-03-19 09:06:32,publish,Juan Camilo Ocampo,Cultura|Noticias de Bogotá,¿A qué hora se presentan Sabrina|Bogotá|COLOMBIA|cultura|FEP 2026|Festival Estéreo Picnic 2026|Sabrina Carpenter en el FEP|Skrillex en el FEP|Skrillex y más en el FEP 2026?|The Killers|The Killers en el FEP,https://360radio.com.co/bogota/a-que-hora-se-presentan-sabrina-the-killers-skrillex-y-mas-en-el-fep-2026-horarios/
214253,"¿Quién es Tomás Rodríguez, el esposo de Paloma Valencia, cuánto llevan y quiénes son sus hijos?",2026-03-19 08:53:27,2026-03-19 08:53:39,publish,Jorge González,Noticias de Colombia,centro democrático|COLOMBIA|Elecciones 2026|Jorge g|Paloma Valencia|POLITICA|Quien es tomas rodriguez|Tomás Rodríguez Barraquer esposo Paloma Valencia,https://360radio.com.co/quien-es-tomas-rodriguez-el-esposo-de-paloma-valencia-cuanto-llevan-y-quienes-son-sus-hijos/214253/
214249,¿Hasta cuándo lloverá en Colombia? Esto dijo el IDEAM,2026-03-19 08:42:47,2026-03-19 08:42:47,publish,Juan Camilo Ocampo,Noticias de Colombia,¿Hasta cuándo lloverá en Colombia? Esto dijo el IDEAM|COLOMBIA|Hasta cuando llovera en Colombia|Hasta este mes van las lluvias en Colombia|Ideam|Lluvias en Colombia,https://360radio.com.co/hasta-cuando-llovera-en-colombia-esto-dijo-el-ideam/214249/
214241,¿Cuándo es el Día del Hombre en Colombia 2026? Historia y significado de esta fecha,2026-03-19 06:33:55,2026-03-19 06:33:55,publish,Jorge González,Cultura|Noticias de Colombia,Celebración día hombre|COLOMBIA|cuando es el día del hombre|DÍA DEL HOMBRE|Hombre|Jorge g|Por qué existe el día del hombre,https://360radio.com.co/cuando-es-el-dia-del-hombre-en-colombia-2026-historia-y-significado-de-esta-fecha/214241/
214175,"Lotería del Meta resultado hoy 18 marzo: secos, número ganador y último sorteo",2026-03-19 06:20:10,2026-03-19 06:13:35,publish,360 Radio,Territorio,Eliminar el término: Loteria del meta 11 marzo Loteria del meta 11 marzo|Eliminar el término: Loteria del Meta Loteria del Meta|Julieth B|Loteria del Meta ayer|Loteria del Meta hoy|Loteria del Meta numero ganador|Loteria del Meta resultado|Loteria del Meta secos|Loteria del Meta ultimo sorteo|Loterías|Loterias Colombia|Loterias hoy|Varios,https://360radio.com.co/loteria-del-meta-resultado-hoy-18-marzo-secos-numero-ganador-y-ultimo-sorteo/214175/
214210,Resultado Baloto y Revancha hoy miércoles 18 febrero: números ganadores hoy,2026-03-19 06:00:49,2026-03-19 06:10:19,publish,360 Radio,Territorio,Baloto|Baloto Hoy|Boloto números ganadores|Boloto y Revancha|Juan O|loterias de Colombia|Resultado Baloto y Revancha miércoles 18 febrero|Varios,https://360radio.com.co/resultado-baloto-y-revancha-hoy-miercoles-18-febrero-numeros-ganadores-hoy/214210/
214205,"Resultado Lotería del Valle hoy 18 marzo: número ganador, secos y último sorteo",2026-03-19 05:42:05,2026-03-19 05:40:40,publish,Juan Camilo Ocampo,Territorio,Lotería del Valle 18 de marzo|loteria del valle hoy|Loteria del Valle numero ganador|loterias de Colombia|último resultado de Lotería del Valle|Varios,https://360radio.com.co/resultado-loteria-del-valle-hoy-18-marzo-numero-ganador-secos-y-ultimo-sorteo/214205/
214151,¿Quiénes conforman el comité político de Paloma Valencia? Revelan el verdadero listado,2026-03-18 21:16:42,2026-03-18 21:19:49,publish,Jorge González,Elecciones 2026|Noticias de Colombia,centro democrático|COLOMBIA|comité político de paloma|Elecciones 2026|Juan Daniel Oviedo|Paloma Valencia|POLITICA,https://360radio.com.co/quienes-conforman-el-comite-politico-de-paloma-valencia-fuentes-revelan-el-verdadero-listado/214151/
214225,¡Es oficial! Marvel lanza el primer tráiler de ‘Spider-Man: A Brand New Day’ y rompe internet,2026-03-18 20:10:54,2026-03-18 20:10:54,publish,Julieth Barbosa,Entretenimiento,Estreno Spider-Man Un Nuevo Día julio|Evolución poderes Peter Parker MCU|Jackie Chan en Spider-Man 2026|Marvel Studios Spider-Man 4 Tom Holland|Regreso de Jon Bernthal como Punisher MCU|Sinopsis Spider-Man Un Nuevo Día|Spider-Man Un Nuevo Día Tráiler 2026|Zendaya MJ Spider-Man Un Nuevo Día,https://360radio.com.co/entretenimiento/es-oficial-marvel-lanza-el-primer-trailer-de-spider-man-a-brand-new-day-y-rompe-internet/
214222,"Irán ataca Ras Laffan, el mayor complejo de gas del mundo, en represalia contra Qatar y EAU",2026-03-18 19:45:50,2026-03-18 19:45:50,publish,Julieth Barbosa,Noticias del mundo,Ataque a Ras Laffan Qatar 2026|Ataques a QatarEnergy marzo 2026|Conflicto Irán Israel Estados Unidos gas|Crisis energética Golfo Pérsico Irán|destacada|Impacto económico guerra en Medio Oriente|Infraestructura crítica Emiratos Árabes Unidos drones|Precio mundial del gas natural licuado GNL|Seguridad en el yacimiento Pars Sur,https://360radio.com.co/iran-ataca-ras-laffan-el-mayor-complejo-de-gas-del-mundo-en-represalia-contra-qatar-y-eau/214222/
214217,"Fenoco inicia ambicioso plan de renovación ferroviaria con inversión de US$2,56 millones",2026-03-18 18:55:16,2026-03-18 18:55:16,publish,Julieth Barbosa,Infraestructura,Andrés Soto presidente Fenoco declaraciones|Capacidad de carga trenes de carga Colombia|Fenoco inversión rieles japoneses|Infraestructura ferroviaria de carga Colombia|Modernización corredor férreo Magdalena Cesar|Puerto de Santa Marta descarga de rieles|Renovación vía férrea Fenoco 2026|Transporte multimodal Caribe colombiano,https://360radio.com.co/fenoco-inicia-ambicioso-plan-de-renovacion-ferroviaria-con-inversion-de-us256-millones/214217/
214212,Alianza Ecopetrol-Petrobras reporta hallazgo de gas; ANH celebra sinergia internacional,2026-03-18 17:59:22,2026-03-18 17:59:22,publish,Julieth Barbosa,"Minería, energía e hidrocarburos",Agencia Nacional de Hidrocarburos anuncios gas|Contrato GUAOFF-0 Petrobras|Descubrimiento de gas Petrobras y Ecopetrol|Exploración offshore Caribe colombiano 2026|Hallazgo gas Copoazú-1 Colombia|Potencial de gas natural en el Caribe|Pozo exploratorio Copoazú-1 Guajira|Seguridad energética Colombia 2026,https://360radio.com.co/alianza-ecopetrol-petrobras-reporta-hallazgo-de-gas-anh-celebra-sinergia-internacional/214212/
214200,La USO pide formalmente la salida de Ricardo Roa de la presidencia de Ecopetrol,2026-03-18 16:52:19,2026-03-18 16:52:19,publish,Julieth Barbosa,Empresas,Crisis reputacional Ecopetrol marzo 2026|Estabilidad energética Colombia hidrocarburos|Investigaciones contra Ricardo Roa 2026|Junta Directiva Ecopetrol decisiones|Reingeniería financiera Ecopetrol USO|Soberanía energética y reservas de gas|Unión Sindical Obrera comunicado Ecopetrol|USO pide renuncia Ricardo Roa Ecopetrol,https://360radio.com.co/la-uso-pide-formalmente-la-salida-de-ricardo-roa-de-la-presidencia-de-ecopetrol/214200/
214192,Pasaportes en Colombia 2026: Tribunal de Cundinamarca avanza en nulidad del convenio portugués,2026-03-18 16:39:31,2026-03-18 16:39:31,publish,Julieth Barbosa,Noticias de Colombia,Convenio Imprenta Nacional Casa da Moeda|Crisis pasaportes Colombia noticias hoy|Demanda pasaportes Colombia Portugal 2026|José Élver Muñoz Barrera magistrado|Nulidad contrato pasaportes Cancillería|Procuraduría demanda pasaportes Portugal|Trámite de pasaportes Colombia marzo 2026|Tribunal Administrativo de Cundinamarca pasaportes,https://360radio.com.co/pasaportes-en-colombia-2026-tribunal-de-cundinamarca-avanza-en-nulidad-del-convenio-portugues/214192/
214191,Zentrix: opiniones de usuarios y análisis del servicio para el trading online,2026-03-18 16:38:11,2026-03-20 10:50:10,publish,Juan Camilo Ocampo,Territorio,brókeres|Comercial|trading online|Zentrix,https://360radio.com.co/zentrix-opiniones-de-usuarios-y-analisis-del-servicio-para-el-trading-online/214191/
214185,FEP 2026: La maquinaria de los 208 millones de oyentes aterriza en Bogotá,2026-03-18 15:56:40,2026-03-18 15:57:52,publish,Julieth Barbosa,Entretenimiento,Cartel FEP 2026 artistas confirmados|Cifras Spotify artistas FEP 2026|Festival Estéreo Picnic 2026 Bogotá|Impacto económico festivales de música Colombia|Música electrónica Estéreo Picnic 2026|Sabrina Carpenter Estéreo Picnic Bogotá|The Creator en Colombia 2026|The Killers y Lorde Bogotá entradas|Tyler,https://360radio.com.co/entretenimiento/fep-2026-la-maquinaria-de-los-208-millones-de-oyentes-aterriza-en-bogota/
214182,Tendencias visuales y de audio en los juegos de próxima generación,2026-03-18 15:00:19,2026-03-19 09:12:44,publish,Juan Camilo Ocampo,Territorio,Comercial|Tendencias visuales y de audio en los juegos de próxima generación|videojuegos,https://360radio.com.co/tendencias-visuales-y-de-audio-en-los-juegos-de-proxima-generacion/214182/
214174,¿Qué es más importante: la ley o la comodidad para los usuarios – la experiencia de las casas de apuestas internacionales?,2026-03-18 14:20:49,2026-03-18 14:20:49,publish,Juan Camilo Ocampo,Territorio,Casas de apuestas|Casas de apuestas internacionales|Comercial,https://360radio.com.co/que-es-mas-importante-la-ley-o-la-comodidad-para-los-usuarios-la-experiencia-de-las-casas-de-apuestas-internacionales/214174/
214169,Sólo duró tres meses: Samsung sacó del mercado su mayor apuesta del 2026,2026-03-18 14:09:37,2026-03-18 14:09:37,publish,Julieth Barbosa,Tecnología,Fallas pantalla Samsung Trifold marzo 2026|Garantía y repuestos Galaxy Z Trifold|Noticias tecnología Samsung marzo 2026|Precio Samsung Galaxy Z Trifold dólares|Samsung Galaxy Z Trifold discontinuado 2026|Samsung retira el Galaxy Z Trifold del mercado|Samsung vs Huawei Mate XT plegables|Smartphone de triple pantalla Samsung problemas,https://360radio.com.co/tecnologia/solo-duro-tres-meses-samsung-saco-del-mercado-su-mayor-apuesta-del-2026/
214164,Nequi no funcionará este puente festivo: estas son los horarios,2026-03-18 13:37:58,2026-03-18 13:37:58,publish,Julieth Barbosa,"Colombia|Economía, finanzas y negocios",¿A qué hora funciona Nequi el lunes festivo?|Actualización Nequi lunes 23 de marzo|Billeteras digitales mantenimiento programado|Mantenimiento Nequi lunes festivo marzo 2026|Nequi fuera de servicio puente de San José|Plan retorno Colombia marzo 2026 peajes|Problemas con Nequi para pagar gasolina|Retirar plata de Nequi en festivo,https://360radio.com.co/nequi-no-funcionara-este-puente-festivo-estas-son-los-horarios/214164/
214148,Asamblea de Antioquia rechaza a Iván Cepeda y lo declara persona no grata,2026-03-18 12:51:17,2026-03-18 12:52:57,publish,Juan Camilo Ocampo,Noticias de Antioquia|Política,Antioquía|Asamblea de Antioquia|Cepeda no grato en Antioquia|Elecciones 2026|Iván Cepeda,https://360radio.com.co/asamblea-de-antioquia-rechaza-a-ivan-cepeda-y-lo-declara-persona-no-grata/214148/
214143,Murió “hija” de Yeferson Cossio: así fue la triste despidida,2026-03-18 11:40:58,2026-03-18 11:41:48,publish,Jorge González,Cultura|Entretenimiento,COLOMBIA|cultura|Influencer|Muerte hija yeferson cossio|Tendencia|Yeferson Cossio,https://360radio.com.co/entretenimiento/murio-hija-de-yeferson-cossio-asi-fue-la-triste-despidida/
214136,Socavación en El Poblado: ¿cuánto tardarán las obras y cuándo reabrirán la vía?,2026-03-18 11:16:34,2026-03-18 11:19:01,publish,Juan Camilo Ocampo,Noticias de Medellín,¿cuánto tardarán las obras y cuándo reabrirán la vía?|Alcaldia de medellin|Avenida El poblado|medellin|Movilidad en Medellín|Socavación en El Poblado,https://360radio.com.co/medellin/socavacion-en-el-poblado-cuanto-tardaran-las-obras-y-cuando-reabriran-la-via/
214132,¿Cuánto dinero ganó Venezuela tras ser campeón del clásico mundial de Béisbol?,2026-03-18 11:14:42,2026-03-18 11:14:50,publish,Jorge González,"Deportes|Economía, finanzas y negocios",Cuanto dinero ganó venezuela|DEPORTES|Economía Mundo|Mundial de Beisbol|Venezuela campeón,https://360radio.com.co/deportes/cuanto-dinero-gano-venezuela-tras-ser-campeon-del-clasico-mundial-de-beisbol/
214128,"Actividad Economía colombiana crece 1,55 % en enero, según DANE",2026-03-18 10:48:56,2026-03-18 10:48:56,publish,Juan Camilo Ocampo,Noticias de Colombia,,https://360radio.com.co/actividad-economia-colombiana-crece-155-en-enero-segun-dane/214128/
214120,Bomba en frontera de Ecuador y Colombia: ¿De quién es?,2026-03-18 10:00:23,2026-03-18 10:02:12,publish,Jorge González,Noticias de Colombia,Bomba ecuador colombia|De quién es la bomba de ecuador|Frontera Ecuador|gobierno Petro|Internacional|Novoa,https://360radio.com.co/bomba-en-frontera-de-ecuador-y-colombia-de-quien-es/214120/
214116,Pasaporte colombiano sin cita y con descuento: paso a paso para acceder al beneficio,2026-03-18 09:44:57,2026-03-18 09:44:57,publish,Juan Camilo Ocampo,Noticias de Colombia,COLOMBIA|Pasaporte colombiano con descuento|Pasaporte colombiano sin cita|Pasaportes,https://360radio.com.co/pasaporte-colombiano-sin-cita-y-con-descuento-paso-a-paso-para-acceder-al-beneficio/214116/
214105,Nuevo paro de profesores en todo el país convocado por fecode: esta es la fecha,2026-03-18 09:24:42,2026-03-18 09:25:34,publish,Jorge González,Noticias de Colombia,COLOMBIA|FECODE|Gobierno Nacional|Paro de Fecode|Paro de maestros|Petro|SALUD,https://360radio.com.co/nuevo-paro-profesores-en-todo-el-pais-convocado-por-fecode-esta-es-la-fecha/214105/
214104,¿Qué eps van a liquidar según Petro? Las que ya están liquidadas y las que están en riesgo,2026-03-18 09:21:02,2026-03-18 09:21:02,publish,Juan Camilo Ocampo,Noticias de Colombia,¿Qué eps van a liquidar según Petro?|EPS|Gustavo Petro|Sistema de Salud,https://360radio.com.co/que-eps-van-a-liquidar-segun-petro-las-que-ya-estan-liquidadas-y-las-que-estan-en-riesgo/214104/
214099,El colombiano Héctor Abad Faciolince llega a la final del Premio AENA,2026-03-18 08:57:27,2026-03-18 08:57:27,publish,Juan Camilo Ocampo,Cultura|Noticias de Colombia,'Ahora y en la hora'|cultura|El colombiano Héctor Abad Faciolince|Héctor Abad Faciolince|Héctor Abad Faciolince es finalista del Premio AENA|Premio AENA,https://360radio.com.co/el-colombiano-hector-abad-faciolince-llega-a-la-final-del-premio-aena/214099/
214076,Alertan posible fenómeno de El Niño en 2026 en Colombia: Procuraduría pide análisis al Ideam,2026-03-18 07:00:13,2026-03-17 19:28:35,publish,Jorge González,Noticias de Colombia,COLOMBIA|Fenomeno del niño|Ideam|lluvias|pROCURADURÍA|Región Caribe|temporada de lluvias,https://360radio.com.co/alertan-posible-fenomeno-de-el-nino-en-2026-en-colombia-procuraduria-pide-analisis-al-ideam/214076/
214069,"Resultado del Súper Astro Luna hoy, 17 de marzo: número y signo ganador",2026-03-18 05:30:37,2026-03-17 19:06:38,publish,Jorge González,Territorio,Astro luna reultado|Chanse|ECONOMIA|Resultado|Super Astro|Varios,https://360radio.com.co/resultado-del-super-astro-luna-hoy-17-de-marzo-numero-y-signo-ganador/214069/
214092,Burgerville confirma su segunda edición en Medellín para el mes de abril,2026-03-17 20:27:22,2026-03-17 20:27:22,publish,Julieth Barbosa,Noticias de Medellín,Alejandro Escallón eventos gastronómicos|Burgerville Medellín 2026 fechas|Burgerville restaurantes participantes|Festival de la hamburguesa Parque Comfenalco Guayabal|Hamburguesas de autor Medellín|Mejores hamburguesas Medellín 2026|Planes para hacer en Medellín abril 2026|Restaurantes invitados Burgerville Bogotá y Lima,https://360radio.com.co/medellin/burgerville-confirma-su-segunda-edicion-en-medellin-para-el-mes-de-abril/
214087,La viralidad orgánica define el éxito de los nominados a los Premios Nuestra Tierra 2026,2026-03-17 20:03:43,2026-03-17 20:03:43,publish,Julieth Barbosa,Entretenimiento,,https://360radio.com.co/entretenimiento/la-viralidad-organica-define-el-exito-de-los-nominados-a-los-premios-nuestra-tierra-2026/
214077,Programe sus pagos: Estos son los horarios del cierre temporal de Nequi en marzo,2026-03-17 19:35:53,2026-03-17 19:35:53,publish,Julieth Barbosa,"Colombia|Economía, finanzas y negocios|Tecnología",A qué hora no funciona Nequi hoy|Actualización tecnológica Nequi 2026|Billeteras digitales Colombia noticias|Mantenimiento Nequi marzo 2026|Nequi fuera de servicio 23 de marzo|Problemas para entrar a Nequi lunes|Transferencias Nequi mantenimiento programado,https://360radio.com.co/tecnologia/programe-sus-pagos-estos-son-los-horarios-del-cierre-temporal-de-nequi-en-marzo/
214070,"Grupo EPM cerró 2025 con ingresos por COP 40,6 billones y un crecimiento del 9%",2026-03-17 19:14:59,2026-03-17 19:14:59,publish,Julieth Barbosa,Empresas,EBITDA Grupo EPM 2025|Generación de energía Hidroituango 2025|Inversión social EPM Antioquia|Resultados financieros Grupo EPM 2025|Sostenibilidad financiera servicios públicos Colombia|Transferencias de EPM al Distrito de Medellín|Utilidad neta EPM balance anual,https://360radio.com.co/grupo-epm-cerro-2025-con-ingresos-por-cop-406-billones-y-un-crecimiento-del-9/214070/
214065,"Acuerdo entre Ecopetrol y Gran Tierra asegura US$92,4 millones para la producción en el Cesar",2026-03-17 17:39:23,2026-03-17 17:39:23,publish,Julieth Barbosa,"Empresas|Minería, energía e hidrocarburos",Alianza Ecopetrol y Gran Tierra Cesar 2026|Ecopetrol acuerdos estratégicos 2026|Gran Tierra Operations inversión Colombia|Inversión campos Tisquirama y San Roque|Recobro secundario inyección de agua Colombia|Sector hidrocarburos Valle Medio del Magdalena|Seguridad energética nacional 2026,https://360radio.com.co/acuerdo-entre-ecopetrol-y-gran-tierra-asegura-us924-millones-para-la-produccion-en-el-cesar/214065/
214049,Fenalco advierte sobre baja inversión frente al incremento del gasto público en Colombia,2026-03-17 17:04:41,2026-03-17 17:05:04,publish,Julieth Barbosa,"Colombia|Economía, finanzas y negocios",Bitácora Económica Fenalco 2026|Cifras DANE comercio enero 2026|Consumo de los hogares colombianos|Crisis del sector salud y medicamentos|Inversión de capital fijo Colombia 2025|Uso de tarjetas de crédito en Colombia|Venta de vehículos y motocicletas Colombia|Ventas minoristas Colombia febrero 2026,https://360radio.com.co/fenalco-advierte-sobre-baja-inversion-frente-al-incremento-del-gasto-publico-en-colombia/214049/
214053,La millonaria diferencia de plantillas entre Atlético Nacional y Millonarios en 2026,2026-03-17 16:43:53,2026-03-17 16:43:53,publish,Juan Turriago,Deportes,​Clásico colombiano|​Cuotas de apuestas Millonarios Nacional|Estadio El Campín|Liga BetPlay 2026|​Nómina de Atlético Nacional|​Pronósticos de apuestas fútbol colombiano|Valor de mercado plantillas,https://360radio.com.co/deportes/la-millonaria-diferencia-de-plantillas-entre-atletico-nacional-y-millonarios-en-2026/
214043,La SIC abre investigación formal contra la Catedral de Sal de Zipaquirá,2026-03-17 16:20:09,2026-03-17 16:23:34,publish,Juan Turriago,Noticias,​Abuso de posición dominante|​Libre competencia Colombia|​Multas Superindustria|Operadores turísticos Cundinamarca|Sociedad de Economía Mixta Catedral de Sal|Superintendencia de Industria y Comercio|Turismo en Zipaquirá,https://360radio.com.co/la-sic-abre-investigacion-formal-contra-la-catedral-de-sal-de-zipaquira/214043/
214038,Conozca los precios de las boletas para el concierto de Silvestre Dangond en Bogotá,2026-03-17 15:36:13,2026-03-17 15:36:13,publish,Julieth Barbosa,Entretenimiento,Boletas Silvestre Dangond El Baile de Todos|Concierto Silvestre Dangond Bogotá 2026|Conciertos en el Estadio El Campín 2026|Palcos Silvestre Dangond El Baile de Todos|Precios preventa Silvestre Dangond Bogotá|Silvestre Dangond 15 de mayo Bogotá|Silvestre Dangond y Juancho de la Espriella El Campín|Vallenato en Bogotá eventos 2026,https://360radio.com.co/entretenimiento/conozca-los-precios-de-las-boletas-para-el-concierto-de-silvestre-dangond-en-bogota/
214032,Crisis global de suministros: EE. UU. activa plan de emergencia para importar fertilizantes de aliados,2026-03-17 15:23:25,2026-03-17 15:27:24,publish,Juan Turriago,Mundo,Crisis de suministros agrícolas|​Exportaciones de fosfatos Marruecos|​Petroquímica venezolana|​Precio de la urea y amoníaco|​Rutas comerciales Golfo Pérsico|​Sanciones a Venezuela petróleo|​Seguridad alimentaria Estados Unidos,https://360radio.com.co/crisis-global-de-suministros-ee-uu-activa-plan-de-emergencia-para-importar-fertilizantes-de-aliados/214032/
214027,Puerto Antioquia completa con éxito su primera operación de granel sólido,2026-03-17 15:04:11,2026-03-17 15:06:10,publish,Julieth Barbosa,"Colombia|Economía, finanzas y negocios",Costos logísticos Antioquia y Eje Cafetero|destacada|Importación de maíz Estados Unidos Colombia|Infraestructura portuaria Urabá Antioquia|Logística portuaria en Colombia 2026|Motonave Pelican Island Urabá|Operación Puerto Antioquia 2026|Puerto Antioquia primera operación granel|Terminal marítimo de Urabá calado,https://360radio.com.co/puerto-antioquia-completa-con-exito-su-primera-operacion-de-granel-solido/214027/
214013,Grupo Nutresa no descarta incursionar en mercados Europeos,2026-03-17 14:49:57,2026-03-17 14:52:59,publish,Juan Turriago,Empresas,​Estrategia de internacionalización empresarial|​Exportación de alimentos procesados|​Jaime Gilinski Nutresa|​Multilatina colombiana de alimentos|​Resultados financieros Nutresa 2025|​Sostenibilidad corporativa Nutresa|​Ventas consolidadas Nutresa,https://360radio.com.co/grupo-nutresa-no-descarta-incursionar-en-mercados-europeos/214013/
214014,Gobierno fija nuevo arancel del 35 % a 14 insumos de acero y metal importado,2026-03-17 14:40:01,2026-03-17 14:40:45,publish,Juan Camilo Ocampo,Noticias de Colombia,Acero|COLOMBIA|Gobierno fija nuevo arancel del 35 % a 14 insumos de acero|importaciones de acero,https://360radio.com.co/gobierno-fija-nuevo-arancel-del-35-a-14-insumos-de-acero-y-metal-importado/214014/
213997,Fotos de Karol G con cabello corto: ¿Impondrá la moda 2026?,2026-03-17 14:35:00,2026-03-17 14:35:10,publish,Julieth Barbosa,Cultura|Noticias de Colombia,"Cambio de look Karol G Oscar 2026|Corte bob desfilado tendencia 2026|Evolución estilo Karol G|Karol G Ashi Studio vestido gris|Karol G cabello corto Vanity Fair|Peinados tendencia 2026 famosos|Secretos de belleza de la ""Bichota""",https://360radio.com.co/fotos-de-karol-g-con-cabello-corto-impondra-la-moda-2026/213997/
214008,EE. UU. devuelve la visa a Gustavo Petro: el documento tendrá vigencia hasta agosto de 2026,2026-03-17 14:24:01,2026-03-17 14:24:01,publish,Juan Turriago,Colombia,CASA DE NARIÑO|​Donald Trump y Petro|Gobierno de Gustavo Petro|​Lista OFAC|​Política exterior de Washington|Relaciones Colombia y Estados Unidos|​Revocación de visa 2025,https://360radio.com.co/ee-uu-devuelve-la-visa-a-gustavo-petro-el-documento-tendra-vigencia-hasta-agosto-de-2026/214008/
214003,Transmilenio habilita pagos con tarjeta débito y crédito,2026-03-17 14:06:39,2026-03-17 14:06:39,publish,Juan Turriago,Bogotá,​Apple Pay y Google Pay Bogotá|​Pagar TransMilenio con tarjeta débito|​SITP pagos digitales|Tarifas TransMilenio 2026|Tarjeta TuLlave|Tecnología NFC Bogotá|​Validadores EMV,https://360radio.com.co/transmilenio-habilita-pagos-con-tarjeta-debito-y-credito/214003/
213992,Alerta roja Ideam advierte sobre frente frío y fuerte oleaje en Santa Marta y Cartagena.,2026-03-17 13:51:55,2026-03-17 13:51:55,publish,Juan Turriago,Noticias,Estado del mar en Santa Marta y Cartagena|Fenómeno de mar de leva|​Frente frío en marzo|Pronóstico del Ideam|Restricciones en playas del Caribe|​Seguridad marítima Dimar|​Turismo en la costa norte,https://360radio.com.co/alerta-roja-ideam-advierte-sobre-frente-frio-y-fuerte-oleaje-en-santa-marta-y-cartagena/213992/
213984,Argentina y otros países se han salido de la OMS,2026-03-17 13:44:11,2026-03-17 13:44:11,publish,Julieth Barbosa,Noticias del mundo,Argentina formaliza retiro definitivo OMS|Donald Trump salida OMS 22 enero 2026|Impacto salida OMS programas vacunación|Robert F. Kennedy Jr. salud global 2026|Salida de Argentina de la OMS 2026|Soberanía sanitaria Argentina y Estados Unidos,https://360radio.com.co/argentina-y-otros-paises-se-han-salido-de-la-oms/213984/
213982,Venezuela vs. Estados Unidos hoy: Horario y dónde ver en vivo la final del Clásico Mundial de Béisbol 2026,2026-03-17 13:33:09,2026-03-17 13:37:29,publish,Juan Turriago,Deportes,​Béisbol Grandes Ligas hoy|Disney Plus deportes en vivo|​Final WBC 2026|​Horario Venezuela vs Estados Unidos hoy|​Luis Arráez Venezuela 2026|​Transmisión ESPN béisbol Colombia|Ver Clásico Mundial de Béisbol en vivo,https://360radio.com.co/deportes/venezuela-vs-estados-unidos-hoy-horario-y-donde-ver-en-vivo-la-final-del-clasico-mundial-de-beisbol-2026/
213979,Decisión del Gobierno detiene trabajos en el José María Córdova y enciende alertas,2026-03-17 12:59:31,2026-03-17 12:59:31,publish,Juan Camilo Ocampo,Noticias de Antioquia|Noticias de Medellín,Aeropuerto Internacional José María Córdova en Rionegro|ANI|Antioquía|COLOMBIA|Decisión del Gobierno detiene trabajos en el José María Córdova y enciende alertas|medellin|Obras el José María Córdova,https://360radio.com.co/medellin/decision-del-gobierno-detiene-trabajos-en-el-jose-maria-cordova-y-enciende-alertas/
213974,Siete fotomultas en Envigado: estos son los sectores donde se ubicarán,2026-03-17 12:32:13,2026-03-17 12:32:13,publish,Juan Camilo Ocampo,Noticias de Antioquia|Noticias de Medellín,Antioquía|fotomultas|La Alcaldía de Envigado|Lugares de las nuevas fotomultas en Envigado|medellin|Nuevas fotomultas en Envigado|Seguridad vial,https://360radio.com.co/medellin/siete-fotomultas-en-envigado-estos-son-los-sectores-donde-se-ubicaran/
213969,¿Hasta qué hora va el apagón general en Santa Marta hoy 17 de marzo?,2026-03-17 11:58:16,2026-03-17 11:58:16,publish,Juan Camilo Ocampo,Noticias de Colombia,Apagón en Santa Marta hoy|Apagón hoy|COLOMBIA|Hasta qué hora va el apagón en Santa Marta|Santa Marta|Santa Marta sin energía,https://360radio.com.co/hasta-que-hora-va-el-apagon-general-en-santa-marta-hoy-17-de-marzo/213969/
213960,Este es el decreto 182 de 2026 con el que Petro mandó liquidar EPS,2026-03-17 11:03:13,2026-03-17 11:03:13,publish,Juan Camilo Ocampo,Noticias de Colombia|Política,COLOMBIA|EPS|Este es el decreto 182 de 2026 con el que Petro mandó liquidar EPS|Gobierno Nacional|Petro|Petro mandó liquidar EPS|Sistema de Salud,https://360radio.com.co/este-es-el-decreto-182-de-2026-con-el-que-petro-mando-liquidar-eps/213960/
213955,Este es el nuevo impuesto del 16% que anunció gobierno Petro,2026-03-17 10:58:11,2026-03-17 10:58:11,publish,Jorge González,"Colombia|Economía, finanzas y negocios|Noticias de Colombia",COLOMBIA|DIAN|ECONOMIA|Impuesto|Impuesto juegos de azar|IVA|Iva 16% juegos|Petro,https://360radio.com.co/213955-2/213955/
213947,Este sería el cambio pensional que impulsaría Paloma Valencia si llega a la presidencia ,2026-03-17 09:20:42,2026-03-17 09:21:49,publish,Juan Camilo Ocampo,Noticias de Colombia|Política,Así sería el cambio pensional que impulsarían Valencia y Oviedo|cambio pensional|Elecciones 2026|elecciones de 2026|Juan Daniel Oviedo|Paloma Valencia|POLITICA|Sistema pensional,https://360radio.com.co/este-seria-el-cambio-pensional-que-impulsaria-paloma-valencia-si-llega-a-la-presidencia/213947/
213943,Petro propone liquidar EPS quebradas en medio de la crisis del sistema de salud en Colombia,2026-03-17 09:08:36,2026-03-17 09:09:12,publish,Jorge González,Noticias de Colombia|Salud,Crisis de salud|destacada|EPS|Liquidación EPS|Liquidar EPS|Petro|SALUD,https://360radio.com.co/petro-propone-liquidar-eps-quebradas-en-medio-de-la-crisis-del-sistema-de-salud-en-colombia/213943/
213939,Movilidad en Itagüí cambia: ya no habrá pico y placa en la autopista Sur,2026-03-17 08:40:47,2026-03-17 08:40:47,publish,Juan Camilo Ocampo,Noticias de Antioquia|Noticias de Medellín,Alcaldía de Itagüí|Antioquía|medellin|Pico y placa en Itagüí|Pico y placa en la Autopista Sur|ya no habrá pico y placa en la autopista Sur,https://360radio.com.co/medellin/movilidad-en-itagui-cambia-ya-no-habra-pico-y-placa-en-la-autopista-sur/
213830,"Lotería de Cundinamarca resultado hoy 16 marzo: número ganador, secos y último sorteo",2026-03-17 06:03:51,2026-03-17 06:21:08,publish,360 Radio,Territorio,Lotería 16 de marzo|Loteria de Cundianamarca|Premio mayor cundinamarca|Resultado loiteria|Resultados cundinamarca|Varios,https://360radio.com.co/loteria-de-cundinamarca-resultado-hoy-16-marzo-numero-ganador-secos-y-ultimo-sorteo/213830/
213927,Gobierno propone cooperativas campesinas para enfrentar crisis lechera en Colombia,2026-03-16 20:39:25,2026-03-16 20:39:25,publish,Juan Camilo Ocampo,Noticias de Colombia,COLOMBIA|Crisis lechera|crisis lechera en Colombia|Grupo Gloria|Petro,https://360radio.com.co/gobierno-propone-cooperativas-campesinas-para-enfrentar-crisis-lechera-en-colombia/213927/
213923,Persisten desigualdades: mujeres ganan y ahorran menos que los hombres para su retiro,2026-03-16 19:29:36,2026-03-16 19:29:36,publish,Juan Camilo Ocampo,Noticias de Colombia,COLOMBIA|MUJERES|Mujeres colombianas|Mujeres ganan menos|mujeres ganan y ahorran menos que los hombres para su retiro|Persisten desigualdades:|Trabajadoras colombianas,https://360radio.com.co/persisten-desigualdades-mujeres-ganan-y-ahorran-menos-que-los-hombres-para-su-retiro/213923/
213919,"Medellín, Tolima, Santa Fe y Junior: así se cotizan sus planteles para la Libertadores 2026",2026-03-16 19:04:59,2026-03-16 19:04:59,publish,Juan Camilo Ocampo,Deportes,Copa Libertadores|Copa Libertadores 2026|DEPORTES|DIM|Junior|medellin|Santa Fe|Santa Fe y Junior: así se cotizan sus planteles para la Libertadores 2026|Tolima,https://360radio.com.co/deportes/medellin-tolima-santa-fe-y-junior-asi-se-cotizan-sus-planteles-para-la-libertadores-2026/
213915,Cambio en la fórmula: Luis Carlos Reyes deja candidatura vicepresidencial de Lizcano,2026-03-16 17:08:35,2026-03-16 17:09:04,publish,Juan Camilo Ocampo,Noticias de Colombia|Política,elecciones de 2026|Luis Carlos Reyes|Luis Carlos Reyes deja candidatura vicepresidencial de Lizcano|Mauricio Luzcano|POLITICA,https://360radio.com.co/cambio-en-la-formula-luis-carlos-reyes-deja-candidatura-vicepresidencial-de-lizcano/213915/
213910,Antioquia entra en su primera temporada de lluvias y Dagran llama a la prevención,2026-03-16 16:47:27,2026-03-16 16:47:27,publish,Juan Camilo Ocampo,Noticias de Antioquia,Antioquía|Antioquia entra en su primera temporada de lluvias|Dagran|Gobernación de Antioquia|Primera temporada de Lluvias en Antioquia,https://360radio.com.co/antioquia-entra-en-su-primera-temporada-de-lluvias-y-dagran-llama-a-la-prevencion/213910/
213897,Efecto Selección: ¿Cuánto aumentan las ventas de televisores cuando Colombia va al Mundial?,2026-03-16 16:19:44,2026-03-16 16:19:44,publish,Juan Camilo Ocampo,Deportes,DEPORTES|Efecto Selección|Efecto Selección: ¿Cuánto aumentan las ventas de televisores cuando Colombia va al Mundial?|Mundial de 2026|Selección Colombia|Televisores,https://360radio.com.co/deportes/efecto-seleccion-cuanto-aumentan-las-ventas-de-televisores-cuando-colombia-va-al-mundial/
213896,Italcol revoluciona la agroindustria en el Valle: estrena sistema solar de $19.000 millones,2026-03-16 16:10:42,2026-03-16 16:10:42,publish,Juan Turriago,Colombia,Autogeneración de energía|​Energía fotovoltaica Palmira|​Nutrición animal Colombia|​Paneles solares industria|​Reducción huella de carbono|​Sostenibilidad agroindustrial|Transición energética en Colombia,https://360radio.com.co/italcol-revoluciona-la-agroindustria-en-el-valle-estrena-sistema-solar-de-19-000-millones/213896/
213867,Tasas de interés sin cambios: Cómo la guerra con Irán condiciona las decisiones de la FED,2026-03-16 15:56:51,2026-03-16 15:56:51,publish,Juan Turriago,Mundo,Comité Federal de Mercado Abierto (FOMC)|Conflicto en Irán|Economía estadounidense 2026|Inflación en Estados Unidos|Precio del petróleo 2026|Riesgo de estanflación|Tipos de interés Fed,https://360radio.com.co/tasas-de-interes-sin-cambios-como-la-guerra-con-iran-condiciona-las-decisiones-de-la-fed/213867/
213884,La reinvención de Pablo Alborán brilla en su reencuentro con el público bogotano,2026-03-16 15:43:55,2026-03-16 15:44:59,publish,Julieth Barbosa,Entretenimiento|Noticias de Bogotá,Concierto Pablo Alborán Bogotá 2026|Global Tour KM0 Colombia|Música pop en español Bogotá|Pablo Alborán KM0 gira mundial|Pablo Alborán Movistar Arena marzo|Pablo Alborán y Ana Sofía 'Por fin'|Próximos conciertos Movistar Arena 2026|Setlist Pablo Alborán Bogotá,https://360radio.com.co/bogota/la-reinvencion-de-pablo-alboran-brilla-en-su-reencuentro-con-el-publico-bogotano/
213883,Renovación de Plaza Mayor busca posicionar a Medellín en eventos responsables y sostenibles,2026-03-16 15:37:45,2026-03-16 15:38:02,publish,Juan Camilo Ocampo,Noticias de Medellín,Alcaldia de medellin|enovación de Plaza Mayor busca posicionar a Medellín en eventos responsables y sostenibles|medellin|Plaza Mayor,https://360radio.com.co/medellin/renovacion-de-plaza-mayor-busca-posicionar-a-medellin-en-eventos-responsables-y-sostenibles/
213877,Medellín impulsa 239 ecohuertas comunitarias con recursos de Presupuesto Participativo,2026-03-16 14:44:08,2026-03-16 14:44:08,publish,Juan Camilo Ocampo,Noticias de Medellín,Alcaldia de medellin|Ecohuertas|medellin|Noticias de Medellin|Presupuesto participativo,https://360radio.com.co/medellin/medellin-impulsa-239-ecohuertas-comunitarias-con-recursos-de-presupuesto-participativo/
213874,Antioquia no puede ser rehén de las disputas ideológicas,2026-03-16 14:19:42,2026-03-16 14:20:53,publish,360 Radio,Editorial,Antioquía|Cepeda ataca a Antioquia|Departamento de Antioquia|EDITORIAL|elecciones de 2026|Gustavo Petro|Iván Cepeda|Juan Ocampo,https://360radio.com.co/antioquia-no-puede-ser-rehen-de-las-disputas-ideologicas/213874/
213866,Una conversación económica que Colombia podría ampliar; la productividad empresarial,2026-03-16 13:59:12,2026-03-16 13:59:12,publish,360 Radio,Columnas|Opinión,Automatización de procesos contables|Competitividad empresarial 2026|Crecimiento económico y tecnología|Eficiencia operativa con IA|Fricción operativa en empresas|Inteligencia Artificial en los negocios|Julieth B|Productividad empresarial en Colombia 2026|Reforma de la productividad Colombia,https://360radio.com.co/una-conversacion-economica-que-colombia-podria-ampliar-la-productividad-empresarial/213866/
213850,Resultado Baloto y Revancha hoy 15 de marzo: premios y ganadores,2026-03-16 13:58:11,2026-03-16 14:03:31,publish,Jorge González,Territorio,Baloto|Baloto Hoy|Dorado Tarde Hoy|Lotería|Paisita hoy|Resultado Baloto hoy|Varios,https://360radio.com.co/resultado-baloto-y-revancha-hoy-15-de-marzo-premios-y-ganadores/213850/
213851,"Ventas de VIS en Bogotá crecen un 2,7 % en el primer bimestre de 2026",2026-03-16 13:50:38,2026-03-16 13:50:38,publish,Juan Turriago,Bogotá,​Inversión inmobiliaria Bogotá|​Mi Casa Ya 2026|​Precio vivienda VIS 2026|​Proyectos VIS en Bogotá|​Sector inmobiliario Colombia 2026|subsidios de vivienda Bogotá|​Ventas de vivienda en Bogotá,https://360radio.com.co/ventas-de-vis-en-bogota-crecen-un-27-en-el-primer-bimestre-de-2026/213851/
213856,La elección del destino,2026-03-16 13:49:16,2026-03-16 13:50:13,publish,360 Radio,Columnas|Opinión,Abelardo de la Espriella y José Manuel Restrepo|Fórmulas presidenciales Colombia 2026|Iván Cepeda y Aída Quilcué primera vuelta|Julieth B|Paloma Valencia y Juan Daniel Oviedo,https://360radio.com.co/la-eleccion-del-destino/213856/
213841,Avianca lanza vuelos desde $48.500 hasta junio: Vea aquí la lista completa,2026-03-16 13:33:24,2026-03-16 13:33:24,publish,Julieth Barbosa,Movilidad|Noticias de Colombia,Avianca promociones marzo|Comprar tiquetes Hot Sale 2026|Hot Sale Avianca marzo 2026|Ofertas de vuelos nacionales Colombia|Tiquetes baratos Avianca 2026|Vuelos a Medellín desde 48 mil pesos|Vuelos Avianca hasta junio 2026|Vuelos baratos a Cartagena y Cali,https://360radio.com.co/avianca-lanza-vuelos-desde-48-500-hasta-junio-vea-aqui-la-lista-completa/213841/
213846,7 de cada 10 mujeres en Latinoamérica utilizan billeteras digitales para sus finanzas,2026-03-16 13:14:38,2026-03-16 14:39:55,publish,Juan Turriago,"Economía, finanzas y negocios",brecha de género|Credicorp|economía digital|finanzas personales|Inclusión financiera|pagos móviles|transformación digital en Latinoamérica,https://360radio.com.co/7-de-cada-10-mujeres-en-latinoamerica-utilizan-billeteras-digitales-para-sus-finanzas/213846/
213837,"Indígenas llegan a Medellín, crece la incertidumbre por los motivos de la protesta",2026-03-16 12:44:10,2026-03-16 12:44:10,publish,Juan Turriago,Antioquia,​Alcaldía de Medellín y Gobernación de Antioquia.|​Centro Administrativo La Alpujarra.|Comunidades indígenas de Córdoba.|Crisis en Medellín hoy.|Derecho a la protesta en Colombia.|​Instrumentalización de indígenas.|Manifestantes de Tierralta.,https://360radio.com.co/indigenas-llegan-a-medellin-crece-la-incertidumbre-por-los-motivos-de-la-protesta/213837/
213836,Lista completa de vuelos en oferta por JetSmart este 2026,2026-03-16 12:28:11,2026-03-16 12:28:11,publish,Julieth Barbosa,Movilidad|Noticias de Colombia,Flota Airbus A320neo JetSMART|JetSMART Smart Sale descuentos|Ofertas JetSMART Colombia marzo 2026|Participación mercado aéreo colombiano|Tiquetes aéreos a 50 mil pesos|Vuelos baratos Colombia 2026|Vuelos directos Medellín Punta Cana|Vuelos internacionales baratos desde Bogotá,https://360radio.com.co/lista-completa-de-vuelos-en-oferta-por-jetsmart-este-2026/213836/
213829,La AIE garantiza el suministro global de petróleo con reservas de emergencia,2026-03-16 12:08:58,2026-03-16 12:08:58,publish,Juan Turriago,"Minería, energía e hidrocarburos",Agencia Internacional de Energia|Crisis energética mundial|Inventarios estratégicos|Mercado de crudo|Precio de los combustibles|Seguridad energética|Suministro de hidrocarburos,https://360radio.com.co/la-aie-garantiza-el-suministro-global-de-petroleo-con-reservas-de-emergencia/213829/
213821,"Lotería de Boyacá resultado hoy 14 marzo: número ganador, secos y último sorteo",2026-03-16 11:40:29,2026-03-16 11:40:29,publish,360 Radio,Territorio,Julieth B|Loteria de Boyaca|Loteria de Boyaca 7 marzo|Loteria de Boyaca ayer|Loteria de Boyaca hoy|Loteria de Boyaca numero ganador|Loteria de Boyaca resultado|Loteria de Boyaca secos|Loteria de Boyaca ultimo sorteo|Loterías|Loterias hoy|Ultimo resultado Loteria de Boyaca|Varios,https://360radio.com.co/loteria-de-boyaca-resultado-hoy-14-marzo-numero-ganador-secos-y-ultimo-sorteo/213821/
213816,Generación Z lidera la transformación del mercado musical global en 2026,2026-03-16 11:00:07,2026-03-16 11:00:07,publish,Julieth Barbosa,Entretenimiento,Economía de la música en Colombia|Exportación de música latina 2026|Impacto económico festivales de música|Indie híbrido rock hip-hop|Reguetón mexicano crecimiento global|SoundCloud Music Intelligence Report 2026|Streaming vs eventos en vivo rentabilidad|Tendencias musicales Generación Z 2026,https://360radio.com.co/entretenimiento/generacion-z-lidera-la-transformacion-del-mercado-musical-global-en-2026/
213806,Gloria confirma el cierre de su planta en Cota y suspende la producción de leche,2026-03-16 09:37:07,2026-03-16 20:06:25,publish,Juan Turriago,Colombia,Cierre de planta en Cota|Crisis ganadera Sabana de Bogotá|Industria lechera|mercado de lácteos|​Producción de leche líquida|Reorganización estratégica|​Sector lácteo en Colombia,https://360radio.com.co/gloria-confirma-el-cierre-de-su-planta-en-cota-y-suspende-la-produccion-de-leche/213806/
213805,Línea 2 del Metro de Bogotá: Detalles del megaproyecto que conectará el centro con Suba,2026-03-16 09:28:15,2026-03-16 09:28:15,publish,Julieth Barbosa,Movilidad|Noticias de Bogotá,Beneficios ambientales Metro Bogotá|Conexión Línea 1 y Línea 2 Metro|Empresa Metro de Bogotá proyectos|Estaciones Línea 2 Metro|Línea 2 del Metro de Bogotá detalles|Metro subterráneo Bogotá Suba|Tiempos de viaje Metro de Bogotá|Tuneladora EPBM Metro Bogotá,https://360radio.com.co/bogota/linea-2-del-metro-de-bogota-detalles-del-megaproyecto-que-conectara-el-centro-con-suba/
213801,Ecopetrol activa plan de respuesta por contingencia eléctrica en la Refinería de Cartagena,2026-03-16 08:42:15,2026-03-16 08:42:15,publish,Julieth Barbosa,"Minería, energía e hidrocarburos",Abastecimiento de combustibles Colombia|Apagado preventivo Reficar|destacada|Ecopetrol comunicado oficial marzo 2026|Falla eléctrica Refinería de Cartagena 2026|Inventarios de respaldo gasolina y diésel|Plan de contingencia Ecopetrol|Reinicio de unidades Reficar|Seguridad energética Refinería de Cartagena,https://360radio.com.co/ecopetrol-activa-plan-de-respuesta-por-contingencia-electrica-en-la-refineria-de-cartagena/213801/
213796,Impuestos por emergencia económica,2026-03-15 20:00:51,2026-03-15 18:10:11,publish,Juan Turriago,Noticias,Control de constitucionalidad.|Corte Constitucional Colombia|​Inconstitucionalidad de tributos.|​Límites del poder ejecutivo.|Recaudos en crisis.|​Reforma tributaria por decreto.|seguridad jurídica empresarial,https://360radio.com.co/impuestos-por-emergencia-economica/213796/
213792,Beneficios estratégicos de la seguridad social,2026-03-15 17:24:16,2026-03-15 17:24:16,publish,Juan Turriago,"Economía, finanzas y negocios|Noticias",Costos operativos de nómina|Cumplimiento legal en empresas|Estabilidad financiera empresarial|gestión de riesgos financieros|Productividad y bienestar laboral|Riesgos laborales y pensiones|Seguridad social para Pymes,https://360radio.com.co/beneficios-estrategicos-de-la-seguridad-social/213792/
213783,Banco AV Villas facilita trámites en más de 400 localidades,2026-03-15 16:00:35,2026-03-15 15:44:29,publish,Juan Turriago,"Economía, finanzas y negocios",Entidades oficiales|gestión de recursos públicos|Grupo Aval convenios|Modernización administrativa municipios|​Pagos de impuesto predial|Recaudo de impuestos Colombia|​Soluciones financieras sector público,https://360radio.com.co/banco-av-villas-facilita-tramites-en-mas-de-400-localidades/213783/
213716,Las naciones que más impactan el equilibrio ecológico del planeta,2026-03-15 15:05:28,2026-03-13 19:26:04,publish,Juan Camilo Ocampo,Noticias del mundo,equilibrio ecológico|huella ecológica|Las naciones que más impactan el equilibrio ecológico del planeta|MUNDO,https://360radio.com.co/las-naciones-que-mas-impactan-el-equilibrio-ecologico-del-planeta/213716/
213776,Mineros anuncian paro indefinido en Antioquia y sur de Córdoba este 16 de marzo,2026-03-15 14:43:13,2026-03-15 14:48:14,publish,Jorge González,"Minería, energía e hidrocarburos|Noticias de Antioquia|Noticias de Colombia",Bloqueos caucasia|COLOMBIA|destacada|Ley seca antioquia|Paro|Paro antioquia|Paro Minero,https://360radio.com.co/213776-2/213776/
213773,Banco Popular el de mayor crecimiento en el panorama financiero,2026-03-15 14:24:44,2026-03-15 14:29:41,publish,Juan Turriago,"Economía, finanzas y negocios",​Captación de ahorros en Colombia|Depósitos de personas naturales|Indicadores de solvencia Basilea III|Recuperación financiera bancaria|Rentabilidad bancaria 2025|Sector bancario nacional|Sistema financiero colombiano,https://360radio.com.co/banco-popular-el-de-mayor-crecimiento-en-el-panorama-financiero/213773/
213769,Cancillería ratifica solidez en la transición al nuevo esquema de pasaportes,2026-03-15 13:04:30,2026-03-15 13:04:30,publish,Juan Turriago,Noticias,​Cambio de operador pasaportes|Citas pasaporte Cancillería|Pasaporte gratis Sisbén|Precio pasaporte Colombia 2026|Thomas Greg &amp; Sons pasaportes|Trámite de pasaporte 2026|​Validez pasaporte colombiano,https://360radio.com.co/cancilleria-ratifica-solidez-en-la-transicion-al-nuevo-esquema-de-pasaportes/213769/
213764,Capital Mundial del Libro 2027: El impulso económico que espera a Medellín,2026-03-14 17:04:47,2026-03-14 17:04:47,publish,Juan Turriago,Noticias de Medellín,cultura en Colombia|Eventos culturales en Medellín|​Innovación social en Medellín|Parques Biblioteca Medellín|Sector editorial colombiano|Turismo cultural Antioquia|​UNESCO Medellín 2027,https://360radio.com.co/medellin/capital-mundial-del-libro-2027-el-impulso-economico-que-espera-a-medellin/
213760,Claves de Millonarios para vencer en la altura a Boyacá Chicó,2026-03-14 15:57:49,2026-03-14 16:19:30,publish,Juan Turriago,Deportes,Cuadrangulares semifinales fútbol colombiano.|Estadio La Independencia de Tunja.|​Fútbol profesional colombiano hoy.|​Grupo de los ocho.|Próximo partido de Millonarios.|Resultados Liga BetPlay 2026.|Tabla de posiciones Liga Betplay,https://360radio.com.co/deportes/claves-de-millonarios-para-vencer-en-la-altura-a-boyaca-chico/
213614,Las iglesias más altas del mundo: templos que dominan el cielo,2026-03-14 14:05:20,2026-03-12 20:40:52,publish,Juan Camilo Ocampo,Noticias del mundo,Basílica de la Sagrada Familia|Iglesias|Las iglesias más altas del mundo|MUNDO,https://360radio.com.co/las-iglesias-mas-altas-del-mundo-templos-que-dominan-el-cielo/213614/
213755,Gas venezolano llega a Colombia: Exportaciones de GLP y reactivación de gasoducto,2026-03-14 13:47:24,2026-03-14 16:18:43,publish,Juan Turriago,"Minería, energía e hidrocarburos",Arancel cero Petro.|Comercio fronterizo 2026|Cumbre binacional en Maracaibo.|destacada|Gas Licuado de Petróleo (GLP).|Gasoducto Antonio Ricaurte.|Integración regional energética|relaciones bilaterales Colombia Venezuela,https://360radio.com.co/gas-venezolano-llega-a-colombia-exportaciones-de-glp-y-reactivacion-de-gasoducto/213755/
213750,El giro hacia el sur de Petro: ¿Qué implica la entrada de Colombia al Mercosur?,2026-03-14 12:47:30,2026-03-14 16:19:56,publish,Juan Turriago,Noticias,​Comisión Binacional de Buena Vecindad|​Estado asociado|Gustavo Petro|integración económica regional|​Miembro pleno Mercosur|​Protocolo de Ushuaia|relaciones bilaterales Colombia Venezuela,https://360radio.com.co/el-giro-hacia-el-sur-de-petro-que-implica-la-entrada-de-colombia-al-mercosur/213750/
213738,Lluvias en Colombia: Ideam prevé precipitaciones fuertes en varias regiones,2026-03-14 10:45:19,2026-03-14 16:20:28,publish,Juan Turriago,Colombia,alertas meteorológicas|Estado del clima hoy.|​Ideam lluvias fin de semana.|Lluvias en Bogotá y Medellín.|Región Andina y Pacífica.|Temporada de lluvias 2026.|Tormentas eléctricas.,https://360radio.com.co/lluvias-en-colombia-ideam-preve-precipitaciones-fuertes-en-varias-regiones/213738/
213739,Envigado abre convocatoria para integrar su Consejo Territorial de Planeación,2026-03-14 10:08:55,2026-03-14 10:08:55,publish,Juan Camilo Ocampo,Noticias de Antioquia|Noticias de Medellín,Alcaldía de Envigado|Consejo Territorial de Planeación|Consejo Territorial de Planeación 2026|CTP 2026|envigado|Envigado abre convocatoria para integrar su Consejo Territorial de Planeación,https://360radio.com.co/medellin/envigado-abre-convocatoria-para-integrar-su-consejo-territorial-de-planeacion/
213734,Copa Libertadores: los millonarios ingresos que recibieron Medellín y Tolima por llegar a Fase de Grupos,2026-03-14 09:42:04,2026-03-14 09:42:04,publish,Juan Camilo Ocampo,Deportes,Copa Libertadores|Copa Libertadores 2026|DEPORTES|Deportes Tolima|Deportivo Independiente Medellín|DIM|Fase de Gupos de la Copa Libertadores|los millonarios ingresos que recibieron Medellín y Tolima|Medellín y Tolima superan los US$4 millones en premios,https://360radio.com.co/deportes/copa-libertadores-los-millonarios-ingresos-que-recibieron-medellin-y-tolima-por-llegar-a-fase-de-grupos/
213727,Gobierno iniciará pruebas del sistema Escudo Antidrones el 23 de marzo,2026-03-14 09:06:23,2026-03-14 09:06:49,publish,Juan Camilo Ocampo,Noticias de Colombia|Política,COLOMBIA|Ejército Nacional|Gobierno Nacional|ministerio de defensa|Ministro Pedro Sánchez|Sistema Escudo Antidrones,https://360radio.com.co/gobierno-iniciara-pruebas-del-sistema-escudo-antidrones-el-23-de-marzo/213727/
213722,"Medellín abre en Santa Elena el Festival de la Silleta 2026, homenaje a la tradición",2026-03-14 08:36:53,2026-03-14 08:36:53,publish,Juan Camilo Ocampo,Cultura|Noticias de Medellín,Alcaldia de medellin|Feria de las Flores|Festival de la Silleta 2026|medellin|Medellín abre en Santa Elena el Festival de la Silleta 2026,https://360radio.com.co/medellin/medellin-abre-en-santa-elena-el-festival-de-la-silleta-2026-homenaje-a-la-tradicion/
213711,Bono Alimentario 2026: Medellín fortalece a la población vulnerable,2026-03-13 19:04:21,2026-03-13 19:04:21,publish,Juan Camilo Ocampo,Noticias de Medellín,Alcaldia de medellin|Bono Alimentario 2026|Distrito de Medellín|medellin,https://360radio.com.co/medellin/bono-alimentario-2026-medellin-fortalece-a-la-poblacion-vulnerable/
213700,Completar el álbum Panini del Mundial de 2026 se vuelve un lujo para los colombianos,2026-03-13 17:01:16,2026-03-13 17:01:16,publish,Juan Camilo Ocampo,Deportes|Noticias de Colombia,álbum Panini del Mundial 2026|Completar el álbum Panini 2026 en Colombia puede costar lo mismo que un mes de arriendo|DEPORTES|Mundial de 2026,https://360radio.com.co/deportes/completar-el-album-panini-del-mundial-de-2026-se-vuelve-un-lujo-para-los-colombianos/
213658,"Burgerville 2026 en la Hacienda San Rafael: Precios, fechas y novedades",2026-03-13 16:46:09,2026-03-13 16:46:09,publish,Juan Turriago,Bogotá,​Eventos gastronómicos Bogotá|​Experiencia gastronómica premium|Festival de hamburguesas Bogotá|Mejores hamburguesas de Bogotá|Planes en Bogotá fin de semana|Quinta edición Burgerville|Restaurantes participantes Burgerville,https://360radio.com.co/burgerville-2026-en-la-hacienda-san-rafael-precios-fechas-y-novedades/213658/
213689,Gobernación de Antioquia crea crédito para fortalecer exportaciones agroalimentarias,2026-03-13 16:04:05,2026-03-13 16:04:05,publish,Juan Camilo Ocampo,Noticias de Antioquia|Noticias de Medellín,Antioquía|exportaciones agroalimentarias|Gobernación Antioquia habilita crédito por $100.000 millones|Gobernación de Antioquia|IDEA|medellin|Nueva línea de crédito para exportadores,https://360radio.com.co/medellin/gobernacion-de-antioquia-crea-credito-para-fortalecer-exportaciones-agroalimentarias/
213688,Impactante: audios revelan incidente con helicóptero en Aeropuerto El Dorado,2026-03-13 15:53:17,2026-03-13 15:55:17,publish,Julieth Barbosa,Noticias de Bogotá,Aeronáutica Civil investigación El Dorado|Audios torre de control El Dorado|Incidente aéreo Aeropuerto El Dorado hoy|Pista 14 derecha El Dorado incidente|Seguridad operacional Aerocivil|Tráfico aéreo Bogotá 13 de marzo|Vuelos afectados Avianca hoy,https://360radio.com.co/bogota/impactante-audios-revelan-incidente-con-helicoptero-en-aeropuerto-el-dorado/
213684,Claro busca aval de la SIC para su integración con Azteca Comunicaciones,2026-03-13 15:06:36,2026-03-13 15:06:36,publish,Juan Camilo Ocampo,Noticias de Colombia,Azteca Comunicaciones|Claro busca aval de la SIC para su integración con Azteca Comunicaciones|Claro Colombia|COLOMBIA|Fibra Optica,https://360radio.com.co/claro-busca-aval-de-la-sic-para-su-integracion-con-azteca-comunicaciones/213684/
213679,Gobierno Petro establece impuesto del 16 % a las apuestas digitales en Colombia,2026-03-13 14:43:25,2026-03-13 14:43:25,publish,Juan Camilo Ocampo,Noticias de Colombia|Política,COLOMBIA|gobierno Petro|Gobierno Petro establece impuesto del 16 % a las apuestas digitales|Impuesto a las apuestas digitales|Nuevo impuesto,https://360radio.com.co/gobierno-petro-establece-impuesto-del-16-a-las-apuestas-digitales-en-colombia/213679/
213674,Tinder rediseña su plataforma para atraer a la Generación Z con funciones sociales,2026-03-13 13:51:17,2026-03-13 13:51:17,publish,Julieth Barbosa,Tecnología,Citas rápidas por vídeo|Generación Z y apps de citas|Inteligencia Artificial en Tinder|Match Group nuevas funciones|Novedades de Tinder 2026|Seguridad en aplicaciones de citas|Tinder Química algoritmo,https://360radio.com.co/tecnologia/tinder-redisena-su-plataforma-para-atraer-a-la-generacion-z-con-funciones-sociales/
213669,Estas son las 48 startups elegidas para Medellín Next 2026 de Ruta N,2026-03-13 13:30:10,2026-03-13 13:30:10,publish,Juan Camilo Ocampo,Noticias de Medellín,Alcaldia de medellin|Estas son las 48 startups elegidas para Medellín Next 2026|medellin|Medellín Next|Ruta N,https://360radio.com.co/medellin/estas-son-las-48-startups-elegidas-para-medellin-next-2026-de-ruta-n/
213655,Carlos Vives presenta adelanto de su nuevo álbum en gala internacional,2026-03-13 13:05:35,2026-03-13 13:07:55,publish,Julieth Barbosa,Cultura,,https://360radio.com.co/carlos-vives-presenta-adelanto-de-su-nuevo-album-en-gala-internacional/213655/
213659,"Juan Fernando Cristo declina aspiración presidencial, pero no reveló si apoyará alguna candidatura",2026-03-13 12:06:36,2026-03-13 12:41:28,publish,Julieth Barbosa,Política,,https://360radio.com.co/juan-fernando-cristo-declina-aspiracion-presidencial-pero-no-revelo-si-apoyara-alguna-candidatura/213659/
213647,Este es el narco croata que andaba libre por las calles de Medellín,2026-03-13 11:38:44,2026-03-13 11:38:44,publish,Julieth Barbosa,Noticias de Antioquia,"Alen Bunic ""El Gerente"" croata|Captura de alias Lalo Sabaneta|Clan del Golfo rutas de exportación|Cocaína puerto del Callao Perú|Extradición fallida Alen Bunic|Inversiones Bunic Giraldo S en C|Juan Camilo Muñoz Rodríguez alias Lalo|Narcotráfico Europa del Este Colombia",https://360radio.com.co/este-es-el-narco-croata-que-andaba-libre-por-las-calles-de-medellin/213647/
213646,"El prontuario de Leonardo Huerta, vicepresidente para Claudia López",2026-03-13 11:01:25,2026-03-13 11:03:10,publish,Juan Turriago,Política,​Alianza de centro técnico|​Candidata presidencial Claudia López|​Consulta de las Soluciones.|elecciones presidenciales Colombia 2026|Leonardo Huerta|​Renovación política en Colombia.|​Vicepresidente de Claudia López,https://360radio.com.co/el-prontuario-de-leonardo-huerta-vicepresidente-para-claudia-lopez/213646/
213641,"De un Tesla hasta lanchas: La fortuna incautada al influencer alias ""Stunt""",2026-03-13 09:49:16,2026-03-13 09:49:16,publish,Julieth Barbosa,Entretenimiento|Judicial,Captura Javier Arias Stunt|Influencer capturado en Necoclí|Javier Arias Stunt armas y dinero|Lavado de activos influenciadores Colombia|Narcotráfico Urabá antioqueño|Operativo Dijín y DEA Urabá|Rifas de Javier Arias Stunt|Tesla Cybertruck en Necoclí,https://360radio.com.co/entretenimiento/de-un-tesla-hasta-lanchas-la-fortuna-incautada-al-influencer-alias-stunt/
213633,"¿Es falso o es real ""Bono Mujer""?",2026-03-13 08:49:25,2026-03-13 08:51:40,publish,Julieth Barbosa,Noticias de Colombia|Tecnología,Bono Mujer 2026 es falso|Cómo denunciar estafas de subsidios|Estafa Bono Mujer 850 mil|Fraudes por WhatsApp Colombia|Mauricio Rodríguez Amaya Prosperidad Social|Programas sociales gobierno Petro|Prosperidad Social subsidios 2026|Renta Ciudadana inscripciones oficiales,https://360radio.com.co/tecnologia/es-falso-o-es-real-bono-mujer/
213631,Así afecta su bolsillo el nuevo Decreto 0240 de 2026 del Gobierno Petro,2026-03-13 08:34:47,2026-03-13 08:34:48,publish,Andrés Martín,"Economía, finanzas y negocios",Decreto 0240|Economía de Colombia|Germán Ávila|Impuestos Colombia|Nuevo decreto económico,https://360radio.com.co/asi-afecta-su-bolsillo-el-nuevo-decreto-0240-de-2026-del-gobierno-petro/213631/
213575,Agenda Cultural: El fin de semana en que el arte se toma las calles y los teatros de Colombia,2026-03-13 08:15:22,2026-03-12 16:14:37,publish,Julieth Barbosa,Ciudades|Cultura,Agenda cultural Colombia marzo 2026.|El Lago de los Cisnes Medellín 2026|Eventos en Medellín este fin de semana|Festival de Música Sacra Bogotá|Festival EnCalle Medellín|Teatro Santiago Londoño Pereira eventos|Tesoros del Galeón San José Museo Nacional,https://360radio.com.co/213575-2/213575/
213624,"Lotería de Bogotá resultado hoy 12 marzo: número ganador, secos y último sorteo",2026-03-13 06:50:44,2026-03-13 06:50:44,publish,360 Radio,Territorio,Andres M|Loteria de Bogota|Loteria de Bogota 12 marzo|Loteria de Bogota ayer|Loteria de Bogota hoy|Loteria de Bogota numero ganador|Loteria de Bogota resultado|Loteria de Bogota Secos|Loteria de Bogota ultimo sorteo|Loterias Colombia|Loterias hoy|Varios,https://360radio.com.co/loteria-de-bogota-resultado-hoy-12-marzo-numero-ganador-secos-y-ultimo-sorteo/213624/
213619,"Cepeda, De la Espriella y Paloma Valencia lideran preferencias electorales, según AtlasIntel",2026-03-12 21:16:17,2026-03-13 06:52:16,publish,Juan Camilo Ocampo,Noticias de Colombia|Política,AtlasIntel|Cepeda|De la Espriella y Paloma Valencia lideran preferencias electorales|destacada|elecciones de 2026|POLITICA,https://360radio.com.co/cepeda-de-la-espriella-y-paloma-valencia-lideran-preferencias-electorales-segun-atlasintel/213619/
213610,La Fórmula 1 podría sumar a BYD como nuevo actor en la categoría,2026-03-12 19:38:01,2026-03-12 19:38:01,publish,Juan Camilo Ocampo,Deportes|Noticias del mundo,BYD|DEPORTES|Fórmula 1|La Fórmula 1 podría sumar a BYD,https://360radio.com.co/deportes/la-formula-1-podria-sumar-a-byd-como-nuevo-actor-en-la-categoria/
213602,Char presenta los detalles del diseño del renovado estadio Metropolitano,2026-03-12 18:40:11,2026-03-12 18:40:11,publish,Juan Camilo Ocampo,Deportes,Alejandro Char|DEPORTES|Estadio Metropolitano de Barranquilla|Junior de Barranquilla|Selección Colombia,https://360radio.com.co/deportes/char-presenta-los-detalles-del-diseno-del-renovado-estadio-metropolitano/
213597,Medellín avanza en infraestructura rural: más de mil familias con acueducto y alcantarillado,2026-03-12 16:57:43,2026-03-12 16:57:43,publish,Juan Camilo Ocampo,Noticias de Medellín,Acueducto y alcantarillado|EPM|medellin|Medellín amplía cobertura de acueducto|Medellín avanza en infraestructura rural|Noticas de Medellín,https://360radio.com.co/medellin/medellin-avanza-en-infraestructura-rural-mas-de-mil-familias-con-acueducto-y-alcantarillado/
213576,Japón acompañará a Medellín en proyectos de desarrollo urbano y movilidad,2026-03-12 16:37:01,2026-03-12 16:37:50,publish,Juan Camilo Ocampo,Noticias de Medellín,Japón acompañará a Medellín en proyectos de desarrollo urbano|medellin|Medellín firma alianza con Japón|Medellín y Japón|Transporte Público,https://360radio.com.co/medellin/japon-acompanara-a-medellin-en-proyectos-de-desarrollo-urbano-y-movilidad/
213579,"Tras error en invitación, Trump habló nuevamente con Petro y ofreció disculpas",2026-03-12 16:16:46,2026-03-12 16:17:32,publish,Juan Camilo Ocampo,Noticias de Colombia|Política,COLOMBIA|Donald Trump|Gustavo Petro|Nueva llamada entre Petro Y Trump|POLITICA|Trump habló nuevamente con Petro|Trump y Petro,https://360radio.com.co/tras-error-en-invitacion-trump-hablo-nuevamente-con-petro-y-ofrecio-disculpas/213579/
213568,Estéreo Picnic 2026 ahorrará 140.000 litros de agua gracias a alianza con Grupo Argos,2026-03-12 15:48:31,2026-03-12 15:48:31,publish,Julieth Barbosa,Cultura|Empresas,Ahorro de agua en festivales|Alianza Grupo Argos y Estéreo Picnic 2026|Cementos Argos y Fundación Grupo Argos|economía circular Colombia|Fundación Proyecto Unión Amparo Quin|Sostenibilidad en eventos masivos,https://360radio.com.co/estereo-picnic-2026-ahorrara-140-000-litros-de-agua-gracias-a-alianza-con-grupo-argos/213568/
213567,¿Vuelve a subir la gasolina en Colombia? Esto dijo el ministro Palma,2026-03-12 15:37:20,2026-03-12 15:37:20,publish,Juan Camilo Ocampo,Noticias de Colombia|Política,¿Vuelve a subir la gasolina en Colombia?|Edwin Palma|Ministro de Minas y Energía|POLITICA|Vuelve a subir la Gasolina,https://360radio.com.co/vuelve-a-subir-la-gasolina-en-colombia-esto-dijo-el-ministro-palma/213567/
213553,¿Quiénes son y qué hacen las ya confirmadas fórmulas vicepresidenciales?,2026-03-12 14:19:06,2026-03-12 14:43:07,publish,Juan Camilo Ocampo,Noticias de Colombia|Política,Aida Quilcué|elecciones de 2026|Fórmulas vicepresidenciales|José Manuel Restrepo|POLITICA,https://360radio.com.co/quienes-son-y-que-hacen-las-ya-confirmadas-formulas-vicepresidenciales/213553/
213549,El disfraz de centro: la verdad detrás de Oviedo,2026-03-12 13:25:09,2026-03-12 13:26:00,publish,Juan Nicolás Pérez Torres,Columnas|Opinión,Candidatos de centro Colombia|Centro Democrático 2026|Juan Daniel Oviedo ideología|Juan Daniel Oviedo y Paloma Valencia 2026|Julieth B|Polarización política Colombia|Roy Barreras vs Juan Daniel Oviedo|Votos independientes elecciones,https://360radio.com.co/el-disfraz-de-centro-la-verdad-detras-de-oviedo/213549/
213541,Roy Barreras elige a Martha Lucía Zamora como su fórmula vicepresidencial para 2026,2026-03-12 12:46:21,2026-03-12 12:46:21,publish,Julieth Barbosa,Política,Agencia Nacional de Defensa Jurídica del Estado|Congreso Nacional de Municipios Cartagena|elecciones presidenciales Colombia 2026|Fórmula vicepresidencial de Roy Barreras|Martha Lucía Zamora vicepresidenta|Roy Barreras y Martha Lucía Zamora 2026,https://360radio.com.co/roy-barreras-elige-a-martha-lucia-zamora-como-su-formula-vicepresidencial-para-2026/213541/
213527,¿Se puede vivir del streaming? Spotify revela que miles de músicos ya superan el umbral de rentabilidad,2026-03-12 11:44:06,2026-03-12 11:44:30,publish,Julieth Barbosa,"Economía, finanzas y negocios|Entretenimiento",Artistas independientes ingresos|Derechos de autor música digital|Distribución de regalías musicales|Economía del streaming musical|Industria musical globalización|Informe Loud &amp; Clear Spotify 2025|Regalías de Spotify|Streaming de música récords,https://360radio.com.co/entretenimiento/se-puede-vivir-del-streaming-spotify-revela-que-miles-de-musicos-ya-superan-el-umbral-de-rentabilidad/
213528,Paloma Valencia y Juan Daniel Oviedo sellan alianza presidencial para 2026,2026-03-12 10:35:06,2026-03-12 12:21:04,publish,Julieth Barbosa,Política,Candidatura presidencial Paloma Valencia|Centro Democrático elecciones 2026|destacada|Fórmula vicepresidencial Colombia|Juan Daniel Oviedo vicepresidente|Paloma Valencia y Juan Daniel Oviedo 2026|Política colombiana hoy|Registraduría Nacional inscripción candidatos,https://360radio.com.co/paloma-valencia-y-juan-daniel-oviedo-sellan-alianza-presidencial-para-2026/213528/
213523,Elecciones 2026: un candidato presidencial abandonó la carrera y envió este mensaje,2026-03-12 09:48:00,2026-03-12 09:48:00,publish,Julieth Barbosa,Política,Candidatos presidenciales Colombia|elecciones presidenciales Colombia 2026|Exalcalde de Cali|Maurice Armitage comunicado|Maurice Armitage renuncia presidencia|Outsiders política Colombia|Política Colombiana,https://360radio.com.co/elecciones-2026-un-candidato-presidencial-abandono-la-carrera-y-envio-este-mensaje/213523/
213516,"Raphael en Bogotá 2026: Fecha, precios y cómo comprar boletas para el ""Raphaelísimo Tour""",2026-03-12 09:10:54,2026-03-12 09:10:54,publish,Julieth Barbosa,Cultura,Boletería Raphael Movistar Arena|Concierto de Raphael en Bogotá 2026|Precios boletas Raphael Bogotá|Raphaelísimo Tour Colombia,https://360radio.com.co/raphael-en-bogota-2026-fecha-precios-y-como-comprar-boletas-para-el-raphaelisimo-tour/213516/
213512,"Quién es Edna Bonilla, la mujer fórmula vicepresidencial de Sergio Fajardo",2026-03-12 06:52:21,2026-03-12 06:52:21,publish,Andrés Martín,Política,destacada|Edna Bonilla|Edna Bonilla hoja de vida|Edna Bonilla quien es|Edna Bonilla Sergio Fajardo|Elecciones 2026|Sergio Fajardo,https://360radio.com.co/quien-es-edna-bonilla-la-mujer-formula-vicepresidencial-de-sergio-fajardo/213512/
213506,"Resultado Lotería de Manizales hoy 11 marzo: último sorteo, secos y número ganador",2026-03-12 06:42:55,2026-03-12 06:42:55,publish,360 Radio,Territorio,Andres M|Loteria de Manizales|Loteria de Manizales 11 marzo|Loteria de Manizales ayer|Loteria de Manizales Hoy|Loteria de Manizales numero ganador|Loteria de Manizales resultado|Loteria de Manizales secos|Loteria de Manizales ultimo sorteo|Loterias Colombia|Loterias hoy|Varios,https://360radio.com.co/resultado-loteria-de-manizales-hoy-11-marzo-ultimo-sorteo-secos-y-numero-ganador/213506/
213500,"Lotería del Meta resultado hoy 11 marzo: secos, número ganador y último sorteo",2026-03-12 06:36:46,2026-03-12 06:36:46,publish,360 Radio,Territorio,Andres M|Loteria del Meta|Loteria del meta 11 marzo|Loteria del Meta ayer|Loteria del Meta hoy|Loteria del Meta numero ganador|Loteria del Meta resultado|Loteria del Meta secos|Loteria del Meta ultimo sorteo|Loterías|Loterias Colombia|Loterias hoy|Varios,https://360radio.com.co/loteria-del-meta-resultado-hoy-11-marzo-secos-numero-ganador-y-ultimo-sorteo/213500/
213494,"Resultado Lotería del Valle hoy 11 marzo: número ganador, secos y último sorteo",2026-03-12 06:31:13,2026-03-12 06:31:13,publish,360 Radio,Territorio,Andres M|Loteria del valle|Loteria del valle 11 marzo|Loteria del Valle ayer|loteria del valle hoy|Loteria del Valle numero ganador|Loteria del Valle resultado|Loteria del Valle secos|Loteria del Valle ultimo sorteo|Loterías|Loterias Colombia|Loterias hoy|Ultimo resultado Loteria del Valle|Varios,https://360radio.com.co/resultado-loteria-del-valle-hoy-11-marzo-numero-ganador-secos-y-ultimo-sorteo/213494/
213489,Equipo profesional en Colombia podría perder su reconocimiento deportivo,2026-03-11 20:33:55,2026-03-11 20:34:57,publish,Juan Camilo Ocampo,Deportes,Alianza Fútbol Club|DEPORTES|Equipo profesional en Colombia podría perder su reconocimiento deportivo|Liga Betplay,https://360radio.com.co/deportes/equipo-profesional-en-colombia-podria-perder-su-reconocimiento-deportivo/
213486,La medida de Petro que tiene satisfechos a los futbolistas en Colombia,2026-03-11 19:37:54,2026-03-11 19:38:34,publish,Juan Camilo Ocampo,Deportes,Acolfutpro|Decreto|DEPORTES|futbolistas colombianos|La medida de Petro que tiene satisfechos a los futbolistas en Colombia|Petro,https://360radio.com.co/deportes/la-medida-de-petro-que-tiene-satisfechos-a-los-futbolistas-en-colombia/
213479,Segunda calzada del Túnel de Oriente: avances significativos en túnel Seminario 2,2026-03-11 18:57:39,2026-03-11 18:58:00,publish,Juan Camilo Ocampo,Noticias de Antioquia|Noticias de Medellín,Antioquía|medellin|Obras en el Túnel de Oriente|Segunda calzada del Túnel de Oriente|Tunel de Oriente,https://360radio.com.co/medellin/segunda-calzada-del-tunel-de-oriente-avances-significativos-en-tunel-seminario-2/
213477,Wadith Manzur: Corte Suprema ordena cárcel para el senador electo por escándalo de la UNGRD,2026-03-11 18:48:34,2026-03-11 18:48:34,publish,Andrés Martín,Noticias de Colombia,Corte Suprema de Justicia|Wadith Manzur,https://360radio.com.co/wadith-manzur-corte-suprema-ordena-carcel-para-el-senador-electo-por-escandalo-de-la-ungrd/213477/
213474,"Nuevo Congreso: resultados muestran más de lo mismo, sin grandes sorpresas",2026-03-11 18:32:57,2026-03-11 18:32:57,publish,360 Radio,Editorial,Centro Derecha|EDITORIAL|elecciones de 2026|Juan Ocampo|Nuevo Congreso,https://360radio.com.co/nuevo-congreso-resultados-muestran-mas-de-lo-mismo-sin-grandes-sorpresas/213474/
213464,Estéreo Picnic 2026: Un festival verde que compensa emisiones equivalentes a miles de vuelos,2026-03-11 16:52:15,2026-03-11 16:52:38,publish,Julieth Barbosa,Cultura|Noticias de Bogotá,Compensación de emisiones|Créditos de carbono Colombia|Festival Estéreo Picnic 2026 sostenibilidad|Huella de carbono neutra|Páramo Impacta|Proyecto REDD+ Guaviare,https://360radio.com.co/bogota/estereo-picnic-2026-un-festival-verde-que-compensa-emisiones-equivalentes-a-miles-de-vuelos/
213451,Manrique tendrá megacolegio: arrancan obras del proyecto educativo,2026-03-11 16:41:14,2026-03-11 16:41:14,publish,Juan Camilo Ocampo,Noticias de Medellín,Alcaldia de medellin|Manrique|Manrique tendrá megacolegio|medellin|Megacolegio en Manrique,https://360radio.com.co/medellin/manrique-tendra-megacolegio-arrancan-obras-del-proyecto-educativo/
213452,WhatsApp vs. Instagram Shopping: ¿Qué canal prefieren los emprendedores colombianos?,2026-03-11 16:15:29,2026-03-11 16:15:37,publish,Julieth Barbosa,"Economía, finanzas y negocios|Tecnología",Crecimiento ventas digitales|E-commerce en Colombia 2026|Estrategia multicanal|Informe NubeCommerce Colombia|Tendencias de comercio electrónico|Tiendanube|Ventas por WhatsApp,https://360radio.com.co/tecnologia/whatsapp-vs-instagram-shopping-que-canal-prefieren-los-emprendedores-colombianos/
213447,Banca y Gobierno activan plan de apoyo financiero por la emergencia climática,2026-03-11 15:22:42,2026-03-11 15:22:42,publish,Juan Camilo Ocampo,"Economía, finanzas y negocios|Noticias de Colombia",Asobancaria|Banca|Banca y Gobierno activan plan de apoyo financiero|COLOMBIA|ECONOMIA,https://360radio.com.co/banca-y-gobierno-activan-plan-de-apoyo-financiero-por-la-emergencia-climatica/213447/
213443,Plan Financiero 2026: Gobierno ajusta proyecciones fiscales y reconoce mayores presiones sobre el déficit,2026-03-11 14:35:58,2026-03-11 14:35:59,publish,Andrés Martín,"Economía, finanzas y negocios",Economía Colombia|MINISTERIO DE HACIENDA|Plan Financiero|Plan FInanciero 2026|Plan Financiero Colombia|Regla fiscal,https://360radio.com.co/plan-financiero-2026-gobierno-ajusta-proyecciones-fiscales-y-reconoce-mayores-presiones-sobre-el-deficit/213443/
213435,Decisión judicial suspende decreto que movía millones de usuarios a EPS intervenidas,2026-03-11 14:16:08,2026-03-11 14:16:08,publish,Juan Camilo Ocampo,Noticias de Colombia|Política,COLOMBIA|Decisión judicial suspende decreto|ecreto 182 del 25 de febrero de 2026|EPS|Ministerio de Salud|POLITICA|Tribunal Administrativo de Antioquia,https://360radio.com.co/decision-judicial-suspende-decreto-que-movia-millones-de-usuarios-a-eps-intervenidas/213435/
213430,Tren en la Orinoquía: ANI invertirá $60.000 millones en estudios para 193 km de vía férrea,2026-03-11 14:01:48,2026-03-11 14:02:06,publish,Julieth Barbosa,Infraestructura|Noticias de Colombia,Agencia Nacional de Infraestructura (ANI)|Conectividad logística regional|Corredor férreo Orinoquía|Estudios de factibilidad ferroviaria|Infraestructura ferroviaria Meta|Integración intermodal río Meta|Transporte de carga Colombia|Tren Villavicencio Puerto Gaitán,https://360radio.com.co/tren-en-la-orinoquia-ani-invertira-60-000-millones-en-estudios-para-193-km-de-via-ferrea/213430/
213431,Paloma Valencia ofrece a Juan Daniel Oviedo ser su fórmula a la Vicepresidencia,2026-03-11 13:44:48,2026-03-11 13:44:48,publish,Juan Camilo Ocampo,Noticias de Colombia|Política,elecciones de 2026|Juan Daniel Oviedo|Noticias de Colombia|Paloma Valencia|Paloma Valencia ofrece a Juan Daniel Oviedo ser su fórmula a la Vicepresidencia|POLITICA,https://360radio.com.co/paloma-valencia-ofrece-a-juan-daniel-oviedo-ser-su-formula-a-la-vicepresidencia/213431/
213424,"Consumo de GLP en Colombia creció 7,6% en 2025 impulsado por la industria",2026-03-11 12:53:51,2026-03-11 12:54:07,publish,Julieth Barbosa,"Minería, energía e hidrocarburos",Alejandro Martínez Villegas|Combustibles limpios|Consumo de gas industrial|Gas Licuado del Petróleo (GLP)|Gasnova|Mercado del GLP en Colombia|Seguridad energética|Transición energética Colombia,https://360radio.com.co/consumo-de-glp-en-colombia-crecio-76-en-2025-impulsado-por-la-industria/213424/
213419,Lupa a los recursos públicos: Tribunal ordena continuar juicio por convenio de pasaportes,2026-03-11 12:16:14,2026-03-11 12:18:23,publish,Julieth Barbosa,Judicial,Casa da Moeda|Convenio pasaportes Portugal|Demanda pasaportes Colombia|Ministerio de Relaciones Exteriores|Nulidad de contrato|Procuraduría General de la Nación|producción de pasaportes|Tribunal Administrativo de Cundinamarca,https://360radio.com.co/lupa-a-los-recursos-publicos-tribunal-ordena-continuar-juicio-por-convenio-de-pasaportes/213419/
213416,"Grupo Energía Bogotá reporta EBITDA récord de COP$5,9 billones en 2025 y fortalece su expansión regional",2026-03-11 11:43:58,2026-03-11 11:43:58,publish,Andrés Martín,"Economía, finanzas y negocios",Bogotá|Empresas|energia|GEB|Grupo Energía de Bogotá,https://360radio.com.co/grupo-energia-bogota-reporta-ebitda-record-de-cop59-billones-en-2025-y-fortalece-su-expansion-regional/213416/
213413,Grupo Sura mantiene calificación BB+ de Fitch y consolida perspectiva estable,2026-03-11 11:06:14,2026-03-11 11:06:14,publish,Andrés Martín,Empresas,Empresas colombianas|Grupo Sura|Grupo Sura calificación|Inversiones Sura,https://360radio.com.co/grupo-sura-mantiene-calificacion-bb-de-fitch-y-consolida-perspectiva-estable/213413/
213407,"Confianza del consumidor en Colombia sube a 18,3% en febrero y mantiene señales de recuperación",2026-03-11 09:15:42,2026-03-11 09:15:42,publish,Andrés Martín,"Economía, finanzas y negocios",Confianza del consumidor|Economia colombiana|Fedesarrollo,https://360radio.com.co/confianza-del-consumidor-en-colombia-sube-a-183-en-febrero-y-mantiene-senales-de-recuperacion/213407/
213404,550.000 Toyotas serán retirados del mercado por fallas técnicas,2026-03-11 08:57:20,2026-03-11 08:57:20,publish,Andrés Martín,Noticias del mundo,Empresas|Toyota|Toyota carros,https://360radio.com.co/550-000-toyotas-seran-retirados-del-mercado-por-fallas-tecnicas/213404/
213398,"Lotería del Huila resultado hoy 10 marzo: secos, último sorteo y número ganador",2026-03-11 06:33:44,2026-03-11 06:33:45,publish,360 Radio,Territorio,AndresM|Loteria del Huila|Loteria del Huila 10 marzo|Loteria del Huila ayer|Loteria del Huila hoy|Loteria del Huila numero ganador|Loteria del Huila resultado|Loteria del Huila secos|Loteria del Huila ultimo sorteo|Loterias Colombia|Loterias hoy|Ultimo resultado Loteria del Huila|Varios,https://360radio.com.co/loteria-del-huila-resultado-hoy-10-marzo-secos-ultimo-sorteo-y-numero-ganador/213398/
213392,"Resultado Lotería de la Cruz Roja hoy 10 marzo: número ganador, secos y último sorteo",2026-03-11 06:28:12,2026-03-11 06:28:12,publish,360 Radio,Territorio,Andres M|Cruz Roja ultimo resultado hoy|lotería de la cruz roja|Loteria de la Cruz Roja 10 marzo|Loteria de La Cruz Roja ayer|Loteria de la Cruz Roja hoy|Loteria de la Cruz Roja numero ganador|Loteria de la Cruz Roja resultado|Loteria de la Cruz Roja secos|Loteria de la Cruz Roja ultimo sorteo|Loterias Colombia|Loterias hoy|Varios,https://360radio.com.co/resultado-loteria-de-la-cruz-roja-hoy-10-marzo-numero-ganador-secos-y-ultimo-sorteo/213392/
213386,Roy Barreras invita a Carolina Sanín a ser su fórmula y ella ya reaccionó,2026-03-10 20:49:02,2026-03-10 20:49:02,publish,Juan Camilo Ocampo,Noticias de Colombia|Política,Elecciones 2026|POLITICA|ROY BARRERAS|Roy Barreras invita a Carolina Sanín a ser su fórmula,https://360radio.com.co/roy-barreras-invita-a-carolina-sanin-a-ser-su-formula-y-ella-ya-reacciono/213386/
213382,Grupo Argos nombra a Felipe Aristizábal como nuevo vicepresidente de finanzas corporativas,2026-03-10 19:05:08,2026-03-11 08:56:47,publish,Juan Camilo Ocampo,Empresas|Noticias de Colombia,COLOMBIA|destacada|Empresas|Felipe Aristizábal|Felipe Aristizábal nuevo vicepresidente|Grupo Argos,https://360radio.com.co/grupo-argos-nombra-a-felipe-aristizabal-como-nuevo-vicepresidente-de-finanzas-corporativas/213382/
213375,Medellín y el Valle de Aburrá activan protocolos por inicio de temporada de lluvias,2026-03-10 17:05:14,2026-03-10 17:05:14,publish,Juan Camilo Ocampo,Noticias de Medellín,Alcaldia de medellin|Área Metropolitana Valle de Aburrá|medellin|Medellín y el Valle de Aburrá activan protocolos|Temporada de lluvias en Medellín,https://360radio.com.co/medellin/medellin-y-el-valle-de-aburra-activan-protocolos-por-inicio-de-temporada-de-lluvias/
213371,"Miguel Bosé en Medellín y Bogotá: Fechas, horarios y todo lo que debe saber de sus conciertos",2026-03-10 17:02:44,2026-03-10 17:02:44,publish,Julieth Barbosa,Cultura,Concierto Miguel Bosé Bogotá Movistar Arena|Luis Miguel González Bosé biografía|Miguel Bosé en Colombia 2026: Importante Tourr|Miguel Bosé Medellín La Macarena boletas|Salud de la voz de Miguel Bosé 2026|Setlist Importante Tour Miguel Bosé.,https://360radio.com.co/213371-2/213371/
213364,Quién es Luisa Villegas: la fórmula vicepresidencia de Miguel Uribe Londoño,2026-03-10 16:33:21,2026-03-10 16:33:21,publish,Juan Camilo Ocampo,Noticias de Colombia,la fórmula vicepresidencia de Miguel Uribe Londoño|Luisa Villegas|Miguel Uribe Londoño|POLITICA|Quién es Luisa Villegas:,https://360radio.com.co/quien-es-luisa-villegas-la-formula-vicepresidencia-de-miguel-uribe-londono/213364/
213363,Precio del petróleo dispara el precio de la gasolina en Colombia,2026-03-10 16:26:05,2026-03-10 16:26:05,publish,Juan Turriago,"Colombia|Economía, finanzas y negocios",Alza de combustibles por conflicto en Oriente Medio|Déficit fiscal y subsidio a la gasolina|Ministerio de Hacienda ajustes combustible.|Petróleo Brent USD 120 impacto|Precio de la gasolina Colombia abril 2026|Precio galón de gasolina Bogotá Medellín Cali,https://360radio.com.co/precio-del-petroleo-dispara-el-precio-de-la-gasolina-en-colombia/213363/
213347,Movilidad y confianza: Los ejes de Galán para atraer US$700 billones en inversión a Bogotá,2026-03-10 16:08:55,2026-03-10 16:08:55,publish,Julieth Barbosa,"Economía, finanzas y negocios",,https://360radio.com.co/movilidad-y-confianza-los-ejes-de-galan-para-atraer-us700-billones-en-inversion-a-bogota/213347/
213355,Récord de rapidez goleador de Erling Haaland en la Premier League,2026-03-10 16:04:34,2026-03-10 16:04:34,publish,Juan Camilo Ocampo,Territorio,1XBET|Comercial|DEPORTES|Erling Haaland|Erling Haaland en la Premier League|Premier League,https://360radio.com.co/record-de-rapidez-goleador-de-erling-haaland-en-la-premier-league/213355/
213345,UFC y las cancelaciones de última hora: un sistema que juega al límite,2026-03-10 15:43:38,2026-03-10 15:43:38,publish,Juan Camilo Ocampo,Territorio,1XBET|Comercial|DEPORTES|UFC,https://360radio.com.co/ufc-y-las-cancelaciones-de-ultima-hora-un-sistema-que-juega-al-limite/213345/
213329,93 túneles y 185 puentes: El colosal reto de ingeniería del nuevo Corredor Férreo Central,2026-03-10 15:15:50,2026-03-10 15:15:50,publish,Julieth Barbosa,Infraestructura,Agencia Nacional de Infraestructura ANI estudios|Conexión ferroviaria Bogotá Caribe|Corredor Férreo Central Colombia 2026|Factibilidad proyecto ferroviario central|Infraestructura intermodal Colombia|Inversión transporte férreo 2026|Tren de carga Bogotá Barrancabermeja,https://360radio.com.co/93-tuneles-y-185-puentes-el-colosal-reto-de-ingenieria-del-nuevo-corredor-ferreo-central/213329/
213339,"Convertirse en leyenda, Luis Díaz: El camino del campeón",2026-03-10 14:59:16,2026-03-10 14:59:16,publish,Juan Camilo Ocampo,Territorio,Comercial|DEPORTES|El camino del campeón|Luis Diaz|Luis Díaz en el Bayern Munich|Luis Díaz y Weltrade|Weltrade,https://360radio.com.co/convertirse-en-leyenda-luis-diaz-el-camino-del-campeon/213339/
213330,Puente sobre La Iguaná será pieza clave en la construcción del Metro de la 80,2026-03-10 13:54:10,2026-03-10 13:54:10,publish,Juan Camilo Ocampo,Noticias de Medellín,Alcaldia de medellin|Construcción del Metro de la 80|medellin|Metro de la 80|Puente sobre La Iguaná,https://360radio.com.co/medellin/puente-sobre-la-iguana-sera-pieza-clave-en-la-construccion-del-metro-de-la-80/
213320,¿Habrá fórmula Valencia-Oviedo? Mañana se despeja la mayor duda de las alianzas presidenciales,2026-03-10 12:45:39,2026-03-10 12:45:39,publish,Julieth Barbosa,Política,Alianza Paloma Valencia y Juan Daniel Oviedo 2026|Calendario electoral Colombia marzo|Coaliciones presidenciales Colombia|Fecha límite inscripción vicepresidentes|Fórmula vicepresidencial Paloma Valencia|Juan Daniel Oviedo vicepresidente|Reunión 10 de marzo Valencia Oviedo|Voto de opinión Juan Daniel Oviedo,https://360radio.com.co/habra-formula-valencia-oviedo-manana-se-despeja-la-mayor-duda-de-las-alianzas-presidenciales/213320/
213321,Dorado Mañana resultado hoy 10 marzo: número ganador y último sorteo,2026-03-10 12:09:11,2026-03-10 12:09:11,publish,360 Radio,Territorio,Andres M|Chance Dorado Mañana|Chances Colombia|Chances hoy|Dorado Mañana|Dorado Mañana 10 marzo|Dorado Mañana hoy|Dorado Mañana numero ganador|Dorado Mañana resultado|Dorado Mañana resultado hoy|Dorado mañana ultimo sorteo|Loterias Colombia|Loterias hoy|Resultados Loterias|Varios,https://360radio.com.co/dorado-manana-resultado-hoy-10-marzo-numero-ganador-y-ultimo-sorteo/213321/
213315,James rodríguez y Thomas Müller se verán las caras,2026-03-10 11:54:02,2026-03-10 11:54:02,publish,Juan Turriago,Deportes,Conferencia Oeste MLS 2026|Convocatoria Selección Colombia marzo|James Rodríguez Minnesota United debut|James Rodríguez vs Thomas Müller Brasil 2014|James Rodríguez vs Thomas Müller MLS 2026|Thomas Müller Vancouver Whitecaps estadísticas,https://360radio.com.co/deportes/james-rodriguez-y-thomas-muller-se-veran-las-caras/
213306,Lo que hay que saber de la familia de Paloma Valencia,2026-03-10 11:36:19,2026-03-10 11:36:19,publish,Julieth Barbosa,Política,Biografía de Paloma Valencia senadora|Familia de Paloma Valencia y trayectoria|Genealogía política de los Valencia en Colombia|Guillermo León Valencia expresidente|Historia del Partido Conservador en el Cauca|Mario Laserna Pinzón fundador Uniandes|Tomás Rodríguez Barraquer esposo Paloma Valencia,https://360radio.com.co/lo-que-hay-que-saber-de-la-familia-de-paloma-valencia/213306/
213292,Inicia temporada de oferta en Amazon y estos son los 30 mejores descuentos,2026-03-10 10:28:03,2026-03-10 10:28:03,publish,Julieth Barbosa,"Economía, finanzas y negocios|Mundo",Amazon Fiesta de Ofertas de Primavera 2026|Fire TV Stick 4K Plus oferta|Freidora de aire Cosori descuento|Mejores descuentos tecnología Amazon marzo|Ofertas Prime primavera|Precio mínimo histórico productos Amazon.|Rebajas en hogar y cocina 2026|Ropa y calzado rebajado Amazon,https://360radio.com.co/inicia-temporada-de-oferta-en-amazon-y-estos-son-los-30-mejores-descuentos/213292/
213284,Trucos que debe activar con el nuevo IOs.26.4 de Apple para iPhone,2026-03-10 09:44:57,2026-03-10 09:45:58,publish,Julieth Barbosa,Tecnología,Accesibilidad Apple reducir efectos brillantes|Actualización iPadOS 26.4 chip M4|Fecha de lanzamiento iOS 26.4|Instalar iOS 26.4 en iPhone 17e|iOS 26.4 Beta 4 novedades|Mensajería RCS cifrada iPhone|Nuevos emojis iOS 2026,https://360radio.com.co/tecnologia/trucos-que-debe-activar-con-el-nuevo-ios-26-4-de-apple-para-iphone/
213285,Frontera Energy acepta oferta de Parex por sus activos en Colombia: así es el negocio,2026-03-10 09:35:31,2026-03-10 09:35:31,publish,Andrés Martín,"Economía, finanzas y negocios|Medio Ambiente y Sostenibilidad",Empresas Colombia|Frontera Energy|NEGOCIOS|Parex|Petroleo Colombia,https://360radio.com.co/frontera-energy-acepta-oferta-de-parex-por-sus-activos-en-colombia-asi-es-el-negocio/213285/
213265,Las maquinarias ganaron en la Cámara por Antioquia del Centro Democrático,2026-03-10 08:58:17,2026-03-10 08:59:10,publish,Andrés Martín,Política,álvaro Uribe|Camara Antioquia|centro democrático|Centro Democratico curules|POLITICA,https://360radio.com.co/las-maquinarias-ganaron-en-la-camara-por-antioquia-del-centro-democratico/213265/
213274,Avianca incorporará nuevos Airbus A330-900 para fortalecer la conectividad aérea desde Colombia,2026-03-10 08:34:50,2026-03-10 08:35:11,publish,Andrés Martín,Noticias de Colombia,Airbus A330|Avianca|Avianca vuelos|Aviones Avianca,https://360radio.com.co/avianca-incorporara-nuevos-airbus-a330-900-para-fortalecer-la-conectividad-aerea-desde-colombia/213274/
213269,Millonarios: Esta es la lesión de Falcao que lo sacará de las canchas de 6 a 10 días,2026-03-10 08:25:06,2026-03-10 08:25:06,publish,Andrés Martín,Deportes,DEPORTES|Fabian Bustos|Falcao García|Falcao Garcia edad|Falcao lesion|Falcao Millonarios|Millonarios|Noticias de Millonarios,https://360radio.com.co/deportes/millonarios-esta-es-la-lesion-de-falcao-que-lo-sacara-de-las-canchas-de-6-a-10-dias/
213261,Resultado Super Astro Luna hoy 9 marzo: número ganador y último sorteo,2026-03-10 06:36:55,2026-03-10 06:36:55,publish,360 Radio,Territorio,Andres M|Astro Luna 9 marzo|Astro Luna hoy|Astro Luna numero ganador|Astro Luna resultado|Astro Luna ultimo sorteo|Chance Super Astro Luna|Chances Colombia|Chanes hoy|Loterias Colombia|Loterias hoy|super astro luna|Super Astro Luna resultado hoy|Ultimo resultado Astro Luna|Varios,https://360radio.com.co/resultado-super-astro-luna-hoy-9-marzo-numero-ganador-y-ultimo-sorteo/213261/
213257,Perfil y hoja de vida de José Manuel Restrepo: fórmula vicepresidencial de Abelardo de la Espriella,2026-03-10 06:25:25,2026-03-10 06:38:53,publish,Andrés Martín,Noticias de Colombia|Política,ABELARDO DE LA ESPRIELLA|destacada|Elecciones 2026|Elecciones presdienciales|José Manuel Restrepo|POLITICA|Primera Vuelta,https://360radio.com.co/perfil-y-hoja-de-vida-de-jose-manuel-restrepo-formula-vicepresidencial-de-abelardo-de-la-espriella/213257/
213251,"Resultado Lotería del Tolima hoy 9 marzo: secos, último sorteo y número ganador",2026-03-10 06:17:20,2026-03-10 06:17:20,publish,360 Radio,Territorio,Andres M|lotería del tolima|Loteria del Tolima 9 marzo|Loteria del Tolima ayer|Loteria del Tolima hoy|Loteria del Tolima numero ganador|Loteria del Tolima resultado|Loteria del Tolima ultimo sorteo|Loterías|Loterias Colombia|Loterias hoy|Secos Loteria del Tolima|Ultimo resultado loteria del Tolima|Varios,https://360radio.com.co/resultado-loteria-del-tolima-hoy-9-marzo-secos-ultimo-sorteo-y-numero-ganador/213251/
213245,"Lotería de Cundinamarca resultado hoy 9 marzo: número ganador, secos y último sorteo",2026-03-10 06:09:46,2026-03-10 06:09:47,publish,360 Radio,Territorio,Andres M|Lotería de Cundinamarca|Loteria de Cundinamarca 9 marzo|Loteria de Cundinamarca ayer|Loteria de Cundinamarca hoy|Loteria de Cundinamarca numero ganador|Loteria de Cundinamarca resultado|Loteria de Cundinamarca secos|Loteria de Cundinamarca ultimo sorteo|Loterias Colombia|Loterias hoy|Resultados Loterias|Ultimo resultado Loteria de Cundinamarca|Varios,https://360radio.com.co/loteria-de-cundinamarca-resultado-hoy-9-marzo-numero-ganador-secos-y-ultimo-sorteo/213245/
213238,"Gobierno modifica requisitos para jefes de Superfinanciera, Supersociedades y SIC: ¿Qué cambió?",2026-03-09 17:53:48,2026-03-10 08:39:27,publish,Julieth Barbosa,Noticias de Colombia,cargos de libre nombramiento|Decreto 0226 de 2026|requisitos para superintendentes|Superintendencia de Industria y Comercio|Superintendencia de Sociedades|Superintendencia Financiera,https://360radio.com.co/gobierno-modifica-requisitos-para-jefes-de-superfinanciera-supersociedades-y-sic-que-cambio/213238/
213237,El POT de Medellín entra en nueva etapa con más de 100 propuestas de modificación,2026-03-09 17:41:24,2026-03-09 17:41:24,publish,Juan Camilo Ocampo,Noticias de Medellín,Alcaldia de medellin|El POT de Medellín entra en nueva etapa|medellin|Plan de Ordenamiento Territorial|POT,https://360radio.com.co/medellin/el-pot-de-medellin-entra-en-nueva-etapa-con-mas-de-100-propuestas-de-modificacion/
213234,Modernizar o digitalizar: la decisión que Latinoamérica no puede aplazar,2026-03-09 16:50:14,2026-03-09 16:51:29,publish,360 Radio,Columnas|Opinión,José Fernando Quintero|Modernizar o digitalizar|Opinión|Transformación digital,https://360radio.com.co/modernizar-o-digitalizar-la-decision-que-latinoamerica-no-puede-aplazar/213234/
213224,Senado 2026-2030: mujeres ocuparán 32 de los 102 escaños,2026-03-09 16:12:59,2026-03-09 16:16:29,publish,Juan Camilo Ocampo,Noticias de Colombia|Política,COLOMBIA|elecciones de 2026|Elecciones de 2026 Senado|Mujeres al Senado|Mujeres ocuparán 32 de los 102 escaños|POLITICA|senado,https://360radio.com.co/senado-2026-2030-mujeres-ocuparan-32-de-los-102-escanos/213224/
213222,Lista de las mejores ciudades para salir de fiesta 2026: Bogotá y Medellín conquistan el mundo,2026-03-09 16:04:40,2026-03-09 16:04:40,publish,Julieth Barbosa,Ciudades,Mejores bares en Bogotá 2026|Mejores ciudades para la vida nocturna 2026|Ranking vida nocturna Bogotá y Medellín|Rumba en Medellín Provenza|Travel &amp; Tour World destinos 2026|Turismo nocturno en Colombia,https://360radio.com.co/lista-de-las-mejores-ciudades-para-salir-de-fiesta-2026-bogota-y-medellin-conquistan-el-mundo/213222/
213215,"Colsubsidio presenta resultados de 2025 con impacto en más de 2,8 millones de personas",2026-03-09 15:27:05,2026-03-09 16:00:21,publish,Juan Camilo Ocampo,Empresas|Noticias de Colombia,Colsubsidio|Colsubsidio 2025|Colsubsidio presenta resultados de 2025|Comercial,https://360radio.com.co/colsubsidio-presenta-resultados-de-2025-con-impacto-en-mas-de-28-millones-de-personas/213215/
213214,La mañana después de la Gran Consulta,2026-03-09 15:11:17,2026-03-09 15:11:17,publish,Juan Diego Vélez,Columnas|Opinión,Análisis político Juan Diego Vélez Forero|Candidatos presidenciales Colombia primera vuelta|Julieth B|Paloma Valencia vs Iván Cepeda encuestas|Resultados Gran Consulta por Colombia|Victoria de Paloma Valencia consulta 2026|Votación Juan Daniel Oviedo 2026,https://360radio.com.co/la-manana-despues-de-la-gran-consulta/213214/
213205,Fallece Country Joe McDonald a los 84 años tras una larga batalla contra el Parkinson,2026-03-09 14:51:46,2026-03-09 14:51:46,publish,Julieth Barbosa,Entretenimiento,Cantante de Woodstock contra la guerra|Country Joe and the Fish psicodelia|Fallece Country Joe McDonald|Himnos pacifistas de Vietnam|I-Feel-Like-I’m-Fixin’-To-Die Rag historia|Legado de la contracultura años 60|Muerte de Country Joe McDonald 2026,https://360radio.com.co/entretenimiento/fallece-country-joe-mcdonald-a-los-84-anos-tras-una-larga-batalla-contra-el-parkinson/
213197,¿Puede la volatilidad inducida por la IA redefinir tus estrategias de entrada y salida?,2026-03-09 13:52:11,2026-03-25 15:32:15,publish,Juan Camilo Ocampo,Territorio,¿Puede la volatilidad inducida por la IA redefinir tus estrategias de entrada y salida?|Comercial|estrategias de trading|estrategias de trading y la IA|IA|Inteligencia artifical,https://360radio.com.co/puede-la-volatilidad-inducida-por-la-ia-redefinir-tus-estrategias-de-entrada-y-salida/213197/
213189,"Lista completa de los ""quemados"" al Senado 2026: ¿Quiénes se van y quiénes llegan al Capitolio?",2026-03-09 13:24:03,2026-03-09 13:24:28,publish,Julieth Barbosa,Política,Candidatos que no pasaron al Congreso|Derrota Katherine Miranda Senado|Grandes quemados elecciones Colombia 2026|Miguel Polo Polo pierde curul|Renovación Congreso Colombia 2026|Resultados Angélica Lozano 2026|Votación Marelen Castillo Centro Democrático,https://360radio.com.co/lista-completa-de-los-quemados-al-senado-2026-quienes-se-van-y-quienes-llegan-al-capitolio/213189/
213190,Así quedó conformada la Cámara por Antioquia tras las elecciones,2026-03-09 12:46:48,2026-03-09 13:46:57,publish,Juan Camilo Ocampo,Noticias de Antioquia|Política,Así quedó conformada la Cámara por Antioquia tras las elecciones|Cámara de Representantes|Cámara por Antioquia|elecciones de 2026|POLITICA,https://360radio.com.co/asi-quedo-conformada-la-camara-por-antioquia-tras-las-elecciones/213190/
213181,"Cámara de Representantes 2026: lista completa por regiones, curules y partidos confirmados tras elecciones",2026-03-09 11:48:30,2026-03-09 11:48:30,publish,360 Radio,Noticias de Colombia|Política,Camara Antioquia|Camara Atlantico|Camara Bogota|Cámara de Representantes|Camara Valle|COLOMBIA|Daniel Briceño|Elecciones 2026,https://360radio.com.co/camara-de-representantes-2026-lista-completa-por-regiones-curules-y-partidos-confirmados-tras-elecciones/213181/
213176,Quién es y perfil de Daniel Briceño: el congresista con más votos en 2026,2026-03-09 07:16:40,2026-03-09 07:16:40,publish,Andrés Martín,Noticias de Colombia|Política,Cámara por Bogotá|centro democrático|Daniel Briceño|Daniel Briceño Centro Democratico|Daniel Briceño hoja de vida|Daniel Briceño quien es|Elecciones Congreso,https://360radio.com.co/quien-es-y-perfil-de-daniel-briceno-el-congresista-con-mas-votos-en-2026/213176/
213171,Super Astro Luna resultado hoy 8 marzo: último sorteo y número ganador,2026-03-09 06:52:28,2026-03-09 06:52:28,publish,360 Radio,Territorio,Andres M|Astro Luna 8 marzo|Astro Luna hoy|Astro Luna numero ganador|Astro Luna resultado|Astro Luna ultimo sorteo|Chance Super Astro Luna|Chances Colombia|Chances hoy|Loterías|Loterias Colombia|Loterias hoy|super astro luna|Ultimo resultado Super Astro Luna|Varios,https://360radio.com.co/super-astro-luna-resultado-hoy-8-marzo-ultimo-sorteo-y-numero-ganador/213171/
213162,Radiografía del Senado: Así quedaron distribuidas las curules tras elecciones,2026-03-08 22:18:49,2026-03-09 06:53:22,publish,Julieth Barbosa,Elecciones 2026|Noticias de Colombia|Política,Alianzas legislativas 2026|Conformación Senado Colombia 2026|Curules Pacto Histórico 2026|destacada|Mayoría absoluta Congreso Colombia|Oposición Centro Democrático|Partido Liberal balance del poder|Resultados Senado 100% escrutado|Umbral electoral Colombia 2026,https://360radio.com.co/radiografia-del-senado-asi-quedaron-distribuidas-las-curules-tras-el-escrutinio-final/213162/
213158,Top 5 de las fuerzas políticas en el Senado: Así quedó el nuevo mapa del Congreso,2026-03-08 21:25:52,2026-03-08 22:22:10,publish,Julieth Barbosa,Elecciones 2026,Curules Pacto Histórico|Escrutinio Senado 2026|Partido Liberal fuerzas políticas|Resultados elecciones Congreso Colombia 2026|Votación Centro Democrático,https://360radio.com.co/top-5-de-las-fuerzas-politicas-en-el-senado-asi-quedo-el-nuevo-mapa-del-congreso/213158/
213149,Estos son los candidatos más fuertes para la primera vuelta presidencial,2026-03-08 21:01:20,2026-03-08 22:21:14,publish,Julieth Barbosa,Elecciones 2026,Abelardo de la Espriella encuestas|Candidatos primera vuelta Colombia|Casa de Nariño 2026|consultas interpartidistas 2026|elecciones presidenciales Colombia 2026|Iván Cepeda Pacto Histórico|Paloma Valencia candidata,https://360radio.com.co/estos-son-los-candidatos-mas-fuertes-para-la-primera-vuelta-presidencial/213149/
213125,Resultados elecciones 2026 para Cámara por Bogotá: así avanza la conformación del nuevo Congreso,2026-03-08 19:16:20,2026-03-08 20:43:00,publish,Julieth Barbosa,Elecciones 2026,boletín 12 Registraduría Bogotá|cuántas curules sacó el Pacto en Bogotá|lista de candidatos Cámara Bogotá 2026.|representantes a la Cámara por Bogotá 2026|Resultados Cámara de Representantes Bogotá 2026|resultados Centro Democrático Cámara 2026|votos Juan Daniel Oviedo Cámara|Votos Pacto Histórico Bogotá hoy,https://360radio.com.co/resultados-elecciones-2026-para-camara-por-bogota-asi-avanza-la-conformacion-del-nuevo-congreso/213125/
212947,Quién es y perfil de Roy Barreras ganador de la consulta del Frente Por la Vida,2026-03-08 19:15:12,2026-03-08 19:15:12,publish,Juan Camilo Ocampo,Noticias de Colombia|Política,Elecciones 2026|Noticias de Colombia|POLITICA|ROY BARRERAS|Roy Barreras candidato presidencial,https://360radio.com.co/quien-es-y-perfil-de-roy-barreras-ganador-de-la-consulta-del-frente-por-la-vida/212947/
212958,¿Cuáles son las propuestas de Roy Barreras para la presidencia?,2026-03-08 19:14:54,2026-03-08 19:14:54,publish,Juan Camilo Ocampo,Noticias de Colombia|Política,COLOMBIA|elecciones de 2026|POLITICA|Propuestas de Roy Barrera para la presidencia|ROY BARRERAS,https://360radio.com.co/cuales-son-las-propuestas-de-roy-barreras-para-la-presidencia/212958/
213115,"Educación, medio ambiente y desarrollo económico: las prioridades de Claudia López para Colombia",2026-03-08 18:39:20,2026-03-08 18:39:20,publish,Juan Camilo Ocampo,Noticias de Colombia|Política,Claudia Lopez|Elecciones 2026|POLITICA,https://360radio.com.co/educacion-medio-ambiente-y-desarrollo-economico-las-prioridades-de-claudia-lopez-para-colombia/213115/
213105,Claudia López gana la Consulta de las Soluciones y va por la Presidencia en 2026,2026-03-08 18:16:39,2026-03-08 18:17:01,publish,Julieth Barbosa,Elecciones 2026,biografía Claudia López Hernández|Claudia López candidata presidencial 2026|Claudia López vs Paloma Valencia 2026|elecciones presidenciales Colombia 31 de mayo|formación académica Claudia López Externado.|Ganadora Consulta de las Soluciones|movimiento ciudadano Imparables firmas|propuestas Claudia López 2026,https://360radio.com.co/claudia-lopez-gana-la-consulta-de-las-soluciones-y-va-por-la-presidencia-en-2026/213105/
213103,Balance: así se mueve la representación antioqueña en la Cámara,2026-03-08 17:58:25,2026-03-08 19:12:25,publish,Juan Camilo Ocampo,Noticias de Antioquia|Noticias de Colombia|Política,Cámara por Antioquia|Elecciones 2026|POLITICA,https://360radio.com.co/balance-asi-se-mueve-la-representacion-antioquena-en-la-camara/213103/
212864,¿Quién es Paloma Valencia? Perfil de la ganadora de la Gran Consulta por Colombia,2026-03-08 17:32:53,2026-03-08 17:42:04,publish,Julieth Barbosa,Elecciones 2026,árbol genealógico Paloma Valencia|biografía Paloma Valencia Laserna|candidatos presidenciales Colombia 2026|Ganadora Gran Consulta por Colombia|oposición a Gustavo Petro 2026|propuestas Centro Democrático 2026|quién es Paloma Valencia senadora,https://360radio.com.co/quien-es-paloma-valencia-perfil-de-la-ganadora-de-la-gran-consulta-por-colombia/212864/
212972,¿Cuáles son las propuestas de Paloma Valencia?,2026-03-08 17:30:57,2026-03-08 17:43:35,publish,Julieth Barbosa,Elecciones 2026,agenda política centroderecha 2026.|estabilidad jurídica inversionistas|incentivos tributarios inversión privada|Programa de gobierno Paloma Valencia|Propuestas Paloma Valencia presidencia 2026|reactivación del empleo formal Colombia|reforma administrativa gasto público|seguridad democrática 2026,https://360radio.com.co/cuales-son-las-propuestas-de-paloma-valencia/212972/
213069,Elecciones en Colombia: MOE reporta 91 posibles irregularidades en las primeras horas de votación,2026-03-08 17:29:01,2026-03-08 17:29:01,publish,Julieth Barbosa,Elecciones 2026,constreñimiento al sufragante 2026|delitos electorales en Bogotá y Medellín|denuncias Pilas con el Voto MOE|Informe MOE elecciones Colombia 2026|Irregularidades electorales 8 de marzo|mapa de riesgo electoral MOE.|propaganda electoral prohibida hoy|reporte observación electoral marzo 2026,https://360radio.com.co/elecciones-en-colombia-moe-reporta-91-posibles-irregularidades-en-las-primeras-horas-de-votacion/213069/
213085,En tiempo real: La lucha por el umbral define el futuro de las listas al Senado,2026-03-08 17:07:22,2026-03-08 20:43:14,publish,Julieth Barbosa,Elecciones 2026,boletín 3 elecciones legislativas.|composición Cámara de Representantes 2026|lista de senadores electos 2026|preconteo Registraduría en vivo|Quién ganó el Congreso en Colombia 2026|resultados Partido de la U y Liberales|Resultados Senado Colombia 2026 boletín 3|votos Pacto Histórico Senado hoy,https://360radio.com.co/en-tiempo-real-la-lucha-por-el-umbral-define-el-futuro-de-las-listas-al-senado/213085/
213087,Elecciones bajo riesgo: Registrador Penagos alerta por ciberataques,2026-03-08 17:03:43,2026-03-08 17:04:34,publish,Juan Camilo Ocampo,Noticias de Colombia|Política,,https://360radio.com.co/elecciones-bajo-riesgo-registrador-penagos-alerta-por-ciberataques/213087/
213075,Resultados en vivo: Siga el minuto a minuto de la Cámara de Representantes,2026-03-08 16:41:36,2026-03-08 19:53:55,publish,Juan Camilo Ocampo,Noticias de Colombia|Política,andrés gaviria cano|Elecciones a Cámara de Representantes|elecciones de 2026|POLITICA,https://360radio.com.co/resultados-en-vivo-siga-el-minuto-a-minuto-de-la-camara-de-representantes/213075/
213072,En tiempo real: Así avanza la jornada clave en la consulta interpartidista,2026-03-08 16:33:17,2026-03-08 20:43:29,publish,Julieth Barbosa,Elecciones 2026,boletín 6 Registraduría consultas|consulta interpartidista 8 de marzo|Juan Daniel Oviedo resultados elecciones|Juan Manuel Galán votos 2026|Quién va ganando la consulta de centroderecha|tendencia electoral presidenciales Colombia.|votos Paloma Valencia hoy,https://360radio.com.co/en-tiempo-real-asi-avanza-la-jornada-clave-en-la-consulta-interpartidista/213072/
213070,Capturan a hombre con $11 millones mientras repartía propaganda en puesto de votación en Medellín,2026-03-08 16:16:43,2026-03-08 16:16:43,publish,Juan Camilo Ocampo,Noticias de Colombia|Política,congreso de la republica|Elecciones 2026|POLITICA,https://360radio.com.co/capturan-a-hombre-con-11-millones-mientras-repartia-propaganda-en-puesto-de-votacion-en-medellin/213070/
213033,"Elecciones 2026 en vivo: siga aquí los resultados de Senado, Cámara y consultas",2026-03-08 15:36:18,2026-03-08 15:36:28,publish,360 Radio,Elecciones 2026|Noticias de Colombia,360 Radio elecciones YouTube|análisis consultas presidenciales 8 de marzo|Cubrimiento elecciones Colombia 2026 en vivo.|destacada|futuro político de Colombia análisis.|Julieth B|mapa político Congreso 2026|quién ganó las elecciones en Colombia hoy|Resultados Senado y Cámara 2026 tiempo real|transmisiones electorales en vivo,https://360radio.com.co/elecciones-2026-en-vivo-siga-aqui-los-resultados-de-senado-camara-y-consultas/213033/
213063,¿Cómo va la jornada de elecciones y votaciones en Colombia este 8 de marzo?,2026-03-08 13:35:31,2026-03-08 13:35:31,publish,Andrés Martín,Noticias de Colombia,8 de marzo|COLOMBIA|Como van las elecciones|Elecciones 2026|Elecciones Hoy|Resultados Elecciones|Votaciones hoy,https://360radio.com.co/como-va-la-jornada-de-elecciones-y-votaciones-en-colombia-este-8-de-marzo/213063/
213056,Resultado Super Astro Luna hoy 7 marzo: número ganador y último sorteo,2026-03-08 06:33:19,2026-03-08 06:33:19,publish,360 Radio,Territorio,Andres M|Astro Luna 8 marzo|Astro Luna hoy|Astro Luna numero ganador|Astro Luna resultado|Astro Luna ultimo sorteo|Chance Super Astro Luna|Chances Colombia|Chances hoy|Loterias Colombia|Loterias hoy|super astro luna|Super Astro Luna resultado hoy|Ultimo resultado Astro Luna|Varios,https://360radio.com.co/resultado-super-astro-luna-hoy-7-marzo-numero-ganador-y-ultimo-sorteo/213056/
213051,"Resultado Lotería del Cauca hoy 7 marzo: secos, último sorteo y número ganador",2026-03-08 06:28:53,2026-03-08 06:28:53,publish,360 Radio,Territorio,Andres M|Loteria del Cauca|Loteria del Cauca 7 marzo|Loteria del cauca ayer|Loteria del Cauca hoy|loteria del Cauca numero ganador|Loteria del Cauca resultado|Loteria del Cauca secos|Loteria del Cauca ultimo sorteo|Loterías|Loterias Colombia|Ultimo resultado Loteria del Cauca|Varios,https://360radio.com.co/resultado-loteria-del-cauca-hoy-7-marzo-secos-ultimo-sorteo-y-numero-ganador/213051/
213043,"Lotería de Boyacá resultado hoy 7 marzo: número ganador, secos y último sorteo",2026-03-08 06:21:11,2026-03-08 06:21:11,publish,Andrés Martín,Territorio,Andres M|Loteria de Boyaca|Loteria de Boyaca 7 marzo|Loteria de Boyaca ayer|Loteria de Boyaca hoy|Loteria de Boyaca numero ganador|Loteria de Boyaca resultado|Loteria de Boyaca secos|Loteria de Boyaca ultimo sorteo|Loterías|Loterias hoy|Ultimo resultado Loteria de Boyaca|Varios,https://360radio.com.co/loteria-de-boyaca-resultado-hoy-7-marzo-numero-ganador-secos-y-ultimo-sorteo/213043/
212845,Cámara por Antioquia: curules por partido y nombres que llegarían este 8 de marzo,2026-03-08 06:11:55,2026-03-08 06:13:36,publish,Julieth Barbosa,Elecciones 2026|Noticias de Antioquia|Política,Cámara de Representantes Antioquia 2026|Candidatos Cámara Antioquia 2026|Centro Democrático Cámara Antioquia|cómo votar Cámara 8 de marzo|Creemos Fico Gutiérrez Congreso|curules Cámara Antioquia|destacada|proyecciones elecciones Antioquia.|resultados Cámara Antioquia 2026,https://360radio.com.co/camara-por-antioquia-curules-por-partido-y-nombres-que-llegarian-este-8-de-marzo/212845/
213037,Programe su viaje: horarios del Metro de Medellín para el domingo de elecciones,2026-03-07 11:45:01,2026-03-07 11:45:01,publish,Julieth Barbosa,Elecciones 2026|Movilidad,Horarios Metro de Medellín 8 de marzo|Metro de Medellín gratis elecciones 2026|Metrocable gratis domingo|movilidad elecciones Valle de Aburrá|rutas integradas Metro elecciones|tarifa cero pesos Metro Medellín|transporte gratis votaciones Medellín,https://360radio.com.co/programe-su-viaje-horarios-del-metro-de-medellin-para-el-domingo-de-elecciones/213037/
213029,El Festival Nacional de Música Colombiana celebra 40 años con gala en Bogotá,2026-03-07 10:08:59,2026-03-07 10:10:22,publish,Julieth Barbosa,Cultura|Noticias de Colombia,40 años Festival de Ibagué en Bogotá|boletas Festival Música Colombiana TuBoleta|Concierto Maía Teatro Mayor marzo 2026|Dueto Nocturnal y Renaceres en vivo|eventos culturales Bogotá marzo 2026|Festival Nacional de Música Colombiana 40 años Bogotá|La Gran Rondalla Colombiana integrantes|música andina colombiana bambucos y pasillos,https://360radio.com.co/el-festival-nacional-de-musica-colombiana-celebra-40-anos-con-gala-en-bogota/213029/
213016,Ahorre en su pasaporte y cédula: los descuentos vigentes para quienes voten el domingo,2026-03-07 09:22:39,2026-03-07 09:22:39,publish,Julieth Barbosa,Elecciones 2026,,https://360radio.com.co/ahorre-en-su-pasaporte-y-cedula-los-descuentos-vigentes-para-quienes-voten-el-domingo/213016/
213012,Super Astro Luna resultado hoy 6 marzo: número ganador y último sorteo,2026-03-07 06:13:34,2026-03-07 06:13:34,publish,360 Radio,Territorio,Andres M|Astro Luna 6 marzo|Astro Luna hoy|Astro Luna numero ganador|Astro Luna resultado|Astro Luna ultimo sorteo|Chance Super Astro Luna|Chances Colombia|Chances hoy|Loterias Colombia|Loterias hoy|Resultados Loterias|super astro luna|Super Astro Luna resultado|Ultimo resultado Astro Luna|Varios,https://360radio.com.co/super-astro-luna-resultado-hoy-6-marzo-numero-ganador-y-ultimo-sorteo/213012/
213006,"Resultado Lotería de Risaralda hoy 6 marzo: último sorteo, número ganador y secos",2026-03-07 06:09:13,2026-03-07 06:09:13,publish,360 Radio,Territorio,Andres M|Loteria de Risaralda|Loteria de Risaralda 6 marzo|Loteria de Risaralda ayer|Loteria de Risaralda hoy|Loteria de Risaralda numero ganador|Loteria de Risaralda resultado|Loteria de Risaralda secos|Loteria de Risaralda ultimo sorteo|Loterías|Loterias Colombia|Loterias hoy|Ultimo sorteo Loteria de Risaralda|Varios,https://360radio.com.co/resultado-loteria-de-risaralda-hoy-6-marzo-ultimo-sorteo-numero-ganador-y-secos/213006/
213000,"Resultado Lotería de Santander hoy 6 marzo: secos, número ganador y último sorteo",2026-03-07 06:04:07,2026-03-07 06:04:07,publish,360 Radio,Territorio,Andres M|Loteria de Santander|Loteria de Santander 6 marzo|Loteria de Santander ayer|Loteria de Santander Hoy|Loteria de Santander numero ganador|Loteria de santander resultado|Loteria de Santander secos|Loteria de Santander ultimo sorteo|Loterías|Loterias Colombia|Loterias hoy|Ultimo resultado Loteria de Santander|Varios,https://360radio.com.co/resultado-loteria-de-santander-hoy-6-marzo-secos-numero-ganador-y-ultimo-sorteo/213000/
212994,"Resultado Lotería de Medellín hoy 6 marzo: último sorteo, secos y número ganador",2026-03-07 05:58:03,2026-03-07 05:58:03,publish,360 Radio,Territorio,Andres M|Lotería de Medellín|Loteria de Medellin 6 marzo|Loteria de Medellin ayer|Loteria de Medellin hoy|Loteria de Medellin numero ganador|Loteria de Medellin resultado|Loteria de Medellin Secos|Loteria de Medellin ultimo sorteo|Loterías|Loterias Colombia|Loterias hoy|Ultimo resultado Loteria de Medellin|Varios,https://360radio.com.co/resultado-loteria-de-medellin-hoy-6-marzo-ultimo-sorteo-secos-y-numero-ganador/212994/
212990,"El cameo de Gustavo Petro en ""Padilla"": los detalles de la participación del presidente",2026-03-06 20:50:56,2026-03-06 20:50:56,publish,Julieth Barbosa,Entretenimiento,cameo Gustavo Petro película Padilla|cine histórico colombiano 2026|Estreno película Almirante José Prudencio Padilla|Festival de Cine de Cartagena 2026 programación|inversión MinTIC cine colombiano|Película Padilla Cuba Gooding Jr 2026|tráiler oficial Padilla RTVC|Valencia Producciones FX películas.,https://360radio.com.co/entretenimiento/el-cameo-de-gustavo-petro-en-padilla-los-detalles-de-la-participacion-del-presidente/
212940,"Inflación en Colombia se desacelera: pasó del 5,35% en enero al 5,29% en febrero",2026-03-06 18:08:10,2026-03-06 18:17:47,publish,Julieth Barbosa,"Colombia|Economía, finanzas y negocios",aumento transporte urbano 2026|costo de vida Colombia 2026|destacada|Inflación Colombia febrero 2026 DANE|inflación educación y alimentos|informe DANE precios al consumidor|IPC anual Colombia 5.29%|rubros que bajaron de precio febrero.|Variación IPC febrero 2026,https://360radio.com.co/inflacion-en-colombia-se-desacelera-paso-del-535-en-enero-al-529-en-febrero/212940/
212965,Esta fue la bacteria que hizo retirar 25 mil kilos de arándanos de la venta al público,2026-03-06 17:18:04,2026-03-06 17:18:04,publish,Julieth Barbosa,Noticias del mundo|Salud,arándanos industriales contaminados|bacteria Listeria en alimentos congelados|códigos de lote arándanos FDA|FDA alerta Willamette Valley Fruit Company|Oregon Potato Company recall|Retiro de arándanos congelados por Listeria 2026|seguridad alimentaria EE. UU. y Canadá.|síntomas de listeriosis en adultos,https://360radio.com.co/esta-fue-la-bacteria-que-hizo-retirar-25-mil-kilos-de-arandanos-de-la-venta-al-publico/212965/
212953,Lista de 136 esmaltes para uñas que INVIMA prohibió en Colombia,2026-03-06 16:37:46,2026-03-06 16:37:46,publish,Julieth Barbosa,Salud,esmaltes con TPO y DMPT|ingredientes prohibidos en cosméticos|Invima prohíbe esmaltes semipermanentes 2026|lista de esmaltes prohibidos 2026|Resolución 2026007526 Invima|retiro de esmaltes Comunidad Andina|sanciones Invima cosméticos.|seguridad en manicura semipermanente,https://360radio.com.co/lista-de-136-esmaltes-para-unas-que-invima-prohibio-en-colombia/212953/
212954,Francia Márquez salió en tajante defensa de la patrullera agredida en Quibdó,2026-03-06 16:15:27,2026-03-06 16:15:27,publish,Juan Camilo Ocampo,Noticias de Colombia,COLOMBIA|Francia Márquez|Francia Márquez salió en tajante defensa de la patrullera agredida en Quibdó|patrullera agredida en Quibdó|POLITICA,https://360radio.com.co/francia-marquez-salio-en-tajante-defensa-de-la-patrullera-agredida-en-quibdo/212954/
212946,Warner Bros. confirma la primera película de Game of Thrones sobre Aegon el Conquistador,2026-03-06 15:48:27,2026-03-06 15:48:27,publish,Julieth Barbosa,Entretenimiento,árbol genealógico Targaryen.|Beau Willimon Aegon Targaryen|estreno película Juego de Tronos 2027|historia de la conquista de Poniente|inicio de la dinastía Targaryen|Película de Game of Thrones Aegon el Conquistador|precuelas de Game of Thrones|Warner Bros Game of Thrones movie,https://360radio.com.co/entretenimiento/warner-bros-confirma-la-primera-pelicula-de-game-of-thrones-sobre-aegon-el-conquistador/
212934,Gobierno autoriza a Fonvivienda  otorgar subsidios sin cumplir todos los requisitos,2026-03-06 15:09:15,2026-03-06 15:09:15,publish,Juan Camilo Ocampo,Noticias de Colombia|Política,Fonvivienda|Gobierno autoriza a Fonvivienda otorgar subsidios sin cumplir todos los requisitos|Gobierno Nacional|MinVivienda|Noticias de Colombia|POLITICA|Subsidio para vivienda|Subsidios para vivienda en Colombia|Vivienda|Vivienda en Colombia,https://360radio.com.co/gobierno-autoriza-a-fonvivienda-otorgar-subsidios-sin-cumplir-todos-los-requisitos/212934/
212928,"Bogotá, Medellín y Manizales: guía de planes culturales para un fin de semana electoral",2026-03-06 14:50:59,2026-03-06 14:50:59,publish,Julieth Barbosa,Ciudades|Cultura,Agenda cultural Colombia marzo 2026.|eventos Día de la Mujer Colombia|Horario Ley Seca marzo 2026|ley seca elecciones 8 de marzo.|planes en Medellín 8M|qué hacer en Bogotá fin de semana|Teatro al Parque programación|turismo en Manizales Corredor Polaco,https://360radio.com.co/bogota-medellin-y-manizales-guia-de-planes-culturales-para-un-fin-de-semana-electoral/212928/
212929,Resultado Chontico Día hoy 6 marzo: último sorteo y número ganador,2026-03-06 14:24:17,2026-03-06 14:24:17,publish,360 Radio,Territorio,Andres M|Chances Colombia|Chances hoy|chontico día|Chontico Dia 4 marzo|Chontico Dia hoy|Chontico Día numero ganador|Chontico Dia Resultado|Chontico Dia ultimo sorteo|Loterias Colombia|Loterias hoy|Resultados Chances|Último resultado Chontico Día|Varios,https://360radio.com.co/resultado-chontico-dia-hoy-6-marzo-ultimo-sorteo-y-numero-ganador/212929/
212924,Un Congreso o un coro,2026-03-06 13:35:01,2026-03-06 13:35:01,publish,360 Radio,Columnas|Opinión,defensa de las instituciones|Elecciones legislativas Colombia 2026 opinión.|Equilibrio de poderes Congreso|Gran Consulta por Colombia|intervención en política Gustavo Petro|Iván Cepeda vs centroderecha|Julieth B|riesgos del Pacto Histórico|votar 8 de marzo 2026,https://360radio.com.co/un-congreso-o-un-coro/212924/
212920,"""Yo no soy de izquierda e Iván Cepeda es un hombre honesto"": Roy Barreras",2026-03-06 12:57:48,2026-03-06 12:57:48,publish,Juan Camilo Ocampo,Conversaciones 360|Entrevistas,Consulta del 8 de marzo|Conversaciones 360|elecciones de 2026|POLITICA|ROY BARRERAS,https://360radio.com.co/yo-no-soy-de-izquierda-e-ivan-cepeda-es-un-hombre-honesto-roy-barreras/212920/
212915,Distrito de Medellín impulsa a 1.900 empresas y emprendimientos para entrar al ecosistema de innovación,2026-03-06 11:10:04,2026-03-06 11:10:04,publish,Juan Camilo Ocampo,Noticias de Medellín,Distrito de Medellín|ecosistema de innovación|medellin|programa Road to StartCo|Ruta N,https://360radio.com.co/medellin/distrito-de-medellin-impulsa-a-1-900-empresas-y-emprendimientos-para-entrar-al-ecosistema-de-innovacion/
212912,Gobierno ordena suspender facturación de energía en zonas golpeadas por el invierno,2026-03-06 10:17:25,2026-03-06 10:17:25,publish,Juan Camilo Ocampo,Noticias de Colombia,COLOMBIA|Gobierno Nacional|Gobierno ordena suspender facturación de energía en zonas golpeadas por el invierno|Viviendas golpeadas por el invierno,https://360radio.com.co/gobierno-ordena-suspender-facturacion-de-energia-en-zonas-golpeadas-por-el-invierno/212912/
212905,Medellín se prepara para una nueva edición de la Allianz 15K,2026-03-06 09:16:34,2026-03-06 11:13:42,publish,Juan Camilo Ocampo,Deportes|Noticias de Medellín,Allianz|Allianz 15K|DEPORTES|Medellín se prepara para una nueva edición de la Allianz 15K|Noticias de Medellin|Running,https://360radio.com.co/deportes/medellin-se-prepara-para-una-nueva-edicion-de-la-allianz-15k/
212809,Índice de Incertidumbre Política y Económica marca 298 puntos en febrero,2026-03-06 08:25:29,2026-03-06 08:25:29,publish,Juan Camilo Ocampo,"Economía, finanzas y negocios|Noticias de Colombia",,https://360radio.com.co/indice-de-incertidumbre-politica-y-economica-marca-298-puntos-en-febrero/212809/
212897,"Ley seca en Colombia: horarios de restricción en Bogotá, Medellín y Cali para este fin de semana",2026-03-06 07:27:20,2026-03-06 07:27:20,publish,Andrés Martín,Noticias de Colombia,Elecciones 2026|Ley seca|Ley seca Colombia|Ley seca cuando comienza|Ley seca elecciones|Ley seca fin de semana|Ley seca horarios,https://360radio.com.co/ley-seca-en-colombia-horarios-de-restriccion-en-bogota-medellin-y-cali-para-este-fin-de-semana/212897/
212894,Naturgas advierte aumento de emisiones en la industria colombiana tras sustitución de gas natural,2026-03-06 07:15:12,2026-03-06 07:15:12,publish,Andrés Martín,"Minería, energía e hidrocarburos",Congeeso Naturgas|Emisiones CO2 Colombia|Gas Colombia|Luz Stella Murgas|Naturgas,https://360radio.com.co/naturgas-advierte-aumento-de-emisiones-en-la-industria-colombiana-tras-sustitucion-de-gas-natural/212894/
212891,Ecopetrol dice que alcanzó anticipadamente meta de eficiencia energética prevista para 2030,2026-03-06 06:47:05,2026-03-06 06:47:05,publish,Andrés Martín,"Minería, energía e hidrocarburos",ECOPETROL|Ecopetrol Noticias|Eficiencia energética|Ricardo Roa|Ruta Ecopetrol|transición energetica,https://360radio.com.co/ecopetrol-dice-que-alcanzo-anticipadamente-meta-de-eficiencia-energetica-prevista-para-2030/212891/
212887,Resultado Super Astro Luna hoy 5 marzo: último sorteo y número ganador,2026-03-06 06:27:58,2026-03-06 06:27:58,publish,360 Radio,Territorio,Andres M|Astro Luna 5 marzo|Astro Luna ayer|Astro Luna hoy|Astro Luna numero ganador|Astro Luna resultado|Astro Luna ultimo sorteo|Chance Super Astro Luna|Chances Colombia|Chances hoy|Loterias Colombia|Loterias hoy|Resultados Chances|Resultados Loterias|super astro luna|Ultimo resultado Super Astro Luna|Varios,https://360radio.com.co/resultado-super-astro-luna-hoy-5-marzo-ultimo-sorteo-y-numero-ganador/212887/
212883,Caribeña Noche resultado hoy 5 marzo: número ganador y último sorteo,2026-03-06 06:23:32,2026-03-06 06:23:32,publish,360 Radio,Territorio,Andres M|Caribeña Noche|Caribeña noche ayer|Caribeña noche hoy|Caribeña noche numero ganador|Caribeña noche resultado|Caribeña noche ultimo sorteo|Chance Caribeña Noche|Chances Colombia|Chances hoy|Loterías|Loterias Colombia|Loterias hoy|Varios,https://360radio.com.co/caribena-noche-resultado-hoy-5-marzo-numero-ganador-y-ultimo-sorteo/212883/
212877,"Lotería del Quindío resultado hoy 5 marzo: secos, número ganador y último sorteo",2026-03-06 06:19:53,2026-03-06 06:19:54,publish,360 Radio,Territorio,Andres M|Loteria del Quindio|Loteria del Quindio 5 marzo|Loteria del Quindio ayer|Loteria del Quindio hoy|Loteria del Quindio numero ganador|Loteria del Quindio premios|Loteria del Quindio resultado|Loteria del Quindio secos|Loteria del Quindio ultimo sorteo|Loterias Colombia|Loterias hoy|Resultados Loterias|Ultimo resultado Loteria del Quindio|Varios,https://360radio.com.co/loteria-del-quindio-resultado-hoy-5-marzo-secos-numero-ganador-y-ultimo-sorteo/212877/
212871,"Resultado Lotería de Bogotá hoy 5 de marzo: número ganador, secos y último sorteo",2026-03-06 06:12:58,2026-03-06 06:12:58,publish,360 Radio,Territorio,Andres M|Loteria de Bogota|Loteria de Bogota 5 marzo|Loteria de Bogota ayer|Loteria de Bogota hoy|Loteria de Bogota numero ganador|Loteria de Bogota resultado|Loteria de Bogota Secos|Loteria de Bogota ultimo sorteo|Loterias Colombia|Loterias hoy|Ultimo resultado Loteria de Bogota|Varios,https://360radio.com.co/resultado-loteria-de-bogota-hoy-5-de-marzo-numero-ganador-secos-y-ultimo-sorteo/212871/
212860,Shakira busca un nuevo récord en plataformas digitales con su colaboración junto a Beéle,2026-03-05 20:40:00,2026-03-05 20:40:00,publish,Julieth Barbosa,Entretenimiento,colaboración Shakira y Beéle|gaitas en la música de Shakira|Letra Algo tú Shakira|nueva canción de Shakira marzo 2026|pop urbano colombiano|productores de Algo tú.|Shakira en el Zócalo México 2026|Shakira y Beéle Algo tú estreno 2026.,https://360radio.com.co/entretenimiento/212860-2/
212856,"Fajardo, Valencia, De La Espriella y Cepeda: así gobernarían según su discurso",2026-03-05 19:39:02,2026-03-05 19:39:02,publish,Julieth Barbosa,Elecciones 2026,agenda Abelardo de la Espriella|análisis discurso político IA.|Candidatos presidenciales Colombia 2026 análisis LLYC|consultas interpartidistas 8 de marzo|Iván Cepeda reformas|Paloma Valencia seguridad|perfiles candidatos presidenciales|Propuestas Sergio Fajardo 2026,https://360radio.com.co/fajardo-valencia-de-la-espriella-y-cepeda-asi-gobernarian-segun-su-discurso/212856/
212850,Estos son los precios de la licencia de conducción en 2026: ¿cuánto cuesta renovarla?,2026-03-05 17:51:19,2026-03-05 17:51:19,publish,Julieth Barbosa,Noticias de Colombia|Tecnología,Carpeta Ciudadana Digital transporte|cédula digital para licencia|costo renovación licencia 2026|duplicado licencia conducción 2026.|Licencia de conducción digital Colombia 2026|Requisitos licencia digital RUNT|trámites de tránsito virtuales|validez licencia móvil Colombia,https://360radio.com.co/tecnologia/estos-son-los-precios-de-la-licencia-de-conduccion-en-2026-cuanto-cuesta-renovarla/
212828,Así quedaría conformado el Senado en Colombia: curules por partido,2026-03-05 16:13:39,2026-03-05 16:13:55,publish,Julieth Barbosa,Elecciones 2026,consultas interpartidistas domingo|curules Senado por partido|Elecciones legislativas 8 de marzo|Encuesta AtlasIntel marzo 2026|intención de voto Congreso|Pacto Histórico vs Centro Democrático|Proyecciones Senado Colombia 2026|umbral electoral Colombia.,https://360radio.com.co/asi-quedaria-conformado-el-senado-en-colombia-curules-por-partido/212828/
212829,"Esta es el grupo que se queda con el megaproyecto vial Estanquillo - Popayán de $8,8 billones",2026-03-05 15:51:16,2026-03-05 15:51:16,publish,Andrés Martín,Infraestructura,ANI|COLOMBIA|El Estanquillo Popayan|Estanquillo-Popayán|Gustavo Petro|infraestructura|Vías de Colombia,https://360radio.com.co/esta-es-el-grupo-que-se-queda-con-el-megaproyecto-vial-estanquillo-popayan-de-88-billones/212829/
212824,Candidatos al Congreso 2026: El listado definitivo para elegir Senado y Cámara de Representantes,2026-03-05 15:17:43,2026-03-05 15:17:43,publish,Julieth Barbosa,Elecciones 2026,Cámara de Representantes aspirantes|Candidatos al Congreso Colombia 2026.|candidatos al Senado 2026|consultas interpartidistas 2026|Elecciones 8 de marzo|Listas definitivas Registraduría|partidos políticos Colombia|tarjetón electoral 2026.,https://360radio.com.co/candidatos-al-congreso-2026-el-listado-definitivo-para-elegir-senado-y-camara-de-representantes/212824/
212817,Alerta en el sector hotelero: 109.000 empleos se habrían perdido tras el alza del salario mínimo,2026-03-05 14:42:04,2026-03-05 14:42:04,publish,Julieth Barbosa,"Colombia|Economía, finanzas y negocios",cifras DANE alojamiento 2026|Cotelco empleo hotelero|crisis hotelera departamentos|desempleo en sector turismo|Impacto del salario mínimo 2026 en hoteles|reforma laboral Colombia 2026|respuesta de Petro a Cotelco.|salario mínimo 2 millones impacto,https://360radio.com.co/alerta-en-el-sector-hotelero-109-000-empleos-se-habrian-perdido-tras-el-alza-del-salario-minimo/212817/
212810,IA en el cine: ¿Cómo funciona la tecnología de Ben Affleck que compró Netflix?,2026-03-05 13:27:15,2026-03-05 13:28:15,publish,Julieth Barbosa,Entretenimiento|Tecnología,Ben Affleck asesor Netflix|futuro del cine y tecnología.|IA en Hollywood 2026|Inteligencia artificial en el cine|Netflix adquiere InterPositive Ben Affleck|película The Rip Netflix|postproducción con IA|tecnología InterPositive,https://360radio.com.co/tecnologia/ia-en-el-cine-como-funciona-la-tecnologia-de-ben-affleck-que-compro-netflix/
212805,Wingo y Latam confirman vuelos a Valledupar para disfrutar el Festival Vallenato,2026-03-05 11:50:10,2026-03-05 11:50:10,publish,Andrés Martín,Cultura|Noticias de Colombia,Avianca Valledupar|Festival Vallenato|Latam Valledupar|Tiquetes Valledupar|Wingo Valledupar,https://360radio.com.co/wingo-y-latam-confirman-vuelos-a-valledupar-para-disfrutar-el-festival-vallenato/212805/
212799,Último día para inscribir testigos electorales en Antioquia ante el CNE,2026-03-05 11:32:07,2026-03-05 11:32:07,publish,Juan Camilo Ocampo,Noticias de Antioquia|Política,Andrés Gaviria|andrés gaviria cano|Antioquía|Elecciones 2026|Elecciones Cámara de Representantes 2026|POLITICA|Testigos electorales|Último día para inscribir testigos electorales en Antioquia,https://360radio.com.co/ultimo-dia-para-inscribir-testigos-electorales-en-antioquia-ante-el-cne/212799/
212796,Producción cafetera se desplomó 36% en febrero,2026-03-05 10:17:35,2026-03-05 10:17:35,publish,Juan Camilo Ocampo,"Economía, finanzas y negocios|Noticias de Colombia",Café|ECONOMIA|Fedecafe|Federación Nacional de Cafeteros|Noticias de Colombia|producción cafetera|Producción cafetera en el mes de febrero|Producción cafetera se desplomó,https://360radio.com.co/produccion-cafetera-se-desplomo-36-en-febrero/212796/
212791,Monómeros asegura operación tras extensión de licencia OFAC por parte de EE. UU.,2026-03-05 09:46:40,2026-03-05 12:49:05,publish,Juan Camilo Ocampo,Empresas|Noticias de Colombia|Política,Agro Colombiano|destacada|Empresas|Licencia OFAC|Monomeros|Monómeros asegura operación|Monómeros asegura operación tras extensión de licencia OFAC|Noticias de Colombia|POLITICA,https://360radio.com.co/monomeros-asegura-operacion-tras-extension-de-licencia-ofac-por-parte-de-ee-uu/212791/
212785,Salario de Rodrigo Contreras con Millonarios este 2026,2026-03-05 08:56:30,2026-03-05 08:56:30,publish,Juan Camilo Ocampo,Deportes,Copa Sudamericana|Copa Sudamericana 2026|DEPORTES|Este es el salario de Rodrigo Contreras|Millonarios vs Atlético Nacional|Salario de Rodrigo Contreras|Salario de Rodrigo Contreras con Millonarios,https://360radio.com.co/deportes/salario-de-rodrigo-contreras-con-millonarios-este-2026/
212782,GeoPark anuncia inversión estratégica del Grupo Gilinski por USD 107 millones para impulsar su crecimiento en América Latina,2026-03-05 08:03:26,2026-03-05 08:16:00,publish,Andrés Martín,"Economía, finanzas y negocios",Empresas|Felipe Bayón|GeoPark|Geopark Inversiones|Grupo Gilinski|NEGOCIOS|Petroleras,https://360radio.com.co/geopark-anuncia-inversion-estrategica-del-grupo-gilinski-por-usd-107-millones-para-impulsar-su-crecimiento-en-america-latina/212782/
212774,"Lotería de Manizales hoy resultado 4 marzo: número ganador, secos y último sorteo",2026-03-05 07:10:59,2026-03-05 07:10:59,publish,Andrés Martín,Territorio,Andres M|Loteria de Manizales|Loteria de Manizales 4 marzo|Loteria de Manizales Hoy|Loteria de Manizales numero ganador|Loteria de Manizales resultado|Loteria de Manizales secos|Loteria de Manizales ultimo sorteo|Loterías|Loterias Colombia|Loterias hoy|Ultimo resultado Loteria de Manizales|Varios,https://360radio.com.co/loteria-de-manizales-hoy-resultado-4-marzo-numero-ganador-secos-y-ultimo-sorteo/212774/
212768,"Resultado Lotería del Meta hoy 4 marzo: secos, último sorteo y número ganador",2026-03-05 07:05:29,2026-03-05 07:05:29,publish,360 Radio,Territorio,Andres M|Loteria del Meta|Loteria del Meta 4 marzo|Loteria del Meta hoy|Loteria del Meta numero ganador|Loteria del Meta resultado|Loteria del Meta secos|Loteria del Meta ultimo sorteo|Loterias Colombia|Loterias hoy|Ultimo resultado Loteria del Meta|Varios,https://360radio.com.co/resultado-loteria-del-meta-hoy-4-marzo-secos-ultimo-sorteo-y-numero-ganador/212768/
212762,"Lotería del Valle resultado hoy 4 marzo: número ganador, secos y último sorteo",2026-03-05 06:55:47,2026-03-05 06:55:47,publish,360 Radio,Territorio,Andres M|Loteria del valle|Loteria del Valle 4 marzo|loteria del valle hoy|Loteria del Valle numero ganador|Loteria del Valle premios|Loteria del Valle resultado|Loteria del Valle secos|Loterías|Loterias Colombia|Loterias hoy|Ultimo resultado Loteria del Valle|Varios,https://360radio.com.co/loteria-del-valle-resultado-hoy-4-marzo-numero-ganador-secos-y-ultimo-sorteo/212762/
212757,Picnic literario y café con Gabo: Planes imperdibles para vivir el realismo mágico en Bogotá,2026-03-04 20:49:05,2026-03-04 20:49:05,publish,Julieth Barbosa,Cultura|Noticias de Bogotá,agenda cultural marzo 2026.|Biblioteca El Tunal Gabo|cumpleaños de Gabo Bogotá|eventos gratis Bogotá|Homenaje a Gabriel García Márquez Bogotá 2026|Programación BibloRed marzo|realismo mágico actividades|talleres literarios para niños,https://360radio.com.co/bogota/picnic-literario-y-cafe-con-gabo-planes-imperdibles-para-vivir-el-realismo-magico-en-bogota/
212752,Preventa para Gorillaz en el Coliseo MedPlus: precios y cómo comprar entradas en Taquillalive,2026-03-04 18:38:29,2026-03-04 18:40:08,publish,Julieth Barbosa,Entretenimiento|Noticias de Colombia,Boletas Gorillaz Coliseo MedPlus|canciones de Gorillaz 2026|Concierto Gorillaz Bogotá noviembre 2026|eventos en Bogotá noviembre|nuevo álbum Gorillaz The Mountain|Páramo Presenta conciertos|preventa Banco Falabella Gorillaz|Taquillalive Gorillaz,https://360radio.com.co/entretenimiento/preventa-para-gorillaz-en-el-coliseo-medplus-precios-y-como-comprar-entradas-en-taquillalive/
212747,Cómo funciona Spotify Presenta: La guía para explorar los archivos secretos de sus artistas favoritos,2026-03-04 17:56:10,2026-03-04 17:56:10,publish,Julieth Barbosa,Entretenimiento,backstage artistas latinos.|contenido exclusivo Spotify|detrás de escena artistas|música latina 2026|proceso creativo musical|Rosalía y Mariana Enriquez Spotify|Spotify Colombia 2026|Spotify Presenta Latinoamérica,https://360radio.com.co/entretenimiento/como-funciona-spotify-presenta-la-guia-para-explorar-los-archivos-secretos-de-sus-artistas-favoritos/
212740,Resultado Super Astro Sol hoy 4 marzo: número ganador y último sorteo,2026-03-04 17:22:11,2026-03-04 17:22:11,publish,360 Radio,Territorio,Andres M|Astro Sol hoy|Astro Sol numero ganador|Astro Sol resultado|Astro Sol ultimo sorteo|Chance Super Astro Sol|Chances Colombia|Chances hoy|Loterias Colombia|Loterias hoy|Resultados Chances|Resultados Loterias|super astro sol|Super Astro Sol 4 marzo|Varios,https://360radio.com.co/resultado-super-astro-sol-hoy-4-marzo-numero-ganador-y-ultimo-sorteo/212740/
212738,¿Qué pasará con su ahorro? La clave de la discusión entre el Gobierno y el sector financiero,2026-03-04 17:18:48,2026-03-04 17:18:48,publish,Julieth Barbosa,"Colombia|Economía, finanzas y negocios",Ahorro de los colombianos.|Asobancaria|créditos tasas bajas.|emergencia económica Petro|Germán Ávila|Inversiones forzosas Colombia 2026|MINISTERIO DE HACIENDA|Sistema financiero colombiano,https://360radio.com.co/que-pasara-con-su-ahorro-la-clave-de-la-discusion-entre-el-gobierno-y-el-sector-financiero/212738/
212733,Ruta N lanza convocatoria para capacitar a 500 agentes de inversión en Colombia,2026-03-04 16:45:42,2026-03-04 16:45:42,publish,Juan Camilo Ocampo,Noticias de Medellín,agentes de inversión en Colombia|Alcaldia de medellin|medellin|Ruta N|Ruta N abre convocatoria nacional para formar agentes de inversión,https://360radio.com.co/medellin/ruta-n-lanza-convocatoria-para-capacitar-a-500-agentes-de-inversion-en-colombia/
212722,Conciertos de Amanda Miguel: precios de las entradas y localidades en Armenia y Pereira,2026-03-04 16:29:38,2026-03-04 16:29:53,publish,Julieth Barbosa,Entretenimiento|Noticias de Colombia,Amanda Miguel en Pereira|Amanda Miguel éxitos|Boletas Amanda Miguel Armenia|Concierto Amanda Miguel Colombia 2026.|conciertos Eje Cafetero 2026|Él me mintió World Tour|gira Amanda Miguel 2026. Opciones de Título SEO|precios La Tiquetera,https://360radio.com.co/entretenimiento/conciertos-de-amanda-miguel-precios-de-las-entradas-y-localidades-en-armenia-y-pereira/
212725,Lo bueno y lo malo de los resultados de Ecopetrol durante 2025: cifras y análisis,2026-03-04 16:25:38,2026-03-04 16:25:38,publish,Andrés Martín,"Economía, finanzas y negocios|Noticias de Colombia",destacada|ECOPETROL|Ecopetrol hoy|Ingresos Ecopetrol|Resultados Ecopetrol|Ricardo Roa Barragan|Utilidad Ecopetrol,https://360radio.com.co/lo-bueno-y-lo-malo-de-los-resultados-de-ecopetrol-durante-2025-cifras-y-analisis/212725/
212721,Bogotá inicia la transformación del estadio Nemesio Camacho El Campín,2026-03-04 16:22:36,2026-03-04 16:22:36,publish,Juan Camilo Ocampo,Deportes|Noticias de Bogotá,Bogotá|Bogotá inicia la transformación del estadio Nemesio Camacho El Campín|DEPORTES|El Campín|Estadio Nemesio Camacho El Campín|Noticias de Bogota|transformación del estadio Nemesio Camacho El Campín,https://360radio.com.co/bogota/bogota-inicia-la-transformacion-del-estadio-nemesio-camacho-el-campin/
212715,Así avanza la construcción de los nuevos puentes de la NQS con Avenida Bosa,2026-03-04 15:56:49,2026-03-04 15:58:01,publish,Julieth Barbosa,Infraestructura|Noticias de Bogotá,IDU obras 2027|intersección NQS Autopista Sur|Movilidad Bogotá sur|Puentes Avenida Bosa con Autopista Sur.,https://360radio.com.co/bogota/asi-avanza-la-construccion-de-los-nuevos-puentes-de-la-nqs-con-avenida-bosa/
212710,Listado oficial de canciones de ARIRANG: todos los títulos del nuevo disco de BTS,2026-03-04 14:58:07,2026-03-04 14:58:07,publish,Julieth Barbosa,Entretenimiento,ARMY BTS noticias.|BTS en Bogotá octubre|canciones de ARIRANG|cuándo sale el nuevo disco de BTS|Nuevo álbum de BTS ARIRANG|regreso de BTS 2026|sencillo SWIM BTS|significado de Arirang,https://360radio.com.co/entretenimiento/listado-oficial-de-canciones-de-arirang-todos-los-titulos-del-nuevo-disco-de-bts/
212703,"MacBook Neo: Apple lanza su primera laptop ""barata"" de US$599 para competir en la gama baja",2026-03-04 14:36:43,2026-03-04 14:38:09,publish,Julieth Barbosa,Tecnología,Apple Event 2026|chip A18 Pro|gama baja de Apple.|iPhone 17e|lanzamientos Apple|laptops para estudiantes|MacBook barata|MacBook Neo precio y características,https://360radio.com.co/tecnologia/212703-2/
212700,¡La izquierda NO pasará!,2026-03-04 14:02:08,2026-03-04 14:02:08,publish,360 Radio,Columnas|Opinión,ABELARDO DE LA ESPRIELLA|centro derecha colombiana|elecciones presidenciales Colombia 2026|encuestas presidenciales|Intención de voto|Iván Cepeda|Julieth B|Pacto Histórico|Paloma Valencia,https://360radio.com.co/la-izquierda-no-pasara/212700/
212690,MinInterior confirma si habrá Ley Seca en Colombia por elecciones del 8 de marzo,2026-03-04 13:35:46,2026-03-04 13:35:46,publish,Julieth Barbosa,Elecciones 2026,Cierre de fronteras Colombia marzo 2026|Decreto 0188 del 27 de febrero de 2026.|Horario ley seca elecciones legislativas|Ley seca elecciones Colombia 2026|Ley seca primera vuelta presidencial mayo|Medidas de orden público Ministerio del Interior|Propaganda electoral prohibida|Restricciones elecciones 8 de marzo,https://360radio.com.co/mininterior-confirma-si-habra-ley-seca-en-colombia-por-elecciones-del-8-de-marzo/212690/
212691,Chontico Día resultado hoy 4 marzo: número ganador y último sorteo,2026-03-04 13:15:42,2026-03-04 13:15:42,publish,Andrés Martín,Territorio,Andres M|Chance Chontico Dia|Chances Colombia|Chances hoy|chontico día|Chontico Dia 4 marzo|Chontico Dia hoy|Chontico Día numero ganador|Chontico Dia Resultado|Chontico Dia ultimo sorteo|Loterias Colombia|Loterias hoy|Último resultado Chontico Día|Varios,https://360radio.com.co/chontico-dia-resultado-hoy-4-marzo-numero-ganador-y-ultimo-sorteo/212691/
212684,Este 12 de marzo habrá un paro nacional en Colombia,2026-03-04 12:54:09,2026-03-04 12:54:09,publish,Juan Camilo Ocampo,Noticias de Colombia,COLOMBIA|Este 12 de marzo habrá un paro nacional en Colombia|Paro de docentes,https://360radio.com.co/este-12-de-marzo-habra-un-paro-nacional-en-colombia/212684/
212680,"Accionistas de Grupo Aval recibirían $2,65 por título en plan de dividendos",2026-03-04 11:35:45,2026-03-04 11:36:39,publish,Juan Camilo Ocampo,"Economía, finanzas y negocios|Noticias de Colombia",Accionistas de Grupo Aval|COLOMBIA|Dividendos del Grupo Aval|ECONOMIA|Grupo Aval,https://360radio.com.co/accionistas-de-grupo-aval-recibirian-265-por-titulo-en-plan-de-dividendos/212680/
212676,Autoridades reportan nuevo dron sobre Hidroituango tras advertencias recientes,2026-03-04 11:03:49,2026-03-04 11:03:49,publish,Juan Camilo Ocampo,Noticias de Antioquia|Noticias de Medellín,Antioquía|Autoridades reportan nuevo dron sobre Hidroituango|Hidroituango|medellin,https://360radio.com.co/medellin/autoridades-reportan-nuevo-dron-sobre-hidroituango-tras-advertencias-recientes/
212671,¿Cómo se movió la conectividad y velocidad móvil en Colombia durante el segundo semestre de 2025?,2026-03-04 09:21:28,2026-03-04 09:21:29,publish,Andrés Martín,Observatorio TIC,5G Colombia|Claro Colombia|Movistar Colombia|Ookla|Speedtest|Tigo Colombia|Velocidad de Internet|WOM,https://360radio.com.co/como-se-movio-la-conectividad-y-velocidad-movil-en-colombia-durante-el-segundo-semestre-de-2025/212671/
212666,Elecciones 2026: más de 862.000 personas estarán al frente de las mesas de votación,2026-03-04 08:57:00,2026-03-04 08:57:58,publish,Juan Camilo Ocampo,Noticias de Colombia|Política,elecciones|Elecciones 2026|elecciones de 2026|Jurados de votación|POLITICA,https://360radio.com.co/elecciones-2026-mas-de-862-000-personas-estaran-al-frente-de-las-mesas-de-votacion/212666/
212658,Claro lleva 5G a San Andrés y Leticia y ya cubre 59 ciudades en Colombia,2026-03-04 08:31:11,2026-03-04 08:31:12,publish,Andrés Martín,Observatorio TIC|Telecomunicaciones,5G Claro|5G Colombia|5G Leticia|5G San Andres|Claro|Claro Colombia|TELECOMUNICACIONES,https://360radio.com.co/claro-lleva-5g-a-san-andres-y-leticia-y-ya-cubre-59-ciudades-en-colombia/212658/
212654,"Una jornada para fortalecer la democracia: 4 de marzo, Día de la Confianza Electoral",2026-03-04 08:27:08,2026-03-04 08:27:08,publish,Juan Camilo Ocampo,Territorio,4 de marzo|Comercial|Día de la Confianza Electoral|Día de la Confianza Electoral 2026|elecciones de 2026|Registraduría Nacional del Estado Civil,https://360radio.com.co/una-jornada-para-fortalecer-la-democracia-4-de-marzo-dia-de-la-confianza-electoral/212654/
212650,¿No puede ser jurado de votación? conozca el precio de la multa y sanciones por no asistir a las elecciones 2026,2026-03-04 07:19:00,2026-03-04 07:19:00,publish,Andrés Martín,Noticias de Colombia,Elecciones 2026|Elecciones 8 de marzo|Elecciones Colombia|Jurado de votación|Jurado de votación registraduría|Multa jurado de votación,https://360radio.com.co/no-puede-ser-jurado-de-votacion-conozca-el-precio-de-la-multa-y-sanciones-por-no-asistir-a-las-elecciones-2026/212650/
212647,"Horario, cómo y dónde ver online Nacional vs Millonarios hoy por Copa Sudamericana",2026-03-04 07:05:24,2026-03-04 07:05:24,publish,Andrés Martín,Deportes,Conmebol Sudamericana|Copa Sudamericana|Disney|ESPN Colombia|Nacional Millonarios Horario|Nacional Millonarios hoy|Nacional vs Millonarios|Nacional vs Millonarios donde ver,https://360radio.com.co/deportes/horario-como-y-donde-ver-online-nacional-vs-millonarios-por-copa-sudamericana/
212643,Resultado Caribeña Noche hoy 3 marzo: último sorteo y número ganador,2026-03-04 06:27:49,2026-03-04 06:27:49,publish,360 Radio,Territorio,Andres M|Caribeña Noche|Caribeña Noche 3 marzo|Caribeña noche hoy|Caribeña noche numero ganador|Caribeña noche resultado|Caribeña noche ultimo sorteo|Chance Caribeña Noche|Chances Colombia|Chances hoy|Loterías|Loterias Colombia|Loterias hoy|Ultimo resultado Caribeña noche|Varios,https://360radio.com.co/resultado-caribena-noche-hoy-3-marzo-ultimo-sorteo-y-numero-ganador/212643/
212639,Super Astro Luna resultado hoy 3 marzo: último sorteo y número ganador,2026-03-04 06:23:33,2026-03-04 06:23:33,publish,360 Radio,Territorio,Andres M|Astro Luna 3 de marzo|Astro Luna hoy|Astro Luna numero ganador|Astro Luna resultado|Chance Super Astro Luna|Chances Colombia|Chances hoy|Loterias Colombia|Loterias hoy|Reesultados Chances|Resultados Loterias|super astro luna|Super Astro Luna último resultado|Super Astro Luna ultimo sorteo|Varios,https://360radio.com.co/super-astro-luna-resultado-hoy-3-marzo-ultimo-sorteo-y-numero-ganador/212639/
212633,"Resultado Lotería del Huila hoy 3 marzo: número ganador, secos y último sorteo",2026-03-04 06:19:11,2026-03-04 06:19:11,publish,360 Radio,Territorio,Andres M|Loteria del Huila|Loteria del Huila 3 marzo|Loteria del Huila hoy|Loteria del Huila numero ganador|Loteria del Huila resultado|Loteria del Huila secos|Loteria del Huila ultimo sorteo|Loterias Colombia|Loterias hoy|Loterias Resultados|Ultimo resultado Loteria del Huila|Varios,https://360radio.com.co/resultado-loteria-del-huila-hoy-3-marzo-numero-ganador-secos-y-ultimo-sorteo/212633/
212625,"Lotería de La Cruz Roja resultado hoy 3 marzo: secos, número ganador y último sorteo",2026-03-04 06:13:25,2026-03-04 06:13:25,publish,Andrés Martín,Territorio,Andres M|Cruz Roja numero ganador|Cruz Roja secos|Cruz Roja ultimo Sorteo|lotería de la cruz roja|Loteria de la Cruz Roja 3 marzo|Loteria de la Cruz Roja hoy|Loteria de la Cruz Roja resultado|Loteria de la Cruz Roja ulitmo sorteo|Loterías|Loterias Colombia|Loterias hoy|Resultados Loterias|Varios,https://360radio.com.co/loteria-de-la-cruz-roja-resultado-hoy-3-marzo-secos-numero-ganador-y-ultimo-sorteo/212625/
212623,Pico y placa en Medellín este miércoles 4 de marzo de 2026: vehículos con restricciones,2026-03-03 21:04:02,2026-03-03 21:04:02,publish,Juan Camilo Ocampo,Noticias de Medellín,medellin|Motos|Particulares|Pico y placa|Pico y placa en el Valle de Aburr´|Pico y placa en medellín|Pico y placa en Medellín 4 de marzo|Pico y placa hoy en Medellín|Taxis,https://360radio.com.co/medellin/pico-y-placa-en-medellin-este-miercoles-4-de-marzo-de-2026-vehiculos-con-restricciones/
212620,Germán Vargas Lleras reaparece a pocos días de elecciones,2026-03-03 20:55:01,2026-03-03 20:55:01,publish,Juan Camilo Ocampo,Noticias de Colombia|Política,Cambio Radical|elecciones de 2026|Germán Vargas Lleras|POLITICA|Vargas Lleras reaparece en video de Cambio Radical,https://360radio.com.co/german-vargas-lleras-reaparece-a-pocos-dias-de-elecciones/212620/
212617,"Comercio exterior inicia 2026 con repunte del 12,6 % en exportaciones",2026-03-03 20:32:53,2026-03-04 06:28:12,publish,Juan Camilo Ocampo,"Economía, finanzas y negocios|Noticias de Colombia",destacada,https://360radio.com.co/comercio-exterior-inicia-2026-con-repunte-del-126-en-exportaciones/212617/
212610,Colombia se mete en la lucha por albergar las Cumbre Globales del WTTC,2026-03-03 18:53:39,2026-03-03 19:02:32,publish,Juan Camilo Ocampo,Noticias de Colombia,COLOMBIA|Cumbre Globales del WTTC|Cumbre Globales del WTTC en Colombia|Cumbre sobre Turismo|WTTC,https://360radio.com.co/colombia-se-mete-en-la-lucha-por-albergar-las-cumbre-globales-del-wttc/212610/
212608,Super Astro Sol resultado hoy 3 marzo: último sorteo y número ganador,2026-03-03 17:18:36,2026-03-03 17:18:36,publish,360 Radio,Territorio,Andres M|Astro Sol 3 marzo|Astro Sol hoy|Astro Sol numero ganador|Astro Sol premios|Astro Sol resultado|Astro Sol ultimo sorteo|Chance Super Astro Sol|Chances Colombia|Chances hoy|Loterias hoy|resultado super astro sol|Resultados Loterias|super astro sol|Varios,https://360radio.com.co/super-astro-sol-resultado-hoy-3-marzo-ultimo-sorteo-y-numero-ganador/212608/
212603,Descuentos y regalos especiales para hinchas de la Selección Colombia: así funcionan,2026-03-03 16:52:57,2026-03-03 16:52:57,publish,Juan Camilo Ocampo,Deportes,DEPORTES|Descuentos y regalos especiales para hinchas de la Selección Colombia|Hinchas de la Selección Colombia|Selección Colombia,https://360radio.com.co/deportes/descuentos-y-regalos-especiales-para-hinchas-de-la-seleccion-colombia-asi-funcionan/
212599,Venezuela estrecha lazos comerciales con EEUU a través de acuerdos petroleros de PDVSA,2026-03-03 16:13:54,2026-03-03 16:22:54,publish,Juan Camilo Ocampo,Noticias del mundo,acuerdos petroleros de PDVSA|MUNDO|PDVSA|Venezuela|Venezuela estrecha lazos comerciales con EEUU,https://360radio.com.co/venezuela-estrecha-lazos-comerciales-con-eeuu-a-traves-de-acuerdos-petroleros-de-pdvsa/212599/
212595,Resultado Dorado Tarde hoy 3 marzo: último sorteo y número ganador,2026-03-03 15:53:23,2026-03-03 15:53:23,publish,360 Radio,Territorio,Andres M|Chance dorado tarde|Chances Colombia|Dorado Tarde|Dorado Tarde 3 marzo|Dorado Tarde Hoy|Dorado tarde numero ganador|Dorado Tarde resultado|Dorado tarde ultimo sorteo|Loterias Colombia|Loterias hoy|Resultados Loterias|último resultado Dorado Tarde|Varios,https://360radio.com.co/resultado-dorado-tarde-hoy-3-marzo-ultimo-sorteo-y-numero-ganador/212595/
212590,Familias afectadas en Antioquia podrán acceder a ayuda económica de la UNGRD,2026-03-03 15:43:06,2026-03-03 15:43:06,publish,Juan Camilo Ocampo,Noticias de Antioquia,Antioquía|ayuda económica de la UNGRD|Familias afectadas en Antioquia|Fenomeno de la niña|medellin,https://360radio.com.co/familias-afectadas-en-antioquia-podran-acceder-a-ayuda-economica-de-la-ungrd/212590/
212586,Funciones clave y requisitos para ser testigo electoral en Colombia,2026-03-03 14:42:17,2026-03-03 14:42:17,publish,Juan Camilo Ocampo,Noticias de Colombia|Política,COLOMBIA|elecciones de 2026|POLITICA|Requisitos para ser testigo electoral en Colombia|Testido electoral|Testigos electorales|Testigos electorales 2026,https://360radio.com.co/funciones-clave-y-requisitos-para-ser-testigo-electoral-en-colombia/212586/
212293,Cuánto dinero movieron los juegos de azar en Colombia el último año,2026-03-03 14:05:38,2026-03-18 10:09:07,publish,Juan Camilo Ocampo,Territorio,COLOMBIA|Comercial|Cuánto dinero movieron los juegos de azar en Colombi|Juegos de azar en Colombia,https://360radio.com.co/cuanto-dinero-movieron-los-juegos-de-azar-en-colombia-el-ultimo-ano/212293/
212582,Tarjetón Senado 2026: El truco para ubicar rápido el logo y número de su candidato este domingo,2026-03-03 14:03:20,2026-03-03 14:03:20,publish,Juan Camilo Ocampo,Noticias de Medellín|Política,COLOMBIA|Cómo identificar el tarjetón al Senado|Elecciones al Senado 2026|elecciones de 2026|POLITICA|Tarjetón del Senado,https://360radio.com.co/medellin/tarjeton-senado-2026-el-truco-para-ubicar-rapido-el-logo-y-numero-de-su-candidato-este-domingo/
212576,Resultado Chontico Día hoy 3 de marzo: número ganador y último sorteo,2026-03-03 13:16:15,2026-03-03 13:16:15,publish,360 Radio,Territorio,Andres M|Chance Chontico Dia|Chances Colombia|Chances hoy|chontico día|Chontico Dia 3 marzo|Chontico Dia hoy|Chontico Día numero ganador|Chontico Dia Resultado|Chontico Dia ultimo sorteo|Loterias Colombia|Loterias hoy|Último resultado Chontico Día|Varios,https://360radio.com.co/resultado-chontico-dia-hoy-3-de-marzo-numero-ganador-y-ultimo-sorteo/212576/
212573,Así puede revisar qué dispositivos están usando su cuenta de Netflix,2026-03-03 13:13:02,2026-03-03 13:14:00,publish,Juan Camilo Ocampo,Noticias de Colombia|Tecnología,Así puede revisar qué dispositivos están usando su cuenta de Netflix|Cuentas de Netflix|Netflix|Tecnología,https://360radio.com.co/tecnologia/asi-puede-revisar-que-dispositivos-estan-usando-su-cuenta-de-netflix/
212568,Alcaldía de Medellín refuerza controles para impedir edificaciones clandestinas en el suroccidente,2026-03-03 12:32:44,2026-03-03 12:56:18,publish,Juan Camilo Ocampo,Noticias de Medellín,Alcaldia de medellin|Alcaldía de Medellín refuerza controles para impedir edificaciones clandestinas|Cerra de Las Tres Cruces en Medellín|Edificaciones clandestinas|medellin|Noticias de Medellin|Suroccidente de Medellín,https://360radio.com.co/medellin/alcaldia-de-medellin-refuerza-controles-para-impedir-edificaciones-clandestinas-en-el-suroccidente/
212562,Guía para votar este 8 de marzo: cómo marcar el tarjetón y pedir la consulta de su partido favorito,2026-03-03 11:50:02,2026-03-03 11:50:02,publish,Andrés Martín,Noticias de Colombia|Política,Como votar Colombia|Consultas|Elecciones 2026|Elecciones Senado|POLITICA|Tarjeton Camara Antioquia|Tarjeton Consultas|Tarjeton Senado,https://360radio.com.co/guia-para-votar-este-8-de-marzo-como-marcar-el-tarjeton-y-pedir-la-consulta-de-su-partido-favorito/212562/
212558,"Nuam crece 7% en 2025 y acelera integración bursátil entre Chile, Colombia y Perú",2026-03-03 10:33:39,2026-03-03 10:33:39,publish,Andrés Martín,"Economía, finanzas y negocios",Bolsa de Valores|índice Colcap|nuam,https://360radio.com.co/nuam-crece-7-en-2025-y-acelera-integracion-bursatil-entre-chile-colombia-y-peru/212558/
212553,Burger Master 2026: fecha confirmada y precios de Tulio Recomienda,2026-03-03 10:10:22,2026-03-03 10:10:22,publish,Andrés Martín,Noticias de Colombia,Burger Master 2026|Burger Master fechas|Burger Master hamburguesas|Burger Master precios|Cuando es el Burger Master|Tulio Recomienda,https://360radio.com.co/burger-master-2026-fecha-confirmada-y-precios-de-tulio-recomienda/212553/
212547,"Barcelona vs Atlético de Madrid: horario, cómo y dónde ver online en Colombia",2026-03-03 08:05:26,2026-03-03 08:05:26,publish,Andrés Martín,Deportes,Atletico de Madrid Hoy|Barcelona Atlético de Madrid|Barcelona Atletico Madrid donde ver|Barcelona hoy|Camp Nou|Copa del Rey,https://360radio.com.co/deportes/barcelona-vs-atletico-de-madrid-horario-como-y-donde-ver-online-en-colombia/
212544,Junta Directiva de Frontera Energy recomienda seguir negocio con GeoPark,2026-03-03 07:35:54,2026-03-03 07:35:54,publish,Andrés Martín,"Economía, finanzas y negocios|Empresas",Felipe Bayón|Frontera Energy|Frontera y Geopark|GeoPark|Geopark Negocio|Parex Resources,https://360radio.com.co/junta-directiva-de-frontera-energy-recomienda-seguir-negocio-con-geopark/212544/
212539,Bloqueos y manifestaciones hoy en Transmilenio: Avenida Caracas afectada y estaciones cerradas,2026-03-03 07:21:42,2026-03-03 07:21:42,publish,Andrés Martín,Noticias de Bogotá,Bloqueos hoy|Manifestaciones hoy|Noticias de Bogota|Transmilenio|Transmilenio Hoy,https://360radio.com.co/bogota/bloqueos-y-manifestaciones-hoy-en-transmilenio-avenida-caracas-afectada-y-estaciones-cerradas/
212533,Resultado Baloto y Revancha hoy lunes 2 marzo: premios y ganadores,2026-03-03 06:48:30,2026-03-03 06:48:30,publish,360 Radio,Territorio,Andres M|Baloto|Baloto 2 marzo|Baloto ayer|Baloto Hoy|Baloto lunes 2 marzo|Baloto numero ganador|Baloto Resultado|Baloto revancha hoy|Baloto ultimo sorteo|Loterias Colombia|Loterias hoy|Revancha|Ultimo resultado Baloto y revancha|Varios,https://360radio.com.co/resultado-baloto-y-revancha-hoy-lunes-2-marzo-premios-y-ganadores/212533/
212529,Resultado Super Astro Luna 2 marzo: número ganador hoy y último sorteo,2026-03-03 06:38:30,2026-03-03 06:38:30,publish,360 Radio,Territorio,Andres M|Astro Luna 2 de marzo|Astro Luna ayer|Astro Luna numero ganador|Astro Luna premios|Astro Luna resultado|Astro Luna ultimo sorteo|Astto Luna hoy|Chance Astro Luna|Chances Colombia|Chances hoy|Loterias Colombia|Loterias hoy|Resultados Chances|Resultados Loterias|super astro luna|Super Astro Luna resultado|Ultimo resultado Astro Luna|Varios,https://360radio.com.co/resultado-super-astro-luna-2-marzo-numero-ganador-hoy-y-ultimo-sorteo/212529/
212525,"Lotería del Tolima resultado hoy 2 de marzo: número ganador, secos y último sorteo",2026-03-03 06:33:48,2026-03-03 06:33:48,publish,360 Radio,Territorio,Andres M|lotería del tolima|Loteria del Tolima 2 marzo|Loteria del Tolima ayer|Loteria del Tolima hoy|Loteria del Tolima numero ganador|Loteria del Tolima resultado|Loteria del Tolima secos|Loteria del Tolima ultimo sorteo|Loterias Colombia|Loterias hoy|Resultados Loterias|Ultimo resultado loteria del Tolima|Varios,https://360radio.com.co/loteria-del-tolima-resultado-hoy-2-de-marzo-numero-ganador-secos-y-ultimo-sorteo/212525/
212517,"Resultado Lotería de Cundinamarca hoy 2 de marzo: número ganador, último sorteo y secos",2026-03-03 06:26:35,2026-03-03 06:26:35,publish,Andrés Martín,Territorio,Andres M|Loteria de Cundianamarca|Loteria de Cundianamarca secos|Loteria de Cundinamarca 2 marzo|Loteria de Cundinamarca ayer|Loteria de Cundinamarca hoy|Loteria de Cundinamarca numero ganador|Loteria de Cundinamarca resultado|Loteria de Cundinamarca ultimo sorteo|Loterias Colombia|Loterias hoy|Ultimo resultado Loteria de Cundinamarca|Varios,https://360radio.com.co/resultado-loteria-de-cundinamarca-hoy-2-de-marzo-numero-ganador-ultimo-sorteo-y-secos/212517/
212495,Pico y placa en Medellín este martes 3 de marzo de 2026: vehículos con restricciones,2026-03-02 21:05:52,2026-03-02 16:57:32,publish,Juan Camilo Ocampo,Noticias de Medellín,medellin|Motos particulares|Pico y placa|Pico y placa en medellín|Pico y placa hoy en Medellín|Taxis,https://360radio.com.co/medellin/pico-y-placa-en-medellin-este-martes-3-de-marzo-de-2026-vehiculos-con-restricciones/
212461,"Álvaro Uribe en 360: ""No permitan que Petro y Cepeda se queden con sus pensiones""",2026-03-02 20:06:30,2026-03-03 06:50:31,publish,Juan Camilo Ocampo,Entre voces|Entrevistas|Política,álvaro Uribe|Álvaro Uribe Vélez|destacada|elecciones de 2026|Entre Voces|Entre Voces by 360 Radio|Entre Voces con Álvaro Uribe,https://360radio.com.co/alvaro-uribe-en-360-no-permitan-que-petro-y-cepeda-se-queden-con-sus-pensiones/212461/
212507,Chontico Noche resultado hoy 2 de marzo: último sorteo y número ganador,2026-03-02 19:50:54,2026-03-02 19:50:54,publish,360 Radio,Territorio,Andres M|Chance Chontico Noche|Chances Colombia|Chances hoy|Chontico Noche|Chontico Noche 2 marzo|Chontico Noche hoy|Chontico Noche numero ganador|Chontico Noche resultado|Chontico Noche ultimo sorteo|Loterias Colombia|Loterias hoy|Resultados Chances|Resultados Loterias|Varios,https://360radio.com.co/chontico-noche-resultado-hoy-2-de-marzo-ultimo-sorteo-y-numero-ganador/212507/
212504,Resultado Super Astro Sol hoy 2 de marzo: número ganador y último sorteo,2026-03-02 17:20:05,2026-03-02 17:20:05,publish,360 Radio,Territorio,Andres M|Astro Sol 2 de marzo|Astro Sol hoy|Astro Sol numero ganador|Astro Sol resultado|Astro Sol ultimo sorteo|Chance astro sol|Chances Colombia|Chances hoy|Loterías|Loterias Colombia|Loterias hoy|resultado super astro sol|Resultados Chances|super astro sol|Varios,https://360radio.com.co/resultado-super-astro-sol-hoy-2-de-marzo-numero-ganador-y-ultimo-sorteo/212504/
212498,"Grupo Argos cerró 2025 con utilidades por COP 4,3 billones tras ejecutar su reestructuración histórica",2026-03-02 17:12:33,2026-03-02 17:12:33,publish,Andrés Martín,"Economía, finanzas y negocios|Empresas",Cementos Argos|Empresas|Grupo Argos|Grupo Argos ingresos|Grupo Argos noticias|Grupo Argos resultados Operacionales,https://360radio.com.co/grupo-argos-cerro-2025-con-utilidades-por-cop-43-billones-tras-ejecutar-su-reestructuracion-historica/212498/
212491,“Mi Casa Antioquia Ya” amplía cobertura y beneficiará a cerca de 3.000 hogares,2026-03-02 16:24:22,2026-03-02 16:24:22,publish,Juan Camilo Ocampo,Noticias de Antioquia|Noticias de Medellín,Antioquía|medellin|Mi Casa Antioquia Ya|Mi Casa Antioquia Ya amplía cobertura,https://360radio.com.co/medellin/mi-casa-antioquia-ya-amplia-cobertura-y-beneficiara-a-cerca-de-3-000-hogares/
212486,Equipos históricos presionan a Dimayor por nuevo modelo de reparto de TV,2026-03-02 16:00:32,2026-03-02 16:00:32,publish,Juan Camilo Ocampo,Deportes,Dimayor|Equipos históricos|FUTBOL|Millonarios|Nacional|reparto de TV,https://360radio.com.co/deportes/equipos-historicos-presionan-a-dimayor-por-nuevo-modelo-de-reparto-de-tv/
212471,Medellín se ubica entre las tres ciudades con mayor flujo turístico en Colombia,2026-03-02 14:33:06,2026-03-02 14:52:35,publish,Juan Camilo Ocampo,Noticias de Medellín,medellin|Medellín ciudad turística,https://360radio.com.co/medellin/medellin-se-ubica-entre-las-tres-ciudades-con-mayor-flujo-turistico-en-colombia/
212481,Chontico Día resultado hoy 2 marzo: último sorteo y número ganador,2026-03-02 14:24:29,2026-03-02 14:24:29,publish,360 Radio,Territorio,Andres M|Chance Chontico Dia|Chances Colombia|Chances hoy|chontico día|Chontico Dia 2 marzo|Chontico Dia hoy|Chontico Día numero ganador|Chontico Dia Resultado|Chontico Dia ultimo sorteo|Loterias Colombia|Loterias hoy|Resultados Chances|Resultados Loterias|Último resultado Chontico Día|Varios,https://360radio.com.co/chontico-dia-resultado-hoy-2-marzo-ultimo-sorteo-y-numero-ganador/212481/
212466,"""El sector privado no necesita que le regalen nada, solo que lo dejen trabajar"" Andrés Gaviria candidato a la cámara",2026-03-02 12:57:06,2026-03-02 13:37:17,publish,Juan Camilo Ocampo,Noticias de Antioquia|Política,Andrés Gaviria|Andres Gaviria Centro Democratico|Andrés Gaviria en Camacol Antioquia|Camacol Antioquia|POLITICA,https://360radio.com.co/el-sector-privado-no-necesita-que-le-regalen-nada-solo-que-lo-dejen-trabajar-andres-gaviria-candidato-a-la-camara/212466/
212451,Estas son las loterías que más recursos giran a la salud en Colombia,2026-03-02 09:43:32,2026-03-02 09:43:32,publish,Juan Camilo Ocampo,Noticias de Colombia|Política,COLOMBIA|Estas son las loterías que más recursos giran a la salud en Colombia|loterias de Colombia|Loterías y sistema de Salud|POLITICA|Sistema de Salud|Sistema de Salud de Colombia,https://360radio.com.co/estas-son-las-loterias-que-mas-recursos-giran-a-la-salud-en-colombia/212451/
212452,Economía de Colombia en jaque: CARF advierte que el desorden de 2025 complica el ajuste y ve improbable el plan de 2026,2026-03-02 09:35:46,2026-03-02 11:31:19,publish,Andrés Martín,"Economía, finanzas y negocios",CARF|COLOMBIA|destacada|Economia colombiana|Presupuesto del Gobierno|Reforma pensional|Regla fiscal,https://360radio.com.co/economia-de-colombia-en-jaque-carf-advierte-que-el-desorden-de-2025-complica-el-ajuste-y-ve-improbable-el-plan-de-2026/212452/
212445,Alerta de atentado en Hidroituango: alcalde de Medellín y Gobernador de Antioquia cambian agenda,2026-03-02 08:50:49,2026-03-02 08:53:13,publish,Juan Camilo Ocampo,Noticias de Antioquia|Noticias de Medellín,alcalde de Medellín y Gobernador de Antioquia|Alerta de atentado|Alerta de atentado en Hidroituango|Andrés Julián Rendón|Antioquía|Fedrico Gutierrez|Hidroituango|medellin,https://360radio.com.co/medellin/alerta-de-atentado-en-hidroituango-alcalde-de-medellin-y-gobernador-de-antioquia-cambian-agenda/
212440,"Andrés ""Gury"" Rodríguez perdería su curul en el Concejo de Medellín: esto se sabe",2026-03-02 07:07:43,2026-03-02 07:24:43,publish,Andrés Martín,Noticias de Medellín|Política,"""Gury"" Rodriguez|Andrés Gury Rodríguez|concejo de medellìn|Concejo de Medellin hoy|medellin|POLITICA",https://360radio.com.co/medellin/andres-gury-rodriguez-perderia-su-curul-en-el-concejo-de-medellin-esto-se-sabe/
212436,Resultado Dorado Noche hoy 1 de marzo: número ganador del último sorteo,2026-03-02 06:44:16,2026-03-02 06:44:32,publish,360 Radio,Territorio,Andres M|Chance dorado noche|Chances hoy|Dorado Noche|Dorado Noche 1 marzo|Dorado Noche hoy|Dorado Noche número ganador|Dorado Noche premios|Dorado noche resultado|Dorado Noche ultimo sorteo|Loterias Colombia|Resultados Loterias|Varios,https://360radio.com.co/resultado-dorado-noche-hoy-1-de-marzo-numero-ganador-del-ultimo-sorteo/212436/
212433,Chontico Noche resultado hoy 1 marzo: número ganador y último sorteo,2026-03-01 20:19:35,2026-03-01 20:19:35,publish,360 Radio,Territorio,Andres M|Chance Chontico Noche|Chances Colombia|Chances hoy|Chontico Noche|Chontico Noche 1 marzo|Chontico Noche hoy|Chontico Noche numero ganador|Chontico Noche resultado|Chontico Noche ultimo sorteo|Loterias Colombia|Loterias hoy|Resultados Chances|Resultados Loterias|último resultado Chontico Noche|Varios,https://360radio.com.co/chontico-noche-resultado-hoy-1-marzo-numero-ganador-y-ultimo-sorteo/212433/
212208,¿Qué tan confiable es su carro? Estas son las marcas que lideran en 2026,2026-03-01 17:19:19,2026-03-01 06:05:34,publish,Juan Camilo Ocampo,Noticias del mundo,¿Qué tan confiable es su carro?|Automóviles|Kia|Las marcas más confiables en el 2026|MUNDO|Toyota,https://360radio.com.co/que-tan-confiable-es-su-carro-estas-son-las-marcas-que-lideran-en-2026/212208/
212430,Resultado Caribeña Día hoy 1 de marzo: último sorteo y número ganador,2026-03-01 17:15:13,2026-03-01 17:15:13,publish,360 Radio,Territorio,Andres M|Caribeña Dia|Caribeña Dia 1 marzo|Caribeña dia hoy|Caribeña dia numero ganador|Caribeña Dia resultado|Caribeña dia ultimo sorteo|Chance Caribeña Dia|Chances Colombia|Chances hoy|Loterias Colombia|Loterias hoy|Resultados Loterias|Ultimo resultado Caribeña Dia|Varios,https://360radio.com.co/resultado-caribena-dia-hoy-1-de-marzo-ultimo-sorteo-y-numero-ganador/212430/
211320,Así debe votar por Cámara en Antioquia el 8 de marzo: guía para evitar votos nulos,2026-03-01 17:03:11,2026-03-01 17:11:11,publish,Juan Camilo Ocampo,Noticias de Medellín|Política,¿Cómo evitar que su voto sea anulado?|andrés gaviria cano|Andres Gaviria Centro Democratico|Antioquía|Cámara de Representantes|Elecciones 2026|POLITICA|Politica de Antioquia|Tarjeton Antioquia|Votar Camaara,https://360radio.com.co/medellin/como-evitar-que-su-voto-sea-anulado-guia-para-camara-en-antioquia/
211698,El salario mínimo en latinoamerica: un ingreso que no alcanza,2026-03-01 12:04:22,2026-03-01 06:04:35,publish,Julieth Barbosa,"Economía, finanzas y negocios|Mundo",ajuste salarial en Chile|canasta básica en Ecuador|costo de vida en Panamá|desigualdad laboral en Perú|inflación en Latinoamérica|poder adquisitivo en Argentina|políticas públicas en la región|salario mínimo en América Latina,https://360radio.com.co/el-salario-minimo-en-latinoamerica-un-ingreso-que-no-alcanza/211698/
212207,Colombia se consolida como el tercer mercado de autos eléctricos más dinámico de la región,2026-03-01 09:45:54,2026-03-01 06:04:10,publish,Julieth Barbosa,Movilidad|Noticias del mundo,Autos eléctricos en Brasil y México|Infraestructura de carga Latam|Mercado automotor colombiano 2026|Movilidad eléctrica Colombia|Ranking automotor regional|Transición energética transporte|Vehículos sostenibles América Latina|Venta de vehículos eléctricos en América Latina 2026,https://360radio.com.co/colombia-se-consolida-como-el-tercer-mercado-de-autos-electricos-mas-dinamico-de-la-region/212207/
212425,Temblor hoy en Colombia: 5.3 en Santander que se sintió en varias ciudades,2026-03-01 06:11:08,2026-03-01 06:11:08,publish,Andrés Martín,Noticias de Colombia,Servicio Geolócico Colombiano|Sismo|Sismo hoy|TEMBLOR|Temblor 1 de marzo|Temblor Colombia|Temblor hoy|Temblor Santander,https://360radio.com.co/temblor-hoy-en-colombia-5-3-en-santander-que-se-sintio-en-varias-ciudades/212425/
212419,"Extra de Colombia resultado hoy 28 febrero: lotería, número ganador y último sorteo",2026-03-01 06:03:05,2026-03-01 06:03:05,publish,360 Radio,Territorio,Andres M|Extra de Colombia|Extra de Colombia 28 febrero|Extra de Colombia hoy|Extra de Colombia numero ganador|Extra de Colombia resultado|Extra de Colombia ultimo sorteo|Extraordinario de Colombia|Loteria Extra de Colombia|loterias de Colombia|Loterias hoy|Sorteo Extra de Colombia|Varios,https://360radio.com.co/extra-de-colombia-resultado-hoy-28-febrero-loteria-numero-ganador-y-ultimo-sorteo/212419/
212288,El top 10 de los países con menor percepción de corrupción en el mundo,2026-03-01 05:55:53,2026-03-01 05:55:53,publish,Juan Camilo Ocampo,Noticias del mundo,Corrupción en el mundo|destacada|Dinamarca|Finlandia|MUNDO|países con menor percepción de corrupción en el mundo|percepción de corrupción,https://360radio.com.co/el-top-10-de-los-paises-con-menor-percepcion-de-corrupcion-en-el-mundo/212288/
212414,Super Astro Luna resultado hoy 28 febrero: número ganador del último sorteo,2026-03-01 05:54:11,2026-03-01 05:54:47,publish,360 Radio,Territorio,Andres M|Astro Luna 27 febrero|Astro Luna hoy|Astro Luna numero ganador|Astro Luna premios|Astro Luna resultado|Astro Luna ultimo sorteo|Chance Astro Luna|Chances Colombia|Chances hoy|Loterias Colombia|Loterias hoy|Resultados Chances|Resultados Loterias|super astro luna|Ultimo resultado Super Astro Luna|Varios,https://360radio.com.co/super-astro-luna-resultado-hoy-28-febrero-numero-ganador-del-ultimo-sorteo/212414/
212408,"Lotería del Cauca resultado hoy 28 febrero: secos, último sorteo y número ganador",2026-03-01 05:49:41,2026-03-01 05:49:41,publish,360 Radio,Territorio,Andres M|Loteria del Cauca|Loteria del cauca 28 febrero|Loteria del cauca ayer|Loteria del Cauca hoy|loteria del Cauca numero ganador|Loteria del Cauca resultado|Loteria del Cauca secos|Loteria del Cauca ultimo sorteo|Loterias Colombia|Loterias hoy|Resultados Loterias|Ultimo resultado Loteria del Cauca|Varios,https://360radio.com.co/loteria-del-cauca-resultado-hoy-28-febrero-secos-ultimo-sorteo-y-numero-ganador/212408/
212402,"Resultado Lotería de Boyacá hoy 28 febrero: número ganador, secos y último sorteo",2026-03-01 05:44:15,2026-03-01 05:44:15,publish,360 Radio,Territorio,Andres M|Loteria de Boyaca|Loteria de Boyaca 28 febrero|Loteria de Boyaca ayer|Loteria de Boyaca hoy|Loteria de Boyaca numero ganador|Loteria de Boyaca resultado|Loteria de Boyaca secos|Loteria de Boyaca ultimo sorteo|Loterias Colombia|Loterisa hoy|Resultados Loterias|Ultimo resultado Loteria de Boyaca|Varios,https://360radio.com.co/resultado-loteria-de-boyaca-hoy-28-febrero-numero-ganador-secos-y-ultimo-sorteo/212402/
212399,Resultado Chontico Noche hoy 28 febrero: último sorteo y número ganador,2026-02-28 22:10:26,2026-02-28 22:10:26,publish,360 Radio,Territorio,Andres M|Chance Chontico Noche|Chances Colombia|Chances hoy|Chontico Noche|Chontico Noche 28 febrero|Chontico Noche hoy|Chontico Noche numero ganador|Chontico Noche resultado|Chontico Noche ultimo sorteo|Loterias Colombia|Loterias hoy|Resultados Chances|Resultados Loterias|Varios,https://360radio.com.co/resultado-chontico-noche-hoy-28-febrero-ultimo-sorteo-y-numero-ganador/212399/
212395,Super Astro Sol resultado hoy 28 febrero: número ganador y último sorteo,2026-02-28 20:03:21,2026-02-28 20:03:21,publish,360 Radio,Territorio,Andres M|Astro Sol 28 febrero|Astro Sol hoy|Astro Sol numero ganador|Astro Sol premios|Astro Sol resultado|Astro Sol ultimo sorteo|Chance astro sol|Chances Colombia|Chances hoy|Loterias Colombia|Loterias hoy|Resultados Loterias|super astro sol|último resultado Astro Sol|Varios,https://360radio.com.co/super-astro-sol-resultado-hoy-28-febrero-numero-ganador-y-ultimo-sorteo/212395/
212391,"Enero dejó más empleo, pero la mayoría fue informal",2026-02-28 10:14:59,2026-02-28 10:14:59,publish,Juan Camilo Ocampo,Noticias de Colombia|Política,COLOMBIA|desempleo|ECONOMIA|EMPLEO|Empleo en enero|Empleo informal|Empleo informal en enero|Enero dejó más empleo|POLITICA,https://360radio.com.co/enero-dejo-mas-empleo-pero-la-mayoria-fue-informal/212391/
212386,¿Por qué Israel y Estados Unidos lanzaron ofensiva contra Irán hoy?,2026-02-28 06:15:56,2026-02-28 06:15:56,publish,Andrés Martín,Noticias del mundo,Ataque a Iran|Donaldt Trump|Estados Unidos|Irán|Iran hoy|Israel y Estados Unidos|Teherán,https://360radio.com.co/por-que-israel-y-estados-unidos-lanzaron-ofensiva-contra-iran-hoy/212386/
212382,Resultado Super Astro Luna hoy 27 febrero: último sorteo y número ganador,2026-02-28 06:01:15,2026-02-28 06:01:15,publish,360 Radio,Territorio,Andres M|Astro Luna 27 febrero|Astro Luna hoy|Astro Luna ultimo sorteo|Chance Astro Luna|Chances Colombia|Chances hoy|Hastro Luna numero ganador|Loterias Colombia|Loterias hoy|Resultados Chances|Resultados Loterias|super astro luna|Ultimo resultado Super Astro Luna|Varios,https://360radio.com.co/resultado-super-astro-luna-hoy-27-febrero-ultimo-sorteo-y-numero-ganador/212382/
212376,Lotería de Risaralda resultado hoy 27 febrero: último sorteo y número ganador,2026-02-28 05:57:21,2026-02-28 05:57:21,publish,360 Radio,Territorio,Andres M|Loteria de Risaralda|Loteria de Risaralda 27 febrero|Loteria de Risaralda ayer|Loteria de Risaralda hoy|Loteria de Risaralda numero ganador|Loteria de Risaralda resultado|Loteria de Risaralda ultimo sorteo|Loterias Colombia|Loterias hoy|Secos Loteria de Risaralda|Varios,https://360radio.com.co/loteria-de-risaralda-resultado-hoy-27-febrero-ultimo-sorteo-y-numero-ganador/212376/
212370,"Lotería de Santander hoy 27 febrero resultado: secos, número ganador del último sorteo",2026-02-28 05:51:04,2026-02-28 05:51:04,publish,360 Radio,Territorio,Andres M|Loteria de Santander|Loteria de Santander 27 febrero|Loteria de Santander ayer|Loteria de Santander Hoy|Loteria de Santander numero ganador|Loteria de santander resultado|Loteria de Santander secos|Loteria de Santander ultimo sorteo|Loterias Colombia|Loterias hoy|Resultados Loterias|Varios,https://360radio.com.co/loteria-de-santander-hoy-27-febrero-resultado-secos-numero-ganador-del-ultimo-sorteo/212370/
212364,"Lotería de Medellín resultado hoy 27 febrero: número ganador, secos y último sorteo",2026-02-28 05:45:03,2026-02-28 05:45:04,publish,360 Radio,Territorio,Andres M|Lotería de Medellín|Loteria de Medellin 27 febrero|Loteria de Medellin ayer|Loteria de Medellin hoy|Loteria de Medellin numero ganador|Loteria de Medellin resultado|Loteria de Medellin Secos|Loteria de Medellin ultimo sorteo|Loterias Colombia|Loterias hoy|Resultados Loterias|Varios,https://360radio.com.co/loteria-de-medellin-resultado-hoy-27-febrero-numero-ganador-secos-y-ultimo-sorteo/212364/
212359,Videos de la ofensiva militar de Estados Unidos e Israel contra Irán en una escalada histórica,2026-02-28 05:38:22,2026-02-28 05:38:22,publish,Andrés Martín,Noticias del mundo,Ataque a Iran|Bombardeos Iran|Estados Unidos|Irán|Israel,https://360radio.com.co/videos-de-la-ofensiva-militar-de-estados-unidos-e-israel-contra-iran-en-una-escalada-historica/212359/
212354,Costo de la hora laboral en Colombia 2026: pasará de $9.948 a $10.422 en el segundo semestre,2026-02-27 19:40:20,2026-02-27 19:40:20,publish,Julieth Barbosa,"Colombia|Economía, finanzas y negocios",Costo de nómina por hora|Costo hora laboral Colombia 2026|Costo unitario del trabajo|Formalización laboral 2026|Impacto salario mínimo en PYMES|Productividad laboral Colombia|Reducción jornada laboral Ley 2101|Salario mínimo Anif 2026,https://360radio.com.co/costo-de-la-hora-laboral-en-colombia-2026-pasara-de-9-948-a-10-422-en-el-segundo-semestre/212354/
212349,"Despedida de Willie Colón: fecha, lugar, horarios y todo sobre el último adiós",2026-02-27 18:46:18,2026-02-27 18:46:18,publish,Julieth Barbosa,Cultura,Funeral de Willie Colón Nueva York 2026,https://360radio.com.co/despedida-de-willie-colon-fecha-lugar-horarios-y-todo-sobre-el-ultimo-adios/212349/
212342,Precio de la gasolina baja $500 en marzo: Así quedan los valores en las principales ciudades,2026-02-27 17:50:56,2026-02-27 17:50:56,publish,Julieth Barbosa,"Colombia|Economía, finanzas y negocios",Baja gasolina $500 marzo|Déficit combustibles diésel Colombia|Fondo de Estabilización de Precios de los Combustibles (FEPC)|Gasolina más barata en Colombia|Germán Ávila Ministro de Hacienda|Ministerio de Hacienda precios gasolina|Precio de la gasolina Colombia marzo 2026|Precio galón Bogotá vs Cali,https://360radio.com.co/precio-de-la-gasolina-baja-500-en-marzo-asi-quedan-los-valores-en-las-principales-ciudades/212342/
212337,Ley seca en Colombia por elecciones: Conozca los horarios y fechas de restricción,2026-02-27 17:04:47,2026-02-27 17:04:47,publish,Julieth Barbosa,Noticias de Colombia,Cierre de fronteras Colombia 2026|Decreto orden público elecciones|Horario ley seca Armando Benedetti|Ley seca elecciones Colombia marzo 2026|Puesto de Mando Unificado (PMU) electoral|Restricciones elecciones 8 de marzo|Reuniones políticas espacios cerrados|Seguridad jornada democrática Colombia,https://360radio.com.co/ley-seca-en-colombia-por-elecciones-conozca-los-horarios-y-fechas-de-restriccion/212337/
212330,Aeropuerto Ernesto Cortissoz: Gobierno anuncia inversión histórica para su modernización,2026-02-27 15:44:11,2026-02-27 15:44:11,publish,Julieth Barbosa,Infraestructura,Administración pública aeropuertos Colombia|Conectividad aérea Atlántico|Infraestructura transporte Caribe|Inversión Aerocivil Barranquilla|Mantenimiento pista Ernesto Cortissoz|Modernización Aeropuerto Ernesto Cortissoz 2026|Obras lado aire y lado tierra Cortissoz|Seguridad operacional Barranquilla,https://360radio.com.co/aeropuerto-ernesto-cortissoz-gobierno-anuncia-inversion-historica-para-su-modernizacion/212330/
212325,OpenAI proyecta ingresos de US$284.000 millones para 2030 y superaría a Meta,2026-02-27 15:28:16,2026-02-27 15:28:16,publish,Julieth Barbosa,Empresas|Tecnología,Alianza OpenAI y NVIDIA|Chips Trainium Amazon AWS|Infraestructura IA 2030|Inversión de Amazon en OpenAI|Megarronda OpenAI 110.000 millones|OpenAI vs Microsoft 2026|Salida a bolsa OpenAI (IPO)|Valoración OpenAI 2026,https://360radio.com.co/tecnologia/openai-proyecta-ingresos-de-us284-000-millones-para-2030-y-superaria-a-meta/
212321,JetSMART anuncia nuevas rutas desde Bogotá hacia Bucaramanga y Cúcuta,2026-02-27 14:54:03,2026-02-27 14:54:03,publish,Julieth Barbosa,Movilidad,,https://360radio.com.co/jetsmart-anuncia-nuevas-rutas-desde-bogota-hacia-bucaramanga-y-cucuta/212321/
212313,La Americana consolida su liderazgo nacional en Derecho con Alta Calidad en Barranquilla y Registro Calificado Único en Medellín,2026-02-27 14:24:46,2026-02-27 14:34:14,publish,360 Radio,Educación,Acreditación Alta Calidad Derecho Barranquilla|Estudiar Derecho a distancia Medellín|Facultad de Humanidades y Ciencias Sociales Americana|Julieth B|Registro Calificado Único Derecho virtual|Resolución 005251 de 2026,https://360radio.com.co/la-americana-consolida-su-liderazgo-nacional-en-derecho-con-alta-calidad-en-barranquilla-y-registro-calificado-unico-en-medellin/212313/
212301,Colombia recibió más de 22 millones de visitantes internacionales en los últimos tres años,2026-02-27 14:02:58,2026-02-27 14:02:58,publish,Julieth Barbosa,Noticias de Colombia,Crecimiento visitantes extranjeros Colombia|Diana Marcela Morales Rojas MINCIT|Exportaciones de servicios turísticos Colombia 2026|exportaciones no minero energéticas|PIB alojamiento y servicios de comida|Turismo en territorios de paz|Turismo vs Carbón y Café Colombia|Vitrina Turística de ANATO 2026,https://360radio.com.co/colombia-recibio-mas-de-22-millones-de-visitantes-internacionales-en-los-ultimos-tres-anos/212301/
212295,Netflix abandona la compra de Warner Bros. y despeja el camino para Paramount,2026-02-27 13:35:25,2026-02-27 13:35:25,publish,Julieth Barbosa,Empresas|Entretenimiento,Acciones de Warner Bros Discovery|Compra de Warner Bros. Discovery 2026|Fusión Warner Paramoun|Larry Ellison Oracle financiamiento|Monopolio streaming 2026|Netflix oferta Warner|Paramount Skydance Corp|Ted Sarandos estrategia,https://360radio.com.co/entretenimiento/netflix-abandona-la-compra-de-warner-bros-y-despeja-el-camino-para-paramount/
212278,Gobierno anuncia primeras medidas para la jornada electoral del 8 de marzo,2026-02-27 11:33:31,2026-02-27 11:33:31,publish,Juan Camilo Ocampo,Noticias de Colombia|Política,elecciones de 2026|Gobierno Nacional|Jornada electoral del 8 de marzo|medidas para la jornada electoral del 8 de marzo|POLITICA,https://360radio.com.co/gobierno-anuncia-primeras-medidas-para-la-jornada-electoral-del-8-de-marzo/212278/
212277,Resultado Dorado Mañana hoy 27 febrero: número ganador y último sorteo,2026-02-27 11:26:33,2026-02-27 11:26:33,publish,360 Radio,Territorio,Andres M|Chance Dorado Mañana|Chances Colombia|Chances hoy|Dorado Mañana|Dorado Mañana hoy|Dorado Mañana numero ganador|Dorado Mañana resultado|Dorado Mañana tarde|Dorado Mñana 27 febrero|Loterias Colombia|Loterias hoy|Loterias Resultados|último resultado Dorado Mañana|Varios,https://360radio.com.co/resultado-dorado-manana-hoy-27-febrero-numero-ganador-y-ultimo-sorteo/212277/
212275,"ISA se pronuncia tras nulidad de elección de su presidente, Jorge Andrés Carrillo",2026-02-27 10:27:29,2026-02-27 10:27:29,publish,Andrés Martín,Empresas,ISA|Jorge Andrés Carrillo,https://360radio.com.co/isa-se-pronuncia-tras-nulidad-de-eleccion-de-su-presidente-jorge-andres-carrillo/212275/
211999,Tres conclusiones para la coexistencia energética: el análisis de cuatro mujeres,2026-02-27 09:11:08,2026-02-27 09:11:08,publish,Andrés Martín,"Minería, energía e hidrocarburos",ACGGP|Coexistencia Energética|COLOMBIA|energia|Minería en Colombia|transición energetica,https://360radio.com.co/tres-conclusiones-para-la-coexistencia-energetica-el-analisis-de-cuatro-mujeres/211999/
212199,Agenda cultural en Colombia: Planes gratuitos y eventos para el cierre de febrero,2026-02-27 08:45:14,2026-02-26 16:54:32,publish,Julieth Barbosa,Ciudades|Cultura,Agenda cultural Colombia fin de semana|Carnaval de Letras Bogotá|Conciertos Filarmónica de Bogotá|Eventos gratuitos Bogotá 2026|Festival del Libro Infantil Medellín|Museos en Neiva|Qué hacer en Medellín este fin de semana|Tardeando el Centro Torre Colpatria,https://360radio.com.co/agenda-cultural-en-colombia-planes-gratuitos-y-eventos-para-el-cierre-de-febrero/212199/
212269,"Utilidades de Grupo SURA alcanzan COP 2,3 billones en 2025",2026-02-27 08:30:53,2026-02-27 13:33:54,publish,Juan Camilo Ocampo,Empresas|Noticias de Colombia,COLOMBIA|destacada|Empresas|Grupo Sura|Utilidades de Grupo SURA|Utilidades de Grupo SURA 2025,https://360radio.com.co/utilidades-de-grupo-sura-alcanzan-cop-23-billones-en-2025/212269/
212265,Hospital de Medellín figura entre los 250 más destacados a nivel mundial,2026-02-27 08:05:37,2026-02-28 08:02:54,publish,Juan Camilo Ocampo,Noticias de Medellín,Hospital de Medellín figura entre los 250 más destacados a nivel mundial|Hospital Pablo Tobón Uribe|Hospitales de Medellín|medellin|Sistema de Salud,https://360radio.com.co/medellin/hospital-de-medellin-figura-entre-los-250-mas-destacados-a-nivel-mundial/
212260,Campaña de Paloma Valencia expresa preocupación por mujer armada en evento político en Honda,2026-02-27 07:26:08,2026-02-27 07:26:28,publish,Juan Camilo Ocampo,Noticias de Colombia|Política,Campaña de Paloma Valencia|COLOMBIA|elecciones|elecciones de 2026|Evento político|Paloma Valencia|POLITICA,https://360radio.com.co/campana-de-paloma-valencia-expresa-preocupacion-por-mujer-armada-en-evento-politico-en-honda/212260/
212252,"Los cinco candidatos presidenciales con mayor intención de voto, según encuesta GAD3",2026-02-27 06:52:34,2026-02-27 06:53:12,publish,Andrés Martín,Política,ABELARDO DE LA ESPRIELLA|Candidatos presidenciales|COLOMBIA|Encuesta GAD3|Encuesta presidencial|Encuesta RCN|Ficha tecnica|GAD3|Intencion de Voto Colombia|Iván Cepeda|Política Colombia,https://360radio.com.co/los-cinco-candidatos-presidenciales-con-mayor-intencion-de-voto-segun-encuesta-gad3/212252/
212248,Super Astro Luna resultado 26 febrero: hoy número ganador y último sorteo,2026-02-27 06:33:13,2026-02-27 06:33:13,publish,360 Radio,Territorio,Andres M|Astro Luna 26 febrero|Astro Luna hoy|Astro Luna numero ganador|Astro Luna resultado|Astro Luna ultimo sorteo|Chance Astro Luna|Chances Colombia|Chances hoy|Loterias Colombia|Loterias hoy|super astro luna|Ultimo resultado Super Astro Luna|Varios,https://360radio.com.co/super-astro-luna-resultado-26-febrero-hoy-numero-ganador-y-ultimo-sorteo/212248/
212244,"Resultado Lotería del Quindío hoy 26 febrero: secos, último sorteo y número ganador",2026-02-27 06:28:50,2026-02-27 06:28:50,publish,360 Radio,Territorio,Andres M|Loteria del Quindio|Loteria del Quindio ayer|Loteria del Quindio hoy|Loteria del Quindio numero ganador|Loteria del Quindio premios|Loteria del Quindio resultado|Loteria del Quindio secos|Loteria del Quindio ultimo sorteo|Loterias Colombia|Loterias hoy|Loterias Resultados|Ultimo resultado Loteria de Bogota|Varios,https://360radio.com.co/resultado-loteria-del-quindio-hoy-26-febrero-secos-ultimo-sorteo-y-numero-ganador/212244/
212238,"Lotería de Bogotá resultado 26 febrero: número ganador, secos y último sorteo",2026-02-27 06:20:58,2026-02-27 06:20:58,publish,360 Radio,Territorio,Andres M|Loteria de Bogota|Loteria de Bogota 26 febrero|Loteria de Bogota ayer|Loteria de Bogota hoy|Loteria de Bogota resultado|Loteria de Bogota Secos|Loteria de Bogota ultimo sorteo|Loterías|Loterias Colombia|Loterias hoy|Resultados Loterias|Ultimo resultado Loteria de Bogota|Varios,https://360radio.com.co/loteria-de-bogota-resultado-26-febrero-numero-ganador-secos-y-ultimo-sorteo/212238/
212235,"Anulan elección de presidente de ISA, Jorge Andrés Carrillo: esto dijo el Consejo de Estado",2026-02-26 22:17:22,2026-02-26 22:17:22,publish,Andrés Martín,Empresas,Conejo de Estado|ISA|Jorge Andres Carillo|Presidente de ISA,https://360radio.com.co/anulan-eleccion-de-presidente-de-isa-jorge-andres-carrillo-esto-dijo-el-consejo-de-estado/212235/
212214,Pico y placa en Medellín este viernes 27 de febrero de 2026: vehículos con restricciones,2026-02-26 21:09:34,2026-02-26 16:53:48,publish,Juan Camilo Ocampo,Noticias de Medellín,medellin|Motos|Particulares|Pico y placa|Pico y placa en el Valle de Aburrá|Pico y placa en medellín|Pico y placa en Medellín 27 de febrero|Pico y placa en Medellín hoy|Taxis,https://360radio.com.co/medellin/pico-y-placa-en-medellin-este-viernes-27-de-febrero-de-2026-vehiculos-con-restricciones/
212225,"MinTIC le lanza cuestionable ""salvavidas"" a Telecall pese a su incumplimiento con Subasta 5G",2026-02-26 18:10:09,2026-02-26 21:47:50,publish,Andrés Martín,Noticias de Colombia|Telecomunicaciones,5G Colombia|destacada|Ministerio TIC|Ministra TIC|Observatorio TIC|Subasta 5G|Telecall|Telecall Colombia|TELECOMUNICACIONES,https://360radio.com.co/mintic-le-lanza-cuestionable-salvavidas-a-telecall-pese-a-su-incumplimiento-con-subasta-5g/212225/
212191,"""Si Iván Cepeda es presidente nos toca la cárcel o la tumba"": Juan Espinal del Centro Democrático",2026-02-26 16:10:26,2026-02-26 16:11:35,publish,Juan Camilo Ocampo,Entre voces|Política,elecciones de 2026|Entre Voces|Juan Espinal|Juan Espinal del Centro Democrático,https://360radio.com.co/si-ivan-cepeda-es-presidente-nos-toca-la-carcel-o-la-tumba-juan-espinal-del-centro-democratico/212191/
212172,Mundial 2026: La importancia de contar con asistencia al viajero en México y EE. UU.,2026-02-26 15:49:47,2026-02-26 15:49:47,publish,Julieth Barbosa,Empresas|Salud,"Asistencia al viajero ""cashless""|Asistencia de viaje Mundial 2026|Assist Card Selección Colombia|Cobertura médica internacional|Costos médicos en EE. UU|Requisitos para viajar al Mundial 2026|Seguro de viaje Estados Unidos y México|Viajar con la Selección Colombia",https://360radio.com.co/mundial-2026-la-importancia-de-contar-con-asistencia-al-viajero-en-mexico-y-ee-uu/212172/
212184,Peso colombiano: la moneda con peor desempeño hoy tras encuesta presidencial,2026-02-26 15:48:41,2026-02-26 15:48:41,publish,Andrés Martín,"Economía, finanzas y negocios",dolár|Dólar Colombia|Dolar hoy|ECONOMIA|Economía Colombia|Encuesta Invamer|Peso Colombiano|Precio del dólar,https://360radio.com.co/peso-colombiano-la-moneda-con-peor-desempeno-hoy-tras-encuesta-presidencial/212184/
212180,Venezuela: Delcy Rodríguez se reunió con representantes de Shell para evaluar inversiones y proyectos,2026-02-26 15:40:02,2026-02-26 16:07:46,publish,Julieth Barbosa,Noticias del mundo,Cooperación energética Venezuela Shell 2026|Delcy Rodríguez reunión Shell|Inversión petrolera Venezuela|PDVSA y Shell.|Reactivación de pozos petroleros|Reservas de crudo venezolanas|Seguridad energética regional|Yacimientos de gas natural,https://360radio.com.co/venezuela-delcy-rodriguez-se-reunio-con-representantes-de-shell-para-evaluar-inversiones-y-proyectos/212180/
212171,La millonaria cifra que recibirá Medellín por avanzar en Copa Libertadores,2026-02-26 15:32:01,2026-02-26 15:32:35,publish,Juan Camilo Ocampo,Deportes,Copa Libertadores|Copa Libertadores 2026|DEPORTES|Deportivo Independiente Medellín|DIM|La millonaria cifra que recibirá Medellín por avanzar en Copa Libertadores,https://360radio.com.co/deportes/la-millonaria-cifra-que-recibira-medellin-por-avanzar-en-copa-libertadores/
212158,"Ventajas de viajar a la Patagonia: Sin visa, mismo idioma y conectividad aérea",2026-02-26 14:53:26,2026-02-26 14:53:26,publish,Julieth Barbosa,Entrevistas|Noticias del mundo,Camino de los Siete Lagos|Centros de esquí Neuquén.|Nieve en la Patagonia argentina|Requisitos para viajar a Argentina desde Colombia|San Martín de los Andes turismo|Turismo en Neuquén para colombianos|Villa La Angostura invierno|Vuelos a la Patagonia 2026,https://360radio.com.co/ventajas-de-viajar-a-la-patagonia-sin-visa-mismo-idioma-y-conectividad-aerea/212158/
212159,Registraduría confirma si aún hay plazo para inscribir la cédula en Medellín para elecciones,2026-02-26 14:40:35,2026-02-26 14:40:35,publish,Juan Camilo Ocampo,Noticias de Medellín|Política,Elecciones 2026|Inscribir la cédula en Medellín para elecciones|medellin|Registraduría,https://360radio.com.co/medellin/registraduria-confirma-si-aun-hay-plazo-para-inscribir-la-cedula-en-medellin-para-elecciones/
212154,"Chontico Día hoy 26 febrero: resultado, último sorteo y número ganador",2026-02-26 13:54:37,2026-02-26 13:54:37,publish,360 Radio,Territorio,Andres M|Chance Chontico Dia|Chances Colombia|chontico día|Chontico Dia 26 febrero|Chontico Dia hoy|Chontico Día numero ganador|Chontico Dia premios|Chontico Dia Resultado|Loterías|Loterias Colombia|Loterias hoy|Resultados Chances|Varios,https://360radio.com.co/chontico-dia-hoy-26-febrero-resultado-ultimo-sorteo-y-numero-ganador/212154/
212146,Avianca volverá a dar snacks y bebidas en algunos de sus vuelos: conozca la medida,2026-02-26 13:14:55,2026-02-26 13:16:10,publish,Julieth Barbosa,Empresas|Movilidad,Aeropuerto El Dorado salas VIP|Business Class Américas|Experiencia del cliente Avianca|Grupo Abra aerolíneas|Servicio a bordo Avianca 2026.|Snacks y bebidas incluido|Vuelos internacionales Avianca|Wi-Fi a bordo Avianca,https://360radio.com.co/avianca-volvera-dar-snacks-y-bebidas-en-algunos-de-sus-vuelos-conozca-la-medida/212146/
212138,"Ruta N lanza “Pulso del Ecosistema CTi”, el nuevo termómetro de la innovación en Medellín",2026-02-26 12:56:42,2026-02-26 12:56:42,publish,Juan Camilo Ocampo,Noticias de Medellín,Ecosistema CTi|innovación en Medellín|medellin|Ruta N|Ruta N lanza Pulso del Ecosistema CTi,https://360radio.com.co/medellin/ruta-n-lanza-pulso-del-ecosistema-cti-el-nuevo-termometro-de-la-innovacion-en-medellin/
212137,¿A qué hora se estrena Bridgerton 4 en Colombia y Latinoamérica? Guía de horarios por país,2026-02-26 12:50:19,2026-02-26 12:50:19,publish,Julieth Barbosa,Entretenimiento,Benedict y Sophie|Bridgerton temporada 4 parte 2|Dama de Plata Bridgerton|Estreno Netflix 26 de febrero|Final de temporada Bridgerton 4|Horario de estreno Bridgerton Colombia|Julia Quinn saga|Libro An Offer from a Gentleman,https://360radio.com.co/entretenimiento/a-que-hora-se-estrena-bridgerton-4-en-colombia-y-latinoamerica-guia-de-horarios-por-pais/
212130,"Utilidades de Grupo Aval aumentaron 69,6 % en 2025 frente al año anterior",2026-02-26 11:53:07,2026-02-26 11:55:33,publish,Juan Camilo Ocampo,"Economía, finanzas y negocios|Noticias de Colombia",COLOMBIA|ECONOMIA|Grupo Aval|Utilidades de Grupo Aval|Utilidades de Grupo Aval aumentaron,https://360radio.com.co/utilidades-de-grupo-aval-aumentaron-696-en-2025-frente-al-ano-anterior/212130/
212121,Asobolsa advierte riesgos para el mercado de capitales por nuevas medidas tributarias,2026-02-26 11:43:27,2026-02-26 11:43:27,publish,Julieth Barbosa,"Colombia|Economía, finanzas y negocios",Asobolsa impuestos|Carga tributaria efectiva|Comisionistas de bolsa|Impuesto al patrimonio empresas|Inversión productiva en Colombia|Mercado de capitales Colombia 2026|Shenny González Uribe|Sobretasa al sector financiero,https://360radio.com.co/asobolsa-advierte-riesgos-para-el-mercado-de-capitales-por-nuevas-medidas-tributarias/212121/
212126,Este es el proveedor de Bancolombia que cometió errores y causó fallas en los servicios,2026-02-26 11:32:36,2026-02-26 11:32:36,publish,Juan Camilo Ocampo,Noticias de Colombia,Bancolombia|COLOMBIA|Este es el proveedor de Bancolombia|Fallas en Bancolombia,https://360radio.com.co/este-es-el-proveedor-de-bancolombia-que-cometio-errores-y-causo-fallas-en-los-servicios/212126/
212122,Dorado Mañana resultado 26 febrero: número ganador del último sorteo,2026-02-26 11:10:18,2026-03-01 17:18:21,publish,360 Radio,Territorio,Andres M|Chance Dorado Mañana|Chances Colombia|Chances hoy|Dorado Mañana|Dorado Mañana 26 febrero|Dorado mañana ayer|Dorado Mañana hoy|Dorado Mañana numero ganador|Dorado Mañana resultado|Dorado mañana ultimo sorteo|Loterias Colombia|Loterias hoy|Resultados Chances|Resultados Loterias|último resultado Dorado Mañana|Varios,https://360radio.com.co/dorado-manana-resultado-26-febrero-numero-ganador-del-ultimo-sorteo/212122/
212108,¿Precio del dólar en Colombia a $2.700 es posible? Depende del 8 de marzo,2026-02-26 10:38:28,2026-02-26 10:38:28,publish,Julieth Barbosa,"Colombia|Economía, finanzas y negocios",Análisis de Alianza Valores|Banco de la República dólar|Elecciones legislativas 8 de marzo|Impacto fiscal TRM|Inversión extranjera en Colombia|Precio del dólar en Colombia 2026|Proyecciones dólar Colombia.|Tasa de cambio hoy,https://360radio.com.co/precio-del-dolar-en-colombia-a-2-700-es-posible-depende-del-8-de-marzo/212108/
212109,Geólogo por municipio: la propuesta de la ACGGP y cómo obtendrían $70 mil millones de presupuesto,2026-02-26 10:08:37,2026-02-26 10:08:37,publish,Andrés Martín,"Minería, energía e hidrocarburos",,https://360radio.com.co/geologo-por-municipio-la-propuesta-de-la-acggp-y-como-obtendrian-70-mil-millones-de-presupuesto/212109/
210505,"Salario de Alfredo Morelos al año, mes, día y hora con Atlético Nacional",2026-02-26 09:04:00,2026-02-26 09:05:09,publish,Andrés Martín,Deportes,Alfredo Morelos|Atletico Nacional|Dimayor|Fútbol Colombiano|Gol Alfredo Morelos|Liga Betplay|Morelos Nacional|Nacional Fortaleza,https://360radio.com.co/deportes/alfredo-morelos-salario-en-nacional-cuanto-gana-el-delantero-en-2026/
212103,Tensión comercial: Ecuador impone tasa del 50% a importaciones desde Colombia,2026-02-26 08:38:19,2026-02-26 08:38:19,publish,Juan Camilo Ocampo,Noticias de Colombia|Política,COLOMBIA|Ecuador|Ecuador impone tasa del 50% a Colombia|POLITICA|Tensión comercial entre Colombia y Ecuador|Tensión comercial: Ecuador impone tasa del 50% a importaciones desde Colombia,https://360radio.com.co/tension-comercial-ecuador-impone-tasa-del-50-a-importaciones-desde-colombia/212103/
212098,“Colombia necesita más exploración de minerales”: Lina Beatriz Franco,2026-02-26 08:29:37,2026-02-26 08:29:37,publish,Andrés Martín,"Entrevistas|Minería, energía e hidrocarburos",Agencia Nacional de Minería|ANM|COLOMBIA|Convención Energetica|Exploración energética|Lina Beatriz Franco|Minerales Colombia,https://360radio.com.co/colombia-necesita-mas-exploracion-de-minerales-lina-beatriz-franco/212098/
212093,Nuevo puesto de votación en El Tesoro: Mire si debe votar allá en Medellín,2026-02-26 07:54:44,2026-02-26 07:54:44,publish,Andrés Martín,Noticias de Medellín|Política,Consultar puesto de votación|El Tesoro|El tesoro Medellin|Puesto de Votación El Tesoro|Puestos de votación Medellin,https://360radio.com.co/medellin/nuevo-puesto-de-votacion-en-el-tesoro-mire-si-debe-votar-alla-en-medellin/
212089,Caribeña Noche resultado 25 febrero hoy: número ganador y último sorteo,2026-02-26 07:10:05,2026-02-26 07:10:05,publish,360 Radio,Territorio,Andres M|Caribeña Noche|Caribeña noche 25 febrero|Caribeña noche ayer|Caribeña noche hoy|Caribeña noche numero ganador|Caribeña noche resultado|Caribeña noche ultimo sorteo|Caribeña ultimo sorteo|Chance Caribeña Noche|Chances hoy|Chances resultados|Loterias Colombia|Loterias hoy|Loterias Resultados|Varios,https://360radio.com.co/caribena-noche-resultado-25-febrero-hoy-numero-ganador-y-ultimo-sorteo/212089/
212085,Resultado Super Astro Luna hoy 25 febrero: número ganador y último sorteo,2026-02-26 05:45:04,2026-02-26 05:45:04,publish,360 Radio,Territorio,Andres M|Astro Luna 25 febrero|Astro Luna ayer|Astro Luna numero ganador|Astro Luna premios|Astro Luna resultado|Astro Luna ultimo sorteo|Chance Super Astro Luna|Chances Colombia|Chances hoy|Loterias Colombia|Loterias hoy|Resultados Chances|Resultados Loterias|super astro luna|Super Astro Luna hoy|Varios,https://360radio.com.co/resultado-super-astro-luna-hoy-25-febrero-numero-ganador-y-ultimo-sorteo/212085/
212078,"Resultado Lotería de Manizales hoy 25 febrero: secos, número ganador y último sorteo",2026-02-26 05:40:50,2026-02-26 05:40:51,publish,360 Radio,Territorio,Andres M|Loteria de Manizales|Loteria de Manizales 25 febrero|Loteria de Manizales ayer|Loteria de Manizales Hoy|Loteria de Manizales numro ganador|Loteria de Manizales resultado|Loteria de Manizales secos|Loteria de Manizales ultimo sorteo|Loterias Colombia|loterias de Colombia|Loterias hoy|Ultimo resultado Loteria de Manizales|Varios,https://360radio.com.co/resultado-loteria-de-manizales-hoy-25-febrero-secos-numero-ganador-y-ultimo-sorteo/212078/
212072,"Lotería del Meta resultado hoy 25 febrero: secos, último sorteo y número ganador",2026-02-26 05:34:43,2026-02-26 05:34:44,publish,360 Radio,Territorio,Andres M|Loteria de Meta|Loteria del Meta 25 febrero|Loteria del Meta ayer|Loteria del Meta hoy|Loteria del Meta numero ganador|Loteria del Meta resultado|Loteria del Meta secos|Loteria del Meta ultimo sorteo|Loterias Colombia|Loterias hoy|Resultados Loterias|Ultimo resultado Loteria del Meta|Varios,https://360radio.com.co/loteria-del-meta-resultado-hoy-25-febrero-secos-ultimo-sorteo-y-numero-ganador/212072/
212066,"Resultado Lotería del Valle hoy 25 febrero: número ganador, secos y último sorteo",2026-02-26 05:29:16,2026-02-26 05:29:17,publish,360 Radio,Territorio,Andres M|Loteria del valle|Loteria del valle 25 febrero|Loteria del Valle ayer|loteria del valle hoy|Loteria del Valle numero ganador|Loteria del Valle resultado|Loteria del Valle secos|Loteria del Valle ultimo sorteo|loterias de Colombia|Loterias hoy|Varios,https://360radio.com.co/resultado-loteria-del-valle-hoy-25-febrero-numero-ganador-secos-y-ultimo-sorteo/212066/
212062,Bancolombia: servicios no estarán disponibles desde hoy 25 febrero,2026-02-25 21:15:50,2026-02-25 21:18:18,publish,Andrés Martín,Noticias de Colombia,Actualización Bancolombia|Bancolombia|Bancolombia hoy|Bancolombia noticias|FALLAS BANCOLOMBIA|Servicios Bancolombia|transacciones Bancolombia,https://360radio.com.co/bancolombia-servicios-no-estaran-disponibles-desde-hoy-25-febrero/212062/
212060,Pico y placa en Medellín este jueves 26 de febrero de 2026: vehículos con restricciones,2026-02-25 20:54:23,2026-02-25 20:54:23,publish,Juan Camilo Ocampo,Noticias de Medellín,medellin|Motos|Particulares|Pico y placa|Pico y placa en el Valle de Aburrá|Pico y placa en medellín|Pico y placa en Medellín 26 de febrero|Pico y placa en Medellín hoy|Taxis,https://360radio.com.co/medellin/pico-y-placa-en-medellin-este-jueves-26-de-febrero-de-2026-vehiculos-con-restricciones/
212050,Aprobación de Gustavo Petro subió en la última encuesta de Invamer,2026-02-25 20:45:32,2026-02-25 20:45:32,publish,Juan Camilo Ocampo,Noticias de Colombia|Política,Aprobación de Gustavo Petro|COLOMBIA|elecciones de 2026|Encuesta Invamer|Gustavo Petro|Invamer|POLITICA,https://360radio.com.co/aprobacion-de-gustavo-petro-subio-en-la-ultima-encuesta-de-invamer/212050/
212049,Impactantes videos de la erupción de volcán de lodo en Urabá hoy,2026-02-25 20:33:19,2026-02-25 20:48:40,publish,Andrés Martín,Noticias de Colombia,Antioquía|Erupción Volcan|Urabá|Volcan|Volcan Colombia|Volcan de Lodo|Volcan hoy,https://360radio.com.co/impactantes-videos-de-la-erupcion-de-volcan-de-lodo-en-uraba-hoy/212049/
212044,"Encuesta Invamer: los escenarios en segunda vuelta para Iván Cepeda, Abelardo de La Espriella, Sergio Fajardo y otros",2026-02-25 20:13:31,2026-02-25 20:47:46,publish,Andrés Martín,Política,ABELARDO DE LA ESPRIELLA|destacada|Elecciones 2026|Encuesta Invamer|Invamer|Iván Cepeda|Paloma Valencia|POLITICA|Sergio Fajardo,https://360radio.com.co/encuesta-invamer-los-escenarios-en-segunda-vuelta-para-ivan-cepeda-abelardo-de-la-espriella/212044/
212030,Universidad Nacional de Bogotá confirmó extensión de paro hasta esta fecha de marzo,2026-02-25 19:41:01,2026-02-25 19:41:01,publish,Julieth Barbosa,Educación|Noticias de Bogotá,Asamblea Triestamentaria UNAL|Autonomía universitaria Colombia|Consulta estamentaria Múnera|Crisis institucional Universidad Nacional|Fallo Tribunal Superior de Bogotá|Mesa Constituyente Universitaria|Paro Universidad Nacional Bogotá 2026|Rector Ismael Peña Reyes,https://360radio.com.co/bogota/universidad-nacional-de-bogota-confirmo-extension-de-paro-hasta-esta-fecha-de-marzo/
212032,Iván Cepeda cerca de ganar en primera vuelta: así está la intención de voto,2026-02-25 19:38:15,2026-02-25 19:50:37,publish,Juan Camilo Ocampo,Noticias de Colombia|Política,ABELARDO DE LA ESPRIELLA|COLOMBIA|Elecciones 2026|Encuenta Invamer|Invamer|Iván Cepeda|Iván Cepeda cerca de ganar en primera vuelta|Paloma Valencia|POLITICA|Primera Vuelta|Sergio Fajardo,https://360radio.com.co/ivan-cepeda-cerca-de-ganar-en-primera-vuelta-asi-esta-la-intencion-de-voto/212032/
212027,Gobernación de Antioquia pone en marcha obras de pavimentación en 29 corredores,2026-02-25 19:16:35,2026-02-25 19:16:35,publish,Juan Camilo Ocampo,Noticias de Antioquia|Noticias de Medellín,Antioquía|Gobernación de Antioquia|medellin|Pavimentación en 29 corredores,https://360radio.com.co/medellin/gobernacion-de-antioquia-pone-en-marcha-obras-de-pavimentacion-en-29-corredores/
212023,Inclusión y empleo: Medellín lanza feria para fortalecer la participación de grupos étnicos,2026-02-25 18:32:18,2026-02-25 18:38:27,publish,Juan Camilo Ocampo,Noticias de Medellín,Alcaldia de medellin|Comfenalco Antioquia|Feria de Empleabilidad dirigida a grupos étnicos|Feria de empleo en Medellín|Grupos étnicos|Inclusión y empleo|medellin|Síntesis,https://360radio.com.co/medellin/inclusion-y-empleo-medellin-lanza-feria-para-fortalecer-la-participacion-de-grupos-etnicos/
212019,Cómo saber si debe declarar su patrimonio por el nuevo decreto 0173 de 2026,2026-02-25 17:39:45,2026-02-25 17:54:07,publish,Juan Camilo Ocampo,Noticias de Colombia|Política,Decreto 0173 de 2026|Emergencia económica|Impuesto al patrimonio|POLITICA,https://360radio.com.co/como-saber-si-debe-declarar-su-patrimonio-por-el-nuevo-decreto-0173-de-2026/212019/
212014,Millonarios y DIM no se aguantan más el arbitraje colombiano: Estas fueron las denuncias formales,2026-02-25 16:46:12,2026-02-25 16:47:36,publish,Juan Camilo Ocampo,Deportes,Arbitraje colombiano|DEPORTES|Deportivo Independiente Medellín|DIM|Fútbol Colombiano|Millonarios,https://360radio.com.co/deportes/millonarios-y-dim-no-se-aguantan-mas-el-arbitraje-colombiano-estas-fueron-las-denuncias-formales/
212010,Dorado Tarde resultado hoy 25 febrero: número ganador del último sorteo,2026-02-25 16:17:38,2026-02-25 16:17:38,publish,360 Radio,Territorio,Andres M|Chance dorado tarde|Chances Colombia|Chances hoy|Dorado Tarde|Dorado tarde 25 febrero|Dorado Tarde Hoy|Dorado tarde numero ganador|Dorado Tarde resultado|Dorado tarde ultimo sorteo|Loterias Colombia|Loterias hoy|Resultados Chances|Resultados Loterias|Varios,https://360radio.com.co/dorado-tarde-resultado-hoy-25-febrero-numero-ganador-del-ultimo-sorteo/212010/
212005,Barranquilla acelera gestiones para convertirse en sede de la Fórmula 1,2026-02-25 15:59:24,2026-02-25 15:59:24,publish,Juan Camilo Ocampo,Deportes|Noticias del Caribe,Alejandro Char|Barranquila|caribe|DEPORTES|F1|Fórmula 1|Fótmula 1 en Barranquila,https://360radio.com.co/deportes/barranquilla-acelera-gestiones-para-convertirse-en-sede-de-la-formula-1/
212000,Colombia es el segundo país con mayor crimen organizado del mundo en 2025,2026-02-25 15:31:14,2026-02-25 15:31:14,publish,Juan Camilo Ocampo,Noticias de Colombia,COLOMBIA|Colombia es el segundo país con mayor crimen organizado del mundo en 2025|Crimen organizado|Crimen organizado en Colombia|Global Organized Crime Index 2025,https://360radio.com.co/colombia-es-el-segundo-pais-con-mayor-crimen-organizado-del-mundo-en-2025/212000/
211995,The Reinvention Community: la apuesta para fortalecer la competitividad de Colombia,2026-02-25 14:56:22,2026-02-25 14:56:45,publish,Juan Camilo Ocampo,Empresas|Noticias de Colombia,Accenture|COLOMBIA|competitividad de Colombia|Empresas|IA|Inteligencia artificial|The Reinvention Community,https://360radio.com.co/the-reinvention-community-la-apuesta-para-fortalecer-la-competitividad-de-colombia/211995/
211980,"Banca, ciberseguridad y agentes inteligentes: el nuevo tablero de juego que discuten líderes en Colombia",2026-02-25 14:31:45,2026-02-25 14:31:45,publish,Juan Camilo Ocampo,Noticias de Colombia,Banca|Ciberseguridad|COLOMBIA|ECONOMIA|Empresas|Inteligencia artificial,https://360radio.com.co/banca-ciberseguridad-y-agentes-inteligentes-el-nuevo-tablero-de-juego-que-discuten-lideres-en-colombia/211980/
211985,Medellín se convierte en el epicentro global de la electrónica con la llegada del EDC,2026-02-25 14:28:24,2026-02-25 14:28:24,publish,Julieth Barbosa,Entretenimiento|Noticias de Medellín,Boletas EDC Medellín|EDC Colombia 2026|Electric Daisy Carnival Colombia|Festival de música electrónica Medellín|Future Owl EDC|Insomniac y Páramo Presenta|Precios EDC Colombia|Unidad Deportiva Atanasio Girardot,https://360radio.com.co/entretenimiento/medellin-se-convierte-en-el-epicentro-global-de-la-electronica-con-la-llegada-del-edc/
211970,Fasecolda rechaza el nuevo impuesto al patrimonio para el sector asegurador en Colombia,2026-02-25 14:05:28,2026-02-25 14:05:28,publish,Julieth Barbosa,"Economía, finanzas y negocios|Empresas",Crisis del sector asegurador 2026|Decreto 0173 de 2026 Impuesto al Patrimonio|Estabilidad económica Colombia|Fasecolda sector asegurador|Impuesto al patrimonio personas jurídicas|Sobre tasa del impuesto de renta|Tarifa diferencial financiera|Tasa efectiva de tributación seguros,https://360radio.com.co/fasecolda-rechaza-el-nuevo-impuesto-al-patrimonio-para-el-sector-asegurador-en-colombia/211970/
211976,Convención de Exploración Energética 2026 inicia en Cartagena con un llamado a construir la transición desde la ciencia,2026-02-25 13:46:19,2026-02-25 13:46:19,publish,Andrés Martín,"Minería, energía e hidrocarburos",ACGGP|cartagena|COLOMBIA|Convención de Exploración Energetica|Eventos Cartagena|transición energetica,https://360radio.com.co/convencion-de-exploracion-energetica-2026-inicia-en-cartagena-con-un-llamado-a-construir-la-transicion-desde-la-ciencia/211976/
211971,Resultado Chontico Día hoy 25 febrero: número ganador y último sorteo,2026-02-25 13:39:11,2026-02-25 13:39:11,publish,360 Radio,Territorio,Andres M|Chance Chontico Dia|Chances Colombia|Chances hoy|chontico día|Chontico Dia 25 febrero|Chontico Dia hoy|Chontico Día numero ganador|Chontico Dia Resultado|Chontico Día último resultado|Loterias hoy|Loterias resultado|Último resultado Chontico Día|Varios,https://360radio.com.co/resultado-chontico-dia-hoy-25-febrero-numero-ganador-y-ultimo-sorteo/211971/
211965,Tarjetas virtuales: La solución tecnológica para frenar el fraude en agencias de viajes,2026-02-25 13:25:20,2026-02-25 13:25:20,publish,Julieth Barbosa,"Economía, finanzas y negocios|Tecnología",Agencias de viajes en Colombia 2026.|Capital de trabajo.|Flujo de caja en turismo|Liquidación de pagos BSP|Recaudo de clientes corporativos|Tarjetas virtuales (VCN),https://360radio.com.co/tecnologia/tarjetas-virtuales-la-solucion-tecnologica-para-frenar-el-fraude-en-agencias-de-viajes/
211937,"“La transición energética no se decreta”: Elsa Jaimes, VP Exploración Ecopetrol",2026-02-25 10:43:57,2026-02-25 10:43:57,publish,Andrés Martín,"Minería, energía e hidrocarburos",ACGGP|Convención Energetica|ECOPETROL|Elsa Jaimes|Exploracion,https://360radio.com.co/la-transicion-energetica-no-se-decreta-elsa-jaimes-vp-exploracion-ecopetrol/211937/
211951,Shakira confirma concierto en las Pirámides de Egipto para su gira mundial en 2026,2026-02-25 10:41:40,2026-02-25 10:41:40,publish,Julieth Barbosa,Cultura,Boletos para Shakira.|Concierto en las Pirámides de Giza.|Estatuto de la música latina.|Gira mundial de Shakira|Las Mujeres Ya No Lloran World Tour|Próximos conciertos de Shakira.|Shakira Egipto 2026|Shakira en vivo 2026.,https://360radio.com.co/shakira-confirma-concierto-en-las-piramides-de-egipto-para-su-gira-mundial-en-2026/211951/
211900,Ranking Merco ESG 2025: Estas son las empresas más responsables de Colombia,2026-02-25 10:30:00,2026-02-25 10:33:28,publish,Julieth Barbosa,Empresas,Bancolombia líder ESG.|destacada|Gobierno corporativo (ESG).|Mejores empresas para trabajar en Colombia.|Merco Responsabilidad ESG Colombia 2025|Monitor Empresarial de Reputación Corporativa.|Ranking de empresas más responsables|Reputación empresarial 2026.|Sostenibilidad corporativa Colombia.,https://360radio.com.co/ranking-merco-esg-2025-estas-son-las-empresas-mas-responsables-de-colombia/211900/
211942,Así funciona la tecnología de enrutamiento que busca reducir los trancones en las ciudades,2026-02-25 10:13:56,2026-02-25 10:13:56,publish,Julieth Barbosa,Movilidad|Tecnología,Ahorro de tiempo en tráfico.|Algoritmos de enrutamiento.|Infraestructura Digital|Inteligencia Artificial (IA)|Machine learning y transporte|Movilidad inteligente en Bogotá.|sostenibilidad urbana|Yango Group,https://360radio.com.co/tecnologia/asi-funciona-la-tecnologia-de-enrutamiento-que-busca-reducir-los-trancones-en-las-ciudades/
211936,"Inversiones forzosas, entre la emergencia y la distorsión del mercado financiero",2026-02-25 09:37:04,2026-02-25 09:37:04,publish,Andrés David Rico Salazar,Columnas|Opinión,Ahorro de los colombianos.|Crisis fiscal 2026|Economía popular y crédito.|Inversiones forzosas en Colombia.|Julieth B|Pacto por el Crédito|Sector financiero colombiano|tasas de interés Banco de la República|Títulos de Desarrollo Agropecuario (TDA).,https://360radio.com.co/inversiones-forzosas-entre-la-emergencia-y-la-distorsion-del-mercado-financiero/211936/
211926,Preocupación por proyecto de decreto que abriría puerta al traslado de $25 billones de AFP a Colpensiones,2026-02-25 08:22:57,2026-02-25 08:24:27,publish,Andrés Martín,"Economía, finanzas y negocios",Colpensiones|destacada|Economía Colombia|Ministerio de Trabajo|pensiones,https://360radio.com.co/preocupacion-por-proyecto-de-decreto-que-abriria-puerta-al-traslado-de-25-billones-de-afp-a-colpensiones/211926/
211921,"Lotería del Huila resultado hoy 24 febrero: número ganador, último sorteo y secos",2026-02-25 04:01:13,2026-02-25 04:01:13,publish,360 Radio,Territorio,Andres M|Loteria del Huila|Loteria del Huila 24 febrero|Loteria del Huila hoy|Loteria del Huila numero ganador|Loteria del Huila resultado|Loteria del Huila secos|Loteria del Huila ultimo sorteo|Loterías|Loterias Colombia|Ultimo resultado Loteria del Huila|Varios,https://360radio.com.co/loteria-del-huila-resultado-hoy-24-febrero-numero-ganador-ultimo-sorteo-y-secos/211921/
211915,"Resultado Lotería de la Cruz Roja hoy 24 febrero: secos, número ganador y último sorteo",2026-02-25 03:54:33,2026-02-25 03:54:33,publish,360 Radio,Territorio,Andres M|lotería de la cruz roja|Loteria de la cruz roja 24 febrero|Loteria de la Cruz Roja hoy|Loteria de la Cruz Roja numero ganador|Loteria de la cruz roja resultados|Loteria de la Cruz Roja secos|Loteria de la Cruz Roja ultimo sorteo|Loterias Colombia|Loterias hoy|Ultimo resultado Cruz Roja|Varios,https://360radio.com.co/resultado-loteria-de-la-cruz-roja-hoy-24-febrero-secos-numero-ganador-y-ultimo-sorteo/211915/
211909,American Airlines: avión habría sido impactado por una bala en Colombia,2026-02-24 19:42:58,2026-02-24 19:42:58,publish,Andrés Martín,Noticias de Colombia,,https://360radio.com.co/american-airlines-avion-habria-sido-impactado-por-una-bala-en-colombia/211909/
211899,Resultado Super Astro Sol hoy 24 febrero: último sorteo y número ganador,2026-02-24 16:57:28,2026-02-24 16:57:28,publish,360 Radio,Territorio,Andres M|Astro Sol 24 febrero|Astro Sol Colombia|Astro Sol hoy|Astro Sol numero ganador|Astro Sol resultado|Astro Sol ultimo sorteo|Chance astro sol|Chance Hoy|Chances Colombia|Loterias hoy|Resultados Chances|Resultados Loterias|super astro sol|Varios,https://360radio.com.co/resultado-super-astro-sol-hoy-24-febrero-ultimo-sorteo-y-numero-ganador/211899/
211892,Caribeña Día resultado hoy 24 febrero: número ganador y último sorteo,2026-02-24 16:27:52,2026-02-24 16:27:52,publish,360 Radio,Uncategorized,Andres M|Caribeña Dia|Caribeña Dia 24 febrero|Caribeña dia hoy|Caribeña Dia premios|Caribeña Dia resultado|Caribeña dia ultimo sorteo|Chance Caribeña Dia|Chances Colombia|Chances hoy|Loterias Colombia|Resultados Chances|Resultados Loteria|Varios,https://360radio.com.co/caribena-dia-resultado-hoy-24-febrero-numero-ganador-y-ultimo-sorteo/211892/
211877,¿Qué empresas pagarán el nuevo impuesto al patrimonio? Conozca los topes y exenciones,2026-02-24 16:20:04,2026-02-24 16:30:03,publish,Julieth Barbosa,Noticias de Colombia,,https://360radio.com.co/que-empresas-pagaran-el-nuevo-impuesto-al-patrimonio-conozca-los-topes-y-exenciones/211877/
211870,Resultado Dorado Tarde hoy 24 febrero: último sorteo y número ganador,2026-02-24 16:02:17,2026-02-24 16:02:17,publish,360 Radio,Territorio,Andres M|Chance dorado tarde|Chances Colombia|Chances hoy|Dorado Tarde|Dorado tarde 24 febrero|Dorado Tarde Hoy|Dorado tarde numero ganador|Dorado tarde premios|Dorado Tarde resultado|Dorado tarde ultimo sorteo|Resultados Chances|Resultados Loterias|último resultado Dorado Tarde|Varios,https://360radio.com.co/resultado-dorado-tarde-hoy-24-febrero-ultimo-sorteo-y-numero-ganador/211870/
211867,Warner Bros. analiza nueva oferta de Paramount que supera los US$108.000 millones,2026-02-24 16:01:10,2026-02-24 16:01:10,publish,Julieth Barbosa,Empresas|Entretenimiento,Acciones de Warner Bros Discovery|Adquisición de Warner Bros Discovery 2026|David Ellison Skydance Hollywood|Fusión Netflix y Warner Bros|Futuro de Warner Bros Studios|Guerra de ofertas streaming 2026|Oferta de Paramount Skydance por Warner|Venta de activos de HBO y CNN,https://360radio.com.co/entretenimiento/warner-bros-analiza-nueva-oferta-de-paramount-que-supera-los-us108-000-millones/
211858,Laurence des Cars renuncia a la dirección del Louvre tras crisis por el robo de joyas reales,2026-02-24 15:03:58,2026-02-24 15:03:58,publish,Julieth Barbosa,Noticias del mundo,Crisis Museo del Louvre|Dimisión directora del Louvre 2026|Emmanuel Macron Louvre Nuevo Renacimiento|Escándalos Museo del Louvre|Laurence des Cars renuncia|Nueva pirámide del Louvre 2031|Robo joyas de la Corona Louvre|Seguridad en museos de Francia,https://360radio.com.co/laurence-des-cars-renuncia-a-la-direccion-del-louvre-tras-crisis-por-el-robo-de-joyas-reales/211858/
211850,"Así puede inscribirse en los programas gratuitos de Idartes para niños, jóvenes y adultos",2026-02-24 14:05:55,2026-02-24 14:05:55,publish,Julieth Barbosa,Cultura|Noticias de Bogotá,Actividades culturales en Bogotá|Centros Crea Bogotá|Cursos gratuitos Idartes 2026|Educación no formal Idartes|Formación artística gratuita|Inscripciones Idartes|Programa Crea Bogotá|Talleres de arte para niños y adultos,https://360radio.com.co/bogota/asi-puede-inscribirse-en-los-programas-gratuitos-de-idartes-para-ninos-jovenes-y-adultos/
211847,¿Por qué América Latina necesita una IA con contexto propio?,2026-02-24 12:51:55,2026-02-24 12:51:55,publish,360 Radio,Columnas|Opinión,Automatización de procesos financieros|Eficiencia operativa empresarial|Gestión de datos estructurados|Inteligencia Artificial para finanzas en Latinoamérica|Julieth B|Matías Umaschi CEO Payana|Productividad financiera 2026|Tecnología aplicada al flujo de caja|Transformación digital para CFOs,https://360radio.com.co/por-que-america-latina-necesita-una-ia-con-contexto-propio/211847/
211833,Colombia firma acuerdo histórico con la OIEA para explorar la energía nuclear en su matriz,2026-02-24 12:39:19,2026-02-24 12:39:19,publish,Julieth Barbosa,Noticias de Colombia,Acuerdo OIEA Colombia|Descarbonización de la economía colombiana|Energía nuclear en Colombia 2026|Ministerio de Minas y Energía Edwin Palma|Rafael Mariano Grossi en Cartagena|Reactores Modulares Pequeños (SMR)|Seguridad energética eléctrica|Transición Energética Justa,https://360radio.com.co/colombia-firma-acuerdo-historico-con-la-oiea-para-explorar-la-energia-nuclear-en-su-matriz/211833/
211838,"Maroon 5 en Colombia: fechas, boletería y en dónde será el concierto",2026-02-24 12:10:23,2026-02-24 12:10:24,publish,Andrés Martín,Entretenimiento,Boletería Maroon 5|Coliseo Medplus|Concierto Maroon 5|Maroon 5|Maroon 5 Colombia|Maroon 5 Colombia 2026|Maroon 5 giras 2026|Maroon 5 regresa a Colombia,https://360radio.com.co/entretenimiento/maroon-5-en-colombia-fechas-boleteria-y-en-donde-sera-el-concierto/
211834,Resultado Dorado Mañana 24 febrero: número ganador hoy y último sorteo,2026-02-24 12:01:28,2026-02-24 12:01:28,publish,Andrés Martín,Territorio,Andres M|Chance Dorado Mañana|Chances Colombia|Chances hoy|Dorado Mañana|Dorado Mañana 24 febrero|Dorado Mañana hoy|Dorado Mañana numero ganador|Dorado Mañana resultado|Dorado mañana ultimo sorteo|Loterias Colombia|Loterias hoy|Resultados Chances|Resultados Loterias|Varios,https://360radio.com.co/resultado-dorado-manana-24-febrero-numero-ganador-hoy-y-ultimo-sorteo/211834/
211821,Envigado intensifica medidas ante pronóstico de lluvias persistentes,2026-02-24 11:01:01,2026-02-24 11:01:01,publish,Juan Camilo Ocampo,Noticias de Antioquia|Noticias de Medellín,Alcaldía de Envigado|Antioquía|envigado|Envigado intensifica medidas ante pronóstico de lluvias|Ola nvernal,https://360radio.com.co/medellin/envigado-intensifica-medidas-ante-pronostico-de-lluvias-persistentes/
211815,¿Cómo llegar a Neuquén desde Colombia? Guía de viaje para conocer la Patagonia argentina,2026-02-24 10:58:45,2026-02-24 10:58:45,publish,Julieth Barbosa,Noticias del mundo,Esquí en Argentina 2026|Gastronomía patagónica|Ruta de los Siete Lagos|San Martín de los Andes desde Colombia|Villa La Angostura vacaciones|Volcán Copahue termas|Vuelos Bogotá a Neuquén,https://360radio.com.co/como-llegar-a-neuquen-desde-colombia-guia-de-viaje-para-conocer-la-patagonia-argentina/211815/
211816,Dictamen oficial establece que los restos analizados pertenecen a Camilo Torres,2026-02-24 10:27:15,2026-02-24 10:27:15,publish,Juan Camilo Ocampo,Noticias de Colombia|Política,Camilo Torres|COLOMBIA|Medicina Legal|POLITICA|Restos analizados pertenecen a Camilo Torres|Restos de Camilo Torres,https://360radio.com.co/dictamen-oficial-establece-que-los-restos-analizados-pertenecen-a-camilo-torres/211816/
211878,Inversión de Argos en Colombia superará los USD 50 millones para modernizar su operación,2026-02-24 10:23:17,2026-02-24 16:12:58,publish,Andrés Martín,Empresas,Argos|Cementos Argos|Empresas,https://360radio.com.co/inversion-de-argos-en-colombia-superara-los-usd-50-millones-para-modernizar-su-operacion/211878/
211811,Robbie Williams en Bogotá: fecha confirmada de su presentación y boletería en el Movistar Arena,2026-02-24 09:40:26,2026-02-24 09:40:26,publish,Julieth Barbosa,Entretenimiento|Noticias de Colombia,Álbum Britpop Robbie Williams|Boletas Robbie Williams Movistar Arena|Concierto Robbie Williams Colombia precios|Robbie Williams en Bogotá 2026|Robbie Williams supera a The Beatles|Robbie Williams y Jesse &amp; Joy Human|Setlist Robbie Williams Bogotá|Tuboleta Robbie Williams preventa,https://360radio.com.co/entretenimiento/robbie-williams-en-bogota-fecha-confirmada-de-su-presentacion-y-boleteria-en-el-movistar-arena/
211806,Apple producirá la Mac mini en Houston para reducir su dependencia de las cadenas de Asia,2026-02-24 09:16:16,2026-02-24 10:21:34,publish,Julieth Barbosa,Tecnología,. Apple vs Aranceles Trump|Apple Made in USA|Cadena de suministro Apple|Chips de nueva generación|destacada|Fabricación de Apple en Estados Unidos|Mac mini en Houston|Producción de servidores de IA|Tim Cook inversión Texas,https://360radio.com.co/tecnologia/apple-producira-la-mac-mini-en-houston-para-reducir-su-dependencia-de-las-cadenas-de-asia/
211802,ICA Bogotá: fecha máxima y plazo para declarar y pagar el impuesto 2025,2026-02-24 07:00:22,2026-02-24 07:00:42,publish,Andrés Martín,"Economía, finanzas y negocios|Noticias de Bogotá",Bogotá|Donde Pagar ICA Bogota|ICA Bogota|ICA Bogota 2025|ICA quienes pagan|Impuesto ICA|Pagar ICA Bogota|Secretaría de Hacienda,https://360radio.com.co/bogota/ica-bogota-fecha-maxima-y-plazo-para-declarar-y-pagar-el-impuesto-2025/
211797,Baloto y Revancha resultado hoy lunes 23 febrero: ganadores y premios,2026-02-24 06:49:39,2026-02-24 06:49:39,publish,360 Radio,Territorio,Andres M|Baloto|Baloto 23 febrero|Baloto ayer|Baloto cuando juega|Baloto Hoy|Baloto lunes resultados|Baloto y Revancha|Loterias Colombia|Loterias hoy|Loterias Resultados|Numeros ganadores Baloto|Resultado Baloto|Varios,https://360radio.com.co/baloto-y-revancha-resultado-hoy-lunes-23-febrero-ganadores-y-premios/211797/
211795,Bancolombia ya funciona: el Banco restableció sus servicios,2026-02-24 06:40:11,2026-02-24 06:40:11,publish,Andrés Martín,Noticias de Colombia,Bancolombia|Bancolombia Actualizacion|Bancolombia APP|Bancolombia fallas|Bancolombia hoy|Fallas Bancolombia hoy|Fallas Nequi|Noticias Bancolombia,https://360radio.com.co/bancolombia-ya-funciona-el-banco-restablecio-sus-servicios/211795/
211790,Super Astro Luna resultado hoy 23 febrero: último sorteo y número ganador,2026-02-24 06:26:36,2026-02-24 10:15:50,publish,360 Radio,Territorio,Andres M|Astro Luna 23 febrero|Astro Luna hoy|Astro Luna numro ganador|Astro Luna resultado|Astro Luna ultimo sorteo|Chance Super Astro Luna|Loterias hoy|super astro luna|Varios,https://360radio.com.co/super-astro-luna-resultado-hoy-23-febrero-ultimo-sorteo-y-numero-ganador/211790/
211784,"Resultado Lotería del Tolima 23 febrero: número ganador hoy, secos y último sorteo",2026-02-24 06:19:41,2026-02-24 06:19:41,publish,360 Radio,Territorio,Andres M|lotería del tolima|Loteria del tolima 23 febrero|Loteria del Tolima ayer|Loteria del Tolima hoy|Loteria del Tolima numero ganador|Loteria del Tolima premios|Loteria del Tolima resultado|Loteria del Tolima secos|Loteria del Tolima ultimo sorteo|Loterias Colombia|Loterias hoy|Resultados Loterias|Ultimo resultado loteria del Tolima|Varios,https://360radio.com.co/resultado-loteria-del-tolima-23-febrero-numero-ganador-hoy-secos-y-ultimo-sorteo/211784/
211777,"Lotería de Cundinamarca resultado hoy 23 febrero: número ganador, secos y último sorteo",2026-02-24 06:12:26,2026-02-24 06:12:27,publish,360 Radio,Territorio,Andres M|Lotería de Cundinamarca|Loteria de Cundinamarca ayer|Loteria de Cundinamarca hoy|Loteria de Cundinamarca numero ganador|Loteria de Cundinamarca resultado|Loteria de Cundinamarca secos|Loteria de Cundinamarca ultimo sorteo|loterias de Colombia|Loterias hoy|Resultados Loterias|Ultimo resultado Loteria de Cundianamarca|Varios,https://360radio.com.co/loteria-de-cundinamarca-resultado-hoy-23-febrero-numero-ganador-secos-y-ultimo-sorteo/211777/
211768,Resultado Caribeña Noche hoy 23 febrero: último sorteo y número ganador,2026-02-23 22:48:14,2026-02-23 22:48:14,publish,360 Radio,Territorio,Andres M|Caribeña Noche|Caribeña noche 23 febrero|Caribeña noche hoy|Caribeña noche numero ganador|Caribeña noche resultado|Caribeña noche ultimo sorteo|Chance Caribeña Noche|Chances Colombia|Chances hoy|Loterias Colombia|Loterias hoy|Resultados Loterias|Ultimo resultado Caribeña noche|Varios,https://360radio.com.co/resultado-caribena-noche-hoy-23-febrero-ultimo-sorteo-y-numero-ganador/211768/
211764,Diana Ospina: primeros videos tras ser encontrada por la Policía en Choachí,2026-02-23 22:41:12,2026-02-23 22:59:46,publish,Andrés Martín,Noticias de Bogotá,Aparecio Diana Ospina|Diana Ospina|Diana Ospina Bogota|Diana Ospina taxi|Diana Ospina Theatron|Videos Diana Ospina,https://360radio.com.co/bogota/diana-ospina-primeros-videos-tras-ser-encontrada-por-la-policia-en-choachi/
211757,Apareció Diana Ospina en Bogotá: este es el lugar donde fue vista,2026-02-23 22:32:09,2026-02-23 22:59:28,publish,Andrés Martín,Noticias de Bogotá,Aparecio Diana Ospina|Diana Ospina|Diana Ospina Bogota|Diana Ospina Theatron|Quien es Diana Ospina|Theatron,https://360radio.com.co/bogota/aparecio-diana-ospina-en-bogota-este-es-el-lugar-donde-fue-vista/
211754,Resultado Cafeterito Noche 23 febrero: último sorteo y número ganador,2026-02-23 21:19:04,2026-02-23 21:19:04,publish,360 Radio,Territorio,Andres M|Cafeterito Noche|Cafeterito Noche 23 febrero|Cafeterito Noche hoy|Cafeterito Noche numero ganador|Cafeterito Noche resultado|Cafeterito Noche ultimo sorteo|Chance Cafeterito Noche|Chances Colombia|Chances hoy|Loterias Colombia|Loterias hoy|Resultados Chances|Resultados Loterias|Ultimo resultado Cafeterito Noche|Varios,https://360radio.com.co/resultado-cafeterito-noche-23-febrero-ultimo-sorteo-y-numero-ganador/211754/
211737,Pico y placa en Medellín este martes 24 de febrero de 2026: vehículos con restricciones,2026-02-23 21:11:38,2026-02-23 19:53:56,publish,Juan Camilo Ocampo,Noticias de Medellín,medellin|Motos|Particulares|Pico y placa|Pico y placa en medellín|Pico y placa hoy|Pico y placa hoy en Medellín|Taxis,https://360radio.com.co/medellin/pico-y-placa-en-medellin-este-martes-24-de-febrero-de-2026-vehiculos-con-restricciones/
211748,Sector turístico de Urabá enfrenta caída en reservas por fuerte ola invernal,2026-02-23 21:03:02,2026-02-23 21:03:02,publish,Juan Camilo Ocampo,Noticias de Antioquia|Noticias de Medellín,Antioquía|Ola invernal en Urabá|Sector turístico de Urabá|Urabá|Urabá antioqueño,https://360radio.com.co/medellin/sector-turistico-de-uraba-enfrenta-caida-en-reservas-por-fuerte-ola-invernal/
211744,Qué está pasando con Nequi y Bancolombia,2026-02-23 20:36:22,2026-02-23 21:14:27,publish,Juan Camilo Ocampo,Noticias de Colombia,Bancolombia|COLOMBIA|fallas en Bancolombia y Nequi|Nequi,https://360radio.com.co/que-esta-pasando-con-nequi-y-bancolombia-y-solo-hacer-un-contexto/211744/
211736,Chontico Noche resultado hoy 23 febrero: último sorteo y número ganador,2026-02-23 19:54:11,2026-02-23 19:54:11,publish,360 Radio,Territorio,Andres M|Chance Chontico Noche|Chances Colombia|Chances hoy|Chances resultados|Chontico Noche|Chontico Noche 23 febrero|Chontico Noche hoy|Chontico Noche numero ganador|Chontico Noche resultado|Chontico Noche ultimo sorteo|Loterias Colombia|Loterias hoy|Resultados Loterias|último resultado Chontico Noche|Varios,https://360radio.com.co/chontico-noche-resultado-hoy-23-febrero-ultimo-sorteo-y-numero-ganador/211736/
211732,Servicios de Bancolombia estarán fuera de servicio desde hoy: esto se sabe,2026-02-23 19:44:53,2026-02-23 19:56:01,publish,Andrés Martín,Noticias de Colombia,Bancolombia|Bancolombia APP|Bancolombia caido|Bancolombia fallas|Bancolombia hoy|Error Bancolombia|Fallas Bancolombia hoy|Nequi Caido|Pagos Bancolombia,https://360radio.com.co/servicios-de-bancolombia-estaran-fuera-de-servicio-desde-hoy-esto-se-sabe/211732/
211721,La fortuna de Michael Jordan supera a la de cualquier otro deportista en la historia,2026-02-23 19:07:47,2026-02-23 19:08:14,publish,Juan Camilo Ocampo,Deportes,DEPORTES|Esta es la Fortuna de Michael Jordan|Fortuna de Michael Jordan|Jordan|Michael Jordan y su fortuna|Micharl Jordan|NBA,https://360radio.com.co/deportes/la-fortuna-de-michael-jordan-supera-a-la-de-cualquier-otro-deportista-en-la-historia/
211725,"Grupo Cibest cerró 2025 con $3,8 billones en utilidades y fuerte retroceso anual",2026-02-23 18:39:21,2026-02-23 19:49:23,publish,Juan Camilo Ocampo,"Economía, finanzas y negocios|Noticias de Colombia",8 billones en utilidades|COLOMBIA|ECONOMIA|Grupo Cibest|Grupo Cibest cerró 2025 con $3|Grupo Cibest en el 2025|Utilidades del Grupo Cibest,https://360radio.com.co/grupo-cibest-cerro-2025-con-38-billones-en-utilidades-y-fuerte-retroceso-anual/211725/
211713,Antioquia lidera en Colombia la implementación de pruebas para detectar H3N2,2026-02-23 17:20:35,2026-02-23 17:21:19,publish,Juan Camilo Ocampo,Noticias de Antioquia|Noticias de Medellín,Antioquía|Antioquia identifica variante H3N2|Gobernación de Antioquia|H3N2|medellin|Salud pública|Síntesis,https://360radio.com.co/medellin/antioquia-lidera-en-colombia-la-implementacion-de-pruebas-para-detectar-h3n2/
211693,EPM refuerza su Gasoducto Virtual con siete nuevos equipos de transporte de GNC en Antioquia,2026-02-23 16:59:19,2026-02-23 19:54:31,publish,Julieth Barbosa,Empresas,cobertura de gas natural en municipios|desarrollo económico en Antioquia|destacada|EPM Gasoducto Virtual|Gas Natural Comprimido en Antioquia|inversión en infraestructura energética|programa Gas sin Fronteras|seguridad en transporte de gas|transporte de GNC en Colombia,https://360radio.com.co/epm-refuerza-su-gasoducto-virtual-con-siete-nuevos-equipos-de-transporte-de-gnc-en-antioquia/211693/
211708,Alcaldía de Medellín pone en marcha obras de renovación en el Parque Berrío,2026-02-23 16:55:36,2026-02-23 16:55:47,publish,Juan Camilo Ocampo,Noticias de Medellín,Alcaldia de medellin|centro de medellin|medellin|Parque Berrío|Renovación del Parque Berrío|Síntesis,https://360radio.com.co/medellin/alcaldia-de-medellin-pone-en-marcha-obras-de-renovacion-en-el-parque-berrio/
211699,Gobierno convoca a la banca para anunciar decreto de inversiones obligatorias,2026-02-23 16:34:45,2026-02-23 16:34:45,publish,Juan Camilo Ocampo,Noticias de Colombia|Política,Banca|Bancos|COLOMBIA|Gobierno convoca a la banca|Gobierno de Petro|inversiones obligatorias|Ministro Germán Ávila|POLITICA,https://360radio.com.co/gobierno-convoca-a-la-banca-para-anunciar-decreto-de-inversiones-obligatorias/211699/
211694,Dorado Tarde resultado hoy 23 febrero: último sorteo y número ganador,2026-02-23 15:42:36,2026-02-23 15:42:36,publish,360 Radio,Territorio,Andres M|Chacnes Colombia|Chance dorado tarde|Chances hoy|Dorado Tarde|Dorado Tarde 23 febrero|Dorado Tarde Hoy|Dorado tarde numero ganador|Dorado Tarde resultado|Dorado tarde ultimo sorteo|Loterias Colombia|Loterias hoy|Resultados Chances|Resultados Loterias|Varios,https://360radio.com.co/dorado-tarde-resultado-hoy-23-febrero-ultimo-sorteo-y-numero-ganador/211694/
211683,Reparto latino lidera la ambiciosa serie La casa de los espíritus con estreno mundial en 2026,2026-02-23 15:13:54,2026-02-23 15:13:54,publish,Julieth Barbosa,Entretenimiento,adaptación televisiva de La casa de los espíritus|elenco de La casa de los espíritus|estreno de series latinoamericanas en streaming|nueva serie de Prime Video en América Latina|producción de ficción latinoamericana|reparto internacional de La casa de los espíritus|serie basada en la novela de Isabel Allende|serie La casa de los espíritus en Prime Video,https://360radio.com.co/entretenimiento/reparto-latino-lidera-la-ambiciosa-serie-la-casa-de-los-espiritus-con-estreno-mundial-en-2026/
211684,Chontico Día resultado hoy 23 febrero: número ganador y último sorteo,2026-02-23 14:03:58,2026-02-23 14:03:58,publish,360 Radio,Territorio,Andres M|Chance Chontico Dia|Chances Colombia|Chances hoy|chontico día|Chontico Dia 23 febrero|Chontico Dia hoy|Chontico Día numero ganador|Chontico Dia Resultado|Chontico Dia ultimo sorteo|Loterias Colombia|Loterias hoy|Resultados Chances|Resultados Loterias|Último resultado Chontico Día|Varios,https://360radio.com.co/chontico-dia-resultado-hoy-23-febrero-numero-ganador-y-ultimo-sorteo/211684/
211678,Así fue posible que salieran dos jurados de votación ciegos,2026-02-23 13:31:30,2026-02-23 13:31:30,publish,Julieth Barbosa,Elecciones 2026|Noticias de Colombia,bases de datos del sistema electoral|citación de jurados en Santander|designación de jurados por sorteo|discapacidad visual y jurados electorales|exoneración de jurados de votación|jurados de votación en Colombia|personas ciegas citadas como jurados de votación|Registraduría y jurados de votación,https://360radio.com.co/asi-fue-posible-que-salieran-dos-jurados-de-votacion-ciegos/211678/
211673,Habrá siete meses de trancón en el norte de Bogotá por este cierre vial,2026-02-23 12:25:36,2026-02-23 12:25:36,publish,Julieth Barbosa,Movilidad|Noticias de Bogotá,cierre en la carrera Séptima de Bogotá|cierres viales en Bogotá|corredor de la carrera Séptima|movilidad en el norte de Bogotá|obras del IDU en Bogotá|obras en la carrera Séptima|proyecto vial en la Séptima|transporte público en la Séptima,https://360radio.com.co/bogota/habra-siete-meses-de-trancon-en-el-norte-de-bogota-por-este-cierre-vial/
211665,Reveladas las razones de la caída de Nequi y Bancolombia este 22 y 23 de febrero,2026-02-23 11:52:37,2026-02-23 11:52:37,publish,Julieth Barbosa,"Colombia|Economía, finanzas y negocios|Empresas",caída de la app de Bancolombia|contingencia tecnológica en el sector financiero|fallas en Bancolombia y Nequi|fallas en pagos y transferencias en Colombia|intermitencias en servicios bancarios digitales|mantenimiento tecnológico en Bancolombia|problemas para transferencias a Nequi|servicios digitales de Bancolombia,https://360radio.com.co/reveladas-las-razones-de-la-caida-de-nequi-y-bancolombia-este-22-y-23-de-febrero/211665/
211666,Dorado Mañana resultado hoy 23 febrero: número ganador y último sorteo,2026-02-23 11:24:31,2026-02-23 11:24:31,publish,360 Radio,Territorio,Andres M|Chance Dorado Mañana|Chances Colombia|Chances hoy|Dorado Mañana|Dorado Mañana 23 febrero|Dorado Mañana hoy|Dorado Mañana numero ganador|Dorado Mañana resultado|Dorado mañana ultimo sorteo|loterias de Colombia|Loterias hoy|Resultados Loterias|último resultado Dorado Mañana|Varios,https://360radio.com.co/dorado-manana-resultado-hoy-23-febrero-numero-ganador-y-ultimo-sorteo/211666/
211655,Estas son las canciones de Willie Colón que más se han escuchado tras su muerte,2026-02-23 11:18:49,2026-02-23 11:18:49,publish,Julieth Barbosa,Cultura|Noticias del mundo,clásicos de salsa en rankings|consumo de música de Willie Colón|impacto en streaming tras la muerte de Willie Colón|legado musical de Willie Colón|listas de reproducción tras fallecimiento|radio y airplay en América Latina|reactivación de catálogo musical|repunte en Spotify y YouTube,https://360radio.com.co/estas-son-las-canciones-de-willie-colon-que-mas-se-han-escuchado-tras-su-muerte/211655/
211656,Confirmada la fecha de la reactivación de vuelos diarios entre Bogotá y Venezuela con Latam,2026-02-23 11:06:40,2026-02-23 11:06:40,publish,Andrés Martín,Noticias de Colombia,Latam Airlines|Vuelos Bogotá - Caracas,https://360radio.com.co/confirmada-la-fecha-de-la-reactivacion-de-vuelos-diarios-entre-bogota-y-venezuela-con-latam/211656/
211647,Parex Resources presentó oferta para adquirir activos de exploración y producción de Frontera Energy,2026-02-23 09:58:55,2026-02-23 10:23:11,publish,Julieth Barbosa,"Empresas|Minería, energía e hidrocarburos",activos de exploración y producción en Colombia|adquisición de activos de Frontera|empresas petroleras en Colombia|inversión extranjera en hidrocarburos|mercado de petróleo y gas en Colombia|oferta de Parex por Frontera en Colombia|sector petrolero colombiano|transacciones energéticas en Colombia,https://360radio.com.co/parex-resources-presento-oferta-para-adquirir-activos-de-exploracion-y-produccion-de-frontera-energy/211647/
211641,Petro propone que el Estado asuma la producción de cédulas en Colombia,2026-02-23 09:27:56,2026-02-23 09:27:56,publish,Julieth Barbosa,Noticias de Colombia,contratación de documentos oficiales|expedición de cédulas|Imprenta Nacional de Colombia|modelo estatal de documentos|Pasaportes en Colombia|producción de cédulas en Colombia|Registraduría Nacional del Estado Civil|Seguridad de datos ciudadanos,https://360radio.com.co/petro-propone-que-el-estado-asuma-la-produccion-de-cedulas-en-colombia/211641/
211637,Arena Primavera asegura su viabilidad con cierre financiero por $100.000 millones,2026-02-23 09:27:33,2026-02-23 09:27:33,publish,Julieth Barbosa,Entretenimiento,Arena Primavera financiación|economía del entretenimiento|escenarios para conciertos en Colombia|espectáculos en vivo en Colombia|industria del entretenimiento en Colombia|inversión en infraestructura cultural|nuevos escenarios en el Valle de Aburrá|proyectos culturales en Antioquia,https://360radio.com.co/entretenimiento/arena-primavera-asegura-su-viabilidad-con-cierre-financiero-por-100-000-millones/
211634,"Propuestas de Santiago Botero, candidato presidencial del ""balín""",2026-02-23 08:09:42,2026-02-23 08:09:42,publish,Andrés Martín,Noticias de Colombia|Política,Candidatos presidenciales|Elecciones 2026|Elecciones Colombia|POLITICA|Política Colombia|Propuestas Santiago Botero|Santiago Botero|Santiago Botero balin|Santiago Botero candidato,https://360radio.com.co/propuestas-de-santiago-botero-candidato-presidencial-del-balin/211634/
211455,Las cadenas de restaurantes más poderosas a nivel mundial,2026-02-23 08:03:06,2026-02-22 20:31:19,publish,Juan Camilo Ocampo,Noticias del mundo,Cadenas de restaurantes|Comida rápida|ECONOMIA|KFC|McDonald´s|MUNDO|Starbucks,https://360radio.com.co/las-cadenas-de-restaurantes-mas-poderosas-a-nivel-mundial/211455/
211630,¿En cuánto está la fortuna de Nemesio Oseguera “El Mencho” tras confirmarse su muerte?,2026-02-23 07:34:44,2026-02-23 07:34:44,publish,Andrés Martín,Noticias del mundo,Cártel de Jalisco|Carteles Mexicanos|El Mencho|EL Mencho captura|El Mencho fortuna|muerte de El Mencho|Narcos Mexicanos|Nemesio Oseguera,https://360radio.com.co/en-cuanto-esta-la-fortuna-de-nemesio-oseguera-el-mencho-tras-confirmarse-su-muerte/211630/
211626,Nuevo frente frío en Colombia al cierre de febrero: fechas y zonas más afectadas,2026-02-23 07:11:25,2026-02-23 07:11:25,publish,Andrés Martín,Noticias de Colombia,frente frío|Frente Frio Colombia|Frente Frio febrero|Frente frio que es|Hasta cuando llovera en Colombia|Lluvias en Colombia,https://360radio.com.co/nuevo-frente-frio-en-colombia-al-cierre-de-febrero-fechas-y-zonas-mas-afectadas/211626/
211621,Dos cafeterías colombianas están entre las mejores 100 del mundo,2026-02-23 06:59:59,2026-02-23 06:59:59,publish,Andrés Martín,Cultura,Café|Cafe colombiano|Cafeterias colombianas|cultura|Mejor cafe del mundo|ranking de Cafeterias,https://360radio.com.co/dos-cafeterias-colombianas-estan-entre-las-mejores-100-del-mundo/211621/
211614,"Sector asegurador en Colombia pagó $27,6 billones en 2025: salud y vida impulsaron el crecimiento",2026-02-23 06:45:11,2026-02-23 06:58:51,publish,Andrés Martín,"Economía, finanzas y negocios",Accidentes Seguros Colombia|destacada|Economía Colombia|Fasecolda|sector asegurador|Seguros Colombia,https://360radio.com.co/sector-asegurador-en-colombia-pago-276-billones-en-2025-salud-y-vida-impulsaron-el-crecimiento/211614/
211337,Así quedó el listado de las mejores universidades del mundo para 2026,2026-02-23 06:12:20,2026-02-22 20:30:34,publish,Juan Camilo Ocampo,Noticias del mundo,Educación|Harvard|las mejores universidades del mundo para 2026|MUNDO|Universidad de Oxford,https://360radio.com.co/asi-quedo-el-listado-de-las-mejores-universidades-del-mundo-para-2026/211337/
211610,Caribeña Noche resultado hoy 22 febrero: último sorteo y número ganador,2026-02-23 06:11:28,2026-02-23 06:11:28,publish,360 Radio,Territorio,Andres M|Caribeña Noche|Caribeña noche 22 febrero|Caribeña noche hoy|Caribeña noche numero ganador|Caribeña noche resultado|Caribeña noche ultimo sorteo|Chance Caribeña Noche|Chances hoy|Loterias Colombia|Loterias hoy|Resultados Chances|Resultados Loterias|Ultimo resultado Caribeña noche|Varios,https://360radio.com.co/caribena-noche-resultado-hoy-22-febrero-ultimo-sorteo-y-numero-ganador/211610/
211606,Resultado Super Astro Luna hoy 22 febrero: último sorteo y número ganador,2026-02-23 06:03:18,2026-02-23 06:07:25,publish,360 Radio,Territorio,Andres M|Astro Luna hoy|Astro Luna numero ganador|Astro Luna resultado|Astro Luna último resultado|Astro Luna ultimo sorteo|Chance Astro Luna|Chances Colombia|Chances hoy|Loterias Colombia|Loterias hoy|Resultados Chances|Resultados Loterias|super astro luna|Super astro Luna 22 febrero|Varios,https://360radio.com.co/resultado-super-astro-luna-hoy-22-febrero/211606/
211489,"Pantallas QLED, OLED y 8K marcan la tendencia tecnológica de la industria televisiva global",2026-02-22 20:29:28,2026-02-22 20:29:28,publish,Julieth Barbosa,Tecnología,competencia televisores global|innovación tecnológica TV|marcas de televisores chinos|mercado global de televisores 2026|pantallas QLED y OLED|Samsung televisores|televisores 4K y 8K|ventas de televisores 2026,https://360radio.com.co/tecnologia/pantallas-qled-oled-y-8k-marcan-la-tendencia-tecnologica-de-la-industria-televisiva-global/
211596,Resultado Chontico Noche hoy 22 febrero: número ganador y último sorteo,2026-02-22 20:28:58,2026-02-22 20:28:58,publish,360 Radio,Territorio,Andres M|Chance Chontico Noche|Chances Colombia|Chances hoy|Chontico Noche|Chontico noche 22 febrero|Chontico Noche hoy|Chontico Noche numero ganador|Chontico Noche resultado|Chontico Noche ultimo sorteo|Loterias Colombia|Loterias hoy|Resultados Chances|Resultados Loterias|último resultado Chontico Noche|Varios,https://360radio.com.co/resultado-chontico-noche-hoy-22-febrero-numero-ganador-y-ultimo-sorteo/211596/
211592,Dorado Noche resultado hoy 22 febrero: número ganador y último sorteo,2026-02-22 20:04:56,2026-02-22 20:04:56,publish,360 Radio,Territorio,Andres M|Chance dorado noche|Chances hoy|Dorado Noche|Dorado noche 22 febrero|Dorado Noche hoy|Dorado Noche número ganador|Dorado noche resultado|Dorado Noche ultimo sorteo|loterias de Colombia|Loterias hoy|Resultados Chances|Resultados Loterias|último resultado Dorado Noche|Varios,https://360radio.com.co/dorado-noche-resultado-hoy-22-febrero-numero-ganador-y-ultimo-sorteo/211592/
211585,"En fotos: Quién era Nemesio Oseguera, El Mencho, capó abatido hoy en México",2026-02-22 18:11:42,2026-02-22 18:11:42,publish,Julieth Barbosa,Noticias del mundo,capo abatido en México|Cártel Jalisco Nueva Generación|CJNG|muerte de El Mencho|narcotráfico en México|Nemesio Oseguera Cervantes|operativo en Jalisco|quién era El Mencho,https://360radio.com.co/en-fotos-quien-era-nemesio-oseguera-el-mencho-capo-abatido-hoy-en-mexico/211585/
211491,Colombia suma tres representantes entre los más ricos de Latinoamérica en 2026,2026-02-22 10:16:46,2026-02-22 10:16:46,publish,Julieth Barbosa,"Economía, finanzas y negocios|Empresas",Bloomberg Billionaires Index|Carlos Slim patrimonio|Desigualdad económica|Empresarios colombianos|inversión y finanzas Latinoamérica|millonarios en México|ricos de Latinoamérica 2026|riqueza en Brasil,https://360radio.com.co/colombia-suma-tres-representantes-entre-los-mas-ricos-de-latinoamerica-en-2026/211491/
211577,"Resultado Lotería del Cauca hoy 21 febrero: número ganador, último sorteo y secos",2026-02-22 06:16:29,2026-02-22 06:16:29,publish,360 Radio,Territorio,Andres M|Loteria del Cauca|Loteria del Cauca 21 febrero|Loteria del Cauca hoy|loteria del Cauca numero ganador|Loteria del Cauca resultado|Loteria del Cauca secos|Loteria del Cauca ultimo sorteo|Loterías|Loterias Colombia|Loterias hoy|Resultados Loterias|Ultimo resultado Loteria del Cauca|Varios,https://360radio.com.co/resultado-loteria-del-cauca-hoy-21-febrero-numero-ganador-ultimo-sorteo-y-secos/211577/
211570,"Lotería de Boyacá hoy 21 febrero: secos, resultado y último sorteo",2026-02-22 06:10:31,2026-02-22 06:10:32,publish,360 Radio,Territorio,Andres M|Loteria de Boyaca|Loteria de Boyaca 21 febrero|Loteria de Boyaca ayer|Loteria de Boyaca hoy|Loteria de Boyaca numero ganador|Loteria de Boyaca resultado|Loteria de Boyaca secos|Loteria de Boyaca ultimo sorteo|Loterías|Loterias Colombia|Loterias hoy|Resultados Loterias|Ultimo resultado Loteria de Boyaca|Varios,https://360radio.com.co/loteria-de-boyaca-hoy-21-febrero-secos-resultado-y-ultimo-sorteo/211570/
211563,La camiseta de Willie Colón que todos buscan tras su muerte,2026-02-21 17:44:00,2026-02-21 17:44:01,publish,Andrés Martín,Noticias del mundo,Canciones Willie Colon|Willie Colon|Willie Colon camiseta|Willie Colon de que murio|Willie Colon hoy|Willie Colon murio,https://360radio.com.co/la-camiseta-de-willie-colon-que-todos-buscan-tras-su-muerte/211563/
211558,Super Astro Sol hoy 21 febrero: resultado y último sorteo,2026-02-21 17:10:40,2026-02-21 17:10:40,publish,360 Radio,Territorio,Andres M|Astro Sol 21 febrero|Astro Sol hoy|Astro Sol numero ganador|Astro Sol resultado|Astro Sol ultimo sorteo|Astrol Sol chance|Chances Colombia|Chances hoy|Loterias Colombia|Loterias de hoy|Resultados Chances|Resultados Loterias|super astro sol|Varios,https://360radio.com.co/super-astro-sol-hoy-21-febrero-resultado-y-ultimo-sorteo/211558/
211553,Resultado Dorado Tarde hoy 21 febrero: número ganador y último sorteo,2026-02-21 17:06:45,2026-02-21 17:06:45,publish,360 Radio,Territorio,Andres M|Chance dorado tarde|Chances Colombia|Chances hoy|Dorado Tarde|Dorado tarde 21 febrero|Dorado Tarde Hoy|Dorado tarde numero ganador|Dorado tarde premios|Dorado Tarde resultado|Dorado tarde ultimo sorteo|Loterias Colombia|Loterias hoy|Resultado Loterias|Varios,https://360radio.com.co/resultado-dorado-tarde-hoy-21-febrero-numero-ganador-y-ultimo-sorteo/211553/
211545,Aeropuerto del Café: así funciona el contrato sin anticipos que cambia la ejecución de la obra,2026-02-21 11:41:50,2026-02-21 11:41:50,publish,Julieth Barbosa,Infraestructura|Noticias de Colombia,conectividad aérea Eje Cafetero|infraestructura aeroportuaria en Caldas|inicio construcción Aeropuerto del Café|Ministerio de Transporte Colombia|obra sin anticipos|pagos por hitos de obra pública|pista Aeropuerto del Café|vías de acceso Aerocafé,https://360radio.com.co/aeropuerto-del-cafe-asi-funciona-el-contrato-sin-anticipos-que-cambia-la-ejecucion-de-la-obra/211545/
211533,"Celulares que se quedarán sin actualizaciones en 2026: la lista de modelos de Apple, Samsung y Xiaomi",2026-02-21 10:49:06,2026-02-21 17:11:18,publish,Julieth Barbosa,Tecnología,celulares que dejarán de actualizarse en 2026|destacada|iPhone sin nuevas versiones|obsolescencia tecnológica|parches de seguridad móviles|Samsung actualizaciones Android|soporte de software en celulares|teléfonos sin actualizaciones|Xiaomi HyperOS 2026,https://360radio.com.co/tecnologia/celulares-que-se-quedaran-sin-actualizaciones-en-2026-la-lista-de-modelos-de-apple-samsung-y-xiaomi/
211528,Tecnología al servicio del bienestar: los dispositivos antiestrés que marcan tendencia,2026-02-21 09:40:41,2026-02-21 09:40:41,publish,Julieth Barbosa,Salud|Tecnología,anillos inteligentes Amazfit y Oura|dispositivos antiestrés en Colombia|gadgets de bienestar|mantas ponderadas|monitoreo de hipertensión|pistolas de masaje|reducción de ansiedad tecnológica|relojes inteligentes para salud,https://360radio.com.co/tecnologia/tecnologia-al-servicio-del-bienestar-los-dispositivos-antiestres-que-marcan-tendencia/
211524,"Así se encuentra hoy, 21 de febrero, la vía Villavicencio-Bogotá",2026-02-21 08:30:05,2026-02-21 08:30:05,publish,Julieth Barbosa,Movilidad|Noticias de Colombia,accidente vía Bogotá Villavicencio|Bomberos Chipaque|cierre de vía Villavicencio Bogotá|Coviandina alerta|derrame de combustible|rutas alternas Bogotá Villavicencio|Seguridad vial Colombia|tractocamión volcado,https://360radio.com.co/asi-se-encuentra-hoy-21-de-febrero-la-via-villavicencio-bogota/211524/
211520,Super Astro Luna resultado hoy 20 febrero: último sorteo y número ganador,2026-02-21 05:58:17,2026-02-21 05:58:17,publish,360 Radio,Territorio,Andres M|Astro Luna ayer|Astro Luna numero ganador|Astro Luna resultado|Astro Luna ultimo sorteo|Chance Super Astro Luna|Chances Colombia|Chances hoy|Loterias Colombia|Loterias hoy|resultado super astro luna|Resultados Chances|Resultados Loterias|super astro luna|Super astro Luna 20 febrero|Varios,https://360radio.com.co/super-astro-luna-resultado-hoy-20-febrero-ultimo-sorteo-y-numero-ganador/211520/
211513,"Resultado Lotería de Santander 20 febrero: secos hoy, número ganador y último sorteo",2026-02-21 05:44:44,2026-02-21 05:51:52,publish,360 Radio,Territorio,Andres M|Loteria de Santander|Loteria de santander 20 febrero|Loteria de Santander ayer|Loteria de Santander Hoy|Loteria de Santander numero ganador|Loteria de santander resultado|Loteria de Santander secos|Loteria de Santander ultimo sorteo|Loterias Colombia|Loterias hoy|Resultados Loterias|Varios,https://360radio.com.co/resultado-loteria-de-santander-20-febrero/211513/
211507,"Resultado Lotería de Risaralda hoy 20 febrero: secos, último sorteo y número ganador",2026-02-21 05:43:28,2026-02-21 05:43:28,publish,360 Radio,Territorio,Andres M|Literia de Risaralda ayer|Loteria de Risaralda|Loteria de Risaralda 20 febrero|Loteria de Risaralda hoy|Loteria de Risaralda numero ganador|Loteria de Risaralda secos|Loteria de Risaralda ultimo sorteo|Loterías|Loterias Colombia|Loterias de hoy|Resultados Loterias|Varios,https://360radio.com.co/resultado-loteria-de-risaralda-hoy-20-febrero-secos-ultimo-sorteo-y-numero-ganador/211507/
211501,"Resultado Lotería de Medellín hoy 20 febrero: número ganador, secos y último sorteo",2026-02-21 05:36:26,2026-02-21 05:36:26,publish,360 Radio,Territorio,Andres M|Lotería de Medellín|Loteria de Medellin 20 febrero|Loteria de Medellin ayer|Loteria de Medellin hoy|Loteria de Medellin numeo ganador|Loteria de Medellin Secos|Loteria de Medellin ultimo sorteo|loterias de Colombia|Loterias hoy|Resultados Loterias|Ultimo resultado Loteria de Medellin|Varios,https://360radio.com.co/resultado-loteria-de-medellin-hoy-20-febrero-numero-ganador-secos-y-ultimo-sorteo/211501/
211483,"Fin de semana cultural en Colombia: música, cine y festivales para todas las edades",2026-02-20 18:45:10,2026-02-20 18:45:10,publish,Julieth Barbosa,Cultura,actividades culturales Cartagena|agenda cultural Colombia febrero 2026|cine al aire libre Bogotá|conciertos en Colombia|eventos artísticos 2026|festivales urbanos Colombia|patrimonio cultural Paipa|planes familiares Colombia,https://360radio.com.co/fin-de-semana-cultural-en-colombia-musica-cine-y-festivales-para-todas-las-edades/211483/
211480,La República de los hombres libres,2026-02-20 18:23:00,2026-02-20 18:23:00,publish,360 Radio,Columnas|Opinión,burocracia estatal|Constitución Política de 1991|democracia en Colombia|derechos individuales|descentralización en Colombia|Estado de Colombia y libertad ciudadana|Julieth B|poder ejecutivo colombiano|seguridad y defensa,https://360radio.com.co/la-republica-de-los-hombres-libres/211480/
211471,Ingresos de Spotify ya equivalen a varios puntos del PIB de Colombia en 2025,2026-02-20 18:05:23,2026-02-20 18:05:23,publish,Julieth Barbosa,Cultura,artistas independientesindustria musical digital|ingresos de Spotify|inteligencia artificial en la música|regalías musicales|Spotify 2025 ingresos y regalías|streaming de música|usuarios de Spotify,https://360radio.com.co/ingresos-de-spotify-ya-equivalen-a-varios-puntos-del-pib-de-colombia-en-2025/211471/
211454,Miami volvió a ser el epicentro de la música latina con la gala celebrada en el Kaseya Center,2026-02-20 17:50:46,2026-02-20 17:50:46,publish,Julieth Barbosa,Cultura|Noticias del mundo,Bad Bunny Premio Lo Nuestro 2026|gala Premio Lo Nuestro en Miami|Karol G Premio Lo Nuestro 2026|lista de ganadores Premio Lo Nuestro 2026|música latina premios 2026|Premio Lo Nuestro 2026 ganadores|Shakira Premio Lo Nuestro 2026,https://360radio.com.co/miami-volvio-a-ser-el-epicentro-de-la-musica-latina-con-la-gala-celebrada-en-el-kaseya-center/211454/
211472,Antioquia ajusta coordinación institucional de cara a los comicios de 2026,2026-02-20 17:46:25,2026-02-20 17:47:14,publish,Juan Camilo Ocampo,Noticias de Antioquia,Antioquía|elecciones de 2026|Gobernación de Antioquia,https://360radio.com.co/antioquia-ajusta-coordinacion-institucional-de-cara-a-los-comicios-de-2026/211472/
211463,Resultado Super Astro Sol hoy 20 febrero: número ganador y último sorteo,2026-02-20 17:24:53,2026-02-20 17:24:53,publish,360 Radio,Uncategorized,Andres M|Astro sol 20 febrero|Astro Sol hoy|Astro Sol numero ganador|Astro Sol resultado|Astro Sol ultimo sorteo|Chance astro sol|Chances Colombia|Chances hoy|Loterias Colombia|Loterias hoy|resultado super astro sol|Resultados Chances|Resultados Loterias|super astro sol|Varios,https://360radio.com.co/resultado-super-astro-sol-hoy-20-febrero-numero-ganador-y-ultimo-sorteo/211463/
211444,Grupo Argos presenta su hoja de ruta 2030 con foco en valor para el accionista y solidez financiera,2026-02-20 16:45:05,2026-02-21 05:31:57,publish,Julieth Barbosa,"Colombia|Economía, finanzas y negocios|Empresas",Celsia estrategia 2030|Cementos Argos Estados Unidos|destacada|dividendos de Grupo Argos|estrategia de Grupo Argos 2030|infraestructura y materiales de construcción Grupo Argos|plan estratégico de Grupo Argos a 2030|resultados financieros de Grupo Argos,https://360radio.com.co/grupo-argos-presenta-su-hoja-de-ruta-2030-con-foco-en-valor-para-el-accionista-y-solidez-financiera/211444/
211445,Gaza recibirá inversión deportiva internacional por US$75 millones,2026-02-20 16:30:39,2026-02-20 16:30:39,publish,Juan Camilo Ocampo,Deportes|Noticias del mundo,DEPORTES|FIFA|Franja de Gaza|Inversión de la FIFA en Gaza|POLITICA|TRUMP,https://360radio.com.co/deportes/gaza-recibira-inversion-deportiva-internacional-por-us75-millones/
211432,Los bancos con más ganancias en Colombia al cierre del 2025,2026-02-20 15:47:31,2026-02-20 16:11:52,publish,Julieth Barbosa,"Colombia|Economía, finanzas y negocios",bancos con mayores utilidades en Colombia|bancos más rentables de Colombia en 2025|ranking de bancos en Colombia 2025|resultados financieros de los bancos en 2025|sector financiero colombiano 2025|sistema bancario colombiano|Superintendencia Financiera de Colombia bancos|utilidades de los bancos en Colombia,https://360radio.com.co/los-bancos-con-mas-ganancias-en-colombia-al-cierre-del-2025/211432/
211433,Dólar termina la semana en terreno negativo por señales de la economía de Estados Unidos,2026-02-20 15:33:59,2026-02-20 15:33:59,publish,Juan Camilo Ocampo,Noticias de Colombia|Política,COLOMBIA|dolár|Dólar a la baja|Dolar hoy|Dólar hoy viernes 20 de febrero|ECONOMIA|POLITICA,https://360radio.com.co/dolar-termina-la-semana-en-terreno-negativo-por-senales-de-la-economia-de-estados-unidos/211433/
211428,El Carnaval impulsa empleo y ventas: la radiografía económica que deja la fiesta en Barranquilla,2026-02-20 14:59:06,2026-02-20 14:59:06,publish,Julieth Barbosa,"Colombia|Economía, finanzas y negocios",Carnaval de Barranquilla impacto económico|comercio y turismo en Barranquilla|consumo durante el Carnaval de Barranquilla|empleo Carnaval de Barranquilla|Olímpica S.A. Carnaval Barranquilla|ventas durante el Carnaval de Barranquilla|visitantes Carnaval de Barranquilla 2026,https://360radio.com.co/el-carnaval-impulsa-empleo-y-ventas-la-radiografia-economica-que-deja-la-fiesta-en-barranquilla/211428/
211421,¿Cómo votar correctamente en el tarjetón de consultas presidenciales?,2026-02-20 13:56:22,2026-02-20 13:56:22,publish,Julieth Barbosa,Elecciones 2026,cómo marcar el tarjetón electoral|cómo votar en Colombia 8 de marzo|consultas presidenciales 8 de marzo|Registraduría tarjetón consultas|tarjeta electoral consultas interpartidistas|tarjetón único consultas presidenciales|voto nulo consultas presidenciales,https://360radio.com.co/como-votar-correctamente-en-el-tarjeton-de-consultas-presidenciales/211421/
211416,Medellín destina más de $16.000 millones para impulsar vivienda en San Cristóbal,2026-02-20 12:51:44,2026-02-20 12:51:44,publish,Juan Camilo Ocampo,Noticias de Medellín,Alcaldia de medellin|Corregimiento de San Cristobal|medellin|San Cristobal|Síntesis|Subsidios para vivienda|Subsidios para vivienda en Medellín|Vivienda de interés social|Vivienda en San Cristobal,https://360radio.com.co/medellin/medellin-destina-mas-de-16-000-millones-para-impulsar-vivienda-en-san-cristobal/
211411,Democracia y confianza: lo que está en juego cuando se habla de fraude,2026-02-20 12:12:23,2026-03-11 15:59:54,publish,360 Radio,Editorial,COLOMBIA|Democracia|EDITORIAL|Elecciones 2026|fraude electoral en Colombia|Fraude electorl|JuanOcampo|POLITICA,https://360radio.com.co/democracia-y-confianza-lo-que-esta-en-juego-cuando-se-habla-de-fraude/211411/
211400,Millonarios confirmó su nueva camiseta: memes y hasta comparaciones con Therians,2026-02-20 11:20:40,2026-02-20 11:25:15,publish,Juan Camilo Ocampo,Deportes,DEPORTES|FUTBOL|Memes de la nueva camiseta de Millonarios|Millonarios confirmó su nueva camiseta|Millonarios FC|Nueva camiseta de Millanorios|Therians,https://360radio.com.co/deportes/millonarios-confirmo-su-nueva-camiseta-memes-y-hasta-comparaciones-con-therians/
211399,¿Corte Suprema de EE.UU también anuló los aranceles de Trump a Colombia?,2026-02-20 11:02:37,2026-02-20 11:02:37,publish,Andrés Martín,"Economía, finanzas y negocios|Noticias de Colombia",Aranceles|aranceles Estados Unidos|Aranceles trump|COLOMBIA|Estados Unidos|Exportaciones Colombia,https://360radio.com.co/corte-suprema-de-ee-uu-tambien-anulo-los-aranceles-de-trump-a-colombia/211399/
211395,Capacitación jurados de Votación 2026 ¿Es obligatoria?,2026-02-20 10:04:18,2026-02-20 10:04:18,publish,Juan Camilo Ocampo,Noticias de Colombia|Política,COLOMBIA|elecciones de 2026|Elecciones en Colombia|Jurados de votación|POLITICA|Registraduría Nacional del Estado Civil,https://360radio.com.co/capacitacion-jurados-de-votacion-2026-es-obligatoria/211395/
211388,Para que lo tenga claro: Así quedó el salario mínimo 2026 definitivo tras decreto Petro,2026-02-20 09:39:53,2026-02-20 09:39:53,publish,Juan Camilo Ocampo,Noticias de Colombia|Política,Así quedó el salario mínimo|COLOMBIA|decreto del salario mínimo|Gustavo Petro|POLITICA|Salario Minimo 2026|Salario mínimo 2026 definitivo tras decreto Petro,https://360radio.com.co/para-que-lo-tenga-claro-asi-quedo-el-salario-minimo-2026-definitivo-tras-decreto-petro/211388/
211389,"Lo que debe saber del supuesto pago doble de Colombia Mayor, Devolución del IVA y Renta Ciudadana",2026-02-20 09:32:33,2026-02-20 09:32:33,publish,Andrés Martín,Noticias de Colombia,Adulto Mayor Colombia|COLOMBIA|Colombia Mayor|Colombia Mayor 2026|Devolución del IVA|Prosperidad Social|Renta Ciudadana|Subsidios Colombia,https://360radio.com.co/lo-que-debe-saber-del-supuesto-pago-doble-de-colombia-mayor-devolucion-del-iva-y-renta-ciudadana/211389/
211385,Habrá cierre del Túnel de Oriente en Antioquia: fechas y horarios confirmados,2026-02-20 06:32:04,2026-02-20 06:32:04,publish,Andrés Martín,Noticias de Medellín,Aeropuerto Jose María Córdova|Antioquía|Avenida Las Palmas|Horarios Tunel de Oriente|medellin|Rionegro|Tunel de Oriente|Tunel de Oriente Cierres,https://360radio.com.co/medellin/habra-cierre-del-tunel-de-oriente-en-antioquia-fechas-y-horarios-confirmados/
211380,Resultado Super Astro Luna 19 febrero hoy: número ganador y último sorteo,2026-02-20 06:13:57,2026-02-20 06:13:57,publish,360 Radio,Territorio,Andres M|Astro Luna ayer|Astro Luna hoy|Astro Luna numero ganador|Astro Luna resultado|Chance Super Astro Luna|Chances Colombia|Chances hoy|Loterias Colombia|Loterias hoy|Resultados Chances|Resultados Loterias|super astro luna|Super astro luna 19 febrero|Ultimo resultado Super Astro Luna|Varios,https://360radio.com.co/resultado-super-astro-luna-19-febrero-hoy-numero-ganador-y-ultimo-sorteo/211380/
211374,"Lotería del Quindío resultado hoy 19 febrero: secos, número ganador y último sorteo",2026-02-20 06:08:57,2026-02-20 06:08:57,publish,360 Radio,Territorio,Andres M|Loteria del Quindio|Loteria del Quindio 19 febrero|Loteria del Quindio ayer|Loteria del Quindio hoy|Loteria del Quindio numero ganador|Loteria del Quindio resultado|Loteria del Quindio secos|Loteria del Quindio ultimo sorteo|Loterias Colombia|Loterias hoy|Resultados Loterias|Ultimo resultado Loteria del Quindio|Varios,https://360radio.com.co/loteria-del-quindio-resultado-hoy-19-febrero-secos-numero-ganador-y-ultimo-sorteo/211374/
211367,"Resultado Lotería de Bogotá 19 febrero: número ganador hoy, secos del último sorteo",2026-02-20 06:01:49,2026-02-20 06:01:49,publish,360 Radio,Territorio,Andres M|Loteria de Bogota|Loteria de Bogota 19 febrero|Loteria de Bogota ayer|Loteria de Bogota hoy|Loteria de Bogota numero ganador|Loteria de Bogota resultado|Loteria de Bogota Secos|Loteria de Bogota ultimo sorteo|Loterías|Loterias Colombia|Loterias de hoy|Resultados Loterias|Varios,https://360radio.com.co/resultado-loteria-de-bogota-19-febrero-numero-ganador-hoy-secos-del-ultimo-sorteo/211367/
211333,Pico y placa en Medellín este viernes 20 de febrero de 2026: vehículos con restricciones,2026-02-19 21:05:39,2026-02-19 17:47:33,publish,Juan Camilo Ocampo,Noticias de Medellín,Motos|Particulares|Pico y placa|Pico y placa en medellín|Pico y placa en Medellín 20 de febrero|Pico y placa hoy|Taxis,https://360radio.com.co/medellin/pico-y-placa-en-medellin-este-viernes-20-de-febrero-de-2026-vehiculos-con-restricciones/
211363,Petro confirma inyección económica a Universidad de Antioquia para relevante proyecto,2026-02-19 20:46:41,2026-02-19 20:46:41,publish,Andrés Martín,Noticias de Medellín|Salud,Antioquía|Gustavo Petro|Universidad de Antioquia,https://360radio.com.co/medellin/petro-confirma-inyeccion-economica-a-universidad-de-antioquia-para-relevante-proyecto/
211359,Junta de Ecopetrol se pronuncia sobre investigaciones a Ricardo Roa,2026-02-19 20:08:08,2026-02-19 20:08:08,publish,Andrés Martín,Empresas,,https://360radio.com.co/junta-de-ecopetrol-se-pronuncia-sobre-investigaciones-a-ricardo-roa/211359/
211352,Chontico Noche resultado 19 febrero: hoy número ganador y último sorteo,2026-02-19 19:56:25,2026-02-19 19:56:25,publish,360 Radio,Territorio,Andres M|Chance Chontico Noche|Chances Colombia|Chances hoy|Chontico Noche|Chontico Noche 19 febrero|Chontico Noche hoy|Chontico Noche numero ganador|Chontico Noche resultado|Chontico Noche ultimo sorteo|Loterias Colombia|Loterias hoy|Resultados Chances|Resultados Loterias|Varios,https://360radio.com.co/chontico-noche-resultado-19-febrero-hoy-numero-ganador-y-ultimo-sorteo/211352/
211348,Mateo García fue tajante sobre el partido Millonarios vs Nacional por Sudamericana,2026-02-19 18:32:02,2026-02-19 18:32:02,publish,Andrés Martín,Deportes,Copa Sudamericana|DEPORTES|Mateo Garcia|Millonarios|Millonarios Copa Sudamericana|Millonarios Nacional|Millonarios Nacional cuando es,https://360radio.com.co/deportes/mateo-garcia-fue-tajante-sobre-el-partido-millonarios-vs-nacional-por-sudamericana/
211344,Video: Detalles que no se ven a simple vista del trailer de Toy Story 5,2026-02-19 18:19:59,2026-02-19 18:19:59,publish,360 Radio,Entretenimiento,Andres M|Donde ver Toy Story|Películas|Toy Story|Toy Story 2026|Toy Story 5|Toy Story cuando se estrena|Toy Story trailer,https://360radio.com.co/entretenimiento/video-detalles-que-no-se-ven-a-simple-vista-del-trailer-de-toy-story-5/
211325,"Grupo Nutresa alcanzó ingresos por $20,6 billones en 2025",2026-02-19 17:40:32,2026-02-19 20:41:03,publish,Juan Camilo Ocampo,Empresas|Noticias de Colombia,COLOMBIA|destacada|Empresas|Grupo Nutresa|Grupo Nutresa en el 2025|Ingresos de Grupo Nutresa,https://360radio.com.co/grupo-nutresa-alcanzo-ingresos-por-206-billones-en-2025/211325/
211326,Super Astro Sol resultado hoy 19 febrero: último sorteo y número ganador,2026-02-19 17:39:04,2026-02-19 17:39:04,publish,360 Radio,Territorio,Andres M|Astro Sol 19 febrero|Astro Sol hoy|Astro Sol numero ganador|Astro Sol resultado|Astro Sol ultimo sorteo|Chance astro sol|Chances Colombia|Chances hoy|Loterias Colombia|Loterias hoy|Resultados Chances|Resultados Loterias|super astro sol|Super Astro Sol resultado|Super astro Sol ultimo sorteo hoy|Varios,https://360radio.com.co/super-astro-sol-resultado-hoy-19-febrero-ultimo-sorteo-y-numero-ganador/211326/
211310,Nueva edición de la Ruta del Emprendimiento beneficiará a 700 proyectos en Medellín,2026-02-19 15:52:36,2026-02-19 15:52:36,publish,Juan Camilo Ocampo,Noticias de Medellín,700 proyectos en Medellín|Alcaldia de medellin|Emprendedores de Medellín|medellin|Nueva edición de la Ruta del Emprendimiento|Ruta del Emprendimiento,https://360radio.com.co/medellin/nueva-edicion-de-la-ruta-del-emprendimiento-beneficiara-a-700-proyectos-en-medellin/
211317,"Cesantías alcanzan cifra histórica: Porvenir supera $7,18 billones en recaudo y lidera el mercado en 2025",2026-02-19 15:50:47,2026-02-19 15:50:47,publish,Andrés Martín,"Economía, finanzas y negocios",Cesantías|Cesantias Porvenir|Porvenir,https://360radio.com.co/cesantias-alcanzan-cifra-historica-porvenir-supera-718-billones-en-recaudo-y-lidera-el-mercado-en-2025/211317/
211312,"Dorado tarde hoy 19 febrero: resultado, número ganador y último sorteo",2026-02-19 15:40:38,2026-02-19 15:40:38,publish,360 Radio,Territorio,Andres M|Chance dorado tarde|Chances Colombia|Chances hoy|Dorado Tarde|Dorado Tarde 19 febrero|Dorado Tarde Hoy|Dorado tarde numero ganador|Dorado Tarde resultado|Dorado tarde ultimo sorteo|Loterías|Loterias Colombia|Loterias hoy|Resultados Chances|Resultados Loterias|último resultado Dorado Tarde|Varios,https://360radio.com.co/dorado-tarde-hoy-19-febrero-resultado-numero-ganador-y-ultimo-sorteo/211312/
211306,Millonarios ajusta cifras de 2025 y reporta pérdidas,2026-02-19 14:57:45,2026-02-19 14:57:45,publish,Juan Camilo Ocampo,Deportes,DEPORTES|FPC|FUTBOL|Fútbol Colombiano|Millonarios ajusta cifras|Millonarios corrige balance financiero|Millonarios FC|Radamel Falcao en Millonarios,https://360radio.com.co/deportes/millonarios-ajusta-cifras-de-2025-y-reporta-perdidas/
211302,Resultado Chontico Día hoy 19 febrero: último sorteo y número ganador,2026-02-19 13:47:01,2026-02-19 13:47:01,publish,360 Radio,Territorio,Andres M|Chance Chontico Dia|Chances Colombia|Chanes hoy|chontico día|Chontico Dia 19|Chontico Dia 19 febrero|Chontico Dia hoy|Chontico Día numero ganador|Chontico Dia ultimo sorteo|Loterias Colombia|Loterias hoy|Resultados Chances|Resultados Loterias|Varios,https://360radio.com.co/resultado-chontico-dia-hoy-19-febrero-ultimo-sorteo-y-numero-ganador/211302/
211293,Gobernación de Antioquia asigna millonarios recursos para atender emergencias por lluvias en Urabá,2026-02-19 12:47:19,2026-02-19 12:47:19,publish,Juan Camilo Ocampo,Noticias de Antioquia,Antioquía|Emergencias por lluvias en Urabá|Gobernación de Antioquia|Recursos para atender emergencias por lluvias en Urabá|Síntesis,https://360radio.com.co/gobernacion-de-antioquia-asigna-millonarios-recursos-para-atender-emergencias-por-lluvias-en-uraba/211293/
211289,Manchester City podría afrontar una sanción sin precedentes en el fútbol inglés,2026-02-19 12:12:45,2026-02-19 12:12:45,publish,Juan Camilo Ocampo,Deportes,DEPORTES|FUTBOL|fútbol inglés|Juicio al Manchester City|Manchester City,https://360radio.com.co/deportes/manchester-city-podria-afrontar-una-sancion-sin-precedentes-en-el-futbol-ingles/
211284,¿Planea vivir en España? Así quedó el salario mínimo y lo que debe saber antes de emigrar,2026-02-19 11:17:01,2026-02-19 11:17:01,publish,Juan Camilo Ocampo,Noticias del mundo|Política,¿Planea vivir en España?|ESPAÑA|Internacional|MUNDO|Nuevo Salario mínimo en España|POLITICA|Salario mínimo|Salario mínimo en España,https://360radio.com.co/planea-vivir-en-espana-asi-quedo-el-salario-minimo-y-lo-que-debe-saber-antes-de-emigrar/211284/
211279,Canadá pone la mirada en Segovia en jornada enfocada en desarrollo sostenible,2026-02-19 10:48:11,2026-02-19 10:48:11,publish,Juan Camilo Ocampo,"Minería, energía e hidrocarburos|Noticias de Antioquia",alcaldía de Segovia|Antioquía|Aris Mining|Aris Mining Colombia|Canadá pone la mirada en Segovia|Sector Minero|Segovia,https://360radio.com.co/canada-pone-la-mirada-en-segovia-en-jornada-enfocada-en-desarrollo-sostenible/211279/
211270,"La economía antioqueña avanzó 2,8% en 2025 y se ubicó por encima del indicador nacional",2026-02-19 09:48:15,2026-02-19 09:48:15,publish,Juan Camilo Ocampo,Noticias de Antioquia,Antioquía|DANE|Economía Antioqueña|Economía antioqueña avanzó|Economía en Antioquia|niversidad EIA,https://360radio.com.co/la-economia-antioquena-avanzo-28-en-2025-y-se-ubico-por-encima-del-indicador-nacional/211270/
211264,Cementos Argos consolida margen récord en 2025 y acelera su expansión hacia Estados Unidos,2026-02-19 06:59:04,2026-02-19 07:08:49,publish,Andrés Martín,"Economía, finanzas y negocios|Empresas",Argos|Argos Estados Unidos|Cementos Argos|destacada|Empresas|Resultados Cementos Argos,https://360radio.com.co/cementos-argos-consolida-margen-record-en-2025-y-acelera-su-expansion-hacia-estados-unidos/211264/
211260,Marchas hoy en Bogotá: horarios y puntos de concentración de las manifestaciones,2026-02-19 06:48:02,2026-02-19 06:48:02,publish,Andrés Martín,Noticias de Bogotá,Bogotá|Manifestaciones Bogota hoy|Marchas 19 febrero|Marchas Bogota|Marchas hoy|Marchas salario minimo|Salario mínimo Colombia|Transmilenio Hoy,https://360radio.com.co/bogota/marchas-hoy-en-bogota-horarios-y-puntos-de-concentracion-de-las-manifestaciones/
211254,"Resultado Lotería del Meta hoy 18 febrero: secos, número ganador y último sorteo",2026-02-19 06:29:20,2026-02-19 06:29:20,publish,360 Radio,Territorio,Andres M|Loteria del Meta|Loteria del Meta 18 febrero|Loteria del Meta ayer|Loteria del Meta hoy|Loteria del Meta numero ganador|Loteria del Meta resultado|Loteria del Meta secos|Loteria del Meta ultimo sorteo|Loterías|Loterias Colombia|Loterias hoy|Resultados Loterias|Ultimo resultado Loteria del Meta|Varios,https://360radio.com.co/resultado-loteria-del-meta-hoy-18-febrero-secos-numero-ganador-y-ultimo-sorteo/211254/
211248,Lotería de Manizales resultado hoy 18 febrero: secos y último sorteo con número ganador,2026-02-19 06:22:08,2026-02-19 06:22:08,publish,360 Radio,Territorio,Andres M|Loteria de Manizales|Loteria de Manizales 18 febrero|Loteria de Manizales ayer|Loteria de Manizales Hoy|Loteria de Manizales numero ganador|Loteria de Manizales resultado|Loteria de Manizales secos|Loteria de Manizales ultimo sorteo|Loterias Colombia|Loterias hoy|Resultados Loterias|Ultimo resultado Loteria de Manizales|Varios,https://360radio.com.co/loteria-de-manizales-resultado-hoy-18-febrero-secos-y-ultimo-sorteo-con-numero-ganador/211248/
211242,"Lotería del Valle resultado 18 febrero: hoy número ganador, secos y último sorteo",2026-02-19 06:14:08,2026-02-19 06:14:08,publish,360 Radio,Territorio,Andres M|Loteria del valle|Loteria del valle 18 febrero|Loteria del Valle ayer|loteria del valle hoy|Loteria del Valle numero ganador|Loteria del Valle resultado|Loteria del Valle secos|Loteria del Valle ultimo sorteo|Loterias Colombia|Loterias hoy|Resultados Loterias|Varios,https://360radio.com.co/loteria-del-valle-resultado-18-febrero-hoy-numero-ganador-secos-y-ultimo-sorteo/211242/
211240,Pico y placa en Medellín este jueves 19 de febrero de 2026: vehículos con restricciones,2026-02-18 21:15:30,2026-02-18 20:46:07,publish,Juan Camilo Ocampo,Noticias de Medellín,medellin|Motos|Particulares|Pico y placa|Pico y placa en medellín|Pico y placa en Medellín 19 de febrero|Pico y placa en Medellín hoy|Pico y placa hoy|Taxis,https://360radio.com.co/medellin/pico-y-placa-en-medellin-este-jueves-19-de-febrero-de-2026-vehiculos-con-restricciones/
211235,Ya hay fecha para la consulta que definirá el futuro metropolitano del Oriente antioqueño,2026-02-18 20:39:42,2026-02-18 20:39:42,publish,Juan Camilo Ocampo,Noticias de Antioquia,Antioquía|Área Metropolitana del Valle de San Nicolás|Consulta|Oriente antioqueño|POLITICA,https://360radio.com.co/ya-hay-fecha-para-la-consulta-que-definira-el-futuro-metropolitano-del-oriente-antioqueno/211235/
211227,Premios Lo Nuestro 2026: transmisión y lista completa de nominados,2026-02-18 20:17:46,2026-02-18 20:17:46,publish,Juan Camilo Ocampo,Entretenimiento,Entretenimiento|Karol G|Maluma|Marc Anthony|Premios Lo Nuestro|Premios Lo Nuestro 2026|Shakira|Transmisión de los Premios Lo Nuestro 2026,https://360radio.com.co/entretenimiento/premios-lo-nuestro-2026-transmision-y-lista-completa-de-nominados/
211222,"Sampaoli: despidos, acuerdos y cifras que explican su patrimonio",2026-02-18 19:24:15,2026-02-18 19:24:39,publish,Juan Camilo Ocampo,Deportes,DEPORTES|FUTBOL|Jorge Sampaoli|Patrimonio de Jorge Sampaoli|Patrimonio de Sampaoli|Sampaoli,https://360radio.com.co/deportes/sampaoli-despidos-acuerdos-y-cifras-que-explican-su-patrimonio/
211215,Avanza al 30 % la obra en la 34 con la loma de Los González,2026-02-18 17:20:38,2026-02-19 09:27:49,publish,Juan Camilo Ocampo,Noticias de Medellín,Alcaldia de medellin|loma de Los González|medellin|obra en la 34|Obras en Medellín,https://360radio.com.co/medellin/avanza-al-30-la-obra-en-la-34-con-la-loma-de-los-gonzalez/
211210,Convocatoria AvanzaTEC 2026: así puede inscribirse a los cursos virtuales certificados del Gobierno,2026-02-18 15:06:40,2026-02-18 15:06:40,publish,Daniel García,Noticias de Colombia|Tecnología,COLOMBIA|MinTic|noticias|Observatorio TIC|Tecnología,https://360radio.com.co/tecnologia/convocatoria-avanzatec-2026-asi-puede-inscribirse-a-los-cursos-virtuales-certificados-del-gobierno/
211207,Conexión compartida: el máximo de equipos que puede manejar un router en casa,2026-02-18 14:18:05,2026-02-18 14:18:05,publish,Juan Camilo Ocampo,Noticias de Colombia|Tecnología,Conexión a internet|Conexión compartida|Internet lento|Router|Tecnología|WiFi,https://360radio.com.co/tecnologia/conexion-compartida-el-maximo-de-equipos-que-puede-manejar-un-router-en-casa/
211204,Chontico Día resultado 18 febrero: hoy último sorteo y número ganador,2026-02-18 13:53:57,2026-02-18 13:53:57,publish,360 Radio,Uncategorized,Andres M|Chance Chontico Dia|Chances Colombia|Chances hoy|chontico día|Chontico Dia 18 febrero|Chontico Dia hoy|Chontico Dia Resultado|Chontico Dia ultimo sorteo|Loterías|Loterias de hoy|Resultados Chances|Resultados Loterias|Último resultado Chontico Día|Varios,https://360radio.com.co/chontico-dia-resultado-18-febrero-hoy-ultimo-sorteo-y-numero-ganador/211204/
211200,Revise vuelos: Aeropuerto José María Córdova tendrá arreglos en la pista,2026-02-18 13:31:20,2026-02-18 13:31:20,publish,Juan Camilo Ocampo,Noticias de Antioquia|Noticias de Medellín,Aeropuerto Jose María Córdova|Aeropuerto José María Córdova hoy|Aeropuerto José María Córdova tendrá arreglos en la pista|Aeropuerto José María Córdova tendrá cierres|Antioquía|medellin|Vuelos|Vuelos en el José María Córdova,https://360radio.com.co/medellin/revise-vuelos-aeropuerto-jose-maria-cordova-tendra-arreglos-en-la-pista/
211195,Carnaval de Barranquilla en cifras: $840 mil millones generados en 2026,2026-02-18 13:10:40,2026-02-18 13:10:40,publish,Juan Camilo Ocampo,Noticias del Caribe,BARRANQUILLA|caribe|Carnaval de Barranquilla|Carnaval de Barranquilla 2026|Carnaval de Barranquilla en cifras,https://360radio.com.co/carnaval-de-barranquilla-en-cifras-840-mil-millones-generados-en-2026/211195/
211192,Antes de votar: 195 candidatos al Congreso tienen cuestionamientos,2026-02-18 12:31:10,2026-02-18 12:31:10,publish,Juan Camilo Ocampo,Noticias de Colombia|Política,Candidatos al Congreso de la República|candidatos al Congreso tienen cuestionamientos|Elecciones 2026|elecciones al Congreso|PARES|POLITICA,https://360radio.com.co/antes-de-votar-195-candidatos-al-congreso-tienen-cuestionamientos/211192/
211187,"Plan de tráfico en sector Areneras: habrá restricciones, pare y siga con horarios confirmados",2026-02-18 12:09:34,2026-02-18 12:09:34,publish,Andrés Martín,Noticias de Antioquia|Noticias de Medellín,Antioquía|Areneras|infraestructura|Movilidad en Antioquia|Obras en Areneras|Pacífico 1|Trafico en Areneras|Vías de Antioquia,https://360radio.com.co/medellin/plan-de-trafico-en-sector-areneras-habra-restricciones-pare-y-siga-con-horarios-confirmados/
211182,Así manejaría Paloma Valencia las relaciones internacionales de Colombia,2026-02-18 11:43:34,2026-02-18 11:43:34,publish,Andrés Martín,Política,Antioquía|Candidatos presidenciales|centro democrático|Paloma Valencia|POLITICA|Universidad EIA,https://360radio.com.co/asi-manejaria-paloma-valencia-las-relaciones-internacionales-de-colombia/211182/
211177,"Inflación de Colombia repuntaría en febrero y tasas cerrarían 2026 en 11,75%, según Fedesarrollo",2026-02-18 11:23:07,2026-02-18 11:23:07,publish,Daniel García,"Economía, finanzas y negocios",BVC|COLOMBIA|ECONOMIA|Fedesarrollo|noticias,https://360radio.com.co/inflacion-de-colombia-repuntaria-en-febrero-y-tasas-cerrarian-2026-en-1175-segun-fedesarrollo/211177/
211174,"Juan Daniel Oviedo: ""Antioquia se la pasa en una peleadera entre el Gobernador y el Presidente""",2026-02-18 10:43:23,2026-02-18 10:43:23,publish,Andrés Martín,Noticias de Medellín|Política,Antioquía|Candidatos presidenciales|Gobernador de Antioquia|Gustavo Petro|Juan Daniel Oviedo|Universidad EIA,https://360radio.com.co/medellin/juan-daniel-oviedo-antioquia-se-la-pasa-en-una-peleadera-entre-el-gobernador-y-el-presidente/
211167,Anuario de Sostenibilidad S&P: estas son las 22 empresas colombianas incluidas en 2026,2026-02-18 07:14:34,2026-02-18 11:13:28,publish,Andrés Martín,Empresas|Noticias de Colombia,Anuario de Sostenibilidad S&amp;P|destacada|Empresas colombianas|Empresas sotenibles|Grupo Argos|S&amp;P,https://360radio.com.co/anuario-de-sostenibilidad-sp-estas-son-las-22-empresas-colombianas-incluidas-en-2026/211167/
211163,¿Puede el Presidente Gustavo Petro divulgar la historia clínica de un menor de edad o es delito?,2026-02-18 06:47:49,2026-02-18 10:10:30,publish,Andrés Martín,Noticias de Colombia,Gustavo Petro|Historia clinica|Kevin Acosta|Niño Kevin|Nueva EPS,https://360radio.com.co/puede-el-presidente-gustavo-petro-divulgar-la-historia-clininca-de-un-menor-de-edad-o-es-delito/211163/
211160,Hoy es miércoles de ceniza: desde cuándo se celebra y por qué,2026-02-18 06:37:03,2026-02-18 06:37:03,publish,Andrés Martín,Noticias del mundo,Cuaresma|Iglesia Católica|Miercoles de Ceniza|Miercoles de ceniza Colombia|Miercoles de ceniza cuando es|Miercoles de ceniza que es,https://360radio.com.co/hoy-es-miercoles-de-ceniza-desde-cuando-se-celebra-y-por-que/211160/
211156,Elecciones Congreso: confirmado el censo electoral total y por departamentos en Colombia,2026-02-18 06:14:39,2026-02-18 06:14:39,publish,Andrés Martín,Noticias de Colombia,Censo Electoral|Consultar puesto votacion|Donde me toca votar|Elecciones Colombia|Elecciones Congreso 2026|Registraduria de Colombia,https://360radio.com.co/elecciones-congreso-confirmado-el-censo-electoral-total-y-por-departamentos-en-colombia/211156/
211152,Super Astro Luna 17 febrero: resultado hoy y número ganador del último sorteo,2026-02-18 06:04:17,2026-02-18 06:04:17,publish,360 Radio,Tecnología,Andres M|Astro Luna 17 febrero|Astro Luna hoy|Astro Luna numero ganador|Astro Luna resultado|Astro Luna ultimo sorteo|Chance Astro Luna|Chance Super Astro Luna|Chances Colombia|Chances de hoy|Loterias Colombia|Loterias de hoy|resultado super astro luna|Resultados Chances|Resultados Loterias|super astro luna|Varios,https://360radio.com.co/tecnologia/super-astro-luna-17-febrero-resultado-hoy-y-numero-ganador-del-ultimo-sorteo/
211146,"Resultado Lotería del Huila hoy 17 febrero: secos, número ganador y último sorteo",2026-02-18 05:58:37,2026-02-18 05:58:37,publish,360 Radio,Territorio,Andres M|Loteria del Huila|Loteria del Huila 17 febrero|Loteria del Huila ayer|Loteria del Huila hoy|Loteria del Huila numero ganador|Loteria del Huila resultado|Loteria del Huila secos|Loteria del Huila ultimo sorteo|Loterías|Loterias Colombia|Loterias de hoy|Ultimo resultado Loteria del Huila|Varios,https://360radio.com.co/resultado-loteria-del-huila-hoy-17-febrero-secos-numero-ganador-y-ultimo-sorteo/211146/
211140,Lotería de La Cruz Roja resultado hoy 17 febrero: número ganador y secos del último sorteo,2026-02-18 05:51:10,2026-02-18 05:51:10,publish,360 Radio,Territorio,Andres M|Cruz Roja 17 febrero|Cruz Roja numero ganador|Loteria cruz roja ultimo sorteo|lotería de la cruz roja|Loteria de La Cruz Roja ayer|Loteria de la Cruz Roja hoy|Loteria de la Cruz Roja resultado|Loterías|Loterias de hoy|resultado cruz roja|Resultados Loterias|Varios,https://360radio.com.co/loteria-de-la-cruz-roja-resultado-hoy-17-febrero-numero-ganador-y-secos-del-ultimo-sorteo/211140/
211116,Pico y placa en Medellín este miércoles 18 de febrero de 2026: vehículos con restricciones,2026-02-17 21:15:01,2026-02-17 16:33:33,publish,Juan Camilo Ocampo,Noticias de Medellín,medellin|Pico y placa|Pico y placa en medellín|Pico y placa en Medellín este miércoles 18 de febrero|Pico y placa hoy,https://360radio.com.co/medellin/pico-y-placa-en-medellin-este-miercoles-18-de-febrero-de-2026-vehiculos-con-restricciones/
211134,¿Quién se coronó campeón del Desafío hoy? Rata y Zambrano definieron todo,2026-02-17 20:48:09,2026-02-17 21:25:48,publish,360 Radio,Entretenimiento,Andres M|Campeón Desafio 2026|Desafio|Desafio campeón|Desafio Caracol|Desafio hoy|Desafio resumen|Desafio Siglo XXI|Quien ganó el Desafio|Rata y Valentina|Varios|Zambrano y Myriam,https://360radio.com.co/entretenimiento/quien-se-corono-campeon-del-desafio-hoy-rata-y-zambrano-definieron-todo/
211130,Bloqueos hoy en Transmilenio afectan servicio en Soacha: videos,2026-02-17 19:42:25,2026-02-17 19:42:25,publish,Andrés Martín,Noticias de Bogotá,Autopista Sur|Bloqueos Transmilenio|Manifestaciones hoy|San Mateo|Terreros|Transmilenio,https://360radio.com.co/bogota/bloqueos-hoy-en-transmilenio-afectan-servicio-en-soacha-videos/
211124,Entre el agotamiento del suelo y la regeneración: una oportunidad para Colombia,2026-02-17 16:56:49,2026-02-17 16:56:49,publish,Jan Willem van Bokhoven,Columnas|Opinión,Opinión|Regeneracion,https://360radio.com.co/entre-el-agotamiento-del-suelo-y-la-regeneracion-una-oportunidad-para-colombia/211124/
211123,Los mejores municipios para hacer turismo cafetero en el Valle del Cauca,2026-02-17 16:55:27,2026-02-17 16:55:27,publish,Daniel García,Cultura|Noticias de Cali,COLOMBIA|cultura|noticias|Turismo|Valle del Cauca,https://360radio.com.co/cali/los-mejores-municipios-para-hacer-turismo-cafetero-en-el-valle-del-cauca/
211108,"Inician trabajos del intercambio vial de Mayorca, una apuesta para descongestionar el sur del Área Metropolitana",2026-02-17 16:48:44,2026-02-17 19:44:44,publish,Juan Camilo Ocampo,Noticias de Antioquia|Noticias de Medellín,Antioquía|Area Metropolitana|destacada|intercambio vial de Mayorca|Mayorca,https://360radio.com.co/medellin/inician-trabajos-del-intercambio-vial-de-mayorca-una-apuesta-para-descongestionar-el-sur-del-area-metropolitana/
211117,Resultado Dorado Tarde 17 febrero: número ganador hoy y último sorteo,2026-02-17 16:31:59,2026-02-17 16:31:59,publish,360 Radio,Territorio,Andres M|Chance dorado tarde|Chances Colombia|Chances hoy|Dorado Tarde|Dorado tarde 17 febrero|Dorado Tarde Hoy|Dorado tarde martes|Dorado tarde numero ganador|Dorado Tarde resultado|Dorado tarde ultimo sorteo|Loterias Colombia|Loterias de hoy|Resultado Chances|Resultados Loterias|Varios,https://360radio.com.co/resultado-dorado-tarde-17-febrero-numero-ganador-hoy-y-ultimo-sorteo/211117/
211107,Polémica: nuevo gesto de racismo contra Vinicius en Benfica vs Real Madrid,2026-02-17 16:24:17,2026-02-17 16:24:17,publish,Andrés Martín,Deportes,Benfica hoy|CHAMPIONS LEAGUE|Gianluca Prestianni|Real Madrid hoy|Real Madrid vs Benfica|vinicius|Vinicius Jr.|Vinicius Racismo,https://360radio.com.co/deportes/polemica-nuevo-gesto-de-racismo-contra-vinicius-en-benfica-vs-real-madrid/
211100,"Ampliación de la zona de inmigración El Dorado avanza en un 76%, con inversión que supera los $18 mil millones",2026-02-17 16:01:48,2026-02-17 16:03:35,publish,Daniel García,Infraestructura|Noticias de Bogotá,ANI|Bogotá|COLOMBIA|infraestructura|noticias,https://360radio.com.co/bogota/ampliacion-de-la-zona-de-inmigracion-el-dorado-avanza-en-un-76-con-inversion-que-supera-los-18-mil-millones/
211096,¿Quién será el nuevo presidente del Perú? Estos son los políticos opcionados,2026-02-17 15:51:33,2026-02-17 15:51:33,publish,Juan Camilo Ocampo,Noticias del mundo,¿Quién será el nuevo presidente del Perú?|Congreso del Perú|Este puede ser el próximo presidente del Perú|Fernando Rospigliosi|José Jerí|Perú|PRESIDENTE|Waldemar Cerrón,https://360radio.com.co/quien-sera-el-nuevo-presidente-del-peru-estos-son-los-politicos-opcionados/211096/
211090,"¿Por qué tu router tiene dos bandas? Así funcionan el WiFi 2,4 y 5 GHz",2026-02-17 15:20:10,2026-02-17 15:20:10,publish,Juan Camilo Ocampo,Noticias de Colombia|Observatorio TIC|Tecnología,Banda ancha|GHz|Internet|Router|Tecnología|WiFi|Wifi 2,https://360radio.com.co/tecnologia/por-que-tu-router-tiene-dos-bandas-asi-funcionan-el-wifi-24-y-5-ghz/
211086,Otro presidente destituido en Perú: José Jerí había asumido hace cuatro meses,2026-02-17 14:52:49,2026-02-17 14:52:49,publish,Andrés Martín,Noticias del mundo,Internacional|José Jerí|Jose Jeri destituido|José Jeri Escandalos|Jose Jeri Perú|Perú|Presidente de Perú,https://360radio.com.co/otro-presidente-destituido-en-peru-jose-jeri-habia-asumido-hace-cuatro-meses/211086/
211083,Elecciones 2026: la democracia en la era del algoritmo,2026-02-17 14:51:09,2026-02-17 14:51:09,publish,Felipe Olaya Arias,Columnas|Opinión,COLOMBIA|COLUMNA|Dani G|Elecciones 2026|Felipe Olaya|Opinión,https://360radio.com.co/elecciones-2026-la-democracia-en-la-era-del-algoritmo/211083/
211080,Detalles de qué son y qué es ser un Therian: La nueva moda tendencia adolescente,2026-02-17 14:37:05,2026-02-17 14:37:05,publish,Juan Camilo Ocampo,Noticias del mundo,Adolecentes|Detalles de los Therian|nueva moda|Therian,https://360radio.com.co/detalles-de-que-son-y-que-es-ser-un-therian-la-nueva-moda-tendencia-adolescente/211080/
211075,Calendario Chino: Predicciones 2026 del año nuevo chino que inicia hoy,2026-02-17 14:08:25,2026-02-17 14:08:25,publish,Daniel García,Noticias del mundo,Caballo de fuego|calendario chino|COLOMBIA|MUNDO|noticias,https://360radio.com.co/calendario-chino-predicciones-2026-del-ano-nuevo-chino-que-inicia-hoy/211075/
211068,"Hemofilia: Qué es, cómo se transmite y cuáles son sus síntomas",2026-02-17 13:54:51,2026-02-17 13:54:51,publish,Daniel García,Noticias de Colombia|Salud,Caso de Kevin|COLOMBIA|Hemofilia|noticias|SALUD,https://360radio.com.co/hemofilia-que-es-como-se-transmite-y-cuales-son-sus-sintomas/211068/
211069,Qué pasará hoy en la gran final del Desafío: campeón se conoce este 17 febrero,2026-02-17 13:48:39,2026-02-17 13:48:39,publish,360 Radio,Entretenimiento,Andres M|Capitulo 138 Desafio|Desafio|Desafio hoy|Desafio hoy final|Desafio Siglo XXI|Gran final Desafio|Rata y Valentina|Varios|Zambrano y Myriam,https://360radio.com.co/entretenimiento/que-pasara-hoy-en-la-gran-final-del-desafio-campeon-se-conoce-este-17-febrero/
211062,Resultado Chontico Día 17 febrero: último sorteo hoy y número ganador,2026-02-17 13:39:51,2026-02-17 13:39:51,publish,360 Radio,Territorio,Andres M|Chance Chontico Dia|Chances Colombia|chontico día|Chontico Dia 17 febrero|Chontico Dia hoy|Chontico Día numero ganador|Chontico Dia Resultado|Chontico Dia ultimo sorteo|Loterias Colombia|Loterias de hoy|Resultados Chances|Varios,https://360radio.com.co/resultado-chontico-dia-17-febrero-ultimo-sorteo-hoy-y-numero-ganador/211062/
211058,Caso Kevin Acosta: ¿De quién es la culpa? contradicciones entre Petro y la familia,2026-02-17 12:49:29,2026-02-17 12:49:29,publish,Juan Camilo Ocampo,Noticias de Colombia,COLOMBIA|contradicciones entre Petro y la familia|fallecimiento de Kevin Arley Acosta Pico|Kevin Acosta|MinSalud|Petro,https://360radio.com.co/caso-kevin-acosta-de-quien-es-la-culpa-contradicciones-entre-petro-y-la-familia/211058/
211054,Resultado Dorado Mañana hoy 17 febrero: número ganador y último sorteo,2026-02-17 12:10:04,2026-02-17 12:10:04,publish,360 Radio,Tecnología,Andres M|Chance Dorado Mañana|Chances Colombia|Chances hoy|Dorado Mañana|Dorado mañana 17 febrero|Dorado Mañana hoy|Dorado Mañana resultado|Dorado mañana ultimo sorteo|Loterias de hoy|Resultados Loterias|último resultado Dorado Mañana|Varios,https://360radio.com.co/tecnologia/resultado-dorado-manana-hoy-17-febrero-numero-ganador-y-ultimo-sorteo/
211039,Cuando la indiferencia del Estado cuesta vidas,2026-02-17 11:48:45,2026-02-17 11:48:45,publish,360 Radio,Editorial,Caso de Kevin|EDITORIAL|Guillermo Alfonso Jaramillo|Gustavo Petro|Juan O|Kevin Acosta|Ministro de Salud|negligencia médica,https://360radio.com.co/cuando-la-indiferencia-del-estado-cuesta-vidas/211039/
211044,"Quién es Valeria Bedoya, hija de Berenice Bedoya: hoja de vida y contratos que ha firmado",2026-02-17 11:34:01,2026-02-17 11:34:01,publish,Andrés Martín,Política,Berenice Bedoya|Berenice Bedoya UTL|Contratos Berenice Bedoya|Escandalo Berenice Bedoya|Hija de Berenice Bedoya|POLITICA|Valeria Bedoya,https://360radio.com.co/quien-es-valeria-bedoya-hija-de-berenice-bedoya-hoja-de-vida-y-contratos-que-ha-firmado/211044/
211037,Contratos de la hija de Berenice Bedoya suman más de $537 millones y agitan polémica,2026-02-17 10:59:17,2026-02-17 11:13:44,publish,Andrés Martín,Noticias de Medellín|Política,Antioquía|Berenice Bedoya|Berenice Bedoya denuncia|Berenice Bedoya quien es|Contratos Berenice Bedoya|destacada|POLITICA|Política de Colombia|Valeria Bedoya,https://360radio.com.co/medellin/contratos-de-la-hija-de-berenice-bedoya-suman-mas-de-537-millones-y-agitan-polemica/
211030,El selecto grupo de marcas que aseguró presencia en el Mundial de 2026,2026-02-17 10:34:05,2026-02-17 10:34:05,publish,Juan Camilo Ocampo,"Deportes|Economía, finanzas y negocios",Adidas|Coca-Cola|FIFA|FIFA World Cup 2026|Hyundai-Kia|Marcas en el Mundial de 2026|Marcas presentes en el Mundial de 2026|Mundial de 2026,https://360radio.com.co/deportes/el-selecto-grupo-de-marcas-que-aseguro-presencia-en-el-mundial-de-2026/
211017,Ecopetrol pone en marcha piloto de transporte de carga con hidrógeno en Tocancipá,2026-02-17 09:56:28,2026-02-17 09:56:28,publish,Andrés Martín,"Empresas|Minería, energía e hidrocarburos",Cenit|ECOPETROL|Hidrógeno verde|Hidrogeno Verde Colombia|Planta Cenit Tocancipá|Tocancipa,https://360radio.com.co/ecopetrol-pone-en-marcha-piloto-de-transporte-de-carga-con-hidrogeno-en-tocancipa/211017/
211026,El sector minero-energético sigue restando al crecimiento del país,2026-02-17 09:35:08,2026-02-17 09:35:28,publish,Juan Camilo Ocampo,"Minería, energía e hidrocarburos|Noticias de Colombia|Política",Crecimiento económico|Producto Interno Bruto|Sector minero-energético|sector minero-energético sigue restando al crecimiento del país,https://360radio.com.co/el-sector-minero-energetico-sigue-restando-al-crecimiento-del-pais/211026/
211018,Medellín vs. Liverpool por Copa Libertadores: cómo ver el partido hoy en vivo y online,2026-02-17 08:54:06,2026-02-17 09:00:53,publish,Juan Camilo Ocampo,Deportes,Copa Libertadores|Copa Libertadores hoy|DEPORTES|Deportivo Independiente Medellín|DIM|DIM Copa Libertadores|DIM Hoy|Disney|Libertadores hoy|Liverpool Medellin como ver|Liverpool Medellin donde ver|medellin|Medellín vs. Liverpool,https://360radio.com.co/deportes/medellin-vs-liverpool-por-copa-libertadores-como-ver-el-partido/
211010,Convención de Exploración Energética: Cartagena será el epicentro del debate sobre exploración y soberanía energética en Colombia,2026-02-17 07:14:48,2026-02-17 07:14:48,publish,Andrés Martín,"Minería, energía e hidrocarburos",ACGGP|cartagena|Convención de Exploración Energetica|Energia Colombia|Eventos Cartagena|Soberanía energética,https://360radio.com.co/convencion-de-exploracion-energetica-cartagena-sera-el-epicentro-del-debate-sobre-exploracion-y-soberania-energetica-en-colombia/211010/
211006,Super Astro Luna resultado hoy 16 febrero: último sorteo y número ganador,2026-02-17 06:27:53,2026-02-17 06:27:53,publish,360 Radio,Territorio,Andres M|Astro Luna 16 febrero|Astro Luna hoy|Astro Luna numero ganador|Astro Luna resultado|Astro Luna último resultado|Astro Luna ultimo sorteo|Chance Astro Luna|Chances Colombia|Chances hoy|Loterías|Loterias Colombia|Loterias hoy|Resultados Chances|Resultados Loterias|super astro luna|Super Astro Luna resultado|Varios,https://360radio.com.co/super-astro-luna-resultado-hoy-16-febrero-ultimo-sorteo-y-numero-ganador/211006/
211000,"Lotería del Tolima resultado hoy 16 febrero: último sorteo, secos y número ganador",2026-02-17 06:22:03,2026-02-17 06:22:03,publish,360 Radio,Territorio,Andres M|lotería del tolima|Loteria del Tolima 16 febrero|Loteria del Tolima ayer|Loteria del Tolima hoy|Loteria del Tolima numero ganador|Loteria del Tolima resultado|Loteria del Tolima secos|Loteria del Tolima ultimo sorteo|Loterias Colombia|Loterias hoy|Resultados Loterias|Ultimo resultado loteria del Tolima|Varios,https://360radio.com.co/loteria-del-tolima-resultado-hoy-16-febrero-ultimo-sorteo-secos-y-numero-ganador/211000/
210993,"Resultado Lotería de Cundinamarca hoy 16 febrero: secos, número ganador y último sorteo",2026-02-17 06:15:41,2026-02-17 06:15:41,publish,360 Radio,Territorio,Andres M|Lotería de Cundinamarca|Loteria de Cundinamarca 16 febrero|Loteria de Cundinamarca ayer|Loteria de Cundinamarca hoy|Loteria de Cundinamarca numero ganador|Loteria de Cundinamarca resultado|Loteria de Cundinamarca secos|Loteria de Cundinamarca ultimo sorteo|Loterías|Loterias Colombia|Loterias hoy|Resultados Loterias|Ultimo resultado Loteria de Cundinamarca|Varios,https://360radio.com.co/resultado-loteria-de-cundinamarca-hoy-16-febrero-secos-numero-ganador-y-ultimo-sorteo/210993/
210934,Pico y placa en Medellín este lunes 16 de febrero de 2026: vehículos con restricciones,2026-02-16 21:15:43,2026-02-16 16:45:13,publish,Juan Camilo Ocampo,Noticias de Medellín,Alcaldia de medellin|medellin|Pico y placa|Pico y placa en medellín|Pico y placa en Medellín 16 de febrero,https://360radio.com.co/medellin/pico-y-placa-en-medellin-este-lunes-16-de-febrero-de-2026-vehiculos-con-restricciones/
210988,Resumen Desafío Siglo XXI hoy 16 febrero: cómo es la prueba final,2026-02-16 20:32:17,2026-02-16 21:32:50,publish,360 Radio,Entretenimiento,Andres M|Desafio Caracol|Desafio En vivo|Desafio Finalistas|Desafio resumen hoy|Desafio Siglo XXI|Donde ver el Desafio|Final del Desafio|Rata y Zambrano|Varios|Zambrano y Myriam,https://360radio.com.co/entretenimiento/resumen-desafio-siglo-xxi-hoy-16-febrero-como-es-la-prueba-final/
210982,Claro lleva su red 5G a siete municipios y alcanza cobertura en 57 ciudades de Colombia,2026-02-16 19:27:45,2026-02-17 06:30:48,publish,Julieth Barbosa,Empresas|Observatorio TIC,Claro 5G Colombia|cobertura móvil Claro|destacada|dispositivos compatibles 5G|estaciones base Claro Colombia|expansión red 5G Claro|municipios con 5G en Colombia|usuarios 5G Claro,https://360radio.com.co/claro-lleva-su-red-5g-a-siete-municipios-y-alcanza-cobertura-en-57-ciudades-de-colombia/210982/
210978,"Fenalco cuestiona ajuste salarial del 23,7% y advierte efectos en empleo e inflación",2026-02-16 19:08:37,2026-02-16 19:08:37,publish,Julieth Barbosa,Empresas|Noticias de Colombia,aumento salario mínimo Colombia 2026|Comisión de Concertación Salarial|empleo formal en riesgo|Fenalco salario mínimo|inflación por ajuste salarial|Jaime Alberto Cabal declaraciones|microempresas Colombia,https://360radio.com.co/fenalco-cuestiona-ajuste-salarial-del-237-y-advierte-efectos-en-empleo-e-inflacion/210978/
210971,Latam Airlines inicia 2026 con crecimiento simultáneo en pasajeros y carga,2026-02-16 18:12:51,2026-02-16 18:12:51,publish,Julieth Barbosa,"Economía, finanzas y negocios|Empresas",Aeronáutica Civil Colombia cifras|carga aérea Latam|crecimiento transporte aéreo Colombia|Latam Airlines Brasil mercado doméstico|Latam Airlines enero 2026|Latam pasajeros enero 2026|ocupación vuelos Latam|operación internacional Latam,https://360radio.com.co/latam-airlines-inicia-2026-con-crecimiento-simultaneo-en-pasajeros-y-carga/210971/
210972,Video: manifestantes agreden a funcionarios durante protestas en el CAN,2026-02-16 18:10:31,2026-02-17 06:10:45,publish,Andrés Martín,Noticias de Bogotá,Bogotá|CAN|DANE|Manifestaciones CAN|Protestas Bogota|Protestas hoy,https://360radio.com.co/bogota/video-manifestantes-agreden-a-funcionarios-durante-protestas-en-el-can/
210965,El legado de Robert Duvall: siete nominaciones al Óscar y personajes inolvidables,2026-02-16 17:41:10,2026-02-16 17:41:10,publish,Julieth Barbosa,Cultura,actor El Padrino|Apocalypse Now Robert Duvall|cine estadounidense íconos|legado Robert Duvall|Óscar Tender Mercies|Robert Duvall fallecimiento|Robert Duvall murió,https://360radio.com.co/el-legado-de-robert-duvall-siete-nominaciones-al-oscar-y-personajes-inolvidables/210965/
210943,"ALTA: tráfico aéreo en América Latina y el Caribe creció 3,8% en 2025 y superó los 477 millones de pasajeros",2026-02-16 17:07:42,2026-02-16 17:07:42,publish,Andrés Martín,Noticias del mundo,ALTA|Peter Cerdá|tráfico aéreo|Vuelos Colombia|Vuelos Latinoamerica,https://360radio.com.co/alta-trafico-aereo-en-america-latina-y-el-caribe-crecio-38-en-2025-y-supero-los-477-millones-de-pasajeros/210943/
210942,Empresas en alerta: fraude digital será cada vez más autónomo y difícil de detectar,2026-02-16 17:02:48,2026-02-16 17:02:48,publish,Julieth Barbosa,Empresas|Tecnología,bots conversacionales estafas|clonación de páginas web|Datacrédito Experian informe 2026|deepfakes fraude financiero|fraude digital en Colombia|Internet de las Cosas IoT seguridad|percepción fraude en Colombia|pérdidas por fraude globales,https://360radio.com.co/tecnologia/empresas-en-alerta-fraude-digital-sera-cada-vez-mas-autonomo-y-dificil-de-detectar/
210941,Asobancaria advierte que inversiones forzosas frenarían la economía de Colombia,2026-02-16 16:50:30,2026-02-16 16:50:30,publish,Daniel García,"Economía, finanzas y negocios",Asobancaria|COLOMBIA|ECONOMIA|noticias,https://360radio.com.co/asobancaria-advierte-que-inversiones-forzosas-frenarian-la-economia-de-colombia/210941/
210933,Central Hidroeléctrica Ituango alcanza viabilidad financiera tras décadas de retos,2026-02-16 16:28:05,2026-02-16 16:28:05,publish,Julieth Barbosa,Empresas|Noticias de Antioquia,Central Hidroeléctrica Ituango|Empresas Públicas de Medellín (EPM)|energía limpia en Colombia|Gobernación de Antioquia IDEA|Hidroituango utilidades 2025|ingresos operacionales Hidroituango|seguridad energética nacional|Transición energética Colombia,https://360radio.com.co/central-hidroelectrica-ituango-alcanza-viabilidad-financiera-tras-decadas-de-retos/210933/
210925,Petro atribuye la caída de la inversión a las alzas de tasas del Banco de la República,2026-02-16 16:06:08,2026-02-16 16:06:08,publish,Juan Camilo Ocampo,Noticias de Colombia,Banco de la República|COLOMBIA|Gustavo Petro|Petro|POLITICA,https://360radio.com.co/petro-atribuye-la-caida-de-la-inversion-a-las-alzas-de-tasas-del-banco-de-la-republica/210925/
210928,Se busca presidente: Abstenerse activistas crónicos,2026-02-16 15:58:27,2026-02-16 15:58:27,publish,Juan Diego Vélez,Columnas|Opinión,activismo político en Colombia|Colombia S.A.|gerencia pública|institucionalidad colombiana|Julieth B|liderazgo presidencial|macroeconomía y gobierno|polarización política,https://360radio.com.co/se-busca-presidente-abstenerse-activistas-cronicos/210928/
210923,Dorado Tarde resultado hoy 16 febrero: número ganador y último sorteo,2026-02-16 15:48:41,2026-02-16 15:48:41,publish,360 Radio,Territorio,Andres M|Chance dorado tarde|Chances Colombia|Chances hoy|Dorado Tarde|Dorado tarde 16 febrero|Dorado Tarde Hoy|Dorado tarde numero ganador|Dorado Tarde resultado|Dorado tarde ultimo sorteo|Loterias Colombia|Loterias hoy|Resultados Chances|Resultados Loterias|Varios,https://360radio.com.co/dorado-tarde-resultado-hoy-16-febrero-numero-ganador-y-ultimo-sorteo/210923/
210910,Fiesta del Cine en Colombia: boletas desde $8.000 este 19 y 20 de febrero,2026-02-16 15:37:47,2026-02-16 15:37:47,publish,Julieth Barbosa,Entretenimiento,,https://360radio.com.co/entretenimiento/fiesta-del-cine-en-colombia-boletas-desde-8-000-este-19-y-20-de-febrero/
210909,Almacenes Flamingo activa mecanismo legal para reorganización de deudas,2026-02-16 15:17:11,2026-02-16 15:17:11,publish,Juan Camilo Ocampo,Empresas|Noticias de Medellín,Almacenes Flamingo|Empresas|medellin,https://360radio.com.co/medellin/almacenes-flamingo-activa-mecanismo-legal-para-reorganizacion-de-deudas/
210894,"Detalles de Sofía Gaviria, la ""senadora"" que se fue en contra de Ingrid Betancourt",2026-02-16 15:16:47,2026-02-16 15:16:47,publish,Daniel García,Noticias de Colombia|Política,COLOMBIA|Elecciones 2026|noticias|Oxígeno|POLITICA,https://360radio.com.co/detalles-de-sofia-gaviria-la-senadora-que-se-fue-en-contra-de-ingrid-betancourt/210894/
210911,Desafío Siglo XXI: Qué pasará hoy 16 de febrero y cuándo es la final,2026-02-16 15:08:13,2026-02-16 15:08:13,publish,360 Radio,Entretenimiento,Andres M|Desafio|Desafio Caracol|Desafio final cuando es|Desafio hoy|Desafio Siglo XXI|Final del Desafio|Final desafio Siglo XXI|Rata y Valentina|Varios|Zambrano y Myriam,https://360radio.com.co/entretenimiento/desafio-siglo-xxi-que-pasara-hoy-16-de-febrero-y-cuando-es-la-final/
210905,Chontico Día resultado hoy 16 febrero: último sorteo y número ganador,2026-02-16 14:47:33,2026-02-16 14:47:33,publish,360 Radio,Territorio,Andres M|Chance Chontico Dia|Chances Colombia|Chances hoy|chontico día|Chontico Dia 16 febrero|Chontico Dia hoy|Chontico Día numero ganador|Chontico Dia Resultado|Chontico Dia ultimo sorteo|Loterias hoy|Resultados Chances|Resultados Loterias|Varios,https://360radio.com.co/chontico-dia-resultado-hoy-16-febrero-ultimo-sorteo-y-numero-ganador/210905/
210896,"Video: Lesión de Falcao debe ser leve, ya que apareció, caminando, en reunión familiar",2026-02-16 14:38:15,2026-02-16 14:41:00,publish,Juan Camilo Ocampo,Deportes,DEPORTES|Falcao|Lesión de Falcao|Millonarios,https://360radio.com.co/deportes/video-lesion-de-falcao-debe-ser-leve-ya-que-aparecio-caminando-en-reunion-familiar/
210891,"Apple confirma lanzamiento global el 4 de marzo con eventos en Nueva York, Shanghái y Londres",2026-02-16 14:37:55,2026-02-16 14:37:55,publish,Julieth Barbosa,Tecnología,Apple evento marzo 2026|Apple Nueva York Shanghái Londres|iPad para educación|iPhone 17e características|lanzamiento Apple 2026|MacBook de bajo costo|nuevos MacBook Pro y Air,https://360radio.com.co/tecnologia/apple-confirma-lanzamiento-global-el-4-de-marzo-con-eventos-en-nueva-york-shanghai-y-londres/
210883,La razón por la que Samsung eliminará la carga rápida del S26,2026-02-16 13:52:19,2026-02-16 13:52:19,publish,Julieth Barbosa,Tecnología,batería 5000 mAh Samsung|diseño Galaxy S26 Ultra|Exynos 2600|Galaxy S26 Ultra características|Samsung carga rápida|Samsung Galaxy S26 Ultra|Snapdragon 8 Elite Gen 5,https://360radio.com.co/tecnologia/la-razon-por-la-que-samsung-eliminara-la-carga-rapida-del-s26/
210878,Subir el salario mínimo más del 23%: Pros y contras,2026-02-16 13:27:11,2026-02-16 13:27:11,publish,Daniel García,"Economía, finanzas y negocios",COLOMBIA|ECONOMIA|noticias|Salario mínimo,https://360radio.com.co/subir-el-salario-minimo-mas-del-23-pros-y-contras/210878/
210877,Obras en el Atanasio Girardot: ya hay fecha para inicio de remodelación,2026-02-16 12:27:05,2026-02-16 12:27:05,publish,Juan Camilo Ocampo,Deportes|Noticias de Medellín,Alcaldia de medellin|DEPORTES|Estadio Atanasio Girardot|medellin,https://360radio.com.co/deportes/obras-en-el-atanasio-girardot-ya-hay-fecha-para-inicio-de-remodelacion/
210872,"Crecimiento económico de Colombia 2025 fue de 2,6% y consolida tendencia al alza",2026-02-16 11:20:51,2026-02-16 11:20:51,publish,Daniel García,"Economía, finanzas y negocios",COLOMBIA|ECONOMIA|noticias|PIB de Colombia,https://360radio.com.co/crecimiento-economico-de-colombia-2025-fue-de-26-y-consolida-tendencia-al-alza/210872/
210869,Neymar reaparece tras cirugía y se augura regreso para el Mundial,2026-02-16 11:02:58,2026-02-16 11:02:58,publish,Juan Camilo Ocampo,Deportes,DEPORTES|Mundial de 2026|Neymar|SANTOS,https://360radio.com.co/deportes/neymar-reaparece-tras-cirugia-y-se-augura-regreso-para-el-mundial/
210864,Tarjetón de la Consulta del 8 de Marzo: cómo marcarlo,2026-02-16 10:38:07,2026-02-16 12:27:17,publish,Andrés Martín,Noticias de Colombia|Política,8 de marzo|Candidatos presidenciales Colombia|Consulta de la derecha|consulta de la izquierda|Consultas 8 de marzo|consultas presidenciales|destacada|elecciones 2026 Colombia|Elecciones 8 de marzo|Política Colombia|Tarjetón,https://360radio.com.co/tarjeton-de-la-consulta-del-8-de-marzo-como-marcarlo/210864/
210860,Universidad de Antioquia liderará proyecto para fabricar medicamentos básicos,2026-02-16 10:26:37,2026-02-16 10:26:37,publish,Juan Camilo Ocampo,Noticias de Medellín,Antioquía|medellin|medicamentos básicos|UdeA|Universidad de Antioquia,https://360radio.com.co/medellin/universidad-de-antioquia-liderara-proyecto-para-fabricar-medicamentos-basicos/
210851,Investigan ocho edificaciones irregulares por falta de licencia en Palmitas,2026-02-16 09:54:02,2026-02-16 09:54:02,publish,Juan Camilo Ocampo,Noticias de Medellín,Edificaciones|Edificaciones en San Sebastián de Palmitas|medellin|San Sebastián de Palmitas|Viviendas,https://360radio.com.co/medellin/investigan-ocho-edificaciones-irregulares-por-falta-de-licencia-en-palmitas/
210852,"Crecimiento económico de Colombia en 2025 sería del 2,8%, según proyecciones",2026-02-16 09:47:33,2026-02-16 09:49:11,publish,Daniel García,"Economía, finanzas y negocios",cifras DANE PIB|COLOMBIA|ECONOMIA|noticias,https://360radio.com.co/crecimiento-economico-de-colombia-en-2025-seria-del-28-segun-proyecciones/210852/
210847,Caída y fallas de Twitter (X) hoy: lo que se sabe,2026-02-16 09:07:03,2026-02-16 09:07:03,publish,Andrés Martín,Noticias del mundo|Tecnología,Caida de Twitter|Caida de X|Elon Musk|Fallas en X|Fallas Twitter|Twitter|Twitter Down|Twitter hoy|x,https://360radio.com.co/tecnologia/caida-y-fallas-de-twitter-x-hoy-lo-que-se-sabe/
210844,Así podría quedar el salario mínimo con decreto transitorio de Petro,2026-02-16 08:55:01,2026-02-16 08:55:01,publish,Juan Camilo Ocampo,Noticias de Colombia|Política,ANTONIO SANGUINO|Bruce Mac Master|Gobierno Nacional|Gustavo Petro|Ministro del trabajo|Salario mínimo,https://360radio.com.co/asi-podria-quedar-el-salario-minimo-con-decreto-transitorio-de-petro/210844/
210731,¿Buscando trabajo en el exterior? Estos son los paises con mejor salario promedio en Europa,2026-02-16 07:38:51,2026-02-15 14:23:15,publish,Daniel García,"Economía, finanzas y negocios|Mundo",COLOMBIA|ECONOMIA|Eurostat|MUNDO|noticias|OCDE,https://360radio.com.co/buscando-trabajo-en-el-exterior-estos-son-los-paises-con-mejor-salario-promedio-en-europa/210731/
210837,Bogotá inicia la construcción de puente peatonal en el norte de la ciudad,2026-02-16 07:04:52,2026-02-16 07:04:53,publish,Andrés Martín,Noticias de Bogotá,Bogotá|IDU|Infraestructura Bogota|Obras en Bogotá|Puente peatonal calle 112|Usaquén,https://360radio.com.co/bogota/bogota-inicia-la-construccion-de-puente-peatonal-en-el-norte-de-la-ciudad/
210833,Resultado Caribeña Noche hoy 15 febrero: último sorteo y número ganador,2026-02-16 06:54:15,2026-02-16 06:54:15,publish,360 Radio,Territorio,Andres M|Caribeña Noche|Caribeña noche 15 febrero|Caribeña noche ayer|Caribeña noche hoy|Caribeña noche numero ganador|Caribeña noche resultado|Caribeña noche ultimo sorteo|Chance Caribeña Noche|Chances Colombia|Chances hoy|Loterias Colombia|Loterias hoy|Resultados Chances|Resultados Loterias|Ultimo resultado Caribeña noche|Varios,https://360radio.com.co/resultado-caribena-noche-hoy-15-febrero-ultimo-sorteo-y-numero-ganador/210833/
210829,Resultado Super Astro Luna 15 febrero: último sorteo hoy y número ganador,2026-02-16 06:48:42,2026-02-16 08:38:07,publish,360 Radio,Territorio,Andres M|Astro Luna ayer|Astro Luna hoy|Astro Luna numero ganador|Astro Luna resultado|Astro Luna ultimo sorteo|Chance Astro Luna|Chances Colombia|Chances hoy|Loterias Colombia|Loterias hoy|Resultados Chances|Resultados Loterias|super astro luna|Super Astro Luna 15 febrero|Super Astro Luna resultado|Ultimo resultado Astro Luna|Varios,https://360radio.com.co/resultado-super-astro-luna-15-febrero-ultimo-sorteo-hoy-y-numero-ganador/210829/
210825,Dorado Noche resultado 15 febrero: último sorteo y número ganador,2026-02-16 06:43:05,2026-02-16 06:43:05,publish,360 Radio,Territorio,Andres M|Chance dorado noche|Chances Colombia|Chances hoy|Dorado Noche|Dorado noche 15 febrero|Dorado noche ayer|Dorado Noche hoy|Dorado Noche número ganador|Dorado noche resultado|Dorado Noche ultimo sorteo|Loterias Colombia|Loterias hoy|Resultados Chances|Resultados Loterias|último resultado Dorado Noche|Varios,https://360radio.com.co/dorado-noche-resultado-15-febrero-ultimo-sorteo-y-numero-ganador/210825/
210723,Economías emergentes dominarán el crecimiento global en 2026: así quedará el ranking mundial,2026-02-16 06:12:15,2026-02-15 14:22:29,publish,Daniel García,"Economía, finanzas y negocios|Mundo",COLOMBIA|ECONOMIA|Economía global|FMI|noticias,https://360radio.com.co/economias-emergentes-dominaran-el-crecimiento-global-en-2026-asi-quedara-el-ranking-mundial/210723/
210671,Turismo internacional: los 10 países que más ingresos generan en el mundo,2026-02-15 21:08:43,2026-02-15 14:21:58,publish,Julieth Barbosa,Noticias del mundo,España ingresos turismo|Estados Unidos turismo internacional|ingresos turismo internacional 2026|México turismo América Latina|ONU Turismo|ranking países turismo|Reino Unido turismo cultural,https://360radio.com.co/turismo-internacional-los-10-paises-que-mas-ingresos-generan-en-el-mundo/210671/
210438,Mujeres deportistas mejor pagadas en 2025,2026-02-15 19:36:08,2026-02-15 14:21:23,publish,Juan Camilo Ocampo,Deportes,Coco Gauff|DEPORTE|Deportistas|Mujeres deportistas,https://360radio.com.co/deportes/mujeres-deportistas-mejor-pagadas-en-2025/
210816,¿Abelardo De La Espriella pidió que suban o bajen el salario mínimo tras decisión del Consejo de Estado?,2026-02-15 19:03:04,2026-02-15 19:03:04,publish,Andrés Martín,Política,ABELARDO DE LA ESPRIELLA|Abelardo de La Espriella Ibague|Candidatos presidenciales|COLOMBIA|Elecciones 2026|POLITICA|Salario mínimo,https://360radio.com.co/abelardo-de-la-espriella-pidio-que-suban-o-bajen-el-salario-minimo-tras-decision-del-consejo-de-estado/210816/
210815,"""Voy a aceptar que se genere un decreto transitorio del salario mínimo"": Gustavo Petro",2026-02-15 19:00:30,2026-02-15 19:16:04,publish,Andrés Martín,Noticias de Colombia,destacada|Gustavo Petro|Salario mínimo|Salario Minimo 2026|Salario mínimo Colombia|salario minimo vital|Salario vital Colombia,https://360radio.com.co/en-vivo-gustavo-petro-se-pronuncia-sobre-salario-minimo-en-colombia/210815/
210811,Berenice Bedoya en el ojo del huracán por denuncias de presuntos cobros irregulares en su UTL,2026-02-15 18:33:42,2026-02-15 18:33:42,publish,Andrés Martín,Noticias de Colombia,Berenice Bedoya|Berenice Bedoya Colombia|Berenice Bedoya quien es|Elecciones 2026|POLITICA|Senado de Colombia,https://360radio.com.co/berenice-bedoya-en-el-ojo-del-huracan-por-denuncias-de-presuntos-cobros-irregulares-en-su-utl/210811/
210237,Los sitios web más visitados del mundo en 2025,2026-02-15 16:23:38,2026-02-15 14:20:55,publish,Julieth Barbosa,Observatorio TIC|Tecnología,ChatGPT inteligencia artificial|Google visitas mensuales|ranking SimilarWeb|redes sociales más usadas|Wikipedia conocimiento digital|YouTube consumo de video,https://360radio.com.co/tecnologia/los-sitios-web-mas-visitados-del-mundo-en-2025/
210710,Los países donde más personas hablan español como lengua materna,2026-02-15 14:56:06,2026-02-15 14:20:22,publish,Juan Camilo Ocampo,Noticias del mundo,Español|MUNDO|Países donde más hablan español,https://360radio.com.co/los-paises-donde-mas-personas-hablan-espanol-como-lengua-materna/210710/
210738,Fechas para pagar impuesto predial y vehicular en Bogotá 2026,2026-02-15 14:19:50,2026-02-15 14:24:16,publish,Daniel García,Noticias de Bogotá,Bogotá|calendario de impuestos|descuento impuesto predial|Descuento impuesto vehicular|donde pagar impuesto predial Bogota|Impuesto ICA bogota|Impuesto predial Bogotá|Impuestos bogota|impuestos bogota fechas|noticias,https://360radio.com.co/bogota/fechas-para-pagar-impuesto-predial-y-vehicular-en-bogota-2026/
210807,Resultado Baloto y Revancha hoy sábado 14 febrero: números ganadores,2026-02-15 06:23:25,2026-02-15 06:23:25,publish,360 Radio,Territorio,Andres M|Baloto|Baloto 14 febrero|Baloto ayer|Baloto Hoy|Baloto Resultado|Baloto Revancha|Baloto sabado|Baloto ultimo sorteo|Loterias Colombia|Loterias hoy|Resultados Loterias|Ultimo resultado Baloto|Varios,https://360radio.com.co/resultado-baloto-y-revancha-hoy-sabado-14-febrero-numeros-ganadores/210807/
210803,Super Astro Luna resultado 14 febrero: número ganador hoy y último sorteo,2026-02-15 06:17:47,2026-02-15 06:17:47,publish,360 Radio,Uncategorized,Andres M|Astro Luna 14 febrero|Astro Luna hoy|Astro Luna numero ganador|Astro Luna resultado|Astro Luna ultimo sorteo|Chance Astro Luna|Chances Colombia|Chances hoy|Loterias Colombia|Loterias hoy|Resultados Chances|Resultados Loterias|super astro luna|Super Astro Luna resultado hoy|Varios,https://360radio.com.co/super-astro-luna-resultado-14-febrero-numero-ganador-hoy-y-ultimo-sorteo/210803/
210798,Caribeña Noche resultado hoy 14 febrero: último sorteo y número ganador,2026-02-15 06:12:38,2026-02-15 06:12:38,publish,360 Radio,Territorio,Andres M|Caribeña Noche|Caribeña Noche 14 febrero|Caribeña noche ayer|Caribeña noche hoy|Caribeña noche numero ganador|Caribeña noche resultado|Caribeña noche resultado hoy|Caribeña noche ultimo sorteo|Chance Caribeña Noche|Chances Colombia|Chances hoy|Loterias Colombia|Loterias hoy|Resultados Chances|Resultados Loterias|Varios,https://360radio.com.co/caribena-noche-resultado-hoy-14-febrero-ultimo-sorteo-y-numero-ganador/210798/
210794,Resultado Dorado Noche 14 febrero: número ganador hoy y último sorteo,2026-02-15 06:07:11,2026-02-15 06:07:11,publish,360 Radio,Territorio,Andres M|Chance dorado noche|Chances Colombia|Chances hoy|Dorado Noche|Dorado noche 15 febrero|Dorado Noche hoy|Dorado Noche número ganador|Dorado noche resultado|Dorado Noche ultimo sorteo|Loterias Colombia|Loterias hoy|Resultado hoy Dorado Noche|Resultados Chances|Resultados Loterias|Varios,https://360radio.com.co/resultado-dorado-noche-14-febrero-numero-ganador-hoy-y-ultimo-sorteo/210794/
210788,"Resultado Lotería de Boyacá hoy 14 febrero: número ganador, último sorteo y secos",2026-02-15 06:02:06,2026-02-15 06:07:48,publish,360 Radio,Territorio,Andres M|Loteria de Boyaca|Loteria de Boyaca 14 febrero|Loteria de Boyaca ayer|Loteria de Boyaca hoy|Loteria de Boyaca numero ganador|Loteria de Boyaca resultado|Loteria de Boyaca secos|Loteria de Boyaca ultimo resultado|Loteria de Boyaca ultimo sorteo|Loterias Colombia|Loterias hoy|Resultados Loterias|Ultimo resultado Loteria de Boyaca|Varios,https://360radio.com.co/resultado-loteria-de-boyaca-hoy-14-febrero-numero-ganador-ultimo-sorteo-y-secos/210788/
210785,Cierre total de la Autopista Medellín - Bogotá: esto se sabe,2026-02-14 20:11:43,2026-02-14 20:11:43,publish,Andrés Martín,Noticias de Medellín,Autopista Medellín Bogotá|Bello Antioquia|Cierre total Medellin|Lluvias Antioquia|Lluvias Medellin|vía Medellín|Via Medellin - Bogota,https://360radio.com.co/medellin/cierre-total-de-la-autopista-medellin-bogota-esto-se-sabe/
210781,Los platos que no pueden faltar en la mesa durante el Carnaval de Barranquilla,2026-02-14 11:49:10,2026-02-14 11:49:10,publish,Juan Camilo Ocampo,Noticias del Caribe,BARRANQUILLA|caribe|Carnval de Barranquilla|Gastronomia,https://360radio.com.co/los-platos-que-no-pueden-faltar-en-la-mesa-durante-el-carnaval-de-barranquilla/210781/
210767,El colombiano que los Patriots quieren blindar con uno de los contratos más altos del equipo,2026-02-14 09:45:26,2026-02-14 09:45:26,publish,Juan Camilo Ocampo,Deportes,Christian Gonzalez|COLOMBIANO|DEPORTES|NFL|Patriost|Super Bowl,https://360radio.com.co/deportes/el-colombiano-que-los-patriots-quieren-blindar-con-uno-de-los-contratos-mas-altos-del-equipo/
210763,Esto es lo que el Gobierno deberá revisar antes de definir el nuevo decreto del salario mínimo,2026-02-14 08:58:58,2026-02-14 20:02:01,publish,Juan Camilo Ocampo,Noticias de Colombia|Política,Consejo de Estado|destacada|GOBIERNO|Gustavo Petro|Salario mínimo,https://360radio.com.co/esto-es-lo-que-el-gobierno-debera-revisar-antes-de-definir-el-nuevo-decreto-del-salario-minimo/210763/
210759,Resultado Caribeña noche hoy 13 febrero: último sorteo y número ganador,2026-02-14 06:14:46,2026-02-14 06:14:46,publish,360 Radio,Territorio,Andres M|Caribeña Noche|Caribeña noche 13 febrero|Caribeña noche ayer|Caribeña noche hoy|Caribeña noche numero ganador|Caribeña noche resultado|Caribeña noche ultimo sorteo|Chance Caribeña Noche|Chances Colombia|Chances hoy|Loterias Colombia|Loterias hoy|Resultados Chances|Resultados Loterias|Ultimo resultado Caribeña noche|Varios,https://360radio.com.co/resultado-caribena-noche-hoy-13-febrero-ultimo-sorteo-y-numero-ganador/210759/
210755,Resultado Super Astro Luna hoy 13 febrero: último sorteo y número ganador,2026-02-14 06:10:05,2026-02-14 06:10:05,publish,360 Radio,Territorio,Andres M|Astro Luna 13 febrero|Astro Luna ayer|Astro Luna hoy|Astro Luna numero ganador|Astro Luna resultado|Astro Luna ultimo sorteo|Chance Super Astro Luna|Chances Colombia|Chances hoy|Loterias Colombia|Loterias hoy|Resultados Chances|Resultados Loterias|super astro luna|Super Astro Luna resultado hoy|Varios,https://360radio.com.co/resultado-super-astro-luna-hoy-13-febrero-ultimo-sorteo-y-numero-ganador/210755/
210749,Lotería de Santander resultado hoy 13 febrero: número ganador y último sorteo,2026-02-14 06:05:56,2026-02-14 06:05:56,publish,360 Radio,Territorio,Andres M|Loteria de Santander|Loteria de santander 13 febrero|Loteria de Santander ayer|Loteria de Santander Hoy|Loteria de Santander numero ganador|Loteria de santander resultado|Loteria de Santander secos|Loteria de Santander ultimo sorteo|Loterias Colombia|Loterias hoy|Resultados Loterias|Varios,https://360radio.com.co/loteria-de-santander-resultado-hoy-13-febrero-numero-ganador-y-ultimo-sorteo/210749/
210743,Lotería de Medellín resultado hoy 13 febrero: último sorteo y número ganador,2026-02-14 05:59:35,2026-02-14 05:59:35,publish,360 Radio,Territorio,Andres M|Lotería de Medellín|Loteria de Medellin 13 febrero|Loteria de Medellin ayer|Loteria de Medellin hoy|Loteria de Medellin numero ganador|Loteria de Medellin resultado|Loteria de Medellin Secos|Loteria de Medellin ultimo sorteo|Loterias Colombia|Loterias hoy|Resultados Loterias|Varios,https://360radio.com.co/loteria-de-medellin-resultado-hoy-13-febrero-ultimo-sorteo-y-numero-ganador/210743/
210715,Definidos los finalistas del Desafio: resumen del capítulo 136 hoy 13 febrero,2026-02-13 21:17:49,2026-02-13 21:18:56,publish,360 Radio,Entretenimiento,Capitulo 136 Desafio|Desafio|Desafio 13 febrero|Desafio Finalistas|Desafio hoy|Desafio Semifinalistas|Desafio Siglo XXI|Eliminación Desafio|Quien ganó hoy en el Desafio|Resumen Desafio|Varios,https://360radio.com.co/entretenimiento/definidos-los-finalistas-del-desafio-resumen-del-capitulo-136-hoy-13-febrero/
210717,Antonio Sanguino anuncia que el salario mínimo en febrero no bajará de $2 millones,2026-02-13 20:46:37,2026-02-13 20:47:29,publish,Juan Camilo Ocampo,Noticias de Colombia|Política,ANTONIO SANGUINO|COLOMBIA|Salario mínimo|salario mínimo en febrero,https://360radio.com.co/antonio-sanguino-anuncia-que-el-salario-minimo-en-febrero-no-bajara-de-2-millones/210717/
210720,Impactante accidente en avenida Circunvalar: camión se volcó encima de camioneta,2026-02-13 20:39:53,2026-02-13 20:39:53,publish,Andrés Martín,Noticias de Bogotá,Accidente avenida circunvalar|Accidente Bogota|Avenida Circunvalar|Bogotá|Camion se volcó Bogota|Monserrate,https://360radio.com.co/bogota/impactante-accidente-en-avenida-circunvalar-camion-se-volco-encima-de-camioneta/
210701,Chontico Noche resultado 13 febrero: número ganador hoy y último sorteo,2026-02-13 19:31:38,2026-02-13 19:31:38,publish,360 Radio,Territorio,Andres M|Chance Chontico Nohce|Chances Colombia|Chances hoy|Chontico Noche|Chontico Noche 13 febrero|Chontico Noche hoy|Chontico Noche numero ganador|Chontico Noche resultado|Chontico Noche ultimo sorteo|Loterias Colombia|Loterias hoy|Resultados Chances|Resultados Loterias|último resultado Chontico Noche|Varios,https://360radio.com.co/chontico-noche-resultado-13-febrero-numero-ganador-hoy-y-ultimo-sorteo/210701/
210699,Tarjetas amarillas y rojas su precio sube en el FPC por aumento del salario mínimo,2026-02-13 19:28:22,2026-02-13 19:28:22,publish,Juan Camilo Ocampo,Deportes,DEPORTES|FPC|Salario mínimo,https://360radio.com.co/deportes/tarjetas-amarillas-y-rojas-su-precio-sube-en-el-fpc-por-aumento-del-salario-minimo/
210695,¿Qué pasó con el Metro de Medellín y qué actividades políticas realizaron?,2026-02-13 18:51:33,2026-02-13 18:51:33,publish,Juan Camilo Ocampo,Noticias de Medellín,ABELARDO DE LA ESPRIELLA|medellin|Metro de Medellín,https://360radio.com.co/medellin/que-paso-con-el-metro-de-medellin-y-que-actividades-politicas-realizaron/
210678,Equipos del fútbol colombiano se preparan para un nuevo escenario económico,2026-02-13 17:53:26,2026-02-13 17:53:26,publish,Juan Camilo Ocampo,Deportes,DEPORTES|Dimayor|Fútbol Colombiano,https://360radio.com.co/deportes/equipos-del-futbol-colombiano-se-preparan-para-un-nuevo-escenario-economico/
210689,Cali: Centro de Atención al Contribuyente cambia de sede el próximo 16 de febrero,2026-02-13 17:42:01,2026-02-13 17:42:01,publish,Daniel García,Noticias de Cali,Alcaldía de Cali|cali|COLOMBIA|noticias,https://360radio.com.co/cali/cali-centro-de-atencion-al-contribuyente-cambia-de-sede-el-proximo-16-de-febrero/
210669,Línea 2 del Metro de Bogotá: detalles y qué localidades conectará,2026-02-13 16:30:46,2026-02-13 16:30:46,publish,Daniel García,Noticias de Bogotá,Bogotá|COLOMBIA|Metro de Bogota|noticias,https://360radio.com.co/bogota/linea-2-del-metro-de-bogota-detalles-y-que-localidades-conectara/
210663,“Si la riqueza se pudiera decretar sería muy fácil”: gobernador de Antioquia sobre salario mínimo,2026-02-13 16:25:48,2026-02-13 16:25:48,publish,Juan Camilo Ocampo,Noticias de Antioquia|Noticias de Medellín,Alcalde Andrés Julián Rendón Cardona|Antioquía|Gobernación de Antioquia|medellin,https://360radio.com.co/medellin/si-la-riqueza-se-pudiera-decretar-seria-muy-facil-gobernador-de-antioquia-sobre-salario-minimo/
210665,Resultado Super Astro Sol hoy 13 febrero: último sorteo y número ganador,2026-02-13 16:16:04,2026-02-13 16:16:04,publish,360 Radio,Territorio,Andres M|Astro Sol 13 febrero|Astro Sol hoy|Astro Sol numero ganador|Astro Sol resultado|Astro Sol ultimo sorteo|Chance Super Astro Sol|Chances Colombia|Chances hoy|Loterias Colombia|Loterias hoy|Resultados Chances|Resultados Loterias|super astro sol|Super Astro Sol hoy|último resultado Super Astro Sol|Varios,https://360radio.com.co/resultado-super-astro-sol-hoy-13-febrero-ultimo-sorteo-y-numero-ganador/210665/
210648,Impacto económico de los conciertos en Colombia: estadios récord y hoteles al alza,2026-02-13 16:10:36,2026-02-13 16:10:36,publish,Julieth Barbosa,Entretenimiento|Noticias de Colombia,conciertos Bogotá Medellín Cali|conciertos en Colombia 2026|entretenimiento en vivo Colombia|giras internacionales Colombia|industria musical Colombia|sold out espectáculos Colombia|TaquillaLive cifras conciertos,https://360radio.com.co/entretenimiento/impacto-economico-de-los-conciertos-en-colombia-estadios-record-y-hoteles-al-alza/
210659,Resultado Dorado tarde 13 febrero: número ganador hoy y último sorteo,2026-02-13 15:58:16,2026-02-13 15:58:16,publish,360 Radio,Territorio,Andres M|Chance dorado tarde|Chances Colombia|Chances hoy|Dorado Tarde|Dorado tarde 13 febrero|Dorado Tarde Hoy|Dorado tarde numero ganador|Dorado Tarde resultado|Dorado Tarde último resultado|Dorado tarde ultimo sorteo|Loterias Colombia|Loterias hoy|Resultados Chances|Resultados Loterias|Varios,https://360radio.com.co/resultado-dorado-tarde-13-febrero-numero-ganador-hoy-y-ultimo-sorteo/210659/
210653,La Alcaldía de Medellín recibe 73 iniciativas para renovar el Parque Cívico San Cristóbal,2026-02-13 15:41:28,2026-02-13 15:41:28,publish,Juan Camilo Ocampo,Noticias de Medellín,Alcaldia de medellin|medellin|San Cristobal|Síntesis,https://360radio.com.co/medellin/la-alcaldia-de-medellin-recibe-73-iniciativas-para-renovar-el-parque-civico-san-cristobal/
210647,"Fajardo y Claudia López, el centro que hoy parece quieto pero puede decidir",2026-02-13 15:11:02,2026-02-13 17:23:11,publish,360 Radio,Confidenciales,Claudia Lopez|Confidenciales|destacada|Elecciones 2026|Juan O|Sergio Fajardo,https://360radio.com.co/fajardo-y-claudia-lopez-el-centro-que-hoy-parece-quieto-pero-puede-decidir/210647/
210638,Incertidumbre en bienes y servicios luego de la suspensión del decreto del salario mínimo,2026-02-13 14:20:31,2026-02-13 14:21:20,publish,Juan Camilo Ocampo,Noticias de Colombia|Política,Consejo de Estado|decreto del salario mínimo|Salario mínimo,https://360radio.com.co/incertidumbre-en-bienes-y-servicios-luego-de-la-suspension-del-decreto-del-salario-minimo/210638/
210635,Qué pasará en el Desafío hoy 13 de febrero: avance del capítulo 136,2026-02-13 14:04:00,2026-02-13 14:04:00,publish,360 Radio,Entretenimiento,Andres M|Avance Desafio|Desafio|Desafio capitulo 136|Desafio Caracol|Desafio hoy|Desafio Siglo XXI|Gio y Valkyria|Rata y Valentina|Semifinal Desafio|Varios|Zambrano y Myriam,https://360radio.com.co/entretenimiento/que-pasara-en-el-desafio-hoy-13-de-febrero-avance-del-capitulo-136/
210624,Colombianos priorizan especificaciones sobre marca en compra de celulares,2026-02-13 13:58:44,2026-02-13 13:58:44,publish,Julieth Barbosa,Observatorio TIC|Tecnología,celulares para emprendedores|celulares para estudiantes|ecommerce smartphones Colombia|Infinix celulares Colombia|mercado de celulares Colombia|reseñas de celulares Infinix|smartphones económicos 2026,https://360radio.com.co/tecnologia/colombianos-priorizan-especificaciones-sobre-marca-en-compra-de-celulares/
210629,Resultado Chontico Día 13 febrero: número ganador hoy y último sorteo,2026-02-13 13:53:07,2026-02-13 19:57:02,publish,360 Radio,Territorio,Chance Chontico Dia|Chances Colombia|Chances hoy|chontico día|Chontico Dia 13 febrero|Chontico Dia hoy|Chontico Día numero ganador|Chontico Dia Resultado|Chontico Dia ultimo sorteo|Loterías|Loterias Colombia|Loterias hoy|Resultado Hoy Chontico Dia|Resultados Chances|Resultados Loterias|Varios,https://360radio.com.co/resultado-chontico-dia-13-febrero-numero-ganador-hoy-y-ultimo-sorteo/210629/
210623,Pacífico 1: finalizan labores de atención en el sector de Sinifaná,2026-02-13 13:39:07,2026-02-13 13:39:07,publish,Juan Camilo Ocampo,Noticias de Antioquia|Noticias de Medellín,Antioquía|medellin|Pacífico 1|Sinifaná,https://360radio.com.co/medellin/pacifico-1-finalizan-labores-de-atencion-en-el-sector-de-sinifana/
210619,Andi no demandará decreto del salario mínimo pese a suspensión,2026-02-13 13:13:00,2026-02-13 13:13:00,publish,Julieth Barbosa,Empresas|Noticias de Colombia,Andi salario mínimo 2026 Colombia|Bruce Mac Master|Consejo de Estado|derechos adquiridos|efectos económicos salario mínimo|empresarios Colombia|inflación y empleo|suspensión decreto salario mínimo,https://360radio.com.co/andi-no-demandara-decreto-del-salario-minimo-pese-a-suspension/210619/
210612,"Inversiones Forzosas: qué son, cómo impactan a la economía y por qué las quiere Petro",2026-02-13 11:56:07,2026-02-13 11:56:07,publish,Andrés Martín,"Economía, finanzas y negocios",Asonbancaria|Bancos de colombia|Economía Colombia|Gustavo Petro|Inversiones forzosas|Inversiones Forzosas proyecto|Que son inversiones Forzosas,https://360radio.com.co/inversiones-forzosas-que-son-como-impactan-a-la-economia-y-por-que-las-quiere-petro/210612/
210606,Carnaval de Barranquilla: horario y dónde ver la coronación 2026,2026-02-13 11:53:15,2026-02-13 11:53:15,publish,Julieth Barbosa,Cultura|Noticias del Caribe,Batalla de Flores Barranquilla|Carnaval de Barranquilla|coronación Reina Carnaval de Barranquilla 2026|Estadio Romelio Martínez|Michelle Char Fernández|Patrimonio cultural UNESCO|Rey Momo 2026|Telecaribe transmisión Carnaval,https://360radio.com.co/carnaval-de-barranquilla-horario-y-donde-ver-la-coronacion-2026/210606/
210607,Dorado Mañana resultado hoy 13 febrero: último sorteo y número ganador,2026-02-13 11:11:02,2026-02-13 11:11:02,publish,360 Radio,Territorio,Andres M|Chance Dorado Mañana|Chances Colombia|Chances hoy|Doarado Mañana resultado hoy|Dorado Mañana|Dorado Mañana 13 febrero|Dorado Mañana hoy|Dorado Mañana numero ganador|Dorado Mañana resultado|Dorado mañana ultimo sorteo|Loterias Colombia|Loterias hoy|Resultados Chances|Resultados Loterias|Varios,https://360radio.com.co/dorado-manana-resultado-hoy-13-febrero-ultimo-sorteo-y-numero-ganador/210607/
210600,"Qué hacer gratis en Bogotá este 14 de febrero, San Valentín 2026",2026-02-13 10:50:36,2026-02-13 10:50:36,publish,Julieth Barbosa,Cultura|Noticias de Bogotá,actividades románticas gratuitas|Cerro de Monserrate San Valentín|Día de San Valentín Bogotá|La Candelaria Bogotá|lugares románticos Bogotá|planes en pareja sin costo|planes gratis San Valentín Bogotá|qué hacer en Bogotá 14 de febrero,https://360radio.com.co/bogota/que-hacer-gratis-en-bogota-este-14-de-febrero-san-valentin-2026/
210591,"Qué hacer gratis en Medellín este 14 de febrero, San Valentín 2026",2026-02-13 10:12:03,2026-02-13 10:12:03,publish,Julieth Barbosa,Cultura|Noticias de Medellín,actividades románticas gratuitas|Cerro Nutibara|Día de San Valentín 2026|Jardín Botánico Medellín|Medellín turismo cultural|Parques del Río|Plaza Botero,https://360radio.com.co/medellin/que-hacer-gratis-en-medellin-este-14-de-febrero-san-valentin-2026/
210579,¿Dejarán de pagarle el salario mínimo con el 23% a los trabajadores?,2026-02-13 09:37:04,2026-02-13 10:10:29,publish,Julieth Barbosa,Noticias de Colombia,,https://360radio.com.co/dejaran-de-pagarle-el-salario-minimo-con-el-23-a-los-trabajadores/210579/
210581,¿El precio del oro cayó por la eventual llegada de Kevin Warsh a la FED? Esto dice ANIF,2026-02-13 09:29:58,2026-02-13 09:29:58,publish,Daniel García,"Economía, finanzas y negocios",Anif|COLOMBIA|ECONOMIA|Finanzas|noticias,https://360radio.com.co/el-precio-del-oro-cayo-por-la-eventual-llegada-de-kevin-warsh-a-la-fed-esto-dice-anif/210581/
210569,Este es el documento que suspendió el aumento salario mínimo del 23% en Colombia 2026,2026-02-13 09:08:27,2026-02-13 09:08:59,publish,Andrés Martín,Noticias de Colombia,COLOMBIA|Consejo de Estado|Salario mínimo|Salario Minimo 2026|Sentencia Consejo de Estado,https://360radio.com.co/este-es-el-documento-que-suspendio-el-aumento-salario-minimo-del-23-en-colombia-2026/210569/
210562,"""Es una decisión arbitraria"": Ministro de Trabajo al Consejo de Estado por salario mínimo",2026-02-13 08:50:25,2026-02-13 08:52:39,publish,Andrés Martín,"Economía, finanzas y negocios|Noticias de Colombia",COLOMBIA|Consejo de Estado|Gustavo Petro|Ministro de Trabajo|Salario mínimo|Salario Minimo 2026,https://360radio.com.co/es-una-decision-arbitraria-ministro-de-trabajo-al-consejo-de-estado-por-salario-minimo/210562/
210557,Consejo de Estado suspende decreto del salario mínimo 2026,2026-02-13 08:39:00,2026-02-13 09:19:07,publish,Julieth Barbosa,"Colombia|Economía, finanzas y negocios",Aumento del salario mínimo|Consejo de Estado|decreto 1469 de 2025|destacada|Gustavo Petro|incremento histórico|salario mínimo 2026 en Colombia|suspensión provisional,https://360radio.com.co/consejo-de-estado-suspende-decreto-del-salario-minimo-2026/210557/
210492,"Agenda cultural en Colombia: Carnaval de Barranquilla, conciertos en Pereira y teatro en Medellín",2026-02-13 08:05:30,2026-02-12 19:53:07,publish,Julieth Barbosa,Ciudades|Cultura,agenda cultural Colombia febrero 2026|Carnaval de Barranquilla 2026|conciertos Candlelight Pereira|Gran Parada de Tradición y Folclor|planes culturales fin de semana|teatro Medellín programación,https://360radio.com.co/agenda-cultural-en-colombia-carnaval-de-barranquilla-conciertos-en-pereira-y-teatro-en-medellin/210492/
210554,Fecha del final del Desafío Siglo XXI: confirmada y posibles finalistas,2026-02-13 07:43:33,2026-02-13 07:45:06,publish,360 Radio,Entretenimiento,Andres M|Desafio|Desafio 2026|Desafio capitulo 136|Desafio Siglo XXI|Final del Desafio|Finalistas Desafio|Rata y Valentina|Resumen Desafio|Valkyria y Gio|Varios|Zambrano y Myriam,https://360radio.com.co/entretenimiento/fecha-del-final-del-desafio-siglo-xxi-confirmada-y-posibles-finalistas/
210549,Temblor en Colombia hoy viernes 13 de febrero: en varias zonas del país se sintió,2026-02-13 07:30:43,2026-02-13 07:35:55,publish,Andrés Martín,Noticias de Colombia,COLOMBIA|Donde temblo|TEMBLOR|Temblor Choco|Temblor Colombia|Temblor hoy|Temblor viernes 13 febrero|Viernes 13,https://360radio.com.co/temblor-en-colombia-este-viernes-13-de-febrero-en-varias-zonas-del-pais-se-sintio/210549/
210544,Los 10 vehículos eléctricos más vendidos en Colombia en enero de 2026,2026-02-13 07:15:42,2026-02-13 07:15:42,publish,Andrés Martín,"Economía, finanzas y negocios",BYD|Carros eléctricos|Carros más vendidos Colombia|Carros nuevos Colombia|Economía Colombia|JAC electricos|Renault electricos|Vehículos eléctricos,https://360radio.com.co/los-10-vehiculos-electricos-mas-vendidos-en-colombia-en-enero-de-2026/210544/
210541,¿Cuántos trenes del Metro de Bogotá ya llegaron a la ciudad?,2026-02-13 06:56:42,2026-02-13 06:56:42,publish,Andrés Martín,Noticias de Bogotá,Estaciones Metro de Bogota|infraestructura|Metro de Bogota|Metro de Bogota avances|Metro de Bogota trenes|Obras en Bogotá,https://360radio.com.co/bogota/cuantos-trenes-del-metro-de-bogota-ya-llegaron-a-la-ciudad/
210538,Sistema pensional: el ABC de los efectos tras el alza histórica del salario mínimo,2026-02-13 06:44:01,2026-02-13 06:44:01,publish,Andrés Martín,"Economía, finanzas y negocios",AFP|Asofondos|Economía Colombia|Pensionarse en Colombia|Pensiones en Colombia|Reforma pensional|Salario mínimo|Sistema pensional,https://360radio.com.co/sistema-pensional-el-abc-de-los-efectos-tras-el-alza-historica-del-salario-minimo/210538/
210534,Caribeña noche resultado hoy 12 febrero: último sorteo y número ganador,2026-02-13 06:34:44,2026-02-13 06:34:44,publish,360 Radio,Territorio,Andres M|Caribeña Noche|Caribeña noche 12 febrero|Caribeña noche hoy|Caribeña noche numero ganador|Caribeña noche resultado|Caribeña noche ultimo sorteo|Chance Caribeña Noche|Chances Colombia|Chances hoy|Loterías|Loterias Colombia|Loterias hoy|Resultados Chances|Resultados Loterias|Ultimo resultado Caribeña noche|Varios,https://360radio.com.co/caribena-noche-resultado-hoy-12-febrero-ultimo-sorteo-y-numero-ganador/210534/
210530,Super Astro Luna resultado 12 febrero: número ganador hoy y último sorteo,2026-02-13 06:30:22,2026-02-13 06:30:22,publish,360 Radio,Territorio,Andres M|Astro Luna 12 febrero|Astro Luna hoy|Astro Luna numero ganador|Astro Luna resultado|Astro Luna ultimo sorteo|Chance Astro Luna|Chance Super Astro Luna|Chances Colombia|Chances hoy|Loterias Colombia|Loterias hoy|Resultados Chances|Resultados Loterias|super astro luna|Super Astro Luna hoy|Super Astro Luna resultado hoy|Varios,https://360radio.com.co/super-astro-luna-resultado-12-febrero-numero-ganador-hoy-y-ultimo-sorteo/210530/
210526,"Resultado Lotería del Quindío hoy 12 febrero: número ganador, último sorteo y secos",2026-02-13 06:24:40,2026-02-13 06:24:40,publish,360 Radio,Territorio,Andres M|Loteria del Quindio|Loteria del Quindio 12 febrero|Loteria del Quindio ayer|Loteria del Quindio hoy|Loteria del Quindio numero ganador|Loteria del Quindio resultado|Loteria del Quindio secos|Loteria del Quindio ultimo sorteo|Loterías|Loterias Colombia|Loterias hoy|Resultados Loterias|Ultimo resultado Loteria del Quindio|Varios,https://360radio.com.co/resultado-loteria-del-quindio-hoy-12-febrero-numero-ganador-ultimo-sorteo-y-secos/210526/
210519,"Lotería de Bogotá resultado 12 febrero: último sorteo hoy, secos y número ganador",2026-02-13 06:17:24,2026-02-13 06:17:24,publish,360 Radio,Territorio,Andres M|Loteria de Bogota|Loteria de Bogota ayer|Loteria de Bogota hoy|Loteria de Bogota numero ganador|Loteria de Bogota resultado|Loteria de Bogota Secos|Loteria de Bogota ultimo resultado|Loteria de Bogota ultimo sorteo|Loteria de Bogots 12 febrero|Loterías|Loterias Colombia|Loterias hoy|Resultados Loterias|Varios,https://360radio.com.co/loteria-de-bogota-resultado-12-febrero-ultimo-sorteo-hoy-secos-y-numero-ganador/210519/
210513,Tabla de posiciones Liga Betplay actualizada tras victoria de Nacional sobre Fortaleza,2026-02-12 22:24:34,2026-02-13 06:26:21,publish,Andrés Martín,Deportes,Atletico Nacional|Caldas Junior|Dimayor|FPC|Fútbol Colombiano|Liga Betplay|Liga Betplay hoy|Liga Betplay tabla de posiciones|Liga colombiana|Liga Dimayor,https://360radio.com.co/deportes/tabla-de-posiciones-liga-betplay-actualizada-tras-victoria-de-nacional-sobre-fortaleza/
210454,Pico y placa en Medellín este viernes 13 de febrero de 2026: vehículos con restricciones,2026-02-12 21:15:08,2026-02-12 16:51:52,publish,Juan Camilo Ocampo,Noticias de Medellín,medellin|Pico y placa|Pico y placa en medellín,https://360radio.com.co/medellin/pico-y-placa-en-medellin-este-viernes-13-de-febrero-de-2026-vehiculos-con-restricciones/
210501,Quién quedó eliminado en el Desafío hoy 12 de febrero: resumen y semifinalistas,2026-02-12 21:11:38,2026-02-12 21:37:15,publish,360 Radio,Entretenimiento,Andres M|Desafio|Desafio 2026|Desafio capitulo 135|Desafio Caracol|Desafio hoy|Desafio Siglo XXI|Eliminados Desafio|Rata y Valentina|Resumen Desafio|Rosa y Gero|Semifinalistas Desafio|Varios,https://360radio.com.co/entretenimiento/quien-quedo-eliminado-en-el-desafio-hoy-12-de-febrero-resumen-y-semifinalistas/
210494,Resultado Chontico Noche 12 febrero: número ganador hoy y último sorteo,2026-02-12 19:36:51,2026-02-12 19:36:51,publish,360 Radio,Territorio,Andres M|Chance Chontico Noche|Chances Colombia|Chontico Noche|Chontico Noche 12 febrero|Chontico Noche hoy|Chontico Noche numero ganador|Chontico Noche resultado|Chontico Noche ultimo sorteo|Loterias hoy|Resultados Chances|Resultados Loterias|último resultado Chontico Noche|Varios,https://360radio.com.co/resultado-chontico-noche-12-febrero-numero-ganador-hoy-y-ultimo-sorteo/210494/
210487,"""Me han declarado objetivo militar"": Abelardo de la Espriella",2026-02-12 19:03:53,2026-02-12 19:05:04,publish,Julieth Barbosa,Noticias de Colombia|Política,Abelardo de la Espriella ELN|Abelardo de la Espriella rueda de prensa|amenazas ELN candidato presidencial|campaña presidencial Colombia 2026|David Murcia acusaciones|destacada|Hotel Intercontinental Medellín|seguridad candidatos Colombia,https://360radio.com.co/me-han-declarado-objetivo-militar-abelardo-de-la-espriella/210487/
210484,Decisiones financieras que parecen baratas… y salen carísimas,2026-02-12 18:26:33,2026-02-12 18:26:33,publish,360 Radio,Columnas|Opinión,compra ahora paga después|crédito empresarial|decisiones financieras empresariales|errores financieros comunes|financiamiento operativo|flujo de caja empresa|Julieth B|liquidez empresarial,https://360radio.com.co/decisiones-financieras-que-parecen-baratas-y-salen-carisimas/210484/
210472,"Motorola, Apple y Starlink intensifican competencia tecnológica en Latam",2026-02-12 18:01:34,2026-02-12 18:01:34,publish,Julieth Barbosa,Tecnología,Apple|foldable smartphone|Internet satelital|Motorola|satellite connectivity|Síntesis|smartphone innovation|Smartphones|SpaceX|Starlink|Tecnología,https://360radio.com.co/tecnologia/motorola-apple-y-starlink-intensifican-competencia-tecnologica-en-latam/
210474,Infraestructura educativa en Cali: invertirán $27.000 millones en 49 sedes oficiales entre 2026 y 2027,2026-02-12 18:00:23,2026-02-12 18:00:23,publish,Daniel García,Noticias de Cali,Alejandro Eder|cali|COLOMBIA|noticias,https://360radio.com.co/cali/infraestructura-educativa-en-cali-invertiran-27-000-millones-en-49-sedes-oficiales-entre-2026-y-2027/
210465,Agroindustria de la caña en Colombia creció 5% y generó USD 403 millones en 2025,2026-02-12 17:00:14,2026-02-12 17:00:14,publish,Daniel García,"Economía, finanzas y negocios|Noticias de Cali",Asocaña|COLOMBIA|ECONOMIA|Noticias de Cali|Valle del Cauca,https://360radio.com.co/cali/agroindustria-de-la-cana-en-colombia-crecio-5-y-genero-usd-403-millones-en-2025/
210435,ISA y Ecopetrol modernizan Barrancabermeja con nueva infraestructura,2026-02-12 16:54:02,2026-02-12 16:54:02,publish,Julieth Barbosa,Empresas|Noticias de Colombia,ahorro operativo Ecopetrol|gas natural Colombia|infraestructura eléctrica Ecopetrol|ISA proyecto energético|Reducción de emisiones CO2|refinería Barrancabermeja Ecopetrol ISA|sostenibilidad energética|Transición energética Colombia,https://360radio.com.co/isa-y-ecopetrol-modernizan-barrancabermeja-con-nueva-infraestructura/210435/
210458,Super Astro sol resultado 12 febrero: últomo sorteo hoy y número ganador,2026-02-12 16:50:19,2026-02-12 16:50:19,publish,360 Radio,Territorio,Andres M|Astro Sol hoy|Astro Sol numero ganador|Astro Sol resultado|Astro Sol ultimo sorteo|Chance astro sol|Chances Colombia|Loterias Colombia|Loterias hoy|Resultados Chances|Resultados Loterias|super astro sol|Super Astro Sol hoy|Super Astro Sol último resultado|Varios,https://360radio.com.co/super-astro-sol-resultado-12-febrero-ultomo-sorteo-hoy-y-numero-ganador/210458/
210449,Resultado Caribeña Día hoy 12 febrero: último sorteo y número ganador,2026-02-12 16:46:09,2026-02-12 16:46:09,publish,360 Radio,Territorio,Andres M|Caribeña Dia|Caribeña Dia 12 febrero|Caribeña dia hoy|Caribeña dia numero ganador|Caribeña Dia resultado|Caribeña dia ultimo sorteo|Chance Caribeña Dia|Chances Colombia|Loterias hoy|Resultados Chances|Resultados Loterias|Varios,https://360radio.com.co/resultado-caribena-dia-hoy-12-febrero-ultimo-sorteo-y-numero-ganador/210449/
210439,Dorado tarde resultado 12 febrero: número ganador hoy del último sorteo,2026-02-12 16:40:27,2026-02-12 16:40:27,publish,360 Radio,Tecnología,Andres M|Chance dorado tarde|Chances Colombia|Chances hoy|Dorado Tarde|Dorado tarde 12 febrero|Dorado Tarde Hoy|Dorado tarde numero ganador|Dorado Tarde resultado|Dorado tarde ultimo sorteo|Loterias Colombia|Loterias hoy|Resultados Chances|Resultados Loterias|último resultado Dorado Tarde|Varios,https://360radio.com.co/tecnologia/dorado-tarde-resultado-12-febrero-numero-ganador-hoy-del-ultimo-sorteo/
210432,ANIF advierte los efectos de la caída del dólar en Colombia para las exportaciones,2026-02-12 16:36:24,2026-02-12 16:41:38,publish,Daniel García,"Economía, finanzas y negocios",Anif|COLOMBIA|Dólar en Colombia|ECONOMIA|noticias,https://360radio.com.co/anif-advierte-los-efectos-de-la-caida-del-dolar-en-colombia-para-las-exportaciones/210432/
210431,Gustavo Petro reacciona a señalamientos de Diosdado Cabello y aclara su postura,2026-02-12 16:23:25,2026-02-12 16:24:44,publish,Juan Camilo Ocampo,Noticias de Colombia|Política,COLOMBIA|Diosdado Cabello|Gustavo Petro|Venezuela,https://360radio.com.co/gustavo-petro-reacciona-a-senalamientos-de-diosdado-cabello-y-aclara-su-postura/210431/
210425,MinTIC crea mesa de conectividad en Córdoba tras emergencia invernal,2026-02-12 16:01:57,2026-02-12 16:01:57,publish,Julieth Barbosa,Observatorio TIC,Asomóvil Samuel Hoyos|Claro Tigo Movistar ETB|conectividad en albergues|emergencia invernal Córdoba|infraestructura digital Colombia|mesa de conectividad Córdoba MinTIC|MinTIC telecomunicaciones,https://360radio.com.co/mintic-crea-mesa-de-conectividad-en-cordoba-tras-emergencia-invernal/210425/
210419,Transferencias récord: el fútbol movió más de US$1.900 millones en enero,2026-02-12 15:35:53,2026-02-12 15:35:53,publish,Juan Camilo Ocampo,Deportes,DEPORTES|FUTBOL|Transferencias,https://360radio.com.co/deportes/transferencias-record-el-futbol-movio-mas-de-us1-900-millones-en-enero/
210414,Latam movilizará 24.000 toneladas de flores en San Valentín,2026-02-12 15:09:51,2026-02-12 15:09:51,publish,Julieth Barbosa,"Economía, finanzas y negocios|Empresas",Asocolflores exportaciones|Avianca Cargo San Valentín|exportación de flores Colombia|exportación de flores Ecuador|FedEx flores Colombia|LATAM Cargo San Valentín 2026|logística aérea San Valentín,https://360radio.com.co/latam-movilizara-24-000-toneladas-de-flores-en-san-valentin/210414/
210413,Antioquia alista más de 115.000 jurados para las elecciones de Congreso,2026-02-12 14:45:07,2026-02-12 14:46:21,publish,Juan Camilo Ocampo,Noticias de Antioquia|Noticias de Medellín,Andrés Felipe Gaviria Cano|Antioquía|congreso de la republica|Elecciones 2026,https://360radio.com.co/medellin/antioquia-alista-mas-de-115-000-jurados-para-las-elecciones-de-congreso/
210399,Qué pasará en el Desafío Capítulo 135 hoy y avance,2026-02-12 14:14:59,2026-02-12 16:53:51,publish,Julieth Barbosa,Entretenimiento,Box Negro Desafío|Desafio capitulo 135|Desafio En vivo|Desafio hoy|Desafio Siglo XXI|Desafío Siglo XXI semifinal|Miryan y Zambrano semifinalistas|Rata y Valentina semifinal|Rosa y Gero eliminación|Valkirya y Gio semifinalistas|Varios,https://360radio.com.co/entretenimiento/que-pasara-en-el-desafio-capitulo-135-hoy-y-avance/
210405,Acueducto: A 1.200 barrios de Bogotá les llegará la factura del agua más barata,2026-02-12 14:08:21,2026-02-12 14:08:21,publish,Daniel García,Noticias de Bogotá,Acueducto de Bogotá|Bogotá|Factura del agua|noticias,https://360radio.com.co/bogota/acueducto-a-1-200-barrios-de-bogota-les-llegara-la-factura-del-agua-mas-barata/
210400,AKT tuvo la moto más vendida de Colombia en 2025,2026-02-12 13:56:05,2026-02-12 13:56:05,publish,Daniel García,"Economía, finanzas y negocios",AKT motos|COLOMBIA|ECONOMIA|noticias,https://360radio.com.co/akt-tuvo-la-moto-mas-vendida-de-colombia-en-2025/210400/
210391,"Rubén Blades se retira de los conciertos, pero no de la música",2026-02-12 13:45:27,2026-02-12 13:45:27,publish,Julieth Barbosa,Entretenimiento,Rubén Blades giras 2027|Rubén Blades Grammy|Rubén Blades legado musical|Rubén Blades Mixtura|Rubén Blades Panamá|Rubén Blades retiro|Rubén Blades últimos discos,https://360radio.com.co/entretenimiento/ruben-blades-se-retira-de-los-conciertos-pero-no-de-la-musica/
210392,Chontico Día hoy 12 febrero: último resultado del sorteo,2026-02-12 13:41:54,2026-02-12 13:41:54,publish,360 Radio,Territorio,Andres M|Chance Chontico Dia|Chances Colombia|chontico día|Chontico Dia 12 febrero|Chontico Dia hoy|Chontico Dia jueves|Chontico Día numero ganador|Chontico Dia resultado hoy|Chontico Dia ultimo sorteo|Loterias Colombia|Loterias hoy|Resultados Chances|Resultados Loterias|Varios,https://360radio.com.co/chontico-dia-hoy-12-febrero-ultimo-resultado-del-sorteo/210392/
210383,Motorola lanzó su nuevo Moto G77 para Latam,2026-02-12 12:52:54,2026-02-12 12:52:54,publish,Julieth Barbosa,Observatorio TIC|Tecnología,Android 16 Motorola|cámara 108 MP Motorola|certificación MIL-STD 810H|Moto G77 especificaciones|Motorola Edge 70|pantalla Extreme AMOLED,https://360radio.com.co/tecnologia/motorola-lanzo-su-nuevo-moto-g77-para-latam/
210265,Resumen del Desafío capítulo 134: quién ganó y qué pasará hoy,2026-02-12 12:52:07,2026-02-12 12:54:32,publish,360 Radio,Entretenimiento,Andres M|Desafio|Desafio 11 febrero|Desafio Caracol|Desafio hoy|Desafio quien gano hoy|Desafio Siglo XXI|Varios|Zambrano y Myriam,https://360radio.com.co/entretenimiento/resumen-del-desafio-hoy-11-de-febrero-quien-gano-y-que-pasara-manana/
210375,Alcaldía de Medellín anuncia nuevas fechas para inscribirse al Subsidio de Mejoramiento de Vivienda,2026-02-12 12:43:04,2026-02-12 12:43:47,publish,Juan Camilo Ocampo,Noticias de Medellín,Alcaldia de medellin|medellin|Vivienda,https://360radio.com.co/medellin/alcaldia-de-medellin-anuncia-nuevas-fechas-para-inscribirse-al-subsidio-de-mejoramiento-de-vivienda/
210373,Estos serían los precios del iPhone 18 en Colombia,2026-02-12 12:37:55,2026-02-12 12:56:01,publish,Julieth Barbosa,Tecnología,chip A20 TSMC|Dynamic Island bajo pantalla|iOS 27|iPhone 18 Apple 2026|Iphone 18 Colombia|Iphone 18 cuiando sale|iPhone 18 Pro Max|iPhone plegable Apple|Precio Iphone 18|precios iPhone 18,https://360radio.com.co/tecnologia/estos-serian-los-precios-del-iphone-18-en-colombia/
210358,"Embalses al tope, pero la energía sigue cara: las razones detrás del leve alivio en la tarifa",2026-02-12 12:03:31,2026-02-12 12:03:31,publish,Juan Camilo Ocampo,Noticias de Colombia,Embalses|Embalses al tope|energia|lluvias,https://360radio.com.co/embalses-al-tope-pero-la-energia-sigue-cara-las-razones-detras-del-leve-alivio-en-la-tarifa/210358/
210362,Definido calendario tributario en Bogotá: mire las fechas para pagos,2026-02-12 11:32:17,2026-02-12 11:32:17,publish,Daniel García,"Economía, finanzas y negocios|Noticias de Bogotá",Bogotá|COLOMBIA|ECONOMIA|noticias|Secretaría de Hacienda Bogotá,https://360radio.com.co/bogota/definido-calendario-tributario-en-bogota-mire-las-fechas-para-pagos/
210357,GeoPark obtiene USD 50 millones para acelerar su operación en Vaca Muerta,2026-02-12 11:12:52,2026-02-12 11:12:52,publish,Andrés Martín,"Economía, finanzas y negocios|Minería, energía e hidrocarburos",Empresas petroleras|GAS|GeoPark|Geopark Argentina|Geopark Inversiones|Geopark Proyectos|GeoPark Vaca Muerta|PETROLEO|Vaca Muerta,https://360radio.com.co/geopark-obtiene-usd-50-millones-para-acelerar-su-operacion-en-vaca-muerta/210357/
210353,Resultado Dorado Mañana hoy 12 febrero: número ganador del último sorteo,2026-02-12 10:59:37,2026-02-12 10:59:37,publish,360 Radio,Territorio,Andres M|Chance Dorado Mañana|Chances Colombia|Dorado Mañana|Dorado mañana 12 febrero|Dorado Mañana hoy|Dorado Mañana numero ganador|Dorado Mañana resultado|Dorado Mañana resultado hoy|Dorado mañana ultimo sorteo|Loterías|Loterias Colombia|Loterias hoy|Resultados Chances|Resultados Loterias|Varios,https://360radio.com.co/resultado-dorado-manana-hoy-12-febrero-numero-ganador-del-ultimo-sorteo/210353/
210348,Alto mando del Bayern Munich llena de elogios a Luis Díaz,2026-02-12 10:25:17,2026-02-12 10:25:17,publish,Andrés Martín,Deportes,Bayern Múnich|Bayern Munich noticias|DEPORTES|Luis Diaz|Luis Diaz Bayern Munich|Luis Diaz Colombia|Luis Diaz Goles,https://360radio.com.co/deportes/alto-mando-del-bayern-munich-llena-de-elogios-a-luis-diaz/
210344,Iván Cepeda y Abelardo de La Espriella se cruzarán hoy en Medellín,2026-02-12 10:10:30,2026-02-12 10:10:30,publish,Andrés Martín,Noticias de Medellín|Política,ABELARDO DE LA ESPRIELLA|Campaña Abelardo de La Espriella|Campaña Ivan Cepeda|Candidatos presidenciales|Iván Cepeda|medellin|Politica en Medellin,https://360radio.com.co/medellin/ivan-cepeda-y-abelardo-de-la-espriella-se-cruzaran-hoy-en-medellin/
210341,"Falcao dio la razón de por qué Millonarios demoró tanto para ganar, y no es de técnico",2026-02-12 10:00:02,2026-02-12 10:00:02,publish,Andrés Martín,Deportes,Falcao|Falcao Gol Millonarios|Falcao Millonarios|Liga Betplay|Millonarios|Millonarios Aguilas Doradas|Millonarios Liga Colombiana,https://360radio.com.co/deportes/falcao-dio-la-razon-de-por-que-millonarios-demoro-tanto-para-ganar-y-no-es-de-tecnico/
210338,Cierre total en la vía Medellín - Quibdó hoy,2026-02-12 09:49:33,2026-02-12 09:49:33,publish,Andrés Martín,Noticias de Medellín,Antioquía|Antioquia hoy|Indigenas Colombia|medellin|Noticias de Antioquia hoy|Quibdo|vía Medellín-Quibdó,https://360radio.com.co/medellin/cierre-total-en-la-via-medellin-quibdo-hoy/
210329,Manifestaciones hoy en Bogotá con bloqueos en calle 26: Transmilenio afectado,2026-02-12 09:17:30,2026-02-12 09:17:30,publish,Andrés Martín,Noticias de Bogotá,Avenida El Dorado|Bloqueos transmilenio hoy|Bogotá|Bogota hoy|Calle 26|Manifestaciones hoy|Noticias de Bogota hoy|Transmilenio Hoy,https://360radio.com.co/bogota/manifestaciones-hoy-en-bogota-con-bloqueos-en-calle-26-transmilenio-afectado/
210326,Gobierno pide a generadoras reforzar medidas para garantizar la energía en Colombia,2026-02-12 09:07:57,2026-02-12 09:07:57,publish,Andrés Martín,"Minería, energía e hidrocarburos|Noticias de Colombia",Edwin Palma|embalses Colombia|energia|Energía en Colombia|Generación de energia Colombia|Mineria y energia|Ministerio de Energia,https://360radio.com.co/gobierno-pide-a-generadoras-reforzar-medidas-para-garantizar-la-energia-en-colombia/210326/
210319,"Resultado Lotería de Manizales hoy 11 febrero: número ganador, último sorteo y secos",2026-02-12 08:30:48,2026-02-12 08:30:48,publish,360 Radio,Territorio,Andres M|Loteria de Manizales|Loteria de Manizales 11 febrero|Loteria de Manizales Hoy|Loteria de Manizales numero ganador|Loteria de Manizales resultado|Loteria de Manizales ultimo sorteo|Loterías|Loterias Colombia|Loterias hoy|Resultados Loterias|Secos Loteria de Manizales|Ultimo resultado Loteria de Manizales|Varios,https://360radio.com.co/resultado-loteria-de-manizales-hoy-11-febrero-numero-ganador-ultimo-sorteo-y-secos/210319/
186026,"Hoja de vida y quién es Santiago Botero, el polémico precandidato a elecciones 2026",2026-02-12 07:35:44,2026-02-23 07:37:13,publish,Andrés Martín,Noticias de Colombia|Política,Candidatos presidenciales Colombia|Elecciones Colombia|Miguel Uribe|Presidentes Colombia|Santiago Botero,https://360radio.com.co/hoja-de-vida-y-quien-es-santiago-botero-el-polemico-precandidato-a-elecciones-2026/186026/
210314,Gobierno firmó y publicó decreto de emergencia económica en ocho departamentos de Colombia,2026-02-12 07:33:43,2026-02-12 07:33:43,publish,Andrés Martín,Noticias de Colombia,Economía Colombia|Emergencia económica|Emergencia en Cordoba|frente frío|Gustavo Petro|Inundaciones Colombia|Lluvias en Colombia|MINISTERIO DE HACIENDA,https://360radio.com.co/gobierno-firmo-y-publico-decreto-de-emergencia-economica-en-ocho-departamentos-de-colombia/210314/
210307,Resultado Baloto y Revancha miércoles 11 febrero: números ganadores hoy,2026-02-12 07:24:32,2026-02-12 07:24:32,publish,360 Radio,Territorio,Andres M|Baloto|Baloto 11 febrero|Baloto ayer|Baloto Colombia|Baloto Hoy|Baloto ultimo resultado|Baloto y Revancha|Loterias Colombia|Loterias hoy|Resultado Baloto|Resultados Loterias|Varios,https://360radio.com.co/resultado-baloto-y-revancha-miercoles-11-febrero-numeros-ganadores-hoy/210307/
210304,¿Cómo funcionará el pico y placa en Barranquilla durante el Carnaval 2026?,2026-02-12 07:07:02,2026-02-12 07:07:02,publish,Andrés Martín,Noticias del Caribe,BARRANQUILLA|Caranval de Barranquilla pico y placa|Carnaval de Barranquilla|Movilidad Barranquilla|Pico y placa|Pico y placa Barranquilla|Pico y placa carnavales 2026,https://360radio.com.co/como-funcionara-el-pico-y-placa-en-barranquilla-durante-el-carnaval-2026/210304/
210297,"Vivienda en Colombia: ventas repuntan en 2025, pero la construcción sigue en caída y enciende alertas para 2026",2026-02-12 06:56:20,2026-02-12 08:31:26,publish,Andrés Martín,Infraestructura|Noticias de Colombia,Camacol|Construcción|destacada|Economía Colombia|Economía de Colombia|mercado de vivienda|Mi Casa Ya|Proyectos de vivienda|Vivienda en Colombia|Vivienda NO VIS|Vivienda VIS,https://360radio.com.co/vivienda-en-colombia-ventas-repuntan-en-2025-pero-la-construccion-sigue-en-caida-y-enciende-alertas-para-2026/210297/
210275,Resultado Caribeña Noche hoy 11 febrero: número ganador del último sorteo,2026-02-12 06:40:31,2026-02-12 06:45:00,publish,360 Radio,Tecnología,Andres M|Caribeña Noche|Caribeña noche 11 febrero|Caribeña noche hoy|Caribeña noche numero ganador|Caribeña noche resultado|Caribeña noche ultimo sorteo|Chance Caribeña Noche|Chances Colombia|Chances hoy|Loterias Colombia|Loterias hoy|Resultados Chances|Resultados Loterias|Varios,https://360radio.com.co/tecnologia/resultado-caribena-noche-hoy-11-febrero-numero-ganador-del-ultimo-sorteo/
210295,Contraloría reporta aumento del 30% en contratación antes de la Ley de Garantías,2026-02-12 06:35:19,2026-02-12 06:35:19,publish,Andrés Martín,Noticias de Colombia,Contraloría|Contratos Ley de Garantias|gobierno Petro|Ley de Garantías|Ley de garantias Colombia|Ley de garantias que es,https://360radio.com.co/contraloria-reporta-aumento-del-30-en-contratacion-antes-de-la-ley-de-garantias/210295/
210291,Resultado Super Astro Luna hoy 11 febrero: número ganador del último sorteo,2026-02-12 06:17:04,2026-02-12 06:17:04,publish,360 Radio,Territorio,Andres M|Astro Luna 11 febrero|Astro Luna ayer|Astro Luna hoy|Astro Luna numero ganador|Astro Luna ultimo sorteo|Chance Super Astro Luna|Chances Colombia|Loterías|Loterias Colombia|Loterias hoy|Resultado Astro Luna|Resultados Chances|Resultados Loterias|super astro luna|Super Astro Luna resultado|Super Astro Luna resultado hoy|Varios,https://360radio.com.co/resultado-super-astro-luna-hoy-11-febrero-numero-ganador-del-ultimo-sorteo/210291/
210285,"Resultado Lotería del Meta hoy 11 febrero: secos, último sorteo y número ganador",2026-02-12 06:11:59,2026-02-12 06:11:59,publish,360 Radio,Territorio,Andres M|Loteria del Meta|Loteria del Meta 11 febrero|Loteria del Meta ayer|Loteria del Meta hoy|Loteria del Meta numero ganador|Loteria del Meta resultado|Loteria del Meta secos|Loteria del Meta ultimo sorteo|Loterías|Loterias Colombia|Loterias hoy|Resultado Hoy loteria del Meta|Resultados Loterias|Varios,https://360radio.com.co/resultado-loteria-del-meta-hoy-11-febrero-secos-ultimo-sorteo-y-numero-ganador/210285/
210279,"Resultado Lotería del Valle hoy 11 febrero: número gandor, último sorteo y secos",2026-02-12 06:05:30,2026-02-12 06:05:30,publish,360 Radio,Territorio,Andres M|Loteria del valle|Loteria del Valle 11 febrero|Loteria del Valle ayer|loteria del valle hoy|Loteria del Valle numero ganador|Loteria del Valle resultado|Loteria del Valle secos|Loteria del Valle ultimo sorteo|Loterías|Loterias Colombia|Loterias hoy|Resultados Loterias|Ultimo resultado Loteria del Valle|Varios,https://360radio.com.co/resultado-loteria-del-valle-hoy-11-febrero-numero-gandor-ultimo-sorteo-y-secos/210279/
210263,Liga BetPlay: tabla de posiciones tras triunfos de Millonarios e Inter hoy,2026-02-11 22:29:26,2026-02-11 22:29:26,publish,Andrés Martín,Deportes,Dimayor|Falcao García|Fútbol Colombiano|Liga Betplay|Liga Betplay posiciones|Liga colombiana|Liga Dimayor|Millonarios|Partidos Liga Betplay|Tabla de posiciones,https://360radio.com.co/deportes/liga-betplay-tabla-de-posiciones-tras-triunfos-de-millonarios-e-inter-hoy/
210261,Pico y placa en Medellín este jueves 12 de febrero de 2026: vehículos con restricciones,2026-02-11 21:26:09,2026-02-11 21:26:09,publish,Juan Camilo Ocampo,Noticias de Medellín,medellin|Pico y placa|Pico y placa en medellín,https://360radio.com.co/medellin/pico-y-placa-en-medellin-este-jueves-12-de-febrero-de-2026-vehiculos-con-restricciones/
210259,El Real Madrid frena el proyecto de la Superliga y recompone relaciones con la UEFA,2026-02-11 20:54:33,2026-02-11 20:54:33,publish,Juan Camilo Ocampo,Deportes,REAL MADRID|Superliga|UEFA,https://360radio.com.co/deportes/el-real-madrid-frena-el-proyecto-de-la-superliga-y-recompone-relaciones-con-la-uefa/
210250,Fotos: impresionante granizada en Bogotá pintó de blanco parques de Cedritos y más,2026-02-11 19:00:13,2026-02-11 19:00:13,publish,Juan Camilo Ocampo,Noticias de Bogotá,Bogotá|Granizada|lluvias,https://360radio.com.co/bogota/fotos-impresionante-granizada-en-bogota-pinto-de-blanco-parques-de-cedritos-y-mas/
210246,Medellín entre las peores ciudades del mundo para conducir en 2025,2026-02-11 18:20:24,2026-02-11 22:39:55,publish,Juan Camilo Ocampo,Noticias de Medellín,Conducir en Medellín|destacada|medellin|MOVILIDAD|Trancones en Medellín,https://360radio.com.co/medellin/medellin-entre-las-peores-ciudades-del-mundo-para-conducir-en-2025/
210238,¿Dejaron solo a Uribe en Antioquia?,2026-02-11 17:26:39,2026-02-11 17:27:06,publish,360 Radio,Confidenciales,álvaro Uribe|Antioquía|centro democrático|Confidenciales|Juan O|URIBE,https://360radio.com.co/dejaron-solo-a-uribe-en-antioquia/210238/
210233,Empresas caleñas podrán recibir kits de IA sin costo: así pueden postularse,2026-02-11 16:14:38,2026-02-11 16:14:38,publish,Juan Camilo Ocampo,Noticias de Cali,cali|Empresas|Empresas en Cali|Inteligencia artificial,https://360radio.com.co/cali/empresas-calenas-podran-recibir-kits-de-ia-sin-costo-asi-pueden-postularse/
210227,Starlink promete cerrar la brecha digital con internet móvil global,2026-02-11 15:59:02,2026-02-11 15:59:02,publish,Julieth Barbosa,Observatorio TIC|Tecnología,baja latencia satelital|cobertura móvil global|Conectividad rural|Elon Musk Starlink|Internet de las cosas (IoT)|internet satelital en celulares|SpaceX telecomunicaciones|Starlink Direct to Cell,https://360radio.com.co/tecnologia/starlink-promete-cerrar-la-brecha-digital-con-internet-movil-global/
210224,Papa León XIV pide oraciones y ayuda para Colombia tras graves inundaciones,2026-02-11 15:45:35,2026-02-11 15:45:35,publish,Juan Camilo Ocampo,Noticias de Colombia,COLOMBIA|Inundaciones|Papa Leon XIV,https://360radio.com.co/papa-leon-xiv-pide-oraciones-y-ayuda-para-colombia-tras-graves-inundaciones/210224/
210220,"Tras más de 30 años, el Parque Berrío entrará en proceso de renovación",2026-02-11 14:53:58,2026-02-11 14:55:48,publish,Juan Camilo Ocampo,Noticias de Medellín,medellin|Parque Berrío|Renovación del Parque Berrío,https://360radio.com.co/medellin/tras-mas-de-30-anos-el-parque-berrio-entrara-en-proceso-de-renovacion/
210211,Maluma conmueve redes sociales con adelanto de canción junto a Yeison Jiménez,2026-02-11 14:22:58,2026-02-11 14:22:58,publish,Julieth Barbosa,Entretenimiento,accidente aéreo Paipa|canción póstuma Yeison Jiménez|colaboración Maluma Yeison Jiménez|Con el corazón Maluma Yeison Jiménez|legado musical Yeison Jiménez|Maluma homenaje Yeison Jiménez|música popular colombiana,https://360radio.com.co/entretenimiento/maluma-conmueve-redes-sociales-con-adelanto-de-cancion-junto-a-yeison-jimenez/
210201,"Sebastián Gómez destapó ""lío de faldas"" de exdirectivos de Atlético Nacional",2026-02-11 14:10:13,2026-02-11 14:10:13,publish,Juan Camilo Ocampo,Deportes,Atletico Nacional|DEPORTES|Sebastián Gómez,https://360radio.com.co/deportes/sebastian-gomez-destapo-lio-de-faldas-de-exdirectivos-de-atletico-nacional/
210209,Quién es y hoja de vida de Pablo Yesid Fajardo: nuevo presidente de la ANH,2026-02-11 13:58:17,2026-02-11 14:00:37,publish,Juan Camilo Ocampo,"Minería, energía e hidrocarburos|Noticias de Colombia",Agencia Nacional de Hidrocarburos|Ministerio de Minas y Energia|Pablo Yesid Fajardo,https://360radio.com.co/quien-es-y-hoja-de-vida-de-pablo-yesid-fajardo-nuevo-presidente-de-la-anh/210209/
210197,Qué pasará hoy en el Desafió Siglo XXI: otro enfrentamiento en el box blanco,2026-02-11 13:33:35,2026-02-11 13:33:35,publish,Julieth Barbosa,Entretenimiento,Andrea Serna|Box Blanco Desafío|Capítulo 134 Desafío|Chaleco de sentenciado|Desafío Siglo XXI duelo de salvación|Rata y Valentina|Súper Humanos semifinal|Varios|Zambrano y Myriam,https://360radio.com.co/entretenimiento/que-pasara-hoy-en-el-desafio-siglo-xxi-otro-enfrentamiento-en-el-box-blanco/
210202,Resultado Chontico Día hoy 11 febrero: número ganador,2026-02-11 13:31:51,2026-02-11 13:31:51,publish,360 Radio,Territorio,Andres M|Chances Colombia|Chances resultados|chontico día|Chontico Dia 11 febrero|Chontico Dia chance|Chontico Dia hoy|Chontico Día numero ganador|Chontico Dia Resultado|Chontico Dia ultimo sorteo|Loterías|Loterias hoy|Resultados Loterias|Último resultado Chontico Día|Varios,https://360radio.com.co/resultado-chontico-dia-hoy-11-febrero-numero-ganador/210202/
210193,"El nuevo pasaporte colombiano será el cuarto más seguro del planeta, según Petro",2026-02-11 12:32:00,2026-02-11 12:32:00,publish,Julieth Barbosa,Noticias de Colombia,Casa da Moeda de Portugal|Contrato pasaportes Colombia|Imprenta Nacional de Colombia|Nuevo pasaporte colombiano|OACI estándares|Procuraduría General|Seguridad biométrica,https://360radio.com.co/el-nuevo-pasaporte-colombiano-sera-el-cuarto-mas-seguro-del-planeta-segun-petro/210193/
210184,Xiaomi detecta problema grave para modelo Redmi Note en actualización a su versión HyperOS,2026-02-11 11:56:55,2026-02-11 11:56:55,publish,Julieth Barbosa,Observatorio TIC|Tecnología,Actualizaciones de software Xiaomi|Android 16|Ecosistema Xiaomi|Fin de soporte Xiaomi|HyperOS 4|Redmi Note 13 actualizaciones|Redmi Note 13 Pro|Xiaomi HyperOS,https://360radio.com.co/tecnologia/xiaomi-detecta-problema-grave-para-modelo-redmi-note-en-actualizacion-a-su-version-hyperos/
210185,Dorado Mañana resultado hoy 11 febrero: último sorteo y número ganador,2026-02-11 11:10:51,2026-02-11 11:10:51,publish,360 Radio,Territorio,Andres M|Chance Dorado Mañana|Chances Colombia|Dorado Mañana|Dorado Mañana 11 febrero|Dorado Mañana hoy|Dorado Mañana numero ganador|Dorado Mañana resultado|Dorado Mañana último resultado|Dorado mañana ultimo sorteo|Loterias Colombia|Loterias hoy|Resultados Loterias|Varios,https://360radio.com.co/dorado-manana-resultado-hoy-11-febrero-ultimo-sorteo-y-numero-ganador/210185/
210176,Caso Kurt Cobain: giro radical en investigación por su muerte y otras hipótesis 30 años después,2026-02-11 11:01:27,2026-02-11 11:01:27,publish,Julieth Barbosa,Entretenimiento,Análisis forense|Club 27|Escena del crimen|Homicidio de Kurt Cobain|Muerte de Kurt Cobain|Nirvana|Suicidio de Kurt Cobain,https://360radio.com.co/entretenimiento/caso-kurt-cobain-giro-radical-en-investigacion-por-su-muerte-y-otras-hipotesis-30-anos-despues/
210168,Argos impulsa el desarrollo rural: 73% de su inversión social llegó a comunidades apartadas,2026-02-11 10:24:08,2026-02-11 10:26:22,publish,Julieth Barbosa,Empresas,Agua potable rural|desarrollo comunitario|Grupo Argos|Inversión social de Cementos Argos|Obras por impuestos|Proyectos sociales en Colombia|vivienda sostenible,https://360radio.com.co/argos-impulsa-el-desarrollo-rural-73-de-su-inversion-social-llego-a-comunidades-apartadas/210168/
210153,Mi Casa en Bogotá: así funcionan los subsidios de hasta $52 millones para vivienda VIS y VIP,2026-02-11 09:55:35,2026-02-11 09:55:35,publish,Julieth Barbosa,Noticias de Bogotá,compra de vivienda VIS y VIP|educación financiera para vivienda|feria de cesantías finca raíz Bogotá|Mi Casa en Bogotá|programas de vivienda 2026|Secretaría del Hábitat Bogotá|subsidios de vivienda Bogotá,https://360radio.com.co/bogota/mi-casa-en-bogota-asi-funcionan-los-subsidios-de-hasta-52-millones-para-vivienda-vis-y-vip/
210159,Se conoció el club europeo que Falcao rechazó para volver a Millonarios,2026-02-11 09:47:21,2026-02-11 09:47:21,publish,Andrés Martín,Deportes,DEPORTES|Falcao|Falcao García|Falcao Millonarios|Millonarios,https://360radio.com.co/deportes/se-conocio-el-club-europeo-que-falcao-rechazo-para-volver-a-millonarios/
210154,"Banco de Occidente anuncia aumento en tasa de CDT hasta 11,85 % efectivo anual",2026-02-11 09:22:23,2026-02-11 10:53:21,publish,Andrés Martín,"Economía, finanzas y negocios",Ahorro|Banco de Occidente|CDT|CDT's Colombia|ECONOMIA|Economía Colombia,https://360radio.com.co/banco-de-occidente-anuncia-aumento-en-tas-de-cdt-hasta-1185-efectivo-anual/210154/
210147,"El 72,8% de las Pyme proyecta crecimiento en su facturación para 2026",2026-02-11 08:55:31,2026-02-11 08:55:31,publish,Julieth Barbosa,"Economía, finanzas y negocios",facturación para 2026|Índice de Confianza Empresarial Colombia|inversión en activos fijos|optimismo empresarial 2026|Pymes colombianas facturación|transición empresarial Colombia|Vistage Colombia,https://360radio.com.co/el-728-de-las-pyme-proyecta-crecimiento-en-su-facturacion-para-2026/210147/
210141,¿Cuándo vuelve a jugar Atlético Nacional y con quién?,2026-02-11 08:13:18,2026-02-11 08:13:18,publish,Andrés Martín,Deportes,Atletico Nacional|DEPORTES|Fútbol Colombiano|Liga Betplay|medellin|Nacional contra quien juega|Nacional cuando juega|Nacional partidos,https://360radio.com.co/deportes/cuando-vuelve-a-jugar-atletico-nacional-y-con-quien/
210106,"Liga BetPlay: partidos de hoy 11 de febrero, horarios y cómo ver en vivo",2026-02-11 07:51:45,2026-02-11 07:51:45,publish,Andrés Martín,Deportes,Deportivo Cali hoy|Dimayor|Fútbol Colombiano|Inter - Cali|Liga Betplay|Liga betplay horarios|Liga Betplay partidos|Liga colombiana|Millonarios aguilas|Millonarios hoy|Partidos Colombia hoy|Partidos Futbol Colombiano|Partidos Liga Betplay hoy,https://360radio.com.co/deportes/liga-betplay-partidos-de-hoy-11-de-febrero-horarios-y-como-ver-en-vivo/
210135,Super Astro Luna hoy 10 febrero: resultado y número ganador del último sorteo,2026-02-11 06:12:41,2026-02-11 06:13:50,publish,360 Radio,Territorio,Andres M|Astro Luna|Astro Luna numero ganador|Astro Luna resultado|Astro Luna ultimo sorteo|Chance Astro Luna|Chances Colombia|Chances hoy|Loterías|Loterias Colombia|Loterias hoy|Resultados Chances|super astro luna|super astro luna 10 febrero|Super Astro Luna ayer|Super Astro Luna hoy|Varios,https://360radio.com.co/super-astro-luna-hoy-10-febrero-resultado-y-numero-ganador-del-ultimo-sorteo/210135/
210131,Caribeña Noche resultado hoy 10 febrero: número ganador del último sorteo,2026-02-11 06:05:45,2026-02-11 06:05:45,publish,360 Radio,Territorio,Andres M|Caribeña Noche|Caribeña noche 10 febrero|Caribeña noche ayer|Caribeña noche hoy|Caribeña noche numero ganador|Caribeña noche resultado|Caribeña noche ultimo sorteo|Chance Caribeña Noche|Chances Colombia|Chances hoy|Loteiras Colombia|Loterias hoy|Resultados Chances|Resultados Loterias|Ultimo resultado Caribeña noche|Varios,https://360radio.com.co/caribena-noche-resultado-hoy-10-febrero-numero-ganador-del-ultimo-sorteo/210131/
210125,"Lotería del Huila hoy 10 febrero: último sorteo, resultado y secos",2026-02-11 05:59:48,2026-02-11 05:59:48,publish,360 Radio,Territorio,Andres M|Loteria del Huila|Loteria del Huila 10 febrero|Loteria del Huila ayer|Loteria del Huila hoy|Loteria del Huila numero ganador|Loteria del Huila premios|Loteria del Huila resultado|Loteria del Huila secos|Loteria del Huila ultimo resultado|Loteria del Huila ultimo sorteo|Loterías|loterias de Colombia|Loterias hoy|Resultados Loterias|Varios,https://360radio.com.co/loteria-del-huila-hoy-10-febrero-ultimo-sorteo-resultado-y-secos/210125/
210119,Resultado Lotería de la Cruz Roja hoy 10 febrero: último sorteo y secos,2026-02-11 05:52:07,2026-02-11 06:00:48,publish,360 Radio,Territorio,Andres M|Loteria Cruz Roja ayer|Loteria Cruz Roja Hoy|Loteria Cruz Roja numero ganador|Loteria Cruz Roja Resultado|Loteria cruz roja ultimo sorteo|lotería de la cruz roja|Loteria de la Cruz Roja 10 febrero|Loteria de la Cruz Roja secos|Loterías|Loterias Colombia|Loterias hoy|Resultados Loterias|Ultimo resultado Cruz Roja|Varios,https://360radio.com.co/resultado-loteria-de-la-cruz-roja-hoy-10-febrero-ultimo-sorteo-y-secos/210119/
210096,Tigo y Movistar: el movimiento que pone a prueba la competencia en el sector TIC,2026-02-11 05:46:38,2026-02-10 21:02:14,publish,Andrés Martín,Observatorio TIC|Telecomunicaciones,,https://360radio.com.co/tigo-y-movistar-el-movimiento-que-pone-a-prueba-la-competencia-en-el-sector-tic/210096/
210102,Tabla de posiciones de la Liga BetPlay actualizada hoy 10 de febrero,2026-02-10 22:22:52,2026-02-10 22:30:02,publish,Andrés Martín,Deportes,Bucaramanga Tolima|Cucuta Medellin|Dimayor|Liga Betplay|Liga Betplay hoy|Liga Betplay partidos|Liga Betplay Resultados|Llaneros Pasto|Tabla de posiciones Liga Betplay,https://360radio.com.co/deportes/tabla-de-posiciones-de-la-liga-betplay-actualizada-hoy-10-de-febrero/
210110,Cuándo juega Deportes Tolima vs Táchira en Copa Libertadores: partidos confirmados,2026-02-10 21:58:44,2026-02-10 21:58:44,publish,Andrés Martín,Deportes,Copa Libertadores|Deportes Tolima|Tolima Tachira|Tolima Tachira fechas|Tolima Tachira horarios,https://360radio.com.co/deportes/cuando-juega-deportes-tolima-vs-tachira-en-copa-libertadores-partidos-confirmados/
210095,Pico y placa en Medellín este miércoles 11 de febrero de 2026: vehículos con restricciones,2026-02-10 21:15:06,2026-02-10 20:56:16,publish,Juan Camilo Ocampo,Noticias de Medellín,medellin|Pico y placa|Pico y placa en medellín|Pico y placa en Medellín hoy,https://360radio.com.co/medellin/pico-y-placa-en-medellin-este-miercoles-11-de-febrero-de-2026-vehiculos-con-restricciones/
210090,"Así están hoy los embalses Urrá, Ituango y Calima",2026-02-10 20:49:04,2026-02-10 20:49:04,publish,Juan Camilo Ocampo,Noticias de Colombia,Embalses|embalses Urrá|Hidroituango|Ituango y Calima,https://360radio.com.co/asi-estan-hoy-los-embalses-urra-ituango-y-calima/210090/
210086,Chontico Noche hoy 10 febrero: último resultado y número ganador,2026-02-10 19:46:49,2026-02-10 19:46:49,publish,360 Radio,Territorio,Andres M|Chance Chontico Noche|Chances Colombia|Chontico Noche|Chontico Noche 10 febrero|Chontico Noche hoy|Chontico Noche numero ganador|Chontico Noche resultado|Chontico Noche ultimo sorteo|Loterías|Loterias Colombia|Loterias hoy|Resultados Chances|Resultados Loterias|Varios,https://360radio.com.co/chontico-noche-hoy-10-febrero-ultimo-resultado-y-numero-ganador/210086/
210083,Gobierno alista nueva declaratoria de emergencia económica por $8 billones,2026-02-10 19:24:31,2026-02-10 21:59:52,publish,Juan Camilo Ocampo,Noticias de Colombia,destacada|Emergencia económica|GOBIERNO|MinHacienda,https://360radio.com.co/gobierno-alista-nueva-declaratoria-de-emergencia-economica-por-8-billones/210083/
209976,"Concierto de My Chemical Romance en Bogotá: horarios, Transmilenio y cómo llegar al Vive Claro",2026-02-10 18:27:18,2026-02-10 18:55:54,publish,Julieth Barbosa,Entretenimiento|Noticias de Bogotá,Concierto My Chemical Romance|concierto My Chemical Romance Bogotá|horarios concierto Bogotá|My Chemical Romance Bogotá 2026|seguridad eventos masivos Bogotá|transporte TransMilenio concierto|Vice Claro|Vive Claro Distrito Cultural|Vive Claro transmilenio,https://360radio.com.co/entretenimiento/concierto-de-my-chemical-romance-en-bogota-horarios-transmilenio-y-como-llegar-al-vive-claro/
210079,"Salario de Jhon Arias en Palmeiras por día, semana, mes y año en pesos colombianos",2026-02-10 18:17:11,2026-02-10 22:31:26,publish,Juan Camilo Ocampo,Deportes,DEPORTES|Jhon Arias|Jhon Arias Colombia|Jhon Arias Fluminense|Jhon Arias nuevo club|Jhon Arias Palmeiras|Palmeiras|pesos colombianos|Salario Jhon Arias,https://360radio.com.co/deportes/salario-de-jhon-arias-en-palmeiras-por-dia-semana-mes-y-ano-en-pesos-colombianos/
210075,Resultado Super Astro Sol 10 febrero hoy: número ganador del último sorteo,2026-02-10 17:36:42,2026-02-10 17:36:42,publish,360 Radio,Territorio,Andres M|Astro Sol 10 febrero|Astro Sol hoy|Astro Sol numero ganador|Astro Sol resultado|Astro Sol ultimo sorteo|Chance Super Astro Sol|Chances hoy|Loterias Colombia|Loterias hoy|Resultados Chances|Resultados Loterias|super astro sol|Super Astro Sol resultado|Varios,https://360radio.com.co/resultado-super-astro-sol-10-febrero-hoy-numero-ganador-del-ultimo-sorteo/210075/
210071,Manifestaciones hoy en Bogotá: Transmilenio afectado y cierre de estaciones,2026-02-10 17:31:48,2026-02-10 17:31:48,publish,Andrés Martín,Noticias de Bogotá,Bloqueos Transmilenio|Bogotá|Carrera decima|Manifestaciones hoy|Protestas hoy Bogota|Transmilenio|Transmilenio Carrera decima,https://360radio.com.co/bogota/manifestaciones-hoy-en-bogota-transmilenio-afectado-y-cierre-de-estaciones/
210068,Umbral electoral 2026: todo lo que debes saber sobre los votos necesarios para partidos,2026-02-10 17:18:00,2026-02-10 17:18:00,publish,Juan Camilo Ocampo,Política,elecciones de 2026|Partidos Políticos|POLITICA|Umbral electoral,https://360radio.com.co/umbral-electoral-2026-todo-lo-que-debes-saber-sobre-los-votos-necesarios-para-partidos/210068/
210041,"Tecnología, innovación y obras clave están redefiniendo a Colombia",2026-02-10 16:50:30,2026-02-10 16:50:30,publish,Julieth Barbosa,Noticias de Colombia|Tecnología,Centro Nacional de Memoria Histórica|enovo|Gobernación de Antioquia|infraestructura|Innovación|Innovación digital|Inteligencia artificial|ONUDI|Proyectos de infraestructura|Síntesis|Tecnología,https://360radio.com.co/tecnologia/tecnologia-innovacion-y-obras-clave-estan-redefiniendo-a-colombia/
210056,Alcaldía entrega unidad móvil de salud para ampliar la atención medica en zonas rurales de Cali,2026-02-10 16:49:19,2026-02-10 16:49:19,publish,Daniel García,Noticias de Cali,Alcaldía de Cali|cali|COLOMBIA|noticias|SALUD,https://360radio.com.co/cali/alcaldia-entrega-unidad-movil-de-salud-para-ampliar-la-atencion-medica-en-zonas-rurales-de-cali/
210043,Colombia Humana salda multa del CNE para completar fusión con el Pacto Histórico,2026-02-10 16:31:17,2026-02-10 16:31:17,publish,Juan Camilo Ocampo,Política,CNE|Colombia Humana|Pacto Histórico|POLITICA,https://360radio.com.co/colombia-humana-salda-multa-del-cne-para-completar-fusion-con-el-pacto-historico/210043/
210047,Resultado Dorado Tarde hoy: número ganador 10 febrero y último sorteo,2026-02-10 16:24:24,2026-02-10 16:28:05,publish,360 Radio,Uncategorized,Andres M|Chance dorado tarde|Chances Colombia|Dorado Tarde|Dorado tarde 10 febrero|Dorado Tarde Hoy|Dorado tarde numero ganador|Dorado Tarde resultado|Dorado Tarde último resultado|Dorado tarde ultimo sorteo|Loterias Colombia|Loterias hoy|Resultados Chances|Resultados Loterias|Varios,https://360radio.com.co/resultado-dorado-tarde-hoy-numero-ganador-10-febrero-ultimo-sorteo/210047/
210042,Caribeña Día resultado hoy 10 febrero: número ganador del último sorteo,2026-02-10 16:23:17,2026-02-10 16:23:17,publish,360 Radio,Territorio,Andres M|Caribeña Dia|Caribeña Dia 10 febrero|Caribeña dia hoy|Caribeña dia numero ganador|Caribeña Dia resultado|Caribeña dia ultimo resultado|Caribeña dia ultimo sorteo|Chance Caribeña Dia|Chances Colombia|Chances hoy|Loterias Colombia|Loterias Hou|Resultado Caribeña Dia|Resultados Chances|Resultados Loterias|Varios,https://360radio.com.co/caribena-dia-resultado-hoy-10-febrero-numero-ganador-del-ultimo-sorteo/210042/
210033,Alcaldía fija el valor de la multa por botar basura en el espacio público de Bogotá,2026-02-10 16:01:28,2026-02-10 16:01:28,publish,Daniel García,Noticias de Bogotá,Alcaldía de Bogotá|Bogotá|COLOMBIA|noticias,https://360radio.com.co/bogota/alcaldia-fija-el-valor-de-la-multa-por-botar-basura-en-el-espacio-publico-de-bogota/
210031,El padre de David Bisbal fallece tras años de lucha contra el Alzheimer,2026-02-10 15:50:39,2026-02-10 15:51:52,publish,Julieth Barbosa,Cultura|Noticias del mundo,Alzheimer José Bisbal|boxeo español décadas 60 y 70|campeón de España de boxeo|David Bisbal padre|Fallecimiento de José Bisbal Carrillo|mensaje de despedida David Bisbal,https://360radio.com.co/el-padre-de-david-bisbal-fallece-tras-anos-de-lucha-contra-el-alzheimer/210031/
210023,Quién es Aida Quilcué: la senadora que habría sido secuestrada hoy,2026-02-10 15:27:41,2026-02-10 15:34:55,publish,Juan Camilo Ocampo,Noticias de Colombia|Política,Aida Quilcué|Quién es Aida Quilcué|senadora|senadora secuestrada,https://360radio.com.co/quien-es-aida-quilcue-la-senadora-que-habria-sido-secuestrada-hoy/210023/
210015,Fotos: este es el balón de la final de la Champions 2026 y precio,2026-02-10 14:53:13,2026-02-10 14:54:21,publish,Juan Camilo Ocampo,Deportes,balón de la final de la Champions 2026|Champions|Champions League 2026|DEPORTES,https://360radio.com.co/deportes/fotos-este-es-el-balon-de-la-final-de-la-champions-2026-y-precio/
210010,Subsidio de Mejoramiento de Vivienda en Medellín ya impacta a 3.500 familias,2026-02-10 14:25:36,2026-02-10 14:25:36,publish,Juan Camilo Ocampo,Noticias de Medellín,Alcaldia de medellin|medellin|Vivienda|Vivienda en Medellín,https://360radio.com.co/medellin/subsidio-de-mejoramiento-de-vivienda-en-medellin-ya-impacta-a-3-500-familias/
210003,Resultado Paisita Día hoy 10 febrero: número ganador y quinta,2026-02-10 13:53:13,2026-02-10 13:53:13,publish,360 Radio,Tecnología,Andres M|Chance Paisita Dia|Loteiras de Colombia|Loterías|Loterias hoy|Loterias Resultados|Paisita 1|Paisita Dia|Paisita Dia hoy|Paisita Día numero ganador|Paisita Dia resultado|Paisita Dia ultimo sorteo|Varios,https://360radio.com.co/tecnologia/resultado-paisita-dia-hoy-10-febrero-numero-ganador-y-quinta/
209995,Alcaldía impulsa la recuperación de la malla vial en la comuna 8 de Cali con inversión de más de $2.600 millones,2026-02-10 13:47:48,2026-02-10 13:47:48,publish,Daniel García,Noticias de Cali,Alcaldía de Cali|cali|COLOMBIA|infraestructura|noticias|Secretaría de Infraestructura Vial,https://360radio.com.co/cali/alcaldia-impulsa-la-recuperacion-de-la-malla-vial-en-la-comuna-8-de-cali-con-inversion-de-mas-de-2-600-millones/
209989,Colombia entra al Top 10 mundial de innovación digital con el Museo Virtual de la Memoria,2026-02-10 13:40:02,2026-02-10 13:40:02,publish,Julieth Barbosa,Cultura|Noticias de Colombia,blockchain en memoria historica|cultural del CNMH|economía creativa digital|históricos de IPFSArchivos históricos de IPFS|Innovación digital Colombia|Museo Virtual de la Memoria ONUDI,https://360radio.com.co/colombia-entra-al-top-10-mundial-de-innovacion-digital-con-el-museo-virtual-de-la-memoria/209989/
209990,Cárcel Metropolitana de Medellín: así avanza la obra que estaría lista en 2027,2026-02-10 13:38:42,2026-02-10 13:38:42,publish,Juan Camilo Ocampo,Noticias de Medellín,Alcaldia de medellin|Cárcel Metropolitana de Medellín|medellin,https://360radio.com.co/medellin/carcel-metropolitana-de-medellin-asi-avanza-la-obra-que-estaria-lista-en-2027/
209972,Bogotá abre la convocatoria de Jóvenes con Oportunidades con 12 mil cupos para estudiar o trabajar,2026-02-10 13:02:29,2026-02-10 13:02:29,publish,Daniel García,Noticias de Bogotá,Bogotá|COLOMBIA|jovenes|noticias,https://360radio.com.co/bogota/bogota-abre-la-convocatoria-de-jovenes-con-oportunidades-con-12-mil-cupos-para-estudiar-o-trabajar/
209977,Chontico Día resultado hoy 10 febrero: número ganador del último sorteo,2026-02-10 13:01:57,2026-02-10 13:01:57,publish,360 Radio,Territorio,Andres M|Chance Chontico Dia|Chances Colombia|Chances resultados|chontico día|Chontico Dia 10 febrero|Chontico Dia hoy|Chontico Día numero ganador|Chontico Dia Resultado|Chontico Dia ultimo sorteo|Loterías|loterias de Colombia|Loterias hoy|Último resultado Chontico Día|Varios,https://360radio.com.co/chontico-dia-resultado-hoy-10-febrero-numero-ganador-del-ultimo-sorteo/209977/
209971,Empresas reconocen debilidad frente a ataques con inteligencia artificial,2026-02-10 12:46:57,2026-02-10 12:46:57,publish,Julieth Barbosa,Observatorio TIC|Tecnología,amenazas digitales adaptativas|ataques potenciados por IA|ciberresiliencia empresarial|ciberseguridad con inteligencia artificial|Lenovo informe Work Reborn|riesgos internos IA|seguridad digital en 2027,https://360radio.com.co/tecnologia/empresas-reconocen-debilidad-frente-a-ataques-con-inteligencia-artificial/
209960,El impacto del dólar y el salario mínimo en las exportaciones de flores colombianas en San Valentín,2026-02-10 12:01:01,2026-02-10 13:04:46,publish,Daniel García,"Economía, finanzas y negocios|Noticias de Bogotá",COLOMBIA|destacada|ECONOMIA|noticias|San Valentín,https://360radio.com.co/bogota/el-impacto-del-dolar-y-el-salario-minimo-en-las-exportaciones-de-flores-colombianas-en-san-valentin/
209959,Empresarios colombianos llaman a defender la democracia en año electoral,2026-02-10 11:59:17,2026-02-10 12:05:05,publish,Julieth Barbosa,Empresas|Noticias de Colombia,empresarios colombianos elecciones 2026|institucionalidad democrática|Inversión privada en Colombia|Iván Trujillo Grupo Trinidad|Jorge Mario Velásquez Grupo Argos|participación ciudadana colombia,https://360radio.com.co/empresarios-colombianos-llaman-a-defender-la-democracia-en-ano-electoral/209959/
209932,Un solo cambio harías que los carros en Colombia valgan 50% menos,2026-02-10 11:15:09,2026-02-10 11:17:19,publish,Daniel García,"Economía, finanzas y negocios",COLOMBIA|Comprar Carro En Colombia|ECONOMIA|noticias|venta de carros,https://360radio.com.co/un-solo-cambio-harias-que-los-carros-en-colombia-valgan-50-menos/209932/
209937,Se conocen las víctimas del accidente en Cajamarca-La Línea,2026-02-10 11:04:30,2026-02-10 12:17:48,publish,Julieth Barbosa,Noticias de Colombia,accidente en La Línea|Armenia–Cajamarca|choque múltiple Tolima|corredor vial La Línea|ruta alterna por Fresno|Seguridad vial en Colombia|tractomula falla mecánica,https://360radio.com.co/se-conocen-las-victimas-del-accidente-en-cajamarca-la-linea/209937/
209943,Resultado Dorado Mañana 10 febrero: número ganador hoy y último sorteo,2026-02-10 11:00:51,2026-02-10 11:00:51,publish,360 Radio,Territorio,Andres M|Chance Dorado|Chances Colombia|Dorado Mañana|Dorado Mañana 10 febrero|Dorado Mañana hoy|Dorado Mañana resultado|Dorado Mañana último resultado|Dorado mañana ultimo sorteo|Loterías|Loterias hoy|Resultados Chances|Resultados Loterias|Varios,https://360radio.com.co/resultado-dorado-manana-10-febrero-numero-ganador-hoy-y-ultimo-sorteo/209943/
209938,Metro de Medellín: así puede recuperar un objeto o documento perdido en la red Metro,2026-02-10 10:51:42,2026-02-10 10:51:42,publish,Andrés Martín,Noticias de Medellín,medellin|Metro de Medellín|Metro de Medellin estaciones|Metro de Medellin objetos perdidos|Metro de Medellin servicio al cliente,https://360radio.com.co/medellin/metro-de-medellin-asi-puede-recuperar-un-objeto-o-documento-perdido-en-la-red-metro/
209894,Video: Momento exacto del accidente en La Línea - Cajamarca,2026-02-10 10:38:23,2026-02-10 11:06:17,publish,Andrés Martín,Noticias de Colombia,Accidente La Linea|Accidente transito|Alto de La Linea|cajamarca|COLOMBIA|La linea cierre total|Tractomula La Linea,https://360radio.com.co/video-momento-exacto-del-accidente-en-la-linea-cajamarca/209894/
209925,"Este sería el precio del iPhone 17 más económico en Colombia, reveló Apple en entrevista",2026-02-10 10:25:47,2026-02-10 12:17:12,publish,Julieth Barbosa,Tecnología,Apple lanzamientos 2025|carga inalámbrica MagSafe|chip A19|innovación en Apple|iOS 26.4|IPhone 17|iPhone 17e|precio iPhone 17e|Siri con inteligencia artificial,https://360radio.com.co/tecnologia/este-seria-el-precio-del-iphone-17-mas-economico-en-colombia-revelo-apple-en-entrevista/
209923,James Rodríguez está en el top 3 de los latinos más caros de la MLS,2026-02-10 10:03:51,2026-02-10 10:03:51,publish,Daniel García,"Deportes|Economía, finanzas y negocios",COLOMBIA|Daniel G|DEPORTES|ECONOMIA|noticias,https://360radio.com.co/deportes/james-rodriguez-esta-en-el-top-3-de-los-latinos-mas-caros-de-la-mls/
209905,¿Qué pasa con WOM Colombia y por qué su página web no funciona?,2026-02-10 09:44:49,2026-02-10 12:16:34,publish,Julieth Barbosa,Observatorio TIC|Tecnología,disputa legal telecomunicaciones|litigio empresarial en Colombia|marca WOM en Colombia|Partners Telecom Colombia|Superintendencia de Industria y Comercio|suspensión de uso de marca|WOM|WOM Chile,https://360radio.com.co/tecnologia/que-pasa-con-wom-colombia-y-por-que-su-pagina-web-no-funciona/
209915,Las entidades financieras con las mejores tasas de interés para invertir en un CDT en 2026,2026-02-10 09:37:16,2026-02-10 09:37:16,publish,Daniel García,"Economía, finanzas y negocios",CDT|COLOMBIA|Daniel G|ECONOMIA|noticias,https://360radio.com.co/las-entidades-financieras-con-las-mejores-tasas-de-interes-para-invertir-en-un-cdt-en-2026/209915/
209907,"El costo oculto del comercio electrónico: cada millón en reembolsos puede costar 1,3 millones",2026-02-10 08:51:07,2026-02-10 12:15:56,publish,Julieth Barbosa,"Economía, finanzas y negocios|Tecnología",ACI Worldwide|Comercio electrónico|Crecimiento del e-commerce|devoluciones en comercio electrónico|fraude en transacciones digitales|impacto financiero del retail|políticas de devolución estrictas|reembolsos en compras online,https://360radio.com.co/tecnologia/el-costo-oculto-del-comercio-electronico-cada-millon-en-reembolsos-puede-costar-13-millones/
209900,El nuevo club de Rodrigo Holgado que deja al América de Cali sin jugador clave,2026-02-10 07:45:42,2026-02-10 08:37:10,publish,Andrés Martín,Deportes|Noticias,América de Cali|Coquimbo Unido|Rodrigo Holgado|Rodrigo Holgado America|Rodrigo Holgado delantero|Rodrigo Holgado nuevo equipo,https://360radio.com.co/deportes/el-nuevo-club-de-rodrigo-holgado-que-deja-al-america-de-cali-sin-jugador-clave/
209897,¿Cuántos años cumple Radamel Falcao García hoy 10 de febrero?,2026-02-10 07:31:55,2026-02-10 07:50:29,publish,Andrés Martín,Noticias de Colombia,Falcao García|Falcao Garcia cuantos años tiene|Falcao Garcia edad|Falcao Garcia Goles|Falcao Garcia Millonarios|Radamel Falcao García,https://360radio.com.co/cuantos-anos-cumple-radamel-falcao-garcia-hoy-10-de-febrero/209897/
209888,Hidroituango opera con normalidad en medio de lluvias atípicas y mantiene monitoreo permanente del río Cauca,2026-02-10 06:49:06,2026-02-10 08:48:43,publish,Andrés Martín,Noticias de Medellín,Antioquía|destacada|EPM|Hidroituango|Hidroituango lluvias|Lluvias Colombia,https://360radio.com.co/medellin/hidroituango-opera-con-normalidad-en-medio-de-lluvias-atipicas-y-mantiene-monitoreo-permanente-del-rio-cauca/
209865,"Lotería del Tolima resultado hoy 9 febrero: número ganador, secos y último sorteo",2026-02-10 06:36:57,2026-02-10 06:39:46,publish,360 Radio,Territorio,Andres M|lotería del tolima|Loteria del Tolima 9 febrero|Loteria del Tolima hoy|Loteria del Tolima numero ganador|Loteria del Tolima resultado|Loteria del Tolima ultimo resultado|Loterías|Loterias Colombia|Loterias hoy|Resultados Loterias|Secos Loteria del Tolima|Ultimo sorteo Loteria del Tolima|Varios,https://360radio.com.co/loteria-del-tolima-resultado-hoy-9-febrero-numero-ganador-y-premios/209865/
209882,Baloto y Revancha resultado lunes 9 febrero: números ganadores hoy,2026-02-10 06:32:48,2026-02-10 06:38:24,publish,360 Radio,Territorio,Andres M|Baloto|Baloto 9 de febrero|Baloto Colombia|Baloto Lunes|Baloto números ganadores|Baloto Revancha|Baloto ultimo sorteo|Loterías|Loterias hoy|Resultado Baloto|Resultados Loterias|Varios,https://360radio.com.co/baloto-y-revancha-resultado-lunes-9-febrero-numeros-ganadores-hoy/209882/
209878,Resultado Super Astro Luna hoy 9 febrero: número ganador y signo,2026-02-10 06:24:20,2026-02-10 06:24:20,publish,360 Radio,Territorio,Andres M|Astro Luna resultado|Astro Luna ultimo sorteo|Chance Super Astro Luna|Chances Colombia|Loterías|loterias de Colombia|Loterias hoy|Resultados Chances|super astro luna|Super Astro Luna 8 febrero|Super Astro Luna ayer|Super Astro Luna hoy|Super Astro Luna resultado|Varios,https://360radio.com.co/resultado-super-astro-luna-hoy-9-febrero-numero-ganador-y-signo/209878/
209869,"Lotería de Cundinamarca resultado hoy 9 febrero: último sorteo, secos y número ganador",2026-02-10 06:14:37,2026-02-10 06:14:37,publish,360 Radio,Territorio,Andres M|Lotería de Cundinamarca|Loteria de Cundinamarca 9 febrero|Loteria de Cundinamarca ayer|Loteria de Cundinamarca hoy|Loteria de Cundinamarca numero ganador|Loteria de Cundinamarca resultado|Loteria de Cundinamarca secos|Loteria de Cundinamarca ultimo sorteo|Loterías|loterias de Colombia|Resultados Loterias|Varios,https://360radio.com.co/loteria-de-cundinamarca-resultado-hoy-9-febrero-ultimo-sorteo-secos-y-numero-ganador/209869/
209860,Resultado Caribeña Noche hoy 9 febrero: último sorteo,2026-02-09 22:42:54,2026-02-09 22:42:54,publish,360 Radio,Territorio,Andres M|Caribeña 9 febrero|Caribeña Noche|Caribeña noche hoy|Caribeña noche numero ganador|Caribeña noche resultado|Caribeña noche ultimo sorteo|Chance Caribeña Noche|Loterias Colombia|Loterias hoy|Resultados Chances|Resultados Loterias|Varios,https://360radio.com.co/resultado-caribena-noche-hoy-9-febrero-ultimo-sorteo/209860/
209858,Miguel Uribe Londoño será candidato presidencial: este martes recibirá aval,2026-02-09 21:57:50,2026-02-09 21:57:50,publish,Andrés Martín,Política,Candidatos presidenciales Colombia|Elecciones 2026|Miguel Uribe|Miguel Uribe Londoño|Miguel Uribe Londoño hoy|Partido Democrata Colombiano|POLITICA|Presidente de Colombia|Propuestas Miguel Uribe,https://360radio.com.co/miguel-uribe-londono-sera-candidato-presidencial-este-martes-recibira-aval/209858/
209852,Delta Airlines amplía su flota de fuselaje ancho con un nuevo pedido de 31 aviones Airbus,2026-02-09 21:35:32,2026-02-10 08:48:51,publish,Andrés Martín,"Economía, finanzas y negocios|Empresas",Airbus|Aviación|Aviones Delta|Delta Airlines|Delta Colombia|Delta nuevos aviones|Vuelos Delta,https://360radio.com.co/delta-airlines-amplia-su-flota-de-fuselaje-ancho-con-un-nuevo-pedido-de-31-aviones-airbus/209852/
209848,Resultado Chontico Noche hoy 9 febrero: número ganador y último sorteo,2026-02-09 21:25:20,2026-02-09 21:25:20,publish,360 Radio,Territorio,Andres M|Chance Chontico Noche|Chances Colombia|Chontico Noche|Chontico Noche 9 febrero|Chontico Noche hoy|Chontico Noche resultado|Chontico Noche último resultado|Chontico Noche ultimo sorteo|Loterías|Loterias hoy|Resultado Loterias|Resultados Chances|Varios,https://360radio.com.co/resultado-chontico-noche-hoy-9-febrero-numero-ganador-y-ultimo-sorteo/209848/
209846,Pico y placa en Medellín este martes 10 de febrero de 2026: vehículos con restricciones,2026-02-09 21:15:13,2026-02-09 20:48:13,publish,Juan Camilo Ocampo,Noticias de Medellín,medellin|Pico y placa|Pico y placa en medellín|Pico y placa en Medellín hoy,https://360radio.com.co/medellin/pico-y-placa-en-medellin-este-martes-10-de-febrero-de-2026-vehiculos-con-restricciones/
209841,"Polémica por presencia de Alirio Rendón ""El Cebollero"" en jornada política de Mauricio Parodi",2026-02-09 20:23:36,2026-02-09 20:23:36,publish,Juan Camilo Ocampo,Política,"Alirio Rendón ""El Cebollero""|elecciones de 2026|Mauricio Parodi|POLITICA",https://360radio.com.co/polemica-por-presencia-de-alirio-rendon-el-cebollero-en-jornada-politica-de-mauricio-parodi/209841/
209836,Los grandes eventos deportivos que moverán millones de viajeros en 2026,2026-02-09 19:07:15,2026-02-09 19:07:15,publish,Juan Camilo Ocampo,Deportes,DEPORTES|Eventos deportivos|Fórmula 1|Mundial de 2026,https://360radio.com.co/los-grandes-eventos-deportivos-que-moveran-millones-de-viajeros-en-2026/209836/
209833,Curules en juego: estos son los escenarios posibles para los partidos,2026-02-09 18:25:00,2026-02-09 18:25:00,publish,Juan Camilo Ocampo,Confidenciales|Política,Andrés Felipe Gaviria Cano|centro democrático|congreso de la republica|Curules|Elecciones 2026,https://360radio.com.co/curules-en-juego-estos-son-los-escenarios-posibles-para-los-partidos/209833/
209826,Alcaldía de Cali y la FAC avanza en la revisión de la edificabilidad en la ciudad,2026-02-09 17:47:16,2026-02-09 17:47:16,publish,Daniel García,Noticias de Cali,cali|COLOMBIA|Daniel G|FAC|noticias,https://360radio.com.co/alcaldia-de-cali-y-la-fac-avanza-en-la-revision-de-la-edificabilidad-en-la-ciudad/209826/
209818,Así se mueve el dinero de las marcas en la Fórmula 1 en el 2026,2026-02-09 17:22:02,2026-02-09 17:22:02,publish,Juan Camilo Ocampo,Deportes,DEPORTES|dinero|Fórmula 1|Marcas,https://360radio.com.co/asi-se-mueve-el-dinero-de-las-marcas-en-la-formula-1-en-el-2026/209818/
209819,Salvavidas al Empleo: La estrategia con la que la Alcaldía de Bogotá busca proteger 10 mil trabajadores de la ciudad,2026-02-09 17:14:28,2026-02-09 17:14:52,publish,Daniel García,Noticias de Bogotá,Bogotá|COLOMBIA|Daniel G|Empleo en colombia|noticias,https://360radio.com.co/bogota/salvavidas-al-empleo-la-estrategia-con-la-que-la-alcaldia-de-bogota-busca-proteger-10-mil-trabajadores-de-la-ciudad/
209797,Los chips están entrando en una nueva era marcada por la inteligencia artificial,2026-02-09 16:52:24,2026-02-09 16:59:05,publish,Julieth Barbosa,Observatorio TIC|Tecnología,CAF|centros de datos|Grupo Indra|Inteligencia artificial|Nvidia|samsung|semiconductores|Síntesis|Tecnología,https://360radio.com.co/los-chips-estan-entrando-en-una-nueva-era-marcada-por-la-inteligencia-artificial/209797/
209805,"Exportaciones del Valle del Cauca crecieron 15,4% en 2025: así se catapultaron",2026-02-09 16:44:22,2026-02-09 16:44:22,publish,Daniel García,"Economía, finanzas y negocios|Noticias de Cali",cali|COLOMBIA|Daniel G|ECONOMIA|noticias|Noticias del Valle del Cauca,https://360radio.com.co/exportaciones-del-valle-del-cauca-crecieron-154-en-2025-asi-se-catapultaron/209805/
209801,Gobernación de Antioquia respalda la tasa de seguridad y destaca avance en el recaudo,2026-02-09 16:32:38,2026-02-09 16:32:38,publish,Juan Camilo Ocampo,Noticias de Antioquia|Noticias de Medellín,Andrés Julián Rendón|Gobernación de Antioquia|Gobernador Andrés Julián Rendón|medellin|tasa de seguridad,https://360radio.com.co/medellin/gobernacion-de-antioquia-respalda-la-tasa-de-seguridad-y-destaca-avance-en-el-recaudo/
209778,Registraduría revela la tarjeta electoral para las consultas del 8 de marzo: así será la votación,2026-02-09 16:23:40,2026-02-09 17:51:32,publish,Daniel García,Noticias de Colombia,COLOMBIA|Daniel G|Elecciones 2026|noticias|Noticias de la Registraduría,https://360radio.com.co/registraduria-revela-la-tarjeta-electoral-para-las-consultas-del-8-de-marzo-asi-sera-la-votacion/209778/
209796,Super Astro Sol resultado hoy 9 febrero: número ganador y signo,2026-02-09 16:03:50,2026-02-09 16:03:50,publish,360 Radio,Territorio,Andres M|Astro Sol 9 febrero|Astro Sol numero ganador|Astro Sol resultado|Astro Sol ultimo sorteo|Chance astro sol|Loterías|Loterias Colombia|Loterias hoy|Resultados Chances|Resultados Loterias|super astro sol|Super Astro Sol hoy|último resultado Super Astro Sol|Varios,https://360radio.com.co/super-astro-sol-resultado-hoy-9-febrero-numero-ganador-y-signo/209796/
209791,Dorado Tarde resultado hoy 9 febrero: número ganador último sorteo,2026-02-09 15:56:09,2026-02-09 15:56:09,publish,360 Radio,Territorio,Andres M|Chance dorado tarde|Chances Colombia|Chances hoy|Dorado Tarde|Dorado tarde 9 febrero|Dorado Tarde Hoy|Dorado tarde numero ganador|Dorado Tarde resultado|Dorado tarde ultimo sorteo|Loterias Colombia|Loterias hoy|Resultados Chance|Resultados Chances hoy|Resultados Loterias|Varios,https://360radio.com.co/dorado-tarde-resultado-hoy-9-febrero-numero-ganador-ultimo-sorteo/209791/
209787,Medellín alcanza récord histórico de turistas extranjeros,2026-02-09 15:27:03,2026-02-09 15:27:03,publish,Juan Camilo Ocampo,Noticias de Medellín,medellin|Medellín alcanza récord histórico de turistas extranjeros|Medellin hoy|Medellín y turistas,https://360radio.com.co/medellin/medellin-alcanza-record-historico-de-turistas-extranjeros/
209766,CNE y Fiscalía coinciden en irregularidades en campaña presidencial de Petro,2026-02-09 14:54:46,2026-02-09 14:54:46,publish,Julieth Barbosa,Judicial|Noticias de Colombia,Consejo Nacional Electoral|Fiscalía General de la Nación|topes de financiación electoral|Trafico de influencias,https://360radio.com.co/cne-y-fiscalia-coinciden-en-irregularidades-en-campana-presidencial-de-petro/209766/
209773,"""Together we are America"": ¿El Super Bowl más político de la historia?",2026-02-09 14:21:30,2026-02-09 14:29:33,publish,Juan Camilo Ocampo,Deportes,Bad Bunny|Donald Trump|Halftime|Show de medio tiempo|Super Bowl|Super Bowl LX|Super Bowl más político de la historia|Togheter we are America,https://360radio.com.co/togheter-we-are-america-el-super-bowl-mas-politico-de-la-historia/209773/
209768,Cómo se entrenan los caballos trotones para las competiciones de trote,2026-02-09 13:53:26,2026-02-09 13:53:26,publish,Daniel García,Entretenimiento,1XBET|COLOMBIA|Comercial|Daniel G|noticias,https://360radio.com.co/como-se-entrenan-los-caballos-trotones-para-las-competiciones-de-trote/209768/
209764,Resultado Chontico Día hoy 9 febrero: número ganador del último sorteo,2026-02-09 13:45:07,2026-02-09 13:45:07,publish,360 Radio,Territorio,Andres M|chance chontico|chontico día|Chontico Dia hoy|Chontico Día numero ganador|Chontico Dia Resultado|Chontico Dia resultado hoy|Chontico Dia ultimo sorteo|Loterías|Loterias Colombia|Resultados Chances|Resultados Loterias|Varios,https://360radio.com.co/resultado-chontico-dia-hoy-9-febrero-numero-ganador-del-ultimo-sorteo/209764/
209758,Estos son los carros usados más comprados por los colombianos en 2025-2026,2026-02-09 13:03:55,2026-02-09 17:51:59,publish,Daniel García,"Economía, finanzas y negocios",COLOMBIA|Daniel G|ECONOMIA|mejores autos usados 2025|noticias,https://360radio.com.co/estos-son-los-carros-usados-mas-comprados-por-los-colombianos-en-2025-2026/209758/
209759,Video: asalto en Italia y ataque armado a furgón blindado como de película,2026-02-09 12:56:00,2026-02-09 12:56:00,publish,Andrés Martín,Noticias del mundo,Asalto Italia|Internacional|MUNDO|Noticias Internacionales|Robo Italia,https://360radio.com.co/video-asalto-en-italia-y-ataque-armado-a-furgon-blindado-como-de-pelicula/209759/
209743,Colombianos trabajarán menos horas en 2026 por decreto,2026-02-09 12:51:55,2026-02-09 12:51:55,publish,Julieth Barbosa,Empresas|Noticias de Colombia,derechos laborales en Colombia|jornada máxima legal en Colombia|ministerio del trabajo|Productividad laboral,https://360radio.com.co/colombianos-trabajaran-menos-horas-en-2026-por-decreto/209743/
209749,ANIF alerta del impacto fiscal que tendrá el aumento del salario mínimo en Colombia,2026-02-09 12:38:36,2026-02-10 09:06:04,publish,Daniel García,"Economía, finanzas y negocios",Anif|COLOMBIA|Daniel G|ECONOMIA|noticias,https://360radio.com.co/anif-alerta-del-impacto-fiscal-que-tendra-el-aumento-del-salario-minimo-en-colombia/209749/
209737,Este viernes 13 de febrero vence el pago del ICA en Bogotá: así puede pagar,2026-02-09 12:19:42,2026-02-09 17:53:18,publish,Daniel García,"Economía, finanzas y negocios|Noticias de Bogotá",Bogotá|COLOMBIA|Daniel G|ECONOMIA|noticias,https://360radio.com.co/bogota/este-viernes-13-de-febrero-vence-el-pago-del-ica-en-bogota-asi-puede-pagar/
209723,El Samsung Galaxy S26 trae una novedad que podría solucionarte el día a día,2026-02-09 12:04:56,2026-02-09 12:19:10,publish,Julieth Barbosa,Observatorio TIC|Tecnología,asistentes inteligentes Samsung|destacada|IA agéntica en móviles|inteligencia artificial local|Samsung S26,https://360radio.com.co/el-samsung-galaxy-s26-trae-una-novedad-que-podria-solucionarte-el-dia-a-dia/209723/
209731,Antioquia refuerza la seguridad rural con seis camionetas blindadas para el Ejército,2026-02-09 11:55:40,2026-02-09 11:55:41,publish,Andrés Martín,Noticias de Medellín,Andrés Julián Rendón|Antioquía|Ejército de Colombia|GOBERNADOR ANTIOQUIA|Seguridad Antioquia,https://360radio.com.co/medellin/antioquia-refuerza-la-seguridad-rural-con-seis-camionetas-blindadas-para-el-ejercito/
209726,Dorado Mañana hoy 9 febrero: resultado y número ganador del sorteo,2026-02-09 11:18:50,2026-02-09 11:18:50,publish,360 Radio,Territorio,Andres M|Chance Dorado Mañana|Chances Colombia|Dorado Mañana|Dorado Mañana 9 febrero|Dorado Mañana hoy|Dorado Mañana numero ganador|Dorado Mañana resultado|Dorado mañana ultimo sorteo|Loterías|Loterias Colombia|Loterias hoy|Resultados Chances|Varios,https://360radio.com.co/dorado-manana-hoy-9-febrero-resultado-y-numero-ganador-del-sorteo/209726/
209717,Juliana Guerrero: Fiscalía radica escrito de acusación por presunto fraude y títulos universitarios irregulares,2026-02-09 11:10:32,2026-02-09 11:14:37,publish,Andrés Martín,Noticias de Colombia,Caso Juliana Guerrero|COLOMBIA|Fiscalía de Colombia|GOBIERNO|Juliana Guerrero|Juliana Guerrero diplomas|Noticias de Colombia,https://360radio.com.co/juliana-guerrero-fiscalia-radica-escrito-de-acusacion-por-presunto-fraude-y-titulos-universitarios-irregulares/209717/
209714,Bancolombia habilita $4 billones en créditos para pago de cesantías,2026-02-09 11:01:51,2026-02-09 12:16:59,publish,Julieth Barbosa,Empresas|Noticias de Colombia,cupones de crédito|liquidez empresarial|Obligaciones laborales|plazo legal cesantías,https://360radio.com.co/bancolombia-habilita-4-billones-en-creditos-para-pago-de-cesantias/209714/
209706,J Balvin lidera triunfo en el Flag Football Game previo al Super Bowl LX,2026-02-09 09:56:44,2026-02-09 09:56:44,publish,Julieth Barbosa,Entretenimiento,audiencia digital|Famosos de la NFL|fútbol bandera|YouTube NFL,https://360radio.com.co/j-balvin-lidera-triunfo-en-el-flag-football-game-previo-al-super-bowl-lx/209706/
209705,"Conozca las fechas de pagos de Renta Ciudadana, Colombia Mayor y Renta Joven en 2026",2026-02-09 09:36:25,2026-02-09 17:53:45,publish,Daniel García,"Economía, finanzas y negocios|Noticias de Colombia",COLOMBIA|Daniel G|ECONOMIA|noticias|Prosperidad Social,https://360radio.com.co/conozca-las-fechas-de-pagos-de-renta-ciudadana-colombia-mayor-y-renta-joven-en-2026/209705/
209694,Paso a paso de cómo hacer caricaturas con IA en ChatGPT: ilustraciones virales personalizadas,2026-02-09 09:09:34,2026-02-09 09:09:34,publish,Julieth Barbosa,Observatorio TIC,avatares con IA|caricaturas digitales|Inteligencia Artificial Generativa|Tendencias,https://360radio.com.co/paso-a-paso-de-como-hacer-caricaturas-con-ia-en-chatgpt-ilustraciones-virales-personalizadas/209694/
209696,Precio del corrientazo sube más del 10% en Colombia: estos son los motivos,2026-02-09 09:06:44,2026-02-09 17:54:18,publish,Daniel García,"Economía, finanzas y negocios",COLOMBIA|DANE|Daniel G|ECONOMIA|noticias,https://360radio.com.co/precio-del-corrientazo-sube-mas-del-10-en-colombia-estos-son-los-motivos/209696/
209688,Proyecto ferroviario Villavicencio - Puerto Gaitán avanza con revisión técnica clave en predio estratégico,2026-02-09 08:05:42,2026-02-09 08:05:43,publish,Andrés Martín,Infraestructura|Noticias de Colombia,ANI|infraestructura|Infraestructura Colombia|Proyecto Ferroviario Villavicencio|Proyectos de trenes|Tren Villavicencio|Trenes Colombia,https://360radio.com.co/proyecto-ferroviario-villavicencio-puerto-gaitan-avanza-con-revision-tecnica-clave-en-predio-estrategico/209688/
209684,Super Astro Luna resultado hoy 8 febrero: número ganador y signo,2026-02-09 07:48:29,2026-02-09 07:48:29,publish,360 Radio,Territorio,Astro Luna 8 febrero|Astro Luna ayer|Astro Luna hoy|Chance Super Astro Luna|Chances Colombia|Chances resultado|Loterías|Loterias hoy|Resultados Loterias|super astro luna|Super Astro Luna numero ganador|Super Astro Luna resultado|Ultimo Sorteo Astro Luna|Varios,https://360radio.com.co/super-astro-luna-resultado-hoy-8-febrero-numero-ganador-y-signo/209684/
209532,Los destinos urbanos más costosos para alquilar vivienda en América,2026-02-09 06:06:33,2026-02-08 06:48:56,publish,Juan Camilo Ocampo,Noticias del mundo,Alquiler de vivienda|Alquiler de vivienda en Bogotá|Alquiler de vivienda en Medellín|destinos urbanos más costosos para alquilar vivienda en América|vivienda en América,https://360radio.com.co/los-destinos-urbanos-mas-costosos-para-alquilar-vivienda-en-america/209532/
209680,Chontico Noche hoy 8 febrero: número ganador y último sorteo,2026-02-08 21:34:48,2026-02-09 07:44:37,publish,360 Radio,Territorio,Chance Chontico Noche|Chontico Noche|Chontico Noche 8 febrero|Chontico Noche hoy|Chontico Noche numero ganador|Chontico Noche resultado|Chontico Noche resultado hoy|Chontico Noche ultimo sorteo|Loterías|Loterias Colombia|Loterias hoy|Loterias Resultados|Super Chontico Noche|Varios,https://360radio.com.co/chontico-noche-hoy-8-febrero-numero-ganador-y-ultimo-sorteo/209680/
209674,Quién es Christian González: el colombiano figura en Super Bowl con New England Patriots,2026-02-08 21:23:23,2026-02-08 21:23:46,publish,Andrés Martín,Deportes,Christian Gonzalez|Christian Gonzalez quien es|Colombiano Super Bowl|Deportistas Colombianos|New England Patriots|Super Bowl|Super Bowl hoy|Super Bowl Jugadores,https://360radio.com.co/quien-es-christian-gonzalez-el-colombiano-figura-en-super-bowl-con-new-england-patriots/209674/
209670,Dorado Noche hoy: 8 febrero resultado y número ganador último sorteo,2026-02-08 21:16:41,2026-02-08 21:16:41,publish,360 Radio,Territorio,Chance Dorado|Chance dorado noche|Dorado Noche|Dorado Noche 8 febrero|Dorado noche domingo|Dorado Noche hoy|Dorado Noche número ganador|Dorado noche resultado|Dorado Noche ultimo sorteo|Loterías|Loterias Colombia|Loterias hoy|Resultados Chances|Resultados Loterias|Varios,https://360radio.com.co/dorado-noche-hoy-8-febrero-resultado-y-numero-ganador-ultimo-sorteo/209670/
209666,De Karol G a Pedro Pascal: Lista completa de invitados a la casita de Bad Bunny en el Super Bowl 2026,2026-02-08 21:09:34,2026-02-08 21:09:34,publish,Andrés Martín,Entretenimiento,Bad Bunny|Bad Bunny Super Bowl|Concierto Super Bowl|Invitados Bad Bunny|Karol G|Ricky Martin|Show Super Bowl|Super Bowl|Super Bowl Show del medio tiempo,https://360radio.com.co/de-karol-g-a-pedro-pascal-lista-completa-de-invitados-a-la-casita-de-bad-bunny-en-el-super-bowl-2026/209666/
209662,Video: Bad Bunny puso a Lady Gaga a cantar y bailar salsa en el Super Bowl,2026-02-08 21:01:36,2026-02-08 21:01:36,publish,Andrés Martín,Entretenimiento,Bad Bunny|Bad Bunny Super Bowl|Lady Gaga|Lady Gaga cantando salsa|Lady Gaga y Bad Bunny|Show Super Bowl|Super Bowl|Super Bowl medio tiempo,https://360radio.com.co/video-bad-bunny-puso-a-lady-gaga-a-cantar-y-bailar-salsa-en-el-super-bowl/209662/
209658,Video: Karol G se lució en el Super Bowl con Bad Bunny,2026-02-08 20:56:01,2026-02-08 21:10:14,publish,Andrés Martín,Entretenimiento,Bad Bunny|destacada|Karol G Super Bowl|Karol G y Bad Bunny|Medio tiempo Super Bowl|Super Bowl Show|Super Bowol show medio tiempo,https://360radio.com.co/video-karol-g-se-lucio-en-el-super-bowl-con-bad-bunny/209658/
209584,América Latina aparece rezagada frente a las grandes potencias del gas natural,2026-02-08 17:47:29,2026-02-08 06:47:39,publish,Julieth Barbosa,Noticias del mundo,dependencia energética global|energía y gas licuado (GNL)|gas natural en Estados Unidos|geopolítica del gas,https://360radio.com.co/america-latina-aparece-rezagada-frente-a-las-grandes-potencias-del-gas-natural/209584/
209547,Vivir en el frío extremo: las ciudades más frías del planeta,2026-02-08 14:16:03,2026-02-08 06:47:16,publish,Juan Camilo Ocampo,Noticias del mundo,ciudades|Ciudades más frías|Invierno|Vivir en el frío extremo,https://360radio.com.co/vivir-en-el-frio-extremo-las-ciudades-mas-frias-del-planeta/209547/
209273,Estos son los salarios más altos de los jugadores del Super Bowl LX 2026,2026-02-08 09:28:34,2026-02-08 06:46:52,publish,Daniel García,"Deportes|Economía, finanzas y negocios",ECONOMIA|Final Super Bowl|NFL|noticias|Super Bowl|Super Bowl 2026,https://360radio.com.co/estos-son-los-salarios-mas-altos-de-los-jugadores-del-super-bowl-lx-2026/209273/
209143,Colombia ocupa el sexto lugar en exportaciones latinoamericanas en 2025,2026-02-08 06:45:48,2026-02-08 06:45:48,publish,Julieth Barbosa,"Economía, finanzas y negocios|Noticias del mundo",agroindustria exportadora argentina|diversificacion exportadora colombia|Exportaciones minerales de Chile|Perú exportaciones minerales 2025,https://360radio.com.co/colombia-ocupa-el-sexto-lugar-en-exportaciones-latinoamericanas-en-2025/209143/
209652,Super Astro Luna hoy resultado 7 febrero: número gandor y signo último sorteo,2026-02-08 06:37:45,2026-02-08 06:37:45,publish,360 Radio,Territorio,Astro Luna ayer|Astro Luna hoy|Astro Luna numero ganador|Astro Luna resultado|Astro Luna signo|Astro Luna ultimo sorteo|Chance Astro Luna|Chance Super Astro Luna|Chances Colombia|resultado super astro luna|Resultados Chances|Resultados Loterias|super astro luna|Ultimo resultado Super Astro Luna|Varios,https://360radio.com.co/super-astro-luna-hoy-resultado-7-febrero-numero-gandor-y-signo-ultimo-sorteo/209652/
209645,"Lotería del Cauca hoy: 7 febrero resultado, secos y premios del último sorteo",2026-02-08 06:32:16,2026-02-08 06:32:16,publish,360 Radio,Territorio,Loteria del Cauca|Loteria del cauca ayer|Loteria del Cauca hoy|loteria del Cauca numero ganador|Loteria del Cauca resultado|Loteria del Cauca secos|Loteria del Cauca ultimo sorteo|Loterías|Loterias Colombia|Loterias hoy|Resultados Loterias|Ultimo resultado Loteria del Cauca|Varios,https://360radio.com.co/loteria-del-cauca-hoy-7-febrero-resultado-secos-y-premios-del-ultimo-sorteo/209645/
209639,Lotería de Boyacá resultado hoy 7 febrero: número ganador y secos último sorteo,2026-02-08 06:23:20,2026-02-08 06:23:21,publish,360 Radio,Territorio,Loteria de Boyaca|Loteria de Boyaca 7 febrero|Loteria de Boyaca ayer|Loteria de Boyaca hoy|Loteria de Boyaca numero ganador|Loteria de Boyaca resultado|Loteria de Boyaca ultimo sorteo|Loterías|loterias de Colombia|Resultados Loterias|Ultimo resultado Loteria de Boyaca|Varios,https://360radio.com.co/loteria-de-boyaca-resultado-hoy-7-febrero-numero-ganador-y-secos-ultimo-sorteo/209639/
209633,Nueva cárcel metropolitana de Medellín asegura cierre financiero por $215 mil millones,2026-02-07 10:49:00,2026-02-08 06:16:05,publish,Julieth Barbosa,Infraestructura|Noticias de Medellín,cierre financiero|destacada|Grupo Aval|infraestructura carcelaria|medellin,https://360radio.com.co/medellin/nueva-carcel-metropolitana-de-medellin-asegura-cierre-financiero-por-215-mil-millones/
209629,Antioquia invertirá $373 mil millones para transformar la conectividad del Oriente,2026-02-07 09:51:58,2026-02-07 09:51:58,publish,Julieth Barbosa,Infraestructura|Noticias de Antioquia,Aeropuerto Jose María Córdova|Oriente antioqueño|Tunel de Oriente|vías Llanogrande–Canadá,https://360radio.com.co/antioquia-invertira-373-mil-millones-para-transformar-la-conectividad-del-oriente/209629/
209624,Regasificadora del Pacífico operará en 2026 para cubrir el déficit de gas en Colombia,2026-02-07 08:53:26,2026-02-07 08:53:26,publish,Julieth Barbosa,Noticias de Colombia,ECOPETROL|Importación de gas|regasificación de gas|suroccidente colombiano,https://360radio.com.co/regasificadora-del-pacifico-operara-en-2026-para-cubrir-el-deficit-de-gas-en-colombia/209624/
209620,Así quedó el tarjetón para las consultas del 8 de marzo,2026-02-07 07:51:13,2026-02-07 07:51:13,publish,Julieth Barbosa,Noticias de Colombia,Candidatos presidenciales|Elecciones en Colombia|votación Senado y Cámara,https://360radio.com.co/asi-quedo-el-tarjeton-para-las-consultas-del-8-de-marzo/209620/
209614,Resultado Lotería de Risaralda hoy 6 febrero: último sorteo y secos número ganador,2026-02-07 06:16:14,2026-02-07 06:16:15,publish,360 Radio,Territorio,Loteria de Risaralda|Loteria de Risaralda ayer|Loteria de Risaralda hoy|Loteria de Risaralda numero ganador|Loteria de Risaralda resultado|Loteria de Risaralda ultimo sorteo|Loterías|loterias de Colombia|Loterias hoy|Resultados Loterias|Secos Loteria de Risaralda|Varios,https://360radio.com.co/resultado-loteria-de-risaralda-hoy-6-febrero-ultimo-sorteo-y-secos-numero-ganador/209614/
209608,Lotería de Medellín resultado hoy 6 febrero: número ganador último sorteo y secos,2026-02-07 06:09:59,2026-02-07 06:09:59,publish,360 Radio,Territorio,Lotería de Medellín|Loteria de Medellin 6 febrero|Loteria de Medellin ayer|Loteria de Medellin hoy|Loteria de Medellin numero ganador|Loteria de Medellin premios|Loteria de Medellin resultado|Loteria de Medellin Secos|Loteria de Medellun ultimo sorteo|Loterías|Loterias Colombia|Loterias hoy|Resultados Loterias|Ultimo resultado Loteria de Medellin|Varios,https://360radio.com.co/loteria-de-medellin-resultado-hoy-6-febrero-numero-ganador-ultimo-sorteo-y-secos/209608/
209588,Gobierno declarará nueva emergencia económica por ola invernal en Córdoba y Sucre,2026-02-06 19:31:09,2026-02-06 19:40:23,publish,Julieth Barbosa,"Colombia|Economía, finanzas y negocios",Consejo Nacional de Gestión del Riesgo|embalses y tarifas de energía|estado de emergencia económica|lluvias en la región Caribe,https://360radio.com.co/gobierno-declarara-nueva-emergencia-economica-por-ola-invernal-en-cordoba-y-sucre/209588/
209554,"Inflación de Colombia se aceleró enero de 2026: dato fue de 5,35%",2026-02-06 18:06:37,2026-02-06 18:25:39,publish,Julieth Barbosa,"Colombia|Economía, finanzas y negocios",canasta familiar|costo de vida en colombia|destacada|Inflación del DANE|inflación por sectores|Precios de alimentos,https://360radio.com.co/inflacion-de-colombia-se-acelero-enero-de-2026-dato-fue-de-535/209554/
209566,Así quedaron las tarifas de servicios notariales para 2026,2026-02-06 17:51:23,2026-02-06 17:51:23,publish,Julieth Barbosa,"Colombia|Economía, finanzas y negocios|Judicial",COLOMBIA|CPI 2025|Servicios notariales de IVA|tarifas notarías Colombia,https://360radio.com.co/asi-quedaron-las-tarifas-de-servicios-notariales-para-2026/209566/
209561,El Super Bowl como vitrina para el aguacate y el café colombiano,2026-02-06 16:49:10,2026-02-06 16:49:10,publish,Juan Camilo Ocampo,Deportes|Noticias de Colombia,Aguacate Hass|Aguacate Hass presente en el Super Bowl|Cafe colombiano|Productos colombianos en el Super Bowl|Super Bowl|Super Bowl 2026,https://360radio.com.co/el-super-bowl-como-vitrina-para-el-aguacate-y-el-cafe-colombiano/209561/
209560,¿Por qué Colombia aún no ha sido la Nación que debería ser?,2026-02-06 16:41:57,2026-02-06 16:41:57,publish,360 Radio,Columnas|Opinión,autonomía regional|democracia liberal|desarrollo económico colombiano|reforma institucional,https://360radio.com.co/por-que-colombia-aun-no-ha-sido-la-nacion-que-deberia-ser/209560/
209531,Sabana Centro será piloto en gestión ambiental urbana con apoyo de la CAR,2026-02-06 15:54:20,2026-02-06 17:55:46,publish,Julieth Barbosa,Medio Ambiente y Sostenibilidad|Noticias de Bogotá,Asocentro municipios Sabana Centro|destacada|parques urbanos Cundinamarca|restauración ecológica Sabana Centro|saneamiento ambiental básico CAR,https://360radio.com.co/bogota/sabana-centro-sera-piloto-en-gestion-ambiental-urbana-con-apoyo-de-la-car/
209533,Dorado Tarde hoy 6 febrero: resultado y número ganador,2026-02-06 15:33:01,2026-02-06 15:33:01,publish,360 Radio,Territorio,Chance dorado tarde|Chances Colombia|Dorado Tarde|Dorado Tarde Hoy|Dorado tarde numero ganador|Dorado Tarde resultado|Dorado tarde ultimo sorteo|Loterías|loterias de Colombia|Loterias hoy|Resultados Loterias|Varios,https://360radio.com.co/dorado-tarde-hoy-6-febrero-resultado-y-numero-ganador/209533/
209524,Pagos con código QR ahora tienen confirmación sonora en el comercio colombiano,2026-02-06 15:15:39,2026-02-06 15:15:39,publish,Julieth Barbosa,"Colombia|Economía, finanzas y negocios",Cuenta Bold liquidez inmediata|fraude comprobantes falsos colombia|incremento facturación comercios 36%|tecnología pagos seguros colombia,https://360radio.com.co/pagos-con-codigo-qr-ahora-tienen-confirmacion-sonora-en-el-comercio-colombiano/209524/
209525,CEO de Movistar detalla la salida de Telefónica del mercado colombiano,2026-02-06 15:13:17,2026-02-06 15:13:17,publish,Juan Camilo Ocampo,Empresas,CEO de Movistar|CEO de Movistar detalla la salida de Telefónica|Movistar Colombiia|Venta de Movistar,https://360radio.com.co/ceo-de-movistar-detalla-la-salida-de-telefonica-del-mercado-colombiano/209525/
209518,Registraduría inicia simulacros de las elecciones al Congreso 2026: fechas y objetivos,2026-02-06 14:32:27,2026-02-06 14:32:27,publish,Daniel García,Noticias de Colombia,COLOMBIA|Elecciones 2026|noticias|Registraduría Nacional del Estado Civil,https://360radio.com.co/registraduria-inicia-simulacros-de-las-elecciones-al-congreso-2026-fechas-y-objetivos/209518/
209512,Chontico Día hoy 6 febrero: resultado del último sorteo,2026-02-06 13:23:47,2026-02-09 13:19:58,publish,360 Radio,Territorio,Andres M|Chance Chontico Dia|Chances hoy|Chances resultados|chontico día|Chontico Dia 6 febrero|Chontico Dia hoy|Chontico Día numero ganador|Chontico Dia Resultado|Chontico Dia ultimo sorteo|Loterías|Loterias hoy|Resultados Loterias|Último resultado Chontico Día|Varios,https://360radio.com.co/chontico-dia-hoy-6-febrero-resultado-del-ultimo-sorteo/209512/
209507,Fotos: los carros blindados que Estados Unidos envió a Colombia,2026-02-06 12:15:32,2026-02-06 12:26:47,publish,Juan Camilo Ocampo,Noticias de Colombia,carros blindados|carros blindados que Estados Unidos envió a Colombia|destacada|Ejército nacional de colombia|Gustavo Petro y Donald Trump,https://360radio.com.co/fotos-los-carros-blindados-que-estados-unidos-envio-a-colombia/209507/
209499,Pasaportes bajo la lupa: la Procuraduría cuestiona contratos de alto impacto fiscal,2026-02-06 11:18:05,2026-02-06 11:18:05,publish,Juan Camilo Ocampo,Noticias de Colombia,Pasaportes bajo la lupa:|Pasaportes hoy|Procuraduría cuestiona contratos de pasaportes|Procuraduría General de la Nación,https://360radio.com.co/pasaportes-bajo-la-lupa-la-procuraduria-cuestiona-contratos-de-alto-impacto-fiscal/209499/
209500,Resultado Dorado Mañana hoy 6 febrero: número ganador,2026-02-06 10:55:01,2026-02-06 11:08:11,publish,360 Radio,Uncategorized,Chance Dorado Mañana|Dorado Mañana|Dorado Mañana hoy|Dorado Mañana numero ganador|Dorado Mañana resultado|Dorado Mañana último resultado|Dorado mañana ultimo sorteo|Loterias Colombia|Loterias hoy|Resultados Chance|Resultados Loterias|Varios,https://360radio.com.co/resultado-dorado-manana-hoy-6-febrero-numero-ganador/209500/
209494,La Universidad de Antioquia solo tiene recursos asegurados hasta noviembre,2026-02-06 10:00:07,2026-02-06 10:00:07,publish,Juan Camilo Ocampo,Noticias de Antioquia,La Universidad de Antioquia solo tiene recursos asegurados hasta noviembre|Presupuesto hasta noviembre|Presupuesto Universidad de Antioquia|Universidad de Antioquia|Universidad de Antioquia hoy,https://360radio.com.co/la-universidad-de-antioquia-solo-tiene-recursos-asegurados-hasta-noviembre/209494/
209483,Mercado Libre y Latam Cargo firman alianza para impulsar el comercio electrónico en Colombia,2026-02-06 09:18:53,2026-02-06 17:27:52,publish,Daniel García,"Economía, finanzas y negocios|Empresas",COLOMBIA|ECONOMIA|Latam Cargo,https://360radio.com.co/mercado-libre-y-latam-cargo-firman-alianza-para-impulsar-el-comercio-electronico-en-colombia/209483/
209487,El golpe del ajuste al diésel: más de 830.000 carros afectados,2026-02-06 09:10:45,2026-02-06 09:10:45,publish,Juan Camilo Ocampo,Noticias de Colombia,Diésel|Diesel en Colombia|diésel en Colombia hoy|El golpe del ajuste al diésel|Subsidio al diesel en Colombia,https://360radio.com.co/el-golpe-del-ajuste-al-diesel-mas-de-830-000-carros-afectados/209487/
209428,"Fin de semana en Bogotá, Armenia y Pasto: experiencias para todos los gustos",2026-02-06 08:05:10,2026-02-06 08:49:56,publish,Julieth Barbosa,Cultura|Noticias de Bogotá,Homenaje a Rocío Dúrcal Teatro Cafam|Laguna de La Cocha Pasto|Santuario de Las Lajas Ipiales|Valle del Cocora Salento Quindío,https://360radio.com.co/bogota/fin-de-semana-en-bogota-armenia-y-pasto-experiencias-para-todos-los-gustos/
209480,Pico y placa en Medellín este viernes 5 de febrero de 2026: vehículos con restricciones,2026-02-06 07:44:45,2026-02-06 07:44:45,publish,Juan Camilo Ocampo,Noticias de Medellín,Motos|Particulares|Pico y placa|Pico y placa en medellín|Pico y placa en Medellín 5 de febrero|Pico y placa en Medellín hoy|Pico y placa hoy|Taxis|Vehículos con pico y placa en Medellín,https://360radio.com.co/medellin/pico-y-placa-en-medellin-este-viernes-5-de-febrero-de-2026-vehiculos-con-restricciones/
209475,Otro frente frío llegará a Colombia: fechas y lugares más impactados,2026-02-06 07:33:18,2026-02-06 07:35:30,publish,Andrés Martín,Noticias de Colombia|Territorio,destacada|Emergencias Colombia|frente frío|Frente Frio Colombia|Frente Frio febrero|Ideam|Lluvias Colombia,https://360radio.com.co/otro-frente-frio-llegara-a-colombia-fechas-y-lugares-mas-impactados/209475/
209472,"Congreso de Tesorería: confianza inversionista, reglas claras y deuda pública, los mensajes clave del sector financiero",2026-02-06 07:21:35,2026-02-06 07:21:35,publish,Andrés Martín,"Economía, finanzas y negocios",Asobancaria|Congreso de Tesorería|Deuda Colombia|ECONOMIA|Economía Colombia|Jonathan Malagón|Tesoreria 2026,https://360radio.com.co/congreso-de-tesoreria-confianza-inversionista-reglas-claras-y-deuda-publica-los-mensajes-clave-del-sector-financiero/209472/
209468,Ecopetrol inicia la comercialización del gas que llegará por Cartagena desde 2026,2026-02-06 07:07:00,2026-02-06 07:07:00,publish,Andrés Martín,"Minería, energía e hidrocarburos|Noticias de Colombia",ECOPETROL|Ecopetrol Gas|Gas Colombia|Importación gas Colombia,https://360radio.com.co/ecopetrol-inicia-la-comercializacion-del-gas-que-llegara-por-cartagena-desde-2026/209468/
209461,"Antioquia: EPM invierte más de $1,1 billones para modernizar subestaciones y reducir fallas",2026-02-06 06:59:24,2026-02-06 07:02:34,publish,Andrés Martín,Noticias de Antioquia,Antioquía|Antioquia EPM|Energia Antioquia|EPM,https://360radio.com.co/antioquia-epm-invierte-mas-de-11-billones-para-modernizar-subestaciones-y-reducir-fallas/209461/
209455,IDU asume control de importante obra en Bogotá tras incumplimiento del contratista,2026-02-06 06:47:04,2026-02-06 06:47:05,publish,Andrés Martín,Noticias de Bogotá,Bogotá|Bogota Obras|Calle 45 Bogota|IDU Bogotá|Obras en Bogotá,https://360radio.com.co/bogota/idu-asume-control-de-importante-obra-en-bogota-tras-incumplimiento-del-contratista/
209450,"Resultado Super Astro Luna hoy: 5 febrero, número ganador y signo",2026-02-06 06:31:46,2026-02-06 06:31:46,publish,360 Radio,Territorio,Astro Luna 5 febrero|Astro Luna hoy|Astro Luna numero ganador|Chance Super Astro Luna|Chances Colombia|Chances hoy|Loterías|Loterias Colombia|Loterias hoy|Resultado Astro Luna|Resultados Chances|Resultados Loterias|super astro luna|Super Astro Luna resultado|Ultimo Sorteo Astro Luna|Varios,https://360radio.com.co/resultado-super-astro-luna-hoy-5-febrero-numero-ganador-y-signo/209450/
209444,Lotería del Quindío hoy 5 febrero: resultado y número ganador último sorteo,2026-02-06 06:26:23,2026-02-06 06:40:59,publish,360 Radio,Territorio,Loteria del Quindio|Loteria del Quindio 5 febrero|Loteria del Quindio ayer|Loteria del Quindio hoy|Loteria del Quindio numero ganador|Loteria del Quindio premios|Loteria del Quindio resultado|Loteria del Quindio secos|Loteria del Quindio ultimo sorteo|Loterías|Loterias Colombia|Loterias hoy|Resultados Loterias|Ultimo resultado Loteria del Quindio|Varios,https://360radio.com.co/loteria-del-quindio-hoy-5-febrero-resultado-y-numero-ganador-ultimo-sorteo/209444/
209438,"Resultado Lotería de Bogotá hoy: 5 febrero, número ganador y último sorteo",2026-02-06 06:19:31,2026-02-06 06:26:39,publish,360 Radio,Territorio,Loteria de Bogota|Loteria de Bogota 5 febrero|Loteria de Bogota ayer|Loteria de Bogota hoy|Loteria de Bogota numero ganador|Loteria de Bogota premios|Loteria de Bogota resultado|Loteria de Bogota Secos|Loteria de Bogota ultimo sorteo|Loterías|loterias de Colombia|Loterias hoy|Resultados Loterias|Ultimo resultado Loteria de Bogota|Varios,https://360radio.com.co/resultado-loteria-de-bogota-hoy-5-febrero-numero-ganador-y-ultimo-sorteo/209438/
209430,Resultado Chontico Noche hoy 5 febrero: número ganador,2026-02-05 19:39:49,2026-02-05 19:39:49,publish,360 Radio,Territorio,Chances Colombia|Chances resultados|Chontico Noche|Chontico Noche 5 febrero|Chontico Noche chance|Chontico Noche hoy|Chontico Noche resultado|Chontico Noche ultimo sorteo|Loterías|Loterias Colombia|Loterias hoy|Resultados Loterias|Ultimo Sorteo Chontico Noche|Varios,https://360radio.com.co/resultado-chontico-noche-hoy-5-febrero-numero-ganador/209430/
209423,Fenalco prende las alarmas: costos laborales y recortes de personal dominan el 2026,2026-02-05 19:05:10,2026-02-06 07:35:35,publish,Julieth Barbosa,"Colombia|Economía, finanzas y negocios|Empresas",competitividad mercado laboral colombia|informalidad empresarial 2026|reducción de empresas personales colombia|sondeo empresarial Fenalco enero 2026,https://360radio.com.co/fenalco-prende-las-alarmas-costos-laborales-y-recortes-de-personal-dominan-el-2026/209423/
209419,Resultado Super Astro Sol hoy 5 febrero: número ganador y signo,2026-02-05 18:09:57,2026-02-05 18:09:57,publish,360 Radio,Territorio,Astro Sol 5 febrero|Astro Sol cuando juega|Astro Sol hoy|Astro Sol ultimo sorteo|Chance astro sol|Loterías|Loterias hoy|Resultado Astro SOL|resultado super astro sol|Resultados Loterias|Resutlados Chances|super astro sol|Super Astro Sol hoy|Super Astro Sol número ganador|Super Astro Sol resultado|Varios,https://360radio.com.co/resultado-super-astro-sol-hoy-5-febrero-numero-ganador-y-signo/209419/
209409,Recusación del Gobierno abre nuevo capítulo en disputa por emergencia económica,2026-02-05 18:01:58,2026-02-05 18:01:58,publish,Julieth Barbosa,Judicial|Noticias de Colombia,controversia jurídica Gobierno vs Corte|Emergencia económica|Federación Nacional de Departamentos|suspensión provisional Corte Constitucional,https://360radio.com.co/recusacion-del-gobierno-abre-nuevo-capitulo-en-disputa-por-emergencia-economica/209409/
209411,Resultado Dorado Tarde 5 febrero: hoy número ganador,2026-02-05 17:59:51,2026-02-05 17:59:51,publish,360 Radio,Territorio,Chance Colombia|Chance dorado tarde|Dorado Tarde|Dorado tarde 5 febrero|Dorado Tarde Hoy|Dorado Tarde jueves|Dorado tarde numero ganador|Dorado Tarde resultado|Dorado tarde ultimo sorteo|Loterías|Loterias Colombia|Loterias hoy|Resultados Chances|último resultado Dorado Tarde|Varios,https://360radio.com.co/resultado-dorado-tarde-5-febrero-hoy-numero-ganador/209411/
209402,Un anuncio en el Super Bowl cuesta más que varios equipos colombianos juntos,2026-02-05 17:12:20,2026-02-05 17:12:20,publish,Juan Camilo Ocampo,Deportes,equipos colombianos|Super Bowl|Super Bowl 2026|Un anuncio en el Super Bowl cuesta más que varios equipos colombianos juntos,https://360radio.com.co/un-anuncio-en-el-super-bowl-cuesta-mas-que-varios-equipos-colombianos-juntos/209402/
209403,Empresarios alertan sobre riesgos de intervención estatal en fijación de precios,2026-02-05 16:52:32,2026-02-05 16:54:45,publish,Julieth Barbosa,"Colombia|Economía, finanzas y negocios|Empresas",competitividad empresarial colombia 2026|facultades legales SIC Colombia|intervención estatal empresas privadas|Pronunciación de Andi Bruce Mac Master|secreto industrial y confidencialidad,https://360radio.com.co/empresarios-alertan-sobre-riesgos-de-intervencion-estatal-en-fijacion-de-precios/209403/
209392,Retiro de subsidios al carbón y al diésel marca giro en política energética,2026-02-05 15:49:28,2026-02-05 15:49:28,publish,Julieth Barbosa,"Colombia|Economía, finanzas y negocios",Colfecar costos logísticos|energía solar sustitución combustibles fósiles|Fedetranscarga parque automotor|política energética Gustavo Petro,https://360radio.com.co/retiro-de-subsidios-al-carbon-y-al-diesel-marca-giro-en-politica-energetica/209392/
209395,Aumentó el costo de la tarjeta de turismo para viajar a San Andrés 2026,2026-02-05 15:25:01,2026-02-05 15:25:01,publish,Juan Camilo Ocampo,Noticias de Colombia,costo de la tarjeta de turismo para viajar a San Andrés 2026|San Andrés|San Andrés HOY|tarjeta de turismo|tarjeta de turismo para viajar a San Andrés|tarjeta de turismo para viajar a San Andrés 2026|viajar a San Andrés 2026,https://360radio.com.co/aumento-el-costo-de-la-tarjeta-de-turismo-para-viajar-a-san-andres-2026/209395/
209386,Qué esperar del Congreso Agroindustrial de la ANDI y cómo impactará a Colombia,2026-02-05 14:57:38,2026-02-05 14:57:38,publish,Juan Camilo Ocampo,Noticias de Colombia,Agroindustrial|Congreso Agroindustrial de la ANDI|Congreso Agroindustrial de la ANDI y cómo impactará a Colombia|medellin|Plaza Mayor,https://360radio.com.co/que-esperar-del-congreso-agroindustrial-de-la-andi-y-como-impactara-a-colombia/209386/
209380,Esto costaría estudiar en el nuevo Colegio Gimnasio Marymount Campestre de Bogotá,2026-02-05 14:48:27,2026-02-05 14:48:27,publish,Julieth Barbosa,Educación|Noticias de Colombia,Gimnasio Campestre historia|matrículas colegios exclusivos Bogotá|pruebas Saber 11 colegios Bogotá,https://360radio.com.co/esto-costaria-estudiar-en-el-nuevo-colegio-gimnasio-marymount-campestre-de-bogota/209380/
209381,Resultado Chontico Día hoy 5 febrero: número ganador,2026-02-05 13:56:52,2026-02-05 14:17:39,publish,360 Radio,Territorio,Chance Chontico Dia|Chances Colombia|chontico día|Chontico Dia 5 febrero|Chontico Dia hoy|Chontico Día numero ganador|Chontico Dia Resultado|Chontico Día último resultado|Chontico Dia ultimo sorteo|Loterias Colombia|Loterias hoy|Resultados Chances|Resultados Loterias|Varios,https://360radio.com.co/resultado-chontico-dia-hoy-5-febrero-numero-ganador/209381/
209368,Corte Constitucional elige a Paola Andrea Meneses como presidenta para 2026,2026-02-05 13:36:06,2026-02-05 13:36:06,publish,Julieth Barbosa,Noticias de Colombia,continuidad institucional Corte Constitucional|derechos fundamentales inclusión social|representación femenina justicia colombia|Senado elección magistradas Corte,https://360radio.com.co/corte-constitucional-elige-a-paola-andrea-meneses-como-presidenta-para-2026/209368/
209370,Salud de Omar Pérez: sufrió un infarto y esto es lo que se sabe,2026-02-05 13:32:55,2026-02-05 13:35:07,publish,Andrés Martín,Deportes,Clinica Marly|Infarto Omar Perez|Omar Perez|Omar Perez como esta|Omar Perez quien es|Omar Perez Salud|Omar Perez Santa Fe,https://360radio.com.co/salud-de-omar-perez-sufrio-un-infarto-y-esto-es-lo-que-se-sabe/209370/
209365,Bloqueos en Transmilenio hoy en pleno día sin carro: estaciones afectadas,2026-02-05 13:01:30,2026-02-05 13:01:30,publish,Andrés Martín,Uncategorized,Bloqueos Transmilenio|Día sin carro|Transmilenio Hoy,https://360radio.com.co/bloqueos-en-transmilenio-hoy-en-pleno-dia-sin-carro-estaciones-afectadas/209365/
209353,Internet se inunda con foto de Cristiano Ronaldo vistiendo la camiseta de River Plate,2026-02-05 12:41:48,2026-02-05 12:41:48,publish,Juan Camilo Ocampo,Deportes,CRISTIANO RONALDO|Cristiano Ronaldo a River Plate|Cristiano Ronaldo hoy|Cristiano Ronaldo vistiendo la camiseta de River Plate|Internet|River Plate,https://360radio.com.co/internet-se-inunda-con-foto-de-cristiano-ronaldo-vistiendo-la-camiseta-de-river-plate/209353/
209360,Daniel Quintero podrá participar en consulta el 8 de marzo: así va la lista de candidatos,2026-02-05 12:04:00,2026-02-05 12:41:26,publish,Juan Camilo Ocampo,Política,Consulta|Consulta del 8 de marzo|Daniel Quintero|Daniel Quintero podrá participar en consulta el 8 de marzo,https://360radio.com.co/daniel-quintero-podra-participar-en-consulta-el-8-de-marzo-asi-va-la-lista-de-candidatos/209360/
209357,Puerto Antioquia inicia operaciones: así catapultará el desarrollo del Departamento y Colombia,2026-02-05 11:58:57,2026-02-05 12:04:21,publish,Andrés Martín,Noticias de Antioquia,destacada|Economia Antioquia|Puerto Antioquia economia|Puerto Antioquia hoy|Puerto Antioquia Operaciones,https://360radio.com.co/puerto-antioquia-inicia-operaciones-asi-catapultara-el-desarrollo-del-departamento-y-colombia/209357/
209343,Dorado Mañana hoy 5 febrero: resultado y número ganador último sorteo,2026-02-05 11:58:28,2026-02-05 12:01:30,publish,360 Radio,Territorio,Chance Dorado|Chance Dorado Mañana|Chances Colombia|Dorado Mañana|Dorado Mañana 5 febrero|Dorado Mañana hoy|Dorado mañana jueves|Dorado Mañana numero ganador|Dorado mañana ultimo sorteo|Loterias Colombia|Loterias hoy|resultado Dorado Mañana|Resultados Chances|Resultados Loterias|Varios,https://360radio.com.co/dorado-manana-hoy-5-febrero-resultado-y-numero-ganador-ultimo-sorteo/209343/
209350,FNA entrega nuevos parámetros para créditos de compra de vivienda,2026-02-05 11:32:53,2026-02-05 11:32:53,publish,Juan Camilo Ocampo,Noticias de Colombia,Compra de vivienda nueva|Compra de vivienda usada|FNA|FNA entrega nuevos parámetros para créditos de compra de vivienda|fondo nacional del ahorro,https://360radio.com.co/fna-entrega-nuevos-parametros-para-creditos-de-compra-de-vivienda/209350/
209336,¿Se cae la consulta del Frente por la Vida? Esto se sabe,2026-02-05 10:16:01,2026-02-05 10:32:45,publish,Juan Camilo Ocampo,Noticias de Colombia|Política,¿Se cae la consulta del Frente por la Vida?|Camilo Romero|CNE|Consulta del 8 de marzo|consulta del Frente por la Vida|elecciones de 2026|ROY BARRERAS|Roy quedaría sin Romero ni Cristo para la consulta de marzo,https://360radio.com.co/se-cae-la-consulta-del-frente-por-la-vida-esto-se-sabe/209336/
209332,Este fue el primer sueldo de Cristiano Ronaldo en su carrera,2026-02-05 09:04:29,2026-02-05 09:45:16,publish,Juan Camilo Ocampo,Deportes,CRISTIANO RONALDO|Cristiano Ronaldo en el Al-Nassr|Cristiano Ronaldo en el Real Madrid|Cristiano Ronaldo hoy|Cumpleaños de Cristiano Ronaldo|Primer sueldo de Cristiano Ronaldo,https://360radio.com.co/este-fue-el-primer-sueldo-de-cristiano-ronaldo-en-su-carrera/209332/
209329,Pico y placa en Medellín este jueves 5 de febrero de 2026: vehículos con restricciones,2026-02-05 07:46:20,2026-02-05 07:46:20,publish,Juan Camilo Ocampo,Noticias de Medellín,Motos|Particulares|Pico y placa|Pico y placa en el Valle de Aburrá|Pico y placa en Medellím hoy|Pico y placa en medellín|Pico y placa en Medellín 5 de febrero|Pico y placa hoy|Taxis,https://360radio.com.co/medellin/pico-y-placa-en-medellin-este-jueves-5-de-febrero-de-2026-vehiculos-con-restricciones/
209326,Multas si saca su carro hoy en Bogotá y no tiene autorización,2026-02-05 07:05:25,2026-02-05 07:05:25,publish,Andrés Martín,Noticias de Bogotá,Día sin carro|Día sin Carro Bogotá|Dia sin carro comparendos|Dia sin carro horario|Dia sin carro hoy|Dia sin carro multas|Día sin carro y sin moto,https://360radio.com.co/bogota/multas-si-saca-su-carro-hoy-en-bogota-y-no-tiene-autorizacion/
209324,Avianca reanuda vuelos diarios entre Bogotá y Caracas: fecha confirmada y horarios,2026-02-05 06:56:46,2026-02-05 06:56:46,publish,Andrés Martín,Noticias de Colombia,Avianca Colombia|Avianca Venezuela|Rutas Avianca|Vuelos a VENEZUELA|Vuelos Bogotá - Caracas,https://360radio.com.co/avianca-reanuda-vuelos-diarios-entre-bogota-y-caracas-fecha-confirmada-y-horarios/209324/
209320,Resultado Baloto y Revancha miércoles 4 febrero: números ganadores hoy,2026-02-05 06:45:11,2026-02-05 07:15:29,publish,360 Radio,Territorio,Baloto|Baloto 4 febrero|Baloto ayer|Baloto Hoy|Baloto miercoles|Baloto números ganadores|Baloto resultado oficial|Baloto y Revancha|loterias de Colombia|Loterias hoy|Resultado Baloto|Resultado Revancha|Resultados Loterias|Ultimo Sorteo Baloto|Varios,https://360radio.com.co/resultado-baloto-y-revancha-miercoles-4-febrero-numeros-ganadores-hoy/209320/
209316,Super Astro Luna 4 febrero: resultado hoy y número ganador,2026-02-05 06:38:11,2026-02-05 06:38:11,publish,360 Radio,Uncategorized,Chance Astro Luna|Chances Colombia|Loterias Colombia|Loterias hoy|Resultados Chances|super astro luna|Super astro Luna 4 febrero|Super Astro Luna ayer|Super Astro Luna hoy|Super Astro Luna numero ganador|Super Astro Luna resultado|Super Astro Luna ultimo sorteo|Varios,https://360radio.com.co/super-astro-luna-4-febrero-resultado-hoy-y-numero-ganador/209316/
209310,Lotería del Meta resultado hoy 4 febrero: número ganador del último sorteo y secos,2026-02-05 06:33:44,2026-02-05 06:33:44,publish,360 Radio,Territorio,Loteria del Meta|Loteria del Meta 4 febrero|Loteria del Meta ayer|Loteria del Meta hoy|Loteria del Meta numero ganador|Loteria del Meta resultado|Loteria del Meta ultimo sorteo|Loterias Colombia|Loterias hoy|Resultados Loterias|Varios,https://360radio.com.co/loteria-del-meta-resultado-hoy-4-febrero-numero-ganador-del-ultimo-sorteo-y-secos/209310/
209303,Lotería de Manizales resultado 4 febrero: número ganador hoy y último sorteo,2026-02-05 06:27:37,2026-02-05 06:27:37,publish,360 Radio,Territorio,Loteria de Manizales|Loteria de Manizales 4 febrero|Loteria de Manizales ayer|Loteria de Manizales Hoy|Loteria de Manizales numero ganador|Loteria de Manizales premios|Loteria de Manizales resultado|Loteria de Manizales secos|Loteria de Manizales ultimo sorteo|loterias de Colombia|Loterias hoy|Resultado hoy Loteria de Manizales|Resultados Loterias|Varios,https://360radio.com.co/loteria-de-manizales-resultado-4-febrero-numero-ganador-hoy-y-ultimo-sorteo/209303/
209297,"Resultado Lotería del Valle hoy 4 febrero: último sorteo, secos y número ganador",2026-02-05 06:21:04,2026-02-05 06:21:04,publish,360 Radio,Territorio,Loteria del valle|Loteria del Valle 4 febrero|Loteria del Valle ayer|loteria del valle hoy|Loteria del Valle numero ganador|Loteria del Valle premios|Loteria del Valle resultado|Loteria del Valle secos|Loterias Colombia|Loterias hoy|Resultados Loterias|Ultimo resultado Loteria del Valle|Ultimo Sorteo Loteria del Valle|Varios,https://360radio.com.co/resultado-loteria-del-valle-hoy-4-febrero-ultimo-sorteo-secos-y-numero-ganador/209297/
209291,Enel Night Race 10K regresa a Bogotá: así puede inscribirse para la carrera,2026-02-04 20:50:21,2026-02-04 20:50:22,publish,Andrés Martín,Deportes|Noticias de Bogotá,Bogota deportes|Carreras 10K Bogota|Carreras Bogota 2025|Ener Night Race,https://360radio.com.co/bogota/enel-night-race-10k-regresa-a-bogota-asi-puede-inscribirse-para-la-carrera/
209280,Metro de Bogotá proyecta pruebas de trenes en el primer semestre de 2026,2026-02-04 19:48:17,2026-02-04 19:48:17,publish,Julieth Barbosa,Movilidad|Noticias de Bogotá,financiación Metro de Bogotá 2048|Metro de Bogotá Cartagena|puente avenida 26 Metro Bogotá,https://360radio.com.co/bogota/metro-de-bogota-proyecta-pruebas-de-trenes-en-el-primer-semestre-de-2026/
209286,"Chontico Noche hoy 4 febrero: resultado, número ganador y último sorteo",2026-02-04 19:33:24,2026-02-04 19:33:24,publish,360 Radio,Territorio,Chance Chontico Noche|Chances Colombia|Chontico Noche|Chontico Noche 4 febrero|Chontico Noche hoy|Chontico Noche numero ganador|Chontico Noche resultado|Chontico Noche ultimo sorteo|Loterias Colombia|Loterias hoy|Resultados Chances hoy|Resultados Loterias|último resultado Chontico Noche|Varios,https://360radio.com.co/chontico-noche-hoy-4-febrero-resultado-numero-ganador-y-ultimo-sorteo/209286/
209272,"Millicom toma el control de Movistar en Colombia con el 67,5 % de Coltel",2026-02-04 18:56:46,2026-02-04 18:56:46,publish,Julieth Barbosa,Observatorio TIC|Telecomunicaciones,Acciones de Coltel Millicom|competencia telecomunicaciones América Latina|inversión infraestructura telecomunicaciones|mercado telecomunicaciones colombia 2026,https://360radio.com.co/millicom-toma-el-control-de-movistar-en-colombia-con-el-675-de-coltel/209272/
209258,CNE toma fuerte decisión contra el Pacto Histórico en Bogotá: Petro ya reaccionó,2026-02-04 18:19:59,2026-02-04 18:19:59,publish,Daniel García,Noticias de Colombia|Política,Bogotá|COLOMBIA|Elecciones 2026|noticias|Pacto Histórico,https://360radio.com.co/cne-toma-fuerte-decision-contra-el-pacto-historico-en-bogota-petro-ya-reacciono/209258/
209259,"Entrevista | Luis G. Quintero revela planes y cartelera del Movistar Arena 2026, también habla de sostenibilidad",2026-02-04 18:13:56,2026-02-04 18:13:56,publish,Julieth Barbosa,Entrevistas|Noticias de Bogotá,Bryan Adams en Bogotá|capital cultural Latinoamérica Bogotá|conciertos internacionales Movistar Arena|Rosalía Movistar Arena 2026,https://360radio.com.co/bogota/entrevista-luis-g-quintero-revela-planes-y-cartelera-del-movistar-arena-2026-tambien-habla-de-sostenibilidad/
209260,Resultado Super Astro Sol hoy: 4 febrero número ganador y último sorteo,2026-02-04 17:45:40,2026-02-04 17:45:40,publish,360 Radio,Territorio,Astro Sol chance|Astro Sol hoy|Astro Sol numero ganador|Astro Sol ultimo resultado|Chances Colombia|Loterias Colombia|Loterias hoy|Resultados Chances|Resultados Loterias|Super Astro Sol 4 febrero|Super Astro Sol resultado|Super Astro Sol ultimo sorteo|Varios,https://360radio.com.co/resultado-super-astro-sol-hoy-4-febrero-numero-ganador-y-ultimo-sorteo/209260/
209239,"Alex Saab, señalado como testaferro de Maduro, vuelve a enfrentar la justicia",2026-02-04 17:00:07,2026-02-04 17:00:07,publish,Julieth Barbosa,Noticias del mundo,lavado de dinero régimen venezolano|Operación del FBI en Caracas|Piedad Córdoba vínculos Saab|Relaciones Caracas Washington,https://360radio.com.co/alex-saab-senalado-como-testaferro-de-maduro-vuelve-a-enfrentar-la-justicia/209239/
209250,"Así es Minnesota, la casa donde viviría James Rodríguez si llega al Minnesota United",2026-02-04 16:29:22,2026-02-04 16:29:22,publish,Juan Camilo Ocampo,Deportes,Así es Minnesota|JAMES RODRIGUEZ|James Rodríguez si llega al Minnesota United|Mundial de 2026|Selección Colombia,https://360radio.com.co/asi-es-minnesota-la-casa-donde-viviria-james-rodriguez-si-llega-al-minnesota-united/209250/
209238,Camacol socializa homologación de certificación EDGE para impulsar la construcción sostenible en Colombia,2026-02-04 16:16:20,2026-02-04 16:16:20,publish,Daniel García,Noticias de Colombia,Camacol|COLOMBIA|Construcción de vivienda|noticias,https://360radio.com.co/camacol-socializa-homologacion-de-certificacion-edge-para-impulsar-la-construccion-sostenible-en-colombia/209238/
209242,Dorado tarde hoy 4 febrero: resultado y último sorteo con número ganador,2026-02-04 16:11:58,2026-02-04 16:11:58,publish,360 Radio,Territorio,Chance Resultados|Chances Colombia|Dorado Tarde|Dorado tarde 4 febrero|Dorado tarde chance|Dorado Tarde Hoy|Dorado tarde miercoles|Dorado tarde numero ganador|Dorado tarde ultimo sorteo|Loterias Colombia|loterias de Colombia|Loterias hoy|Resultados Chances|último resultado Dorado Tarde|Varios,https://360radio.com.co/dorado-tarde-hoy-4-febrero-resultado-y-ultimo-sorteo-con-numero-ganador/209242/
209234,¿Inflación al alza en Colombia? Proyecciones mezcladas para 2026 generan incertidumbre,2026-02-04 16:03:30,2026-02-04 16:03:30,publish,Juan Camilo Ocampo,Noticias de Colombia,¿Inflación al alza en Colombia?|Inflación en Colombia|Proyecciones de la inflación en el 2026,https://360radio.com.co/inflacion-al-alza-en-colombia-proyecciones-mezcladas-para-2026-generan-incertidumbre/209234/
209229,Argos cierra 2025 con récord en innovación de concretos en Colombia,2026-02-04 15:52:06,2026-02-04 15:52:06,publish,Julieth Barbosa,Empresas,Asociación Nacional de Hormigón Premezclado NRMCA|mezclas de alta resistencia|productos de concreto liviano|reducción de CO₂ industria construcción,https://360radio.com.co/argos-cierra-2025-con-record-en-innovacion-de-concretos-en-colombia/209229/
209225,Coviandina advierte sobre impactos de captaciones ilegales en la vía Bogotá–Villavicencio,2026-02-04 14:44:26,2026-02-04 14:44:26,publish,Julieth Barbosa,Infraestructura|Noticias de Colombia,corredor vial Bogotá–Villavicencio|erosión taludes vía Bogotá–Villavicencio|infraestructura carretera colombia|intervenciones hídricas no autorizadas,https://360radio.com.co/coviandina-advierte-sobre-impactos-de-captaciones-ilegales-en-la-via-bogota-villavicencio/209225/
209213,Colombia movilizó más de 211 millones de pasajeros entre 2022 y 2025,2026-02-04 13:54:44,2026-02-04 13:54:44,publish,Julieth Barbosa,Movilidad|Noticias de Colombia,Carga aérea récord 2025|Gobierno del Cambio transporte aéreo|movilidad aérea en la región|pasajeros vuelos internacionales colombia,https://360radio.com.co/colombia-movilizo-mas-de-211-millones-de-pasajeros-entre-2022-y-2025/209213/
209217,Chontico Día hoy 4 febrero: último resultado y número ganador,2026-02-04 13:29:06,2026-02-04 13:29:06,publish,360 Radio,Territorio,Chance Chontico Dia|Chances Colombia|Chances Colombia hoy|chontico día|Chontico Dia 4 febrero|Chontico Dia hoy|Chontico Día numero ganador|Chontico Dia Resultado|Chontico Dia ultimo sorteo|Loterias Colombia|loterias de Colombia|Loterias hoy|Resultado Chontico Día hoy|Resultados Loterias|Varios,https://360radio.com.co/chontico-dia-hoy-4-febrero-ultimo-resultado-y-numero-ganador/209217/
209208,"Fechas clave, sanciones y cómo cumplir sin errores el pago de cesantías en Colombia",2026-02-04 13:25:39,2026-02-04 13:25:39,publish,Daniel García,"Economía, finanzas y negocios|Empresas",Cesantías|COLOMBIA|ECONOMIA|noticias,https://360radio.com.co/fechas-clave-sanciones-y-como-cumplir-sin-errores-el-pago-de-cesantias-en-colombia/209208/
209209,Nace nueva consulta para el 8 de marzo: Claudia López y otros candidatos en lista,2026-02-04 12:39:58,2026-02-04 12:39:58,publish,Juan Camilo Ocampo,Política,Claudia Lopez|Consulta del Centro|Elecciones 2026|Leonardo Huerta|Nace nueva consulta para el 8 de marzo|Sergio Fajardo,https://360radio.com.co/nace-nueva-consulta-para-el-8-de-marzo-claudia-lopez-y-otros-candidatos-en-lista/209209/
209203,Estos son los carros que pueden salir en el Día sin Carro y sin Moto 2026 en Bogotá,2026-02-04 12:11:35,2026-02-04 15:06:37,publish,Daniel García,Noticias de Bogotá,Alcaldía Mayor de Bogotá|Bogotá|destacada|Día sin Carro Bogotá|noticias,https://360radio.com.co/bogota/estos-son-los-carros-que-pueden-salir-en-el-dia-sin-carro-y-sin-moto-2026-en-bogota/
209195,Nuevo aumento del 25% en tarifa de Bogotá afectaría a todo el que tenga carro y moto,2026-02-04 11:43:02,2026-02-04 11:44:56,publish,Juan Camilo Ocampo,Noticias de Bogotá,Aumento en los parqueaderos en Bogotá|Bogotá|Bogota hoy|carro y moto|Nuevo aumento del 25% en tarifa de Bogotá a|Parqueaderos en Bogotá|tarifa de Bogotá afectaría a todo el que tenga carro y moto,https://360radio.com.co/bogota/nuevo-aumento-del-25-en-tarifa-de-bogota-afectaria-a-todo-el-que-tenga-carro-y-moto/
209191,Resultado Dorado Mañana hoy 4 febrero: último sorteo y número ganador,2026-02-04 11:06:54,2026-02-04 11:06:54,publish,360 Radio,Territorio,Chances Colombia|Dorado Mañana|Dorado Mañana 12 noviembre|Dorado Mañana 4 febrero|Dorado Mañana hoy|Dorado Mañana numero ganador|Dorado Mañana premios|Dorado Mañana resultado|Loterias Colombia|Loterias hoy|Resultados Chance|Resultados Loterias|último resultado Dorado Mañana|Varios,https://360radio.com.co/resultado-dorado-manana-hoy-4-febrero-ultimo-sorteo-y-numero-ganador/209191/
209188,Los dólares de las remesas superaron al café y al carbón juntos en 2025,2026-02-04 10:18:18,2026-02-04 10:18:18,publish,Juan Camilo Ocampo,Noticias de Colombia,Los dólares de las remesas superaron al café|Remesas|Remesas en el 2025|Remesas superan al café,https://360radio.com.co/los-dolares-de-las-remesas-superaron-al-cafe-y-al-carbon-juntos-en-2025/209188/
209185,"Millicom avanza hacia el control de Movistar en Colombia, hoy se define la operación",2026-02-04 09:01:21,2026-02-04 09:01:21,publish,Juan Camilo Ocampo,Empresas,Millicom|Millicom avanza hacia el control de Movistar en Colombia|Millicom compra a Movistar|Movistar|Tigo,https://360radio.com.co/millicom-avanza-hacia-el-control-de-movistar-en-colombia-hoy-se-define-la-operacion/209185/
209182,Pacto Histórico prepara candidatura de Iván Cepeda ante eventual decisión del CNE,2026-02-04 07:58:54,2026-02-04 07:59:50,publish,Juan Camilo Ocampo,Noticias de Colombia|Política,CNE|Consulta del 8 de marzo|elecciones de 2026|Iván Cepeda|Iván Cepeda a primera vuelta|Pacto Histórico|Pacto Histórico prepara candidatura de Iván Cepeda|Pacto Histórico prepara candidatura de Iván Cepeda ante eventual decisión del CNE,https://360radio.com.co/pacto-historico-prepara-candidatura-de-ivan-cepeda-ante-eventual-decision-del-cne/209182/
209180,Pico y placa en Medellín este miércoles 4 de febrero de 2026: vehículos con restricciones,2026-02-04 07:12:04,2026-02-04 07:12:04,publish,Juan Camilo Ocampo,Noticias de Medellín,Motos|Particulares|Pico y placa|Pico y placa en el Valle de Aburrá|Pico y placa en medellín|Pico y placa en Medellín 4 de febrero|Pico y placa en Medellín hoy|Pico y placa hoy|Taxis,https://360radio.com.co/medellin/pico-y-placa-en-medellin-este-miercoles-4-de-febrero-de-2026-vehiculos-con-restricciones/
209173,A qué hora comienza el día sin carro y sin moto en Bogotá este jueves,2026-02-04 06:41:19,2026-02-04 06:41:48,publish,Andrés Martín,Noticias de Bogotá,Día sin carro|Dia sin carro 2026|Día sin Carro Bogotá|Dia sin carro excepciones|Dia sin carro multa|Día sin carro y sin moto|Horario dia sin carro,https://360radio.com.co/bogota/a-que-hora-comienza-el-dia-sin-carro-y-sin-moto-en-bogota-este-jueves/
209177,Infraestructura inteligente: cuando los datos salvan vidas,2026-02-04 06:36:16,2026-02-04 06:36:37,publish,360 Radio,Columnas|Opinión,Opinión,https://360radio.com.co/infraestructura-inteligente-cuando-los-datos-salvan-vidas/209177/
209162,"Lotería de la Cruz Roja 3 febrero: resultado hoy, número ganador y último sorteo",2026-02-04 06:25:27,2026-02-04 06:30:26,publish,360 Radio,Territorio,Cruz Roja secos|Cruz Roja ultimo resultado|Cruz Roja ultimo Sorteo|Loteria Cruz Roja ayer|Loteria Cruz Roja Hoy|Loteria Cruz Roja numero ganador|Loteria Cruz Roja utlimo sorteo|Loteria de la Cruz Roja 3 febrero|Loteria de la Cruz Roja resultado|Loteria de la Cruz Roja secos|Loterias Colombia|Loterias hoy|Resultados Loterias|Varios,https://360radio.com.co/loteria-de-la-cruz-roja-3-febrero-resultado-hoy-numero-ganador-y-ultimo-sorteo/209162/
209152,Resultado Lotería del Huila hoy 3 febrero: número ganador y secos último sorteo,2026-02-04 06:03:50,2026-02-04 06:08:25,publish,360 Radio,Territorio,Loteria del Huila|Loteria del Huila 3 febrero|Loteria del Huila ayer|Loteria del Huila hoy|Loteria del Huila numero ganador|Loteria del Huila resultado|Loteria del Huila ultimo sorteo|Loterias Colombia|Loterias hoy|Resultados Loterias|Ultimo resultado Loteria del Huila|Varios,https://360radio.com.co/resultado-loteria-del-huila-hoy-3-febrero-numero-ganador-y-secos-ultimo-sorteo/209152/
209169,Banco Popular sube tasas de ahorro y CDT: así queda la rentabilidad,2026-02-04 05:50:42,2026-02-04 05:50:42,publish,Andrés Martín,"Economía, finanzas y negocios",Ahorro Colombia|Banco Popular|Bancos de colombia|CDT Banco Popular|CDT Colombia|Economía Colombia|Mejores CDT|Rentabilidad CDT|Tasas de Interés,https://360radio.com.co/banco-popular-sube-tasas-de-ahorro-y-cdt-asi-queda-la-rentabilidad/209169/
209158,Resultado Super Astro Luna hoy 3 febrero: número ganador del sorteo,2026-02-04 04:43:39,2026-02-04 04:43:39,publish,360 Radio,Territorio,Astro Luna último resultado|Chance Astro Luna|Chances Colombia|Chances resultados|Loterias Colombia|Loterias hoy|super astro luna|Super astro luna 3 febrero|Super Astro Luna chance|Super Astro Luna hoy|Super Astro Luna numero ganador|Super Astro Luna resultado|Ultimo Sorteo Astro Luna|Varios,https://360radio.com.co/resultado-super-astro-luna-hoy-3-febrero-numero-ganador-del-sorteo/209158/
209148,"Cafeterito Noche resultado hoy: 3 febrero, número ganador y último sorteo",2026-02-03 20:38:14,2026-02-03 20:38:14,publish,360 Radio,Territorio,Cafeterito Noche|Cafeterito Noche 3 febrero|Cafeterito Noche hoy|Cafeterito Noche numero ganador|Cafeterito Noche resultado|Cafeterito Noche ultimo resultado|Cafeterito Noche ultimo sorteo|Chance Cafeterito Noche|Chances Colombia|loterias de Colombia|Loterias hoy|Resultados Chance|Resultados Loterias|Varios,https://360radio.com.co/cafeterito-noche-resultado-hoy-3-febrero-numero-ganador-y-ultimo-sorteo/209148/
209139,Resultado Chontico Noche hoy: 3 febrero número ganador y último sorteo,2026-02-03 19:18:32,2026-02-03 19:18:32,publish,360 Radio,Territorio,Chance Chontico Noche|Chances Colombia|Chances resultados|Chontico Noche|Chontico Noche 3 febrero|Chontico Noche hoy|Chontico Noche resultado|Chontico Noche ultimo sorteo|Loterias Colombia|Loterias hoy|número ganador Chontico Noche|último resultado Chontico Noche|Varios,https://360radio.com.co/resultado-chontico-noche-hoy-3-febrero-numero-ganador-y-ultimo-sorteo/209139/
209136,Corte Constitucional suspende decreto de emergencia económica y gana respaldo empresarial,2026-02-03 19:04:24,2026-02-03 19:04:24,publish,Julieth Barbosa,"Colombia|Economía, finanzas y negocios",impuesto generador de energia|institucionalidad democrática colombia|seguridad jurídica empresarial,https://360radio.com.co/corte-constitucional-suspende-decreto-de-emergencia-economica-y-gana-respaldo-empresarial/209136/
209123,"Drummond aporta $2,1 billones en regalías e impuestos durante 2025",2026-02-03 18:12:51,2026-02-04 06:39:06,publish,Julieth Barbosa,"Empresas|Minería, energía e hidrocarburos",destacada|empleos sector minero colombia|energía renovable parque solar Cañahuate|inversión social Drummond Ltd.|regalías e impuestos Drummond,https://360radio.com.co/drummond-aporta-21-billones-en-regalias-e-impuestos-durante-2025/209123/
209128,Resultado Paisita Noche hoy 3 febrero: número ganador y último sorteo,2026-02-03 18:06:42,2026-02-03 18:06:42,publish,360 Radio,Territorio,Chances Colombia|Chances hoy|Loterias Colombia|Loterias hoy|Paisita Noche|Paisita Noche 3 febrero|Paisita noche hoy|Paisita noche numero ganador|Paisita Noche resultado|Paisita Noche resultado hoy|Paisita noche ultimo sorteo|Resultados Chances|Resultados Loterias|Varios,https://360radio.com.co/resultado-paisita-noche-hoy-3-febrero-numero-ganador-y-ultimo-sorteo/209128/
209122,"Latam Airlines creció 49,4% en 2025, transportando a 87,4 millones de pasajeros en el año",2026-02-03 17:44:51,2026-02-03 17:44:51,publish,Daniel García,"Economía, finanzas y negocios|Empresas",COLOMBIA|ECONOMIA|Empresas|Latam Airlines,https://360radio.com.co/latam-airlines-crecio-494-en-2025-transportando-a-874-millones-de-pasajeros-en-el-ano/209122/
209113,Inspección oficial valida estándares de Puerto Antioquia en Turbo,2026-02-03 17:06:27,2026-02-03 17:06:27,publish,Julieth Barbosa,Noticias de Antioquia,cadena de frío exportaciones|infraestructura portuaria colombia|Puerto Turbo Antioquia,https://360radio.com.co/inspeccion-oficial-valida-estandares-de-puerto-antioquia-en-turbo/209113/
209114,"Super Astro Sol hoy 3 febrero: resultado, número ganador y último sorteo",2026-02-03 16:38:28,2026-02-03 16:38:28,publish,360 Radio,Territorio,Astro Sol hoy|Astro Sol numero ganador|Astro Sol resultado|Astro Sol ultimo sorteo|Chance astro sol|Chances Colombia|Loterias Colombia|Loterias hoy|Resultados Chances|Resultados Loterias|Super Astro Sol 3 febrero|Super Astro Sol resultado hoy|Super Astro Sol último resultado|Varios,https://360radio.com.co/super-astro-sol-hoy-3-febrero-resultado-numero-ganador-y-ultimo-sorteo/209114/
209088,"Exportaciones de Colombia cierran 2025 con leve repunte de 1,3 %",2026-02-03 16:11:24,2026-02-03 16:11:24,publish,Julieth Barbosa,"Colombia|Economía, finanzas y negocios",café sin tostar exportaciones|exportación de plátanos colombia|exportaciones de petróleo crudo|Manufacturas colombianas 2025,https://360radio.com.co/exportaciones-de-colombia-cierran-2025-con-leve-repunte-de-13/209088/
209100,"Quién es María Fernanda Carrascal, la mujer que demandó aumento de SITP y Transmilenio",2026-02-03 15:50:18,2026-02-03 15:50:18,publish,Juan Camilo Ocampo,Noticias de Colombia,la mujer que demandó aumento de SITP y Transmilenio|maria fernanda carrascal|Quién es María Fernanda Carrascal,https://360radio.com.co/quien-es-maria-fernanda-carrascal-la-mujer-que-demando-aumento-de-sitp-y-transmilenio/209100/
209101,Resultado Dorado Tarde 3 febrero: número ganador hoy y último sorteo,2026-02-03 15:38:22,2026-02-03 15:38:22,publish,360 Radio,Territorio,Chance dorado tarde|Chances Colombia|Dorado Tarde|Dorado tarde 3 febrero|Dorado Tarde Hoy|Dorado tarde numero ganador|Dorado Tarde resultado hoy|Dorado tarde ultimo sorteo|Loterias Colombia|Loterias hoy|Resultado Loterias|Varios,https://360radio.com.co/resultado-dorado-tarde-3-febrero-numero-ganador-hoy-y-ultimo-sorteo/209101/
209094,Resultado Caribeña Día hoy: 3 febrero último sorteo y número ganador,2026-02-03 15:21:02,2026-02-03 15:21:02,publish,360 Radio,Territorio,Caribeña Dia|Caribeña dia 3 febrero|Caribeña dia hoy|Caribeña dia numero ganador|Caribeña Dia resultado|Caribeña dia ultimo sorteo|Chance Caribeña Dia|Chances hoy|Loterias Colombia|Loterias hoy|Resultados Chances|Resultados Loterias|Ultimo resultado Caribeña Dia|Varios,https://360radio.com.co/resultado-caribena-dia-hoy-3-febrero-ultimo-sorteo-y-numero-ganador/209094/
209086,"Minnesota United: historia, figuras y todo sobre el equipo al que llegará James Rodríguez",2026-02-03 15:07:51,2026-02-03 15:07:51,publish,Andrés Martín,Deportes,JAMES RODRIGUEZ|James Rodriguez equipo|James Rodriguez Noticias|James Rodriguez nuevo equipo|Minnesota United|Minnesota United FC|Minnesota United MLS|MLS|MLS James Rodriguez,https://360radio.com.co/minnesota-united-historia-figuras-y-todo-sobre-el-equipo-al-que-llegara-james-rodriguez/209086/
209079,El recuento de las reuniones presidenciales entre Colombia y Estados Unidos en 25 años,2026-02-03 15:07:15,2026-02-03 15:07:15,publish,Juan Camilo Ocampo,Noticias de Colombia,barack obama|COLOMBIA|Donald Trump|Estados Unidos|Gustavo Petro|JUAN MANUEL SANTOS|reuniones presidenciales entre Colombia y Estados Unidos,https://360radio.com.co/el-recuento-de-las-reuniones-presidenciales-entre-colombia-y-estados-unidos-en-25-anos/209079/
209078,Empresas con vínculos con Estados Unidos podrán producir petróleo en Venezuela bajo nuevo esquema del Tesoro,2026-02-03 14:50:15,2026-02-03 14:50:15,publish,Julieth Barbosa,"Minería, energía e hidrocarburos|Noticias del mundo",crudo venezolano mercado internacional|industria petrolera venezolana|participación de empresas estadounidenses|sanciones petroleras Venezuela,https://360radio.com.co/empresas-con-vinculos-con-estados-unidos-podran-producir-petroleo-en-venezuela-bajo-nuevo-esquema-del-tesoro/209078/
209071,Bogotá habilita 4.000 nuevos cupos del subsidio Reduce tu cuota para aliviar créditos de vivienda VIS y VIP,2026-02-03 14:07:59,2026-02-03 14:07:59,publish,Julieth Barbosa,Noticias de Bogotá,arrendamiento habitacional|credito hipotecario en bogota|programas de vivienda Alcaldía de Bogotá,https://360radio.com.co/bogota/bogota-habilita-4-000-nuevos-cupos-del-subsidio-reduce-tu-cuota-para-aliviar-creditos-de-vivienda-vis-y-vip/
209066,Resultado Chontico Día hoy: número ganador 3 febrero último sorteo,2026-02-03 13:18:32,2026-02-03 13:24:43,publish,360 Radio,Territorio,Chance Contico Dia|Chances Colombia|chontico día|Chontico Dia 3 febrero|Chontico Dia hoy|Chontico Dia martes|Chontico Día numero ganador|Chontico Dia Resultado|Chontico Dia ultimo sorteo|loterias de Colombia|Loterias hoy|Resultados Loterias|Último resultado Chontico Día|Varios,https://360radio.com.co/resultado-chontico-dia-hoy-numero-ganador-3-febrero-ultimo-sorteo/209066/
209060,Nequi caído: Lista de servicios de la APP que SÍ funciona hoy 3 de febrero,2026-02-03 13:01:14,2026-02-03 13:01:14,publish,Daniel García,Noticias de Colombia,Billetera digital Nequi|COLOMBIA|fallas de Nequi|noticias,https://360radio.com.co/nequi-caido-lista-de-servicios-de-la-app-que-si-funciona-hoy-3-de-febrero/209060/
209052,Fotos: Petro y Trump ya se vieron las caras en la Casa Blanca,2026-02-03 11:50:08,2026-02-03 14:33:43,publish,Andrés Martín,Noticias de Colombia,destacada|Petro Casa Blanca|Petro y Trump|reunión Petro-Trump,https://360radio.com.co/fotos-petro-y-trump-ya-se-vieron-las-caras-en-la-casa-blanca/209052/
209044,Puente en Antioquia se derrumbó por lluvias: no hay pasó entre Necoclí y San Juan de Urabá,2026-02-03 11:35:32,2026-02-03 11:35:33,publish,Andrés Martín,Noticias de Antioquia,Emergencias Antioquia|Lluvias Antioquia|Lluvias Colombia|Necoclí|Necocli Antioquia|Puente caido|Urabá,https://360radio.com.co/puente-en-antioquia-se-derrumbo-por-lluvias-no-hay-paso-entre-necocli-y-san-juan-de-uraba/209044/
209037,Dorado Mañana hoy: resultado 3 febrero y número ganador del último sorteo,2026-02-03 11:03:11,2026-02-03 11:03:11,publish,360 Radio,Territorio,Chance Dorado|Dorado Mañana|Dorado mañana 3 febrero|Dorado Mañana hoy|Dorado Mañana que cayó|Dorado Mañana resultado|Dorado Mañana último resultado|Dorado mañana ultimo sorteo|loterias de Colombia|Loterias hoy|Resultado Chances|Resultados Loterias|Varios,https://360radio.com.co/dorado-manana-hoy-resultado-3-febrero-y-numero-ganador-del-ultimo-sorteo/209037/
209033,"Lista completa de playas cerradas en Cartagena, Santa Marta y Barranquilla",2026-02-03 10:34:43,2026-02-03 10:36:53,publish,Juan Camilo Ocampo,Noticias del Caribe,Lista completa de playas cerradas en Cartagena|Playas cerradas|playas cerradas en Cartagena|Santa Marta y Barranquilla,https://360radio.com.co/lista-completa-de-playas-cerradas-en-cartagena-santa-marta-y-barranquilla/209033/
209024,Concurso Contraloría aplazado: nueva fecha para aplicación de las pruebas escritas,2026-02-03 10:09:43,2026-02-03 10:09:43,publish,Andrés Martín,Noticias de Colombia,Concurso contraloria 2026|Concurso contraloria link|Concurso Contraloría pruebas|Contraloria Pruebas escritas|Fecha Concurso Contraloria,https://360radio.com.co/concurso-contraloria-aplazado-nueva-fecha-para-aplicacion-de-las-pruebas-escritas/209024/
209003,El mensaje de Abelardo de La Espriella antes de la reunión Petro-Trump,2026-02-03 09:55:14,2026-02-03 09:55:14,publish,Juan Camilo Ocampo,Noticias de Colombia,ABELARDO DE LA ESPRIELLA|El mensaje de Abelardo de La Espriella antes de la reunión Petro-Trump|reunión Petro-Trump,https://360radio.com.co/el-mensaje-de-abelardo-de-la-espriella-antes-de-la-reunion-petro-trump/209003/
209015,"Nequi caído hoy 3 de febrero: transferencias Bre-B fallando por la app, esto se sabe",2026-02-03 09:53:40,2026-02-03 13:19:30,publish,Andrés Martín,Noticias de Colombia,Bre-B|Nequi|Nequi Bre-B|Nequi Caido|Nequi Colombia|Nequi fallas|Nequi Hoy|Nequi hoy fallas|Nequi no sirve|Ultimas noticias Nequi,https://360radio.com.co/nequi-caido-hoy-3-de-febrero-transferencias-bre-b-fallando-por-la-app-esto-se-sabe/209015/
209008,"UdeA lleva el hidrógeno verde a los hogares en Colombia: estufas, bicicletas y más",2026-02-03 09:44:42,2026-02-03 11:03:57,publish,Andrés Martín,Medio Ambiente y Sostenibilidad|Noticias de Antioquia,destacada|Hidrogeno Verde Colombia|Noticias UdeA|UdeA|UdeA hidrogeno|Unviersidad de Antioquia,https://360radio.com.co/udea-lleva-el-hidrogeno-verde-a-los-hogares-en-colombia-estufas-bicicletas-y-mas/209008/
209002,James Rodríguez se acercaría a Millonarios tras llamada de Falcao: esto pasó,2026-02-03 09:18:28,2026-02-03 09:18:28,publish,Andrés Martín,Deportes,Falcao Garcia Millonarios|Falcao Millonarios|JAMES RODRIGUEZ|James Rodriguez equipos|James Rodriguez Hoy|James Rodriguez Millonarios|James y Falcao,https://360radio.com.co/james-rodriguez-se-acercaria-a-millonarios-tras-llamada-de-falcao-esto-paso/209002/
208999,Gremios de Antioquia piden a la Gobernación frenar la Tasa de Seguridad y Convivencia,2026-02-03 08:51:54,2026-02-03 08:51:54,publish,Juan Camilo Ocampo,Noticias de Antioquia,Fenalco Antioquia|Gobernación de Antioquia|Gremios de Antioquia piden a la Gobernación frenar la Tasa de Seguridad y Convivencia|Tasa de Seguridad y Convivencia,https://360radio.com.co/gremios-de-antioquia-piden-a-la-gobernacion-frenar-la-tasa-de-seguridad-y-convivencia/208999/
208995,Fuertes olas encallaron un barco en una playa en Santa Marta,2026-02-03 07:26:19,2026-02-03 07:26:19,publish,Andrés Martín,Noticias del Caribe,Emergencias Santa Marta|La Bahia Santa Marta|Mar Santa Marta|Santa Marta|Santa Marta Barco|Santa Marta lluvias,https://360radio.com.co/fuertes-olas-encallaron-un-barco-en-una-playa-en-santa-marta/208995/
208988,Colapsó puente entre Santa Marta y Palomino: hay cierre total,2026-02-03 07:13:26,2026-02-03 07:13:26,publish,Andrés Martín,Noticias de Colombia|Noticias del Caribe,Clima Colombia|Lluvias Santa Marta|Ola invernal Colombia|Palomino|Santa Marta Bahia|Santa Marta emergencias|Santa Marta hoy|Santa Marta inundaciones|Via Palomino|Via Santa Marta Palomino,https://360radio.com.co/colapso-puente-entre-santa-marta-y-palomino-hay-cierre-total/208988/
208980,Coca Cola responde al video viral de Pepsi: así lo hizo con el Oso Polar,2026-02-03 06:34:31,2026-02-03 06:34:31,publish,Andrés Martín,Noticias del mundo,Coca Cola|Coca Cola Pepsi|Marketing Coca Cola|Marketing Pepsi|Oso Polar Coca Cola|Pepsi Comercial|Publicidad Pepsi|Respuesta Coca Cola,https://360radio.com.co/coca-cola-responde-al-video-viral-de-pepsi-asi-lo-hizo-con-el-oso-polar/208980/
208974,"Clima hoy en Bogotá, Medellín, Barranquilla y otras ciudades con frente frío",2026-02-03 06:21:09,2026-02-03 06:21:10,publish,360 Radio,Noticias de Colombia,Clima hoy|Clima hoy Barranquilla|Clima hoy Bogota|Clima hoy Colombia|Clima hoy Medellin|frente frío|Frio Bogota|Lluvias hoy,https://360radio.com.co/clima-hoy-en-bogota-medellin-barranquilla-y-otras-ciudades-con-frente-frio/208974/
208966,Baloto y Revancha: resultado hoy lunes 2 febrero y premios del último sorteo,2026-02-03 06:08:32,2026-02-03 06:08:32,publish,360 Radio,Territorio,Baloto ayer|Baloto Hoy|Baloto números ganadores|Baloto Resultado|Baloto ultimo sorteo|Baloto y Revancha|loterias de Colombia|Loterias hoy|Resultado Baloto 2 febrero|Resultado Revancha|Varios,https://360radio.com.co/baloto-y-revancha-resultado-hoy-lunes-2-febrero-y-premios-del-ultimo-sorteo/208966/
208883,Súper Astro Luna del 2 febrero: este fue el resultado del último sorteo,2026-02-03 06:05:19,2026-02-03 06:11:34,publish,360 Radio,Territorio,Astro Luna|Astro Luna 2 febrero|Astro Luna ayer|Astro Luna hoy|Astro Luna signo|Astro Luna último resultado|Chances Colombia|Chances hoy|loterias de Colombia|Loterias hoy|Resultado Astro Luna|super astro luna|Super Astro Luna 2 de febrero|Super Astro Luna hoy|Super Astro Luna numero ganador|Super Astro Luna resultado|Varios,https://360radio.com.co/super-astro-luna-del-2-de-febrero-este-fue-el-resultado/208883/
208960,Resultado Lotería del Tolima 2 febrero: último sorteo y número ganador hoy,2026-02-03 05:59:14,2026-02-03 05:59:14,publish,360 Radio,Territorio,lotería del tolima|Loteria del Tolima 2 febrero|Loteria del Tolima ayer|Loteria del Tolima hoy|Loteria del tolima Lunes|Loteria del Tolima numero ganador|Loteria del Tolima resultado|Loteria del Tolima secos|Loteria del Tolima ultimo sorteo|loterias de Colombia|Loterias hoy|Resultados Loterias|Ultimo resultado loteria del Tolima|Varios,https://360radio.com.co/resultado-loteria-del-tolima-2-febrero-ultimo-sorteo-y-numero-ganador-hoy/208960/
208952,Resultado Lotería de Cundinamarca hoy 2 febrero: número ganador y último sorteo,2026-02-03 05:52:25,2026-02-03 05:52:26,publish,360 Radio,Territorio,Lotería de Cundinamarca|Loteria de Cundinamarca 2 febrero|Loteria de Cundinamarca ayer|Loteria de Cundinamarca hoy|Loteria de Cundinamarca numero ganador|Loteria de Cundinamarca premios|Loteria de Cundinamarca resultado|Loteria de Cundinamarca secos|Loteria de Cundinamarca ultimo sorteo|loterias de Colombia|Loterias hoy|Resultados Loterias|Ultimo resultado Loteria de Cundinamarca|Varios,https://360radio.com.co/resultado-loteria-de-cundinamarca-hoy-2-febrero-numero-ganador-y-ultimo-sorteo/208952/
208949,Muriel volvió a festejar con Junior con este impresionante golazo,2026-02-02 22:28:25,2026-02-02 22:28:25,publish,Andrés Martín,Deportes,Gol Luis Muriel|Goles Junior Pereira|Junior hoy|Luis Fernando Muriel|Muriel Gol|Muriel Golzao|pereira|Pereira Junior,https://360radio.com.co/muriel-volvio-a-festejar-con-junior-con-este-impresionante-golazo/208949/
208933,Impactantes videos del mar de leva en Cartagena: olas entre 3 y 4 metros,2026-02-02 21:56:02,2026-02-02 22:01:09,publish,Julieth Barbosa,Noticias del Caribe,clima en Cartagena|condiciones marítimas adversas|Lluvias Cartagena|Mar Caribe|Mar de leva|mar de leva cartagena|que es mar de leva|vientos fuertes,https://360radio.com.co/impactantes-videos-del-mar-de-leva-en-cartagena-olas-entre-3-y-4-metros/208933/
208806,Comunicación responsable impulsa la confianza del consumidor en la industria de alimentos en Colombia,2026-02-02 21:44:46,2026-02-02 21:44:46,publish,Daniel García,Empresas,Alquería|COLOMBIA|Empresa|noticias,https://360radio.com.co/comunicacion-responsable-impulsa-la-confianza-del-consumidor-en-la-industria-de-alimentos-en-colombia/208806/
208938,¿Qué le dijo Johanna Fadul a ‘Campanita’ para ser expulsada de la Casa de los Famosos?,2026-02-02 21:41:37,2026-02-02 21:41:38,publish,360 Radio,Entretenimiento,Canal RCN|Casa de Los Famosos|Johanna Fadul|Johanna Fadul comentario racista|Johanna Fadul expulsada|Johanna Fadul quien es|Johanna Fadul y Campanita|Varios,https://360radio.com.co/que-le-dijo-johanna-fadul-a-campanita-para-ser-expulsada-de-la-casa-de-los-famosos/208938/
208944,Ya hay hora y lugar para reunión entre Petro y Trump este martes,2026-02-02 21:16:17,2026-02-02 22:01:38,publish,Andrés Martín,Noticias de Colombia,COLOMBIA|destacada|Donald Trump|Gustavo Petro|Petro en Estados Unidos|Presidente de Colombia,https://360radio.com.co/ya-hay-hora-y-lugar-para-reunion-entre-petro-y-trump-este-martes/208944/
208880,Chontico Noche del 2 de febrero: conozca el número ganador,2026-02-02 19:00:44,2026-02-02 15:06:44,publish,360 Radio,Territorio,Chontico Noche|Chontico Noche 2 de febrero|Chontico Noche hoy|Chontico Noche numero ganador|loterias de Colombia|Varios,https://360radio.com.co/chontico-noche-del-2-de-febrero-conozca-el-numero-ganador/208880/
208917,Por qué está lloviendo tanto en Colombia y por qué tanto frío: esta es la razón,2026-02-02 17:09:07,2026-02-02 17:09:07,publish,Julieth Barbosa,Noticias de Colombia,alertas del Ideam|frente frío|precipitaciones en enero|riesgos por lluvias,https://360radio.com.co/por-que-esta-lloviendo-tanto-en-colombia-y-por-que-tanto-frio-esta-es-la-razon/208917/
208924,Celsia aumenta de forma significativa los recursos transferidos a municipios y autoridades ambientales,2026-02-02 16:57:25,2026-02-02 16:57:25,publish,Juan Camilo Ocampo,Empresas,Celsia|Celsia aumenta de forma significativa los recursos transferidos|Celsia aumenta de forma significativa los recursos transferidos a municipios y autoridades ambientales|RECURSOS,https://360radio.com.co/celsia-aumenta-de-forma-significativa-los-recursos-transferidos-a-municipios-y-autoridades-ambientales/208924/
208920,El petróleo se desploma más de 5% y sacude a los mercados internacionales,2026-02-02 16:28:07,2026-02-02 16:28:07,publish,Juan Camilo Ocampo,"Minería, energía e hidrocarburos",ECOPETROL|El petróleo se desploma más de 5%|El petróleo se desploma más de 5% y sacude a los mercados internacionales|mercados internacionales|PETROLEO,https://360radio.com.co/el-petroleo-se-desploma-mas-de-5-y-sacude-a-los-mercados-internacionales/208920/
208907,¿Se cumplió el ciclo de Paola Holguín en el Centro Democrático?,2026-02-02 16:03:57,2026-02-02 16:03:57,publish,360 Radio,Confidenciales,¿Se cumplió el ciclo de Paola Holguín en el Centro Democrático?|centro democrático|Confidenciales|elecciones de 2026|Paola Holgín y Centro Democrático|Paola Holguín|POLITICA|Senadora Paola Holgín,https://360radio.com.co/se-cumplio-el-ciclo-de-paola-holguin-en-el-centro-democratico/208907/
208890,Súper Astro Sol: número y signo ganador del 2 de febrero,2026-02-02 16:00:12,2026-02-02 13:36:26,publish,360 Radio,Territorio,loterias de Colombia|super astro sol|Super Astro Sol 2 de febrero|Super Astro Sol hoy|Super Astro Sol número ganador|Super Astro Sol ultimo sorteo|Varios,https://360radio.com.co/super-astro-sol-numero-y-signo-ganador-del-2-de-febrero/208890/
208903,Plataformas de movilidad alertan que el Proyecto de Ley 347 podría sacar a Uber y Didi de Colombia,2026-02-02 15:52:36,2026-02-02 15:52:36,publish,Julieth Barbosa,Movilidad,economía digital|Movilidad en Colombia|sanciones al transporte|servicios de transporte por aplicaciones,https://360radio.com.co/plataformas-de-movilidad-alertan-que-el-proyecto-de-ley-347-podria-sacar-a-uber-y-didi-de-colombia/208903/
208902,"Dorado Tarde hoy, resultado 1 de febrero: consulta el número ganador del sorteo",2026-02-02 15:30:26,2026-02-02 15:48:24,publish,360 Radio,Territorio,Dorado Tarde|Dorado Tarde 1 de febrero|Dorado Tarde Hoy|Dorado tarde numero ganador|Dorado Tarde último resultado|loterias de Colombia|Varios,https://360radio.com.co/dorado-tarde-hoy-resultado-1-de-febrero-consulta-el-numero-ganador-del-sorteo/208902/
208738,¿La Bolsa de Valores se inclina por un cambio de Gobierno?,2026-02-02 14:21:35,2026-02-02 14:21:35,publish,Julieth Barbosa,"Colombia|Economía, finanzas y negocios|Política",expectativas de los inversionistas|mercado financiero colombiano|riesgo político,https://360radio.com.co/la-bolsa-de-valores-se-inclina-por-un-cambio-de-gobierno/208738/
208893,Iván Cepeda convoca a marchas mañana 3 de febrero en apoyo a Petro,2026-02-02 13:56:57,2026-02-02 13:56:57,publish,Daniel García,Noticias de Colombia,,https://360radio.com.co/ivan-cepeda-convoca-a-marchas-manana-3-de-febrero-en-apoyo-a-petro/208893/
208873,Revelan diseño del nuevo iPhone plegable de Apple,2026-02-02 12:51:28,2026-02-02 12:51:28,publish,Daniel García,Observatorio TIC,Apple|COLOMBIA|noticias|Observatorio TIC,https://360radio.com.co/revelan-diseno-del-nuevo-iphone-plegable-de-apple/208873/
208866,Estos serán los nuevos cuatro megacolegios que tendrá Medellín,2026-02-02 12:17:50,2026-02-02 12:17:50,publish,Juan Camilo Ocampo,Noticias de Medellín,,https://360radio.com.co/medellin/estos-seran-los-nuevos-cuatro-megacolegios-que-tendra-medellin/
208857,Resultado del Dorado Mañana del 2 de febrero de 2026: este es el número ganador,2026-02-02 11:01:03,2026-02-02 12:35:38,publish,360 Radio,Territorio,Dorado Mañana|Dorado Mañana 2 de febrero|Dorado Mañana hoy|Dorado Mañana numero ganador|Dorado Mañana último resultado|loterias de Colombia|Varios,https://360radio.com.co/resultado-del-dorado-manana-del-2-de-febrero-de-2026-este-es-el-numero-ganador/208857/
208853,"Un ""Hasta luego"" al Palacio del Colesterol en el Campín de Bogotá",2026-02-02 10:52:31,2026-02-02 10:52:31,publish,Juan Camilo Ocampo,Noticias de Bogotá,Bogotá|El Campín|El Palacio del Colesterol en Bogotá|Millonarios|Palacio del Colesterol en el Campín de Bogotá|Santa Fe,https://360radio.com.co/bogota/un-hasta-luego-al-palacio-del-colesterol-en-el-campin-de-bogota/
208838,Las primeras fotos de Gustavo Petro llegando a Estados Unidos hoy,2026-02-02 10:03:08,2026-02-02 10:03:08,publish,Juan Camilo Ocampo,Noticias de Colombia,as primeras fotos de Gustavo Petro llegando a Estados Unidos hoy|Gustavo Petro|Gustavo Petro en Estados Unidos,https://360radio.com.co/las-primeras-fotos-de-gustavo-petro-llegando-a-estados-unidos-hoy/208838/
208848,"Grupo Energía Bogotá inicia fase exploratoria por venta del 9,4 % de acciones del Distrito",2026-02-02 09:56:20,2026-02-02 09:56:20,publish,Andrés Martín,Noticias de Bogotá,,https://360radio.com.co/bogota/grupo-energia-bogota-inicia-fase-exploratoria-por-venta-del-94-de-acciones-del-distrito/
208841,Wingo anuncia la disponibilidad de 12 vuelos adicionales por el Carnaval de Barranquilla,2026-02-02 09:48:38,2026-02-02 09:48:38,publish,Daniel García,Noticias de Colombia,Carnaval de Barranquilla|COLOMBIA|noticias|Noticias del Caribe,https://360radio.com.co/wingo-anuncia-la-disponibilidad-de-12-vuelos-adicionales-por-el-carnaval-de-barranquilla/208841/
208831,Incertidumbre en la izquierda,2026-02-02 08:59:43,2026-03-11 16:01:34,publish,360 Radio,Editorial,Claudia Lopez|Consulta de izquierda|consulta de la izquierda|EDITORIAL|Elecciones 2026|Incertidumbre en la izquierda|Iván Cepeda|Izquierda|JuanOcampo|Sergio Fajardo,https://360radio.com.co/incertidumbre-en-la-izquierda/208831/
208829,Las claves del nuevo acuerdo firmado entre Ecopetrol y Frontera Energy para importación de gas a Colombia,2026-02-02 08:56:32,2026-02-02 09:56:30,publish,Daniel García,"Minería, energía e hidrocarburos",COLOMBIA|destacada|ECOPETROL|Hidrocarburos|Importación de gas|noticias,https://360radio.com.co/las-claves-del-nuevo-acuerdo-firmado-entre-ecopetrol-y-frontera-energy-para-importacion-de-gas-a-colombia/208829/
208556,Estos son los países con los ejércitos más poderosos del mundo,2026-02-02 08:12:29,2026-02-02 08:12:29,publish,Juan Camilo Ocampo,Noticias del mundo,Ejércitos|Ejércitos más poderos|Estos son los países con los ejércitos más poderosos del mundo,https://360radio.com.co/estos-son-los-paises-con-los-ejercitos-mas-poderosos-del-mundo/208556/
208826,Pico y placa en Medellín este 2 de febrero de 2026: vehículos con restricciones,2026-02-02 07:45:52,2026-02-02 07:45:52,publish,Juan Camilo Ocampo,Noticias de Medellín,Motos|Particulares|Pico y placa|Pico y placa en el Valle de Aburrá|Pico y placa en medellín|Pico y placa en Medellín 2 de febrero|Pico y placa en Medellín hoy|Taxis,https://360radio.com.co/medellin/pico-y-placa-en-medellin-este-2-de-febrero-de-2026-vehiculos-con-restricciones/
208412,Ya salió el Súper Astro Luna: este fue el número ganador del 1 de febrero,2026-02-01 20:30:49,2026-01-29 08:52:29,publish,Julieth Barbosa,Territorio,Astro Luna|loterias de Colombia|super astro luna|Super Astro Luna 1 de febrero|Super Astro Luna hoy|Super Astro Luna numero ganador|Super Astro Luna último resultado|Varios,https://360radio.com.co/ya-salio-el-super-astro-luna-este-fue-el-numero-ganador-del-1-de-febrero/208412/
208405,Chontico Noche del 1 de febrero: conozca el número ganador,2026-02-01 20:00:47,2026-01-29 08:42:12,publish,360 Radio,Territorio,Chontico Noche|Chontico Noche 1 de febrero|Chontico Noche Domingo|Chontico Noche hoy|Chontico Noche numero ganador|Chontico Noche último resultado|Chontico Noche ultimo sorteo|loterias de Colombia|resultado Chontico Noche|resultado chontico noche hoy|Varios,https://360radio.com.co/chontico-noche-del-1-de-febrero-conozca-el-numero-ganador/208405/
208787,Dorado Noche resultado del 1 de febrero: conozca el número ganador,2026-02-01 19:15:35,2026-01-31 10:16:05,publish,360 Radio,Territorio,Dorado Mañana último resultado|Dorado Noche|Dorado Noche 1 de febrero|Dorado Noche hoy|Dorado Noche número ganador|loterias de Colombia|Varios,https://360radio.com.co/dorado-noche-resultado-del-1-de-febrero-conozca-el-numero-ganador/208787/
208795,Por qué el precio de la plata es cada vez más estratégico para la industria y los mercados,2026-02-01 17:52:49,2026-02-01 06:53:04,publish,Daniel García,"Minería, energía e hidrocarburos",Minería|MUNDO|noticias|Precio de la plara,https://360radio.com.co/por-que-el-precio-de-la-plata-es-cada-vez-mas-estrategico-para-la-industria-y-los-mercados/208795/
208121,Los 10 países con la gasolina más costosa de América Latina al comenzar 2026,2026-02-01 15:33:15,2026-02-01 07:20:27,publish,Julieth Barbosa,"Economía, finanzas y negocios|Mundo",combustibles en América Latina|inflación y transporte|precio del galón de gasolina|subsidios a la gasolina,https://360radio.com.co/los-10-paises-con-la-gasolina-mas-costosa-de-america-latina-al-comenzar-2026/208121/
208823,Los 3 vehículos más vendidos en Colombia durante enero de 2026,2026-02-01 13:09:54,2026-02-01 13:09:54,publish,Andrés Martín,Noticias de Colombia,Carros mas vendidos|Carros nuevos|Mercado automotor enero|Vehiculos Colombia|Vehiculos mas vendidos|venta de carros Colombia,https://360radio.com.co/los-3-vehiculos-mas-vendidos-en-colombia-durante-enero-de-2026/208823/
208784,Resultado oficial del Chontico Día del 1 de febrero: número ganador,2026-02-01 12:55:54,2026-02-01 13:37:16,publish,360 Radio,Territorio,chontico día|Chontico Día 1 de febrero|Chontico Dia hoy|Chontico Día numero ganador|Chontico Día último resultado|loterias de Colombia|Varios,https://360radio.com.co/resultado-oficial-del-chontico-dia-del-1-de-febrero-numero-ganador/208784/
208720,El mapa inflacionario de América Latina muestra contrastes extremos entre países,2026-02-01 12:23:38,2026-02-01 07:19:52,publish,Julieth Barbosa,"Economía, finanzas y negocios|Mundo",COLOMBIA|ECONOMIA|MUNDO|Poder adquisitivo|Política económica,https://360radio.com.co/el-mapa-inflacionario-de-america-latina-muestra-contrastes-extremos-entre-paises/208720/
208818,Pico y placa en Medellín lunes 2 de febrero: nueva rotación particulares y taxis,2026-02-01 10:29:45,2026-02-01 10:29:45,publish,Andrés Martín,Noticias de Medellín,Horarios Pico y placa|Nuevo pico y placa Medellin|Pico y placa 2 febrero|Pico y placa en medellín|Pico y placa lunes Medellin|Pico y placa Medellín|rotación pico y placa,https://360radio.com.co/medellin/pico-y-placa-en-medellin-lunes-2-de-febrero-nueva-rotacion-particulares-y-taxis/
208743,Las cifras detrás del Óscar: así les fue en taquilla a las nominadas a mejor película,2026-02-01 10:04:15,2026-02-01 06:53:27,publish,Juan Camilo Ocampo,Entretenimiento,así les fue en taquilla a las nominadas a mejor película|F1|Las cifras detrás del Óscar|Marty Supreme”,https://360radio.com.co/las-cifras-detras-del-oscar-asi-les-fue-en-taquilla-a-las-nominadas-a-mejor-pelicula/208743/
208800,Estos son los dispositivos tecnológicos más usados por las personas en la actualidad,2026-02-01 06:52:34,2026-02-01 06:52:34,publish,Daniel García,Observatorio TIC,COLOMBIA|destacada|noticias|Observatorio TIC|Tecnología,https://360radio.com.co/estos-son-los-dispositivos-tecnologicos-mas-usados-por-las-personas-en-la-actualidad/208800/
208811,Resultado Lotería de Boyacá hoy: 31 enero número ganador y último sorteo,2026-02-01 06:51:30,2026-02-01 06:51:53,publish,360 Radio,Territorio,Loteria de Boyaca|Loteria de Boyaca 31 enero|Loteria de Boyaca ayer|Loteria de Boyaca hoy|Loteria de Boyaca resultado|Loteria de Boyaca secos|Loteria de Boyaca ultimo resultado|Loteria de Boyaca ultimo sorteo|loterias de Colombia|Loterias de hoy|Loterias hoy|Resultados Loterias|Varios,https://360radio.com.co/resultado-loteria-de-boyaca-hoy-31-enero-numero-ganador-y-ultimo-sorteo/208811/
208411,Súper Astro Luna del 31 de enero: este fue el resultado,2026-01-31 22:55:48,2026-01-29 08:51:55,publish,360 Radio,Territorio,Astro Luna|loterias de Colombia|super astro luna|Super Astro Luna 31 de enero|Super Astro Luna hoy|Super Astro Luna numero ganador|Super Astro Luna último resultado|Varios,https://360radio.com.co/super-astro-luna-del-31-de-enero-este-fue-el-resultado/208411/
208406,Conozca el número ganador del Chontico Noche del 31 de enero,2026-01-31 22:00:24,2026-02-01 06:54:39,publish,360 Radio,Territorio,Chontico Noche|Chontico Noche 31 de enero|Chontico Noche Domingo|Chontico Noche hoy|Chontico Noche numero ganador|Chontico Noche último resultado|Chontico Noche ultimo sorteo|loterias de Colombia|resultado Chontico Noche|resultado chontico noche hoy|Varios,https://360radio.com.co/conozca-el-numero-ganador-del-chontico-noche-del-31-de-enero/208406/
208102,Resultado del Súper Astro Sol hoy 31 de enero: número ganador del sorteo,2026-01-31 15:55:47,2026-01-27 15:04:48,publish,360 Radio,Territorio,Astro Sol|loterias de Colombia|super astro sol|Super Astro Sol 31 de enero|Super Astro Sol hoy|Super Astro Sol número ganador|Super Astro Sol último resultado|Varios,https://360radio.com.co/resultado-del-super-astro-sol-hoy-31-de-enero-numero-ganador-del-sorteo/208102/
208394,"Este es el número ganador del Dorado Tarde de hoy, sábado 31 de enero",2026-01-31 15:28:53,2026-01-29 08:28:33,publish,360 Radio,Territorio,Dorado Tarde|Dorado Tarde 31 de enero|Dorado Tarde Hoy|Dorado tarde numero ganador|Dorado Tarde último resultado|loterias de Colombia|Varios,https://360radio.com.co/este-es-el-numero-ganador-del-dorado-tarde-de-hoy-sabado-31-de-enero/208394/
