identificador de la publicación,Identificador de la cuenta,Nombre de usuario de la cuenta,Nombre de la cuenta,Descripción,Duración (segundos),Hora de publicación,Enlace permanente,Tipo de publicación,Comentario sobre los datos,Fecha,Visualizaciones,Alcance,Me gusta,Veces que se ha compartido,Seguidores,Comentarios,Veces guardado
18080976905608515,17841401871496039,360radioco,360 Radio Colombia,"🇨🇴 Las mujeres, ¿a qué jugador de la #SelecciónColombia le daría un regalo?",90,03/19/2026 14:13,https://www.instagram.com/reel/DWFKYrfDpJ_/,Reel de Instagram,,Total,1419,1056,12,1,0,1,0
18096571010317831,17841401871496039,360radioco,360 Radio Colombia,"🐋 ¡Impactante! Registran el preciso instante en que una ballena jorobada salta fuera del agua mientras otra, más pequeña, surge justo detrás.",0,03/19/2026 15:02,https://www.instagram.com/reel/DWFQA_Mjgph/,Reel de Instagram,,Total,6426,4053,263,7,1,0,3
18158890516437275,17841401871496039,360radioco,360 Radio Colombia,🙉 Un chimpancé rescatado que vive libre de nuevo todavía recuerda a su antiguo cuidador después de muchos años separados.,87,03/19/2026 15:30,https://www.instagram.com/reel/DWFTT0py5Z9/,Reel de Instagram,,Total,11582,7957,892,71,5,25,17
18096547166478644,17841401871496039,360radioco,360 Radio Colombia,"🗣️ “En mi gobierno produciremos el gas que necesita el país y defenderemos la soberanía energética nacional, como corresponde a una Colombia fuerte y con visión de futuro”.

#AbelardoDeLaEspriella, candidato presidencial.",74,03/19/2026 16:00,https://www.instagram.com/reel/DWFWwUpShNC/,Reel de Instagram,,Total,1428,1013,75,1,0,17,1
18113420833671458,17841401871496039,360radioco,360 Radio Colombia,"🇨🇴 Estos son los convocados por el director técnico Néstor Lorenzo para la Selección Colombia, de cara a los partidos ante Croacia y Francia.",0,03/19/2026 16:07,https://www.instagram.com/p/DWFXiZEDmzC/,Secuencia de Instagram,,Total,2663,1117,33,4,1,0,2
17990124263941126,17841401871496039,360radioco,360 Radio Colombia,"🗣️ “Hoy emprender da miedo, montas una empresa y el Estado te persigue con impuestos y trámites. Necesitamos menos carga, un régimen simple de verdad y apoyo al pequeño para que crezca, no para ahogarlo”.

Paloma Valencia, candidata presidencial del Centro Democrático.",68,03/19/2026 16:30,https://www.instagram.com/reel/DWFaJB_SdkG/,Reel de Instagram,,Total,1987,1514,79,12,0,2,3
18430021549143509,17841401871496039,360radioco,360 Radio Colombia,"🗣️ “Los profesores no deben plagiar”.

La pulla de #RoyBarreras, candidato presidencial, a uno de sus competidores, #SergioFajardo.",90,03/19/2026 17:00,https://www.instagram.com/reel/DWFdqyiSkgy/,Reel de Instagram,,Total,1064,664,8,0,0,1,0
18415467004124584,17841401871496039,360radioco,360 Radio Colombia,"🤖 Un robot humanoide comienza a operar en Bogotá para apoyar la seguridad en centros comerciales y edificios.

Aunque no sustituirá al personal de vigilancia, su función será complementar y fortalecer los controles en estos espacios.",32,03/19/2026 17:30,https://www.instagram.com/reel/DWFhEPoyjRR/,Reel de Instagram,,Total,7759,5542,121,79,0,9,15
18000209723870732,17841401871496039,360radioco,360 Radio Colombia,"#Atención | El mundo del entretenimiento despide a Chuck Norris, una de las figuras más representativas del cine de acción, quien falleció a los 86 años. La noticia fue confirmada por su familia, que informó que el actor murió en un entorno tranquilo, rodeado de sus seres más cercanos.

#Chucknorris #Noticias #ahora #cine #Internacional #entretenimiento",0,03/20/2026 08:54,https://www.instagram.com/p/DWHKywwDu9k/,Imagen de Instagram,,Total,4656,2827,113,8,0,7,2
18308678935273139,17841401871496039,360radioco,360 Radio Colombia,"#Atención | De acuerdo con un informe divulgado por el diario The New York Times y basado en fuentes con conocimiento directo del caso, el presidente de Colombia, Gustavo Petro, estaría siendo objeto de investigaciones penales por parte de autoridades judiciales de Estados Unidos.

#Petro #Investigacionespetro #notícias #actualidad #ultimahora #ahora",0,03/20/2026 09:12,https://www.instagram.com/p/DWHM5E6jluF/,Imagen de Instagram,,Total,5433,3601,360,4,1,59,2
18122949670607371,17841401871496039,360radioco,360 Radio Colombia,"Claro Colombia se convierte en Socio Oficial de las Selecciones Colombia tras sellar una alianza con la Federación Colombiana de Fútbol, apostándole a fortalecer el vínculo con los hinchas a través de tecnología e innovación. La compañía será la “señal oficial” en todas las categorías, incluyendo femeninas, juveniles y futsal.",0,03/20/2026 10:42,https://www.instagram.com/p/DWHXKJxEzlV/,Imagen de Instagram,,Total,3573,2279,31,1,0,3,0
17859098682565909,17841401871496039,360radioco,360 Radio Colombia,"😡 La inseguridad sigue golpeando con fuerza en Bogotá, Medellín, Cali y distintas ciudades del país. La sensación es clara: la delincuencia no da tregua.

Un nuevo caso se registró en Bogotá, donde delincuentes robaron un vehículo mientras estaba detenido en un semáforo. El hecho ocurrió en la calle 100, cerca de la carrera 19, y se ejecutó en cuestión de segundos.",0,03/20/2026 14:17,https://www.instagram.com/reel/DWHvplaETZq/,Reel de Instagram,,Total,23099,14115,172,59,1,25,13
17890941663441584,17841401871496039,360radioco,360 Radio Colombia,"La aspirante presidencial Paloma Valencia designó al representante electo Daniel Briceño como coordinador nacional de volanteo, encargado de recorrer el país impulsando su campaña de cara a la primera vuelta del 31 de mayo.",0,03/20/2026 14:26,https://www.instagram.com/reel/DWHwivGERkn/,Reel de Instagram,,Total,3687,2843,129,2,0,8,4
18079633922090339,17841401871496039,360radioco,360 Radio Colombia,"🇮🇱 El primer ministro de Israel, Benjamín Netanyahu, apareció públicamente para desmentir versiones sobre su supuesta muerte. “Estoy aquí, con vida, y ustedes pueden comprobarlo”, afirmó ante los medios.

Durante su intervención, señaló además que tanto Israel como Estados Unidos continúan ejerciendo presión sobre Irán tras casi tres semanas de conflicto. También aseguró que ese país ya no cuenta con capacidad para enriquecer uranio con fines nucleares ni para fabricar misiles balísticos.",32,03/20/2026 14:55,https://www.instagram.com/reel/DWH0IF1y8d8/,Reel de Instagram,,Total,2544,1852,41,2,1,5,0
18097738090779732,17841401871496039,360radioco,360 Radio Colombia,"🇨🇴 Resulta positivo para el país que el Departamento de Justicia adelante indagaciones sobre los supuestos nexos entre la campaña de Gustavo Petro y el narcotráfico, afirmó la senadora del Centro Democrático, Paola Holguín.",0,03/20/2026 15:24,https://www.instagram.com/reel/DWH3ZVgDkx_/,Reel de Instagram,,Total,5319,4003,410,39,3,71,6
17891829624304249,17841401871496039,360radioco,360 Radio Colombia,"🗣️ “Yo no he comprometido un solo ministerio, un solo cargo, y la gente me conoce por mi transparencia y mis manos limpias. Aquí recibimos a todos los colombianos, con partido o sin partido, que quieran venir a sumar, porque Colombia merece más y vamos a construir una Colombia más grande”.

Paloma Valencia, senadora y candidata del Centro Democrático, en respuesta a Abelardo de la Espriella, quien cuestionó las alianzas que ha hecho la candidata del Centro Democrático con algunos sectores políticos.",25,03/20/2026 15:30,https://www.instagram.com/reel/DWH4F_Oyb-s/,Reel de Instagram,,Total,3763,2880,107,2,0,18,1
18058140854698009,17841401871496039,360radioco,360 Radio Colombia,"👏 Madre sacó a golpetazos a su hijo que protestaba en medio del paro minero entablado en Caucasia, Antioquia.",13,03/20/2026 16:00,https://www.instagram.com/reel/DWH7krVyh1R/,Reel de Instagram,,Total,16656,9491,510,38,1,42,9
18090697346515452,17841401871496039,360radioco,360 Radio Colombia,"🗣️ “La semana pasada tuve algo en el pie, mi cuerpo no está acostumbrado a entrenar en una cancha tan dura, en un campo que es artificial. Pero ya estoy bien, estoy apto para jugar todo y voy a dar el 120%.”

#JamesRodriguez sobre su debut con #MinnesotaUnited.",135,03/20/2026 17:00,https://www.instagram.com/reel/DWICc4UyCPX/,Reel de Instagram,,Total,2012,1414,50,1,0,2,0
18099646555980178,17841401871496039,360radioco,360 Radio Colombia,"😂 En Ibagué, un ciudadano denunció que pidió un servicio de Uber Moto para enviar una caja que contenía un dron. Sin embargo, el domiciliario habría abierto el paquete y lo entregó sin el equipo. Al encenderse posteriormente, el dispositivo empezó a transmitir imágenes a la nube, lo que facilitó la identificación del presunto responsable.

De acuerdo con lo difundido en redes sociales, el hombre fue señalado como Fabián Gerardo Hernández, ubicado en la comuna 8 de la ciudad. Luego de que su imagen circulara ampliamente y tras operativos de búsqueda, las autoridades lograron ubicarlo y ahora deberá responder por el delito de hurto.",55,03/20/2026 17:30,https://www.instagram.com/reel/DWIF3Q4yXIR/,Reel de Instagram,,Total,13414,7747,151,15,0,5,9
17853269187686284,17841401871496039,360radioco,360 Radio Colombia,"🤔 La senadora del Pacto Histórico y líder de debate en la campaña de Iván Cepeda, María José Pizarro, fijó su postura sobre una posible Asamblea Nacional Constituyente. Señaló que cualquier cambio a la Constitución debe construirse primero a partir de un consenso amplio que incluya a todos los sectores sociales y políticos del país.",133,03/20/2026 18:00,https://www.instagram.com/reel/DWIJUorBTGp/,Reel de Instagram,,Total,6238,4374,48,5,0,149,2
18086137229220962,17841401871496039,360radioco,360 Radio Colombia,"⚡️ ¡La energía nuclear se mueve con fuerza a nivel mundial! Según datos de la World Nuclear Association, China lidera con 37 reactores en construcción, impulsando una capacidad impresionante de casi 43 GW para satisfacer su demanda energética creciente.

🌍 En segundo lugar, India y Rusia empatan con 6 reactores cada una, mientras Egipto y Turquía avanzan con 4 unidades en desarrollo cada país, destacando el rol de potencias emergentes en la expansión nuclear. Corea del Sur, Bangladés, Japón, Ucrania y Reino Unido completan la lista con 2 o 3 proyectos clave, reflejando un boom asiático y diversificación global.

⚡ Esta carrera por la nuclear promete energía limpia y estable para el futuro, aunque con retos en seguridad y geopolítica. ¿Estás listo para este cambio atómico? Comparte tu opinión.
​",0,03/21/2026 13:57,https://www.instagram.com/p/DWKSSIUERDy/,Imagen de Instagram,,Total,3853,1995,61,3,0,1,11
18043601537751629,17841401871496039,360radioco,360 Radio Colombia,"🚲 ¡Se baja del pedal! Nairo Quintana confirmó que dirá adiós al ciclismo profesional. El colombiano anunció que esta será su última campaña, y promete disputar cada competencia con todo hasta el final. Así se cierra un ciclo de 17 años en la élite del ciclismo mundial.",67,03/22/2026 12:14,https://www.instagram.com/reel/DWMqriHkaQf/,Reel de Instagram,,Total,2455,2077,59,6,0,2,4
18570922978062256,17841401871496039,360radioco,360 Radio Colombia,"🤣 ¿Y ahora, qué?",23,03/22/2026 13:05,https://www.instagram.com/reel/DWMxKobh8Hx/,Reel de Instagram,,Total,17627,12069,265,22,1,6,5
18085959740337403,17841401871496039,360radioco,360 Radio Colombia,"🗣️ “La confesión de la Segunda Marquetalia sobre el asesinato de Miguel Uribe es tenebrosa. Iván Cepeda tiene que responder: impidió extradiciones, facilitó fugas y hoy negocia con quienes fortalecieron a estos grupos”.

Paloma Valencia, candidata presidencial del Centro Democrático.",40,03/22/2026 14:00,https://www.instagram.com/reel/DWM3ZCzhhxc/,Reel de Instagram,,Total,4065,2535,157,4,0,16,6
17998513397745603,17841401871496039,360radioco,360 Radio Colombia,"🥺 En el día Mundial Del Síndrome de Down, Tiago Nunes, DT de Liga De Quito, apareció en rueda de prensa con su hijo, que tiene esa condición. Sus palabras le dan la vuelta al mundo.",0,03/22/2026 16:22,https://www.instagram.com/reel/DWNGbwJDpwi/,Reel de Instagram,,Total,7325,5667,297,19,0,5,12
17982272528968208,17841401871496039,360radioco,360 Radio Colombia,"🗣️ “Les presento a mi manada: Alesia, Mora, Laika y Kiara. Cuatro perritas fieles que acompañan a un Tigre firme por la Patria”.

Abelardo De La Espriella, candidato presidencial.",0,03/22/2026 16:36,https://www.instagram.com/reel/DWNJHsdjkkm/,Reel de Instagram,,Total,2624,1704,93,11,0,4,1
18097750223066960,17841401871496039,360radioco,360 Radio Colombia,"#Mundo l ¡Los gigantes del petróleo dominan el consumo mundial! Según el Energy Institute vía 360, Estados Unidos lidera con 19.12 millones de barriles diarios, seguido de China con 18.37 millones, impulsados por su enorme demanda en transporte e industria.
​
​

🌍 India (5.62M), Rusia (3.85M) y Arabia Saudita (3.85M) completan el top 5, con Corea del Sur (3.42M), Japón (3.2M) y Brasil (2.95M) destacando por su crecimiento económico y dependencia energética. Alemania, Canadá y otros como México e Indonesia también figuran en la lista de grandes consumidores.

⚡ Este voraz apetito refleja el desafío global por transitar a energías limpias, mientras el petróleo sigue siendo rey. ¿Cambiará la nuclear el juego? ¡Opina abajo!",0,03/22/2026 17:00,https://www.instagram.com/p/DWNL_JKjheJ/,Imagen de Instagram,,Total,8606,5168,96,7,1,0,25
18309937456285935,17841401871496039,360radioco,360 Radio Colombia,"#Mundo | ¿Sabías que el motor del cambio global está en manos de las mujeres? 🚀 Más allá de las potencias tradicionales, países como Madagascar, Nigeria y Tanzania están liderando la integración laboral femenina con cifras que superan el 80%. No es solo estadística; es el reflejo de sociedades que entienden que el progreso económico es inseparable del talento femenino. 💼✨

Este Top 10 nos invita a mirar más allá de lo evidente y a reconocer que la equidad no tiene fronteras. 📈 Cuando las mujeres participan plenamente en la economía, las comunidades se transforman y las empresas se vuelven más resilientes. El futuro del trabajo ya está aquí y tiene rostro de mujer. 👩‍💻💜

La pregunta ya no es si es posible, sino: ¿qué estamos haciendo en nuestro entorno para alcanzar estas cifras? 🤔 ¡Hagamos que el talento sea el único requisito! 👇",0,03/22/2026 17:41,https://www.instagram.com/p/DWNQp3djkJY/,Imagen de Instagram,,Total,1864,1095,16,0,0,0,2
18574147219005785,17841401871496039,360radioco,360 Radio Colombia,"👮🏻 En medio de una operación enfocada en combatir el robo de vehículos en Cali, las autoridades encontraron más de 2.700 motocicletas con sus sistemas de identificación manipulados. Durante el procedimiento, tres personas fueron detenidas, señaladas de estar detrás del desmantelamiento ilegal de estos automotores.",175,03/22/2026 20:51,https://www.instagram.com/reel/DWNk__JDkyS/,Reel de Instagram,,Total,6488,4551,336,16,7,20,11
18072043133638243,17841401871496039,360radioco,360 Radio Colombia,"🥹 Juan Fernando Quintero noble: el futbolista colombiano de #RiverPlate se encontró con un niño que recientemente le había hecho llegar una carta de agradecimiento y admiración por su juego en el equipo, por lo cual el ‘10’ le regalará una camiseta suya.",43,03/23/2026 06:06,https://www.instagram.com/reel/DWOlVdaDrvN/,Reel de Instagram,,Total,7731,5849,234,2,0,2,0
17985308450959902,17841401871496039,360radioco,360 Radio Colombia,"🗣️ “A Miguel lo asesinaron las FARC, instigadas por su protector, Petro. No más JEP, no más impunidad; los de siempre piden más JEP, yo propongo justicia y combate sin tregua a los criminales”.

Abelardo De La Espriella, candidato presidencial.",0,03/23/2026 07:49,https://www.instagram.com/reel/DWOw5OQDiZ8/,Reel de Instagram,,Total,2770,2222,191,6,0,45,1
17876389074544848,17841401871496039,360radioco,360 Radio Colombia,"🇨🇴 #Feid presentó anoche su “Green Print” como parte del inicio de su “Falxo Tour” en el Teatro Carlos Vieco Ortiz en la ciudad de Medellín, Colombia.",117,03/23/2026 08:44,https://www.instagram.com/reel/DWO3mWQjp57/,Reel de Instagram,,Total,3200,2549,95,2,0,4,3
18110749285694821,17841401871496039,360radioco,360 Radio Colombia,"🚨 Una aeronave tipo Hércules de la Fuerza Area Colombiana sufrió un accidente tras despegar desde La Tagua, en Putumayo. En el avión viajaban 110 uniformados, de los cuales 20 ya fueron auxiliados con lesiones. La emergencia aún continúa en atención.",10,03/23/2026 08:59,https://www.instagram.com/reel/DWO5otRDi1E/,Reel de Instagram,,Total,21050,14524,241,25,24,22,17
18316066396267761,17841401871496039,360radioco,360 Radio Colombia,"🚨 Así quedó registrado el instante en que el avión Hércules C-130 de la Fuerza Aeroespacial Colombiana se precipitó, luego de despegar desde un batallón en Puerto Leguízamo, Putumayo, con 110 personas a bordo. Las autoridades continúan con los operativos para evacuar a los lesionados hacia centros médicos cercanos.",14,03/23/2026 10:16,https://www.instagram.com/reel/DWPCPQUDrJk/,Reel de Instagram,,Total,183764,117407,1019,221,66,69,68
18038153348602710,17841401871496039,360radioco,360 Radio Colombia,"🇨🇴 Pronunciamiento del general Carlos Fernando Silva Rueda, comandante de la Fuerza Aérea Colombiana, respecto al accidente del avión C-130 Hércules ocurrido este 23 de marzo de 2026 en Puerto Leguízamo, Putumayo.",152,03/23/2026 11:24,https://www.instagram.com/reel/DWPJ7J8kTeg/,Reel de Instagram,,Total,7095,5246,169,49,5,11,9
18090507293330984,17841401871496039,360radioco,360 Radio Colombia,"🗣️ “Exigimos de manera contundente a Gustavo Petro y al ministro de Defensa, Pedro Sánchez, que se esclarezcan los hechos que rodearon este accidente. Es fundamental que se adelante una investigación seria, transparente e independiente”.

María Fernanda Cabal sobre el accidente del avión Hércules.",71,03/23/2026 12:45,https://www.instagram.com/reel/DWPTb_AEVQu/,Reel de Instagram,,Total,5692,3880,203,4,0,44,5
17862277902613839,17841401871496039,360radioco,360 Radio Colombia,"🗣️ “Desde el corazón lamento el accidente del avión Hércules que ha puesto en vilo la vida de muchos de nuestros soldados. A sus familias les envío toda mi solidaridad. Exijo una investigación transparente: no se puede seguir poniendo en riesgo su vida”.

Paloma Valencia, candidata presidencial del Centro Democrático.",30,03/23/2026 13:17,https://www.instagram.com/reel/DWPXJZ5kcip/,Reel de Instagram,,Total,2871,2252,100,1,1,18,3
18094293950032470,17841401871496039,360radioco,360 Radio Colombia,"La dependencia de las potencias asiáticas del Estrecho de Ormuz es total. Un cierre o una crisis en esta zona no solo afectaría los precios locales, sino que pondría en jaque la estabilidad de gigantes industriales como Japón (75%) y Corea del Sur (65%). 🗾🇰🇷

Este mapa de vulnerabilidad nos muestra que la seguridad energética es el verdadero motor de la geopolítica actual. 🌏 Con más de 110 millones de barriles diarios en juego solo entre las cuatro principales potencias de Asia, cualquier tensión en el Golfo se traduce inmediatamente en una alerta roja para el suministro global. 🚨 La diversificación de rutas y fuentes de energía ya no es una opción, es una necesidad de supervivencia económica. 📈

Entender estas cifras es clave para dimensionar por qué lo que sucede a miles de kilómetros impacta directamente en los mercados internacionales. 📉 El equilibrio es frágil y los datos lo confirman: el mundo sigue dependiendo de un hilo —o mejor dicho, de un estrecho—. 🚢⚓",0,03/23/2026 14:06,https://www.instagram.com/p/DWPc36hkc-W/,Imagen de Instagram,,Total,1761,1063,17,1,0,0,3
18117459772631650,17841401871496039,360radioco,360 Radio Colombia,"🇨🇴 El gobernador de Putumayo, Jhon Molina, reportó que el accidente del avión Hércules 1016 de la Fuerza Aérea Colombiana dejó 8 personas fallecidas y 83 lesionadas, de las cuales 14 se encuentran en estado grave. La aeronave, en la que viajaban 125 ocupantes, se siniestró este lunes en una zona rural de Puerto Leguízamo.",0,03/23/2026 16:04,https://www.instagram.com/reel/DWPqSSRDojz/,Reel de Instagram,,Total,4237,3355,66,2,0,1,5
18086632376262130,17841401871496039,360radioco,360 Radio Colombia,"🗣️ “#James ha jugado poco, pero ha entrenado mucho y se siente bien”.

Néstor Lorenzo, director técnico de la Selección #Colombia, sobre el ‘10’.",0,03/23/2026 16:29,https://www.instagram.com/reel/DWPtFrYjl2g/,Reel de Instagram,,Total,1918,1623,30,1,0,0,0
18025607111801337,17841401871496039,360radioco,360 Radio Colombia,"🚨 ¿Lo que se observó sobre el avión Hércules de la FAC al momento del despegue podría ser un dron?

De acuerdo con el analista en temas de defensa Erih Saumeth, fuentes reservadas de las Fuerzas Militares señalan una posible participación de un dron en el incidente.

Según esa versión, al interior de la FAC se contempla que la aeronave habría intentado evadir ese objeto, lo que habría provocado la pérdida de dos de sus motores. Por ahora, esta información se mantiene bajo estricta confidencialidad.",0,03/23/2026 17:33,https://www.instagram.com/reel/DWP0e07jtVR/,Reel de Instagram,,Total,375328,270676,3585,1854,474,469,677
17884071186470755,17841401871496039,360radioco,360 Radio Colombia,"🗣️ “Reiteramos nuestra solidaridad con las familias del accidente aéreo en Putumayo. Pero es inadmisible que lo primero que haya hecho Gustavo Petro haya sido culpar a otros. Usted, presidente, es el comandante en jefe y sus decisiones tienen consecuencias para la vida de quienes están en la Fuerza Pública”.

Paloma Valencia, candidata presidencial.",0,03/23/2026 19:40,https://www.instagram.com/reel/DWQC5MTjvl4/,Reel de Instagram,,Total,4908,3690,155,5,2,21,3
18572470321006520,17841401871496039,360radioco,360 Radio Colombia,🔥 Cali vivió un momento inesperado: Gilberto Santa Rosa sorprendió al subir al escenario junto a J Balvin. Una mezcla explosiva de salsa y reguetón que encendió a todos los asistentes. Una noche que quedará para el recuerdo.,0,03/23/2026 20:22,https://www.instagram.com/reel/DWQHsx5Do-3/,Reel de Instagram,,Total,4997,3783,183,5,0,1,3
18089438600332826,17841401871496039,360radioco,360 Radio Colombia,"🚨 El Ministerio de Defensa indicó que, por ahora, no existe información ni evidencia que sugiera que el accidente del avión Hércules en Putumayo haya sido producto de un ataque de algún grupo armado ilegal.

Asimismo, precisaron que en la aeronave viajaban 128 personas: 66 fallecieron, 57 resultaron heridas, una salió ilesa y aún hay cuatro cuerpos sin ubicar.

El ministro de Defensa, Pedro Sánchez, informó que se adelanta una investigación rigurosa para determinar las causas de la tragedia.",0,03/24/2026 05:44,https://www.instagram.com/reel/DWRHywEjiUQ/,Reel de Instagram,,Total,2559,2096,34,0,0,1,0
18099194437777973,17841401871496039,360radioco,360 Radio Colombia,"🗣️ “Voy a recorrer toda la Patria y en cada pueblo y rincón de Colombia, les llevaré el mensaje de lo que será nuestra Patria Milagro”.

Abelardo De La Espriella, candidato presidencial.",0,03/24/2026 06:02,https://www.instagram.com/reel/DWRJ_jMDmE1/,Reel de Instagram,,Total,6504,3907,356,2,1,64,4
18013616360832542,17841401871496039,360radioco,360 Radio Colombia,"🇨🇴 El comandante de las Fuerzas Militares, el general Hugo Alejandro López Barreto, informó que 66 miembros de la fuerza pública perdieron la vida y están siendo identificados: 6 pertenecían a la Fuerza Aeroespacial Colombiana, 58 al Ejército Nacional y 2 a la Policía. Además, cuatro uniformados aún no han sido localizados.",0,03/24/2026 07:44,https://www.instagram.com/reel/DWRVu5Jju2-/,Reel de Instagram,,Total,2534,2160,55,3,3,4,1
18125760526583791,17841401871496039,360radioco,360 Radio Colombia,"🗣️ “Ese tipo de conductas son fiel reflejo del ambiente polarizado”.

Juan Daniel Oviedo sobre visita en Cuba.",0,03/24/2026 08:16,https://www.instagram.com/reel/DWRYrHDDhuZ/,Reel de Instagram,,Total,3656,2350,66,1,1,4,4
18569893240031961,17841401871496039,360radioco,360 Radio Colombia,"🇲🇽 Este es el Estadio Azteca, de México. Donde Colombia debutará en el Mundial 2026.",0,03/24/2026 11:47,https://www.instagram.com/reel/DWRxkQWkTIb/,Reel de Instagram,,Total,1919,1503,44,1,0,0,0
17945712507130221,17841401871496039,360radioco,360 Radio Colombia,"📹 Una cámara de seguridad captó cuando un sujeto destroza el vidrio de un carro estacionado frente a un edificio para llevarse pertenencias. Tras el robo, escapó en una moto junto a otro hombre que lo estaba esperando. El hecho ocurrió el 20 de marzo en el barrio Las Ferias, en Engativá.",0,03/24/2026 11:56,https://www.instagram.com/reel/DWRyxE2kTVO/,Reel de Instagram,,Total,6477,4764,24,1,0,0,0
17859733998621360,17841401871496039,360radioco,360 Radio Colombia,"🙏🏻 Un acto que conmueve desde el Putumayo: un ciudadano no dudó en actuar y, con total entrega, brindó ayuda a los soldados heridos en medio de la emergencia.",0,03/24/2026 12:02,https://www.instagram.com/reel/DWRzbqJkYRV/,Reel de Instagram,,Total,4063,3054,125,1,0,0,3
17983410368800466,17841401871496039,360radioco,360 Radio Colombia,"🗣️ “Scaloni, no me encontré en la lista, ¿Qué pasó? Necesito una explicación”.

salvi.goni, creador de contenido digitial.",0,03/24/2026 12:07,https://www.instagram.com/reel/DWRz8_cEUKW/,Reel de Instagram,,Total,738,503,18,0,0,0,0
17845496292694478,17841401871496039,360radioco,360 Radio Colombia,"#Atención | Caracol Televisión anunció la salida de los presentadores Jorge Alfredo Vargas y Ricardo Orrego cinco días después de que la propia cadena confirmara que dos presentadores estaban siendo investigados por denuncias internas de acoso sexual. Con el comunicado de hoy, la cadena confirma que se referían a estos dos periodistas.

#caracol #Abusocaracol #jorgealfredo #ricardoorrego #últimahora #notícias",0,03/24/2026 13:48,https://www.instagram.com/p/DWR_myCkcn9/,Imagen de Instagram,,Total,22936,15570,236,46,2,28,8
18414456301125011,17841401871496039,360radioco,360 Radio Colombia,"😾 Una mujer llevó a su gato al veterinario para vacunarlo, pero el animal trató de esconderse subiéndose a lo más alto de un estante para no ser visto.",0,03/24/2026 15:24,https://www.instagram.com/reel/DWSKernDlfQ/,Reel de Instagram,,Total,8549,6525,518,121,1,6,14
18133646011534904,17841401871496039,360radioco,360 Radio Colombia,🚍 Capacitación impartida a los conductores de autobús para comprender cómo se siente un ciclista cuando pasan cerca de ellos.,12,03/24/2026 15:30,https://www.instagram.com/reel/DWSLQtVjhz9/,Reel de Instagram,,Total,18940,11845,308,31,1,3,12
18399798046151516,17841401871496039,360radioco,360 Radio Colombia,"🏟️ El histórico estadio de Santa Úrsula vuelve a abrir sus puertas, ahora con una cara completamente renovada.

Tras superar las últimas pruebas técnicas de sonido e imagen, el escenario se prepara para su reapertura con un atractivo México vs Portugal.

Arranca así una nueva etapa para uno de los templos más emblemáticos del fútbol, listo para destacar en grandes citas internacionales.",0,03/24/2026 15:41,https://www.instagram.com/reel/DWSMT2aDmbx/,Reel de Instagram,,Total,3368,2761,84,3,0,1,2
18131212456533082,17841401871496039,360radioco,360 Radio Colombia,"🗳️ Se acaba el tiempo para quienes quieren votar cerca de su casa en las elecciones presidenciales: la Registraduría Nacional del Estado Civil fijó como fecha límite el 31 de marzo de 2026 para cambiar el puesto de votación o inscribir la cédula. 

El trámite aplica principalmente para ciudadanos que cambiaron de residencia, regresaron al país o necesitan actualizar sus datos en el censo electoral, y puede hacerse en sedes de la Registraduría o en puntos habilitados en todo el país. 

Quienes no realicen el proceso dentro del plazo deberán votar en su lugar actual, sin posibilidad de modificarlo el día de las elecciones, previstas para el 31 de mayo de 2026.",0,03/24/2026 16:10,https://www.instagram.com/p/DWSP05oDh3m/,Imagen de Instagram,,Total,5378,3289,37,43,0,1,3
18075650717390935,17841401871496039,360radioco,360 Radio Colombia,"🚍 Bogotá abre la puerta para que la ciudadanía deje su huella en la historia del transporte: varias estaciones de la primera línea del Metro de Bogotá podrán ser bautizadas por los mismos ciudadanos, en un proceso participativo que busca conectar el sistema con la identidad de la ciudad.

La iniciativa se enfocará inicialmente en algunas estaciones específicas, cuyos nombres actuales son solo provisionales, y serán reemplazados por propuestas que reflejen cultura, territorio y sentido de pertenencia en diferentes zonas de la capital. 

Este proyecto llega en medio del avance de la obra, que contempla 16 estaciones a lo largo de la ciudad, y marca un paso clave para que el metro no solo transforme la movilidad, sino también la forma en que los bogotanos se identifican con su entorno.",0,03/24/2026 16:35,https://www.instagram.com/p/DWSSsXsjlzp/,Imagen de Instagram,,Total,5574,3532,80,3,0,1,1
17892177276302479,17841401871496039,360radioco,360 Radio Colombia,"🇨🇴 La emergencia en Putumayo escala y el llamado es urgente: el gobernador pidió apoyo del Gobierno Nacional para atender a los 125 damnificados, asegurando que el departamento no tiene la capacidad suficiente para responder por sí solo a la crisis.

Desde Puerto Leguízamo, las autoridades regionales advirtieron que la magnitud de la situación desborda los recursos locales, por lo que solicitan intervención inmediata con personal médico, logística y ayuda humanitaria para atender a las víctimas. ￼

El hecho, que ha generado conmoción en el país, mantiene en alerta a las instituciones mientras avanzan las labores de atención y respuesta, en medio de la presión por garantizar asistencia oportuna a los afectados y evitar una mayor tragedia.",0,03/24/2026 17:00,https://www.instagram.com/p/DWSVpjcjjm6/,Imagen de Instagram,,Total,2521,1639,15,0,0,0,1
17864948532527780,17841401871496039,360radioco,360 Radio Colombia,#Atención | Así quedó el tarjetón electoral para la primera vuelta de la elección presidencial en Colombia.,0,03/25/2026 09:53,https://www.instagram.com/p/DWUJeq7Drs3/,Secuencia de Instagram,,Total,6162,2376,94,14,0,8,3
18094807778046837,17841401871496039,360radioco,360 Radio Colombia,"#Política l Las palabras de María Claudia Tarazona reflejan un mensaje cargado de dolor y propósito, en el que la memoria de Miguel se convierte en un llamado a que su historia no quede en el olvido.",0,03/25/2026 13:56,https://www.instagram.com/p/DWUlU9JE7_I/,Imagen de Instagram,,Total,158778,95817,11328,333,93,624,120
18571755043012788,17841401871496039,360radioco,360 Radio Colombia,"🚨 Las congresistas del Pacto Histórico en la Cámara solicitaron que Hollman Morris sea separado de la gerencia de RTVC de manera temporal, mientras se desarrollan las investigaciones por presunto acoso sexual en su contra.",0,03/25/2026 16:54,https://www.instagram.com/reel/DWU466ajnDt/,Reel de Instagram,,Total,3226,2328,118,2,3,10,3
17858690052623822,17841401871496039,360radioco,360 Radio Colombia,"👀 El ministro de Defensa, Pedro Sánchez, afirmó que aún no está confirmado que alias ‘Zarco Aldinever’ haya sido asesinado por el ELN, como lo sostiene la Segunda Marquetalia.

“Ya están en marcha todos los protocolos para ubicarlo y lograr su captura, junto a otras cinco personas vinculadas a la Segunda Marquetalia”.",156,03/25/2026 17:30,https://www.instagram.com/reel/DWU90-oBrYh/,Reel de Instagram,,Total,2633,2101,16,0,1,4,0
18061859555376959,17841401871496039,360radioco,360 Radio Colombia,"🚓 Tres supuestos narcotraficantes fueron detenidos en operativos conjuntos de la DIJIN y la DEA en Medellín, Guatapé (Antioquia) y Cartago (Valle). De acuerdo con las autoridades, tendrían vínculos con las Autodefensas Gaitanistas y el ELN, y estarían involucrados en el envío de cocaína hacia Estados Unidos mediante veleros y contenedores.",104,03/25/2026 18:00,https://www.instagram.com/reel/DWVBPGMBEGh/,Reel de Instagram,,Total,26984,20456,788,114,58,19,64
18031847495607117,17841401871496039,360radioco,360 Radio Colombia,"👀 El presidente del Senado se pronunció sobre los enfrentamientos entre Paloma Valencia e Iván Cepeda en la plenaria, en medio del ambiente electoral: “Este es el espacio propio de la política (…) hemos insistido en mantener un debate sereno y con mínimas ofensas, pero los micrófonos están abiertos para que ambos sean escuchados por el país”.",66,03/25/2026 18:30,https://www.instagram.com/reel/DWVErEdho4C/,Reel de Instagram,,Total,2857,1974,59,0,3,0,1
17929786926244582,17841401871496039,360radioco,360 Radio Colombia,"🇺🇸 El Comando Sur de Estados Unidos ejecutó un nuevo “ataque cinético letal” contra una presunta narcolancha vinculada a Organizaciones Terroristas Designadas.

La operación se llevó a cabo cuando la embarcación navegaba por corredores habituales del narcotráfico en el Caribe, dejando como saldo cuatro hombres muertos.",15,03/25/2026 19:00,https://www.instagram.com/reel/DWVIHr6BTHb/,Reel de Instagram,,Total,3360,2369,54,0,0,1,0
18097676329816327,17841401871496039,360radioco,360 Radio Colombia,"😡 Tras la difusión en redes de un video que muestra enfrentamientos entre funcionarios de TransMilenio y presuntos colados en la estación Pradera, la entidad rechazó lo ocurrido y pidió a la ciudadanía mantener un comportamiento adecuado dentro del sistema de transporte público.",0,03/25/2026 19:11,https://www.instagram.com/reel/DWVHPVfDrkd/,Reel de Instagram,,Total,5561,3954,71,3,0,13,4
17890769442444211,17841401871496039,360radioco,360 Radio Colombia,"💵 Durante la exposición de su modelo económico, el presidente Gustavo Petro afirmó que Camacol ha guardado silencio frente a la caída en la construcción de vivienda, la cual atribuyó al aumento de las tasas de interés del Banco de la República. Además, aseguró que “Camacol no se pronuncia porque es de Cambio Radical”.",72,03/25/2026 19:30,https://www.instagram.com/reel/DWVLkGWh-sp/,Reel de Instagram,,Total,14253,10218,101,26,3,129,14
18085543865019972,17841401871496039,360radioco,360 Radio Colombia,"🇨🇴 El registrador Hernán Penagos resaltó que el preconteo de las recientes elecciones legislativas logró una precisión del 99,8%, la más alta registrada en el país.

“Nunca antes se había alcanzado un nivel tan cercano al escrutinio. Actualmente hay más de 800.000 actas electorales publicadas”, afirmó.",89,03/25/2026 19:30,https://www.instagram.com/reel/DWVLmNzBIlb/,Reel de Instagram,,Total,2541,1820,55,1,1,3,2
18078944927628968,17841401871496039,360radioco,360 Radio Colombia,"🇨🇴 El presidente Petro presentó los resultados de su modelo económico, resaltando la disminución de la inflación, la creación de más de 600.000 empleos, la reducción del desempleo y el crecimiento de las exportaciones no minero-energéticas, así como el impulso a sectores como la manufactura y la agroindustria.

En el evento también participaron el ministro de Educación, Daniel Rojas, y la ministra de Agricultura, Martha Carvajalino, quien expuso los avances alcanzados en la reforma agraria.",0,03/26/2026 05:27,https://www.instagram.com/reel/DWWPz0kjij0/,Reel de Instagram,,Total,3092,2246,25,2,0,38,1
18308823217274115,17841401871496039,360radioco,360 Radio Colombia,"🇧🇷 El presidente de Brasil, Luiz Inácio Lula da Silva, calificó como un “momento histórico” el vuelo en el que fue escoltado por el primer avión Gripen fabricado en el país.“El cielo de Brasil vivió un hecho simbólico que refleja a una nación que confía en sí misma, apuesta por la tecnología y reafirma su soberanía”, señaló.",105,03/26/2026 06:00,https://www.instagram.com/reel/DWWTnQjBI8J/,Reel de Instagram,,Total,8360,4754,170,13,1,1,5
18079717610096944,17841401871496039,360radioco,360 Radio Colombia,"😾 Los médicos atendían a un hombre enfermo mientras su gato permanecía a su lado, observando todo con evidente inquietud.",61,03/26/2026 06:30,https://www.instagram.com/reel/DWWXEcOhF2W/,Reel de Instagram,,Total,10001,7042,632,106,1,8,28
18100561711938221,17841401871496039,360radioco,360 Radio Colombia,🐶 En video quedó registrado cómo disfruta este perrito en la playa. Todos quieren ser él.,10,03/26/2026 07:00,https://www.instagram.com/reel/DWWaiQBhBU9/,Reel de Instagram,,Total,11512,7956,572,55,0,2,14
18096707536967313,17841401871496039,360radioco,360 Radio Colombia,"🇨🇴 El Gobierno de #GustavoPetro decretó un incremento del 7 % en el salario de los servidores públicos para 2026. El ajuste será retroactivo y se pagará en abril a sectores como docentes, jueces, funcionarios de la Contraloría, la Dian, la Aeronáutica Civil, el personal civil de Defensa y la Fiscalía.",0,03/26/2026 07:11,https://www.instagram.com/p/DWWbrPdDj0K/,Imagen de Instagram,,Total,29272,18796,150,173,7,75,26
17999813324916218,17841401871496039,360radioco,360 Radio Colombia,"🇨🇴 El presidente de FENALCO, Jaime Alberto Cabal, confirmó que interpuso una demanda de nulidad contra el Decreto 234 de 2026, al considerar que el Gobierno habría extralimitado sus funciones al establecer un régimen autónomo de negociación colectiva sin aprobación del Congreso, lo que, según afirmó, vulnera los principios de legalidad y separación de poderes establecidos en la Constitución.",62,03/26/2026 07:30,https://www.instagram.com/reel/DWWd_5GBSRa/,Reel de Instagram,,Total,1348,1086,44,1,0,1,0
18097648564821488,17841401871496039,360radioco,360 Radio Colombia,"⚽️🇨🇴 Néstor Lorenzo, director técnico de la #SelecciónColombia, se refirió a la posibilidad de que Sebastián Villa, jugador de Independiente Rivadavia en Argentina, sea convocado al equipo nacional. Jugador que en el pasado fue declarado culpable por violencia de género.",0,03/26/2026 07:45,https://www.instagram.com/p/DWWfuN3Di1S/,Imagen de Instagram,,Total,2378,1487,13,0,0,3,1
18078088802120153,17841401871496039,360radioco,360 Radio Colombia,"🚓 La secretaria de Movilidad, Claudia Díaz, ratificó que la medida de pico y placa seguirá vigente durante los días de Semana Santa. Además, anunció que el domingo 5 de abril se aplicará el pico y placa regional en los accesos a Bogotá para organizar el flujo de vehículos en el plan retorno.",22,03/26/2026 08:00,https://www.instagram.com/reel/DWWhcMgBYyq/,Reel de Instagram,,Total,3127,2605,19,6,1,3,0
17878034412540778,17841401871496039,360radioco,360 Radio Colombia,"🥊 Escena escandalosa en el Centro Histórico de Cartagena: frente a la Torre del Reloj, una mujer que ejercía el trabajo sexual y un turista extranjero terminaron enfrentándose a golpes y patadas, ante la mirada de decenas de visitantes.",11,03/26/2026 08:30,https://www.instagram.com/reel/DWWkzaAh44f/,Reel de Instagram,,Total,30590,13976,220,200,2,40,15
18102350273310034,17841401871496039,360radioco,360 Radio Colombia,"#Atención | Echeverry llega a esta presidencia de @bancodebogota con una amplia experiencia en el sector público y privado, especialmente en áreas relacionadas con energía y política económica.

#Economía #Empresas #notícias #Colombia",0,03/26/2026 09:05,https://www.instagram.com/p/DWWoyAWjkbl/,Imagen de Instagram,,Total,12726,8373,408,26,7,9,8
18204399019328690,17841401871496039,360radioco,360 Radio Colombia,"🇨🇴 Colombia y Croacia se enfrentan este jueves en Orlando en un duelo inédito que sirve como termómetro de cara al Mundial 2026. La Tricolor llega en un gran momento bajo el mando de Néstor Lorenzo, con una racha positiva y victorias recientes que respaldan su crecimiento, mientras que los europeos mantienen su jerarquía tras dominar su grupo eliminatorio y con referentes como Luka Modric liderando el equipo. ￼

En cuanto al pronóstico, no hay un favorito claro. Algunas casas de apuestas se inclinan levemente por Croacia debido a su experiencia y regularidad internacional, mientras que otras dan ventaja a Colombia por su presente y rendimiento ofensivo reciente. En números, el partido luce muy parejo, con probabilidades cercanas para ambos lados y un alto margen de empate. ￼

Eso sí, hay coincidencia en un punto clave: se espera un partido con goles. Las estadísticas recientes muestran a ambos equipos con gran capacidad ofensiva, por lo que apuestas como “ambos marcan” o “más de 2.5 goles” aparecen como las más atractivas en la previa de este choque.",0,03/26/2026 15:33,https://www.instagram.com/p/DWXVLkxjnc-/,Imagen de Instagram,,Total,2752,1723,13,0,0,0,0
18051130337505448,17841401871496039,360radioco,360 Radio Colombia,"📲 Un jurado en Estados Unidos declaró culpables a YouTube y Meta en un fallo histórico que los responsabiliza por fomentar la adicción a las redes sociales, especialmente en menores. El caso se originó tras la demanda de una joven que aseguró haber desarrollado una dependencia severa desde la infancia, lo que derivó en problemas de salud mental. ￼

El tribunal determinó que ambas compañías fueron negligentes al diseñar plataformas con mecanismos altamente adictivos, como notificaciones constantes y sistemas de recomendación. Como resultado, deberán pagar una indemnización millonaria —con Meta asumiendo la mayor parte—, aunque el proceso continúa para definir posibles sanciones adicionales por daños punitivos. ￼

Este veredicto marca un precedente clave para la industria tecnológica, ya que abre la puerta a miles de demandas similares y pone en el centro del debate la responsabilidad de las grandes plataformas sobre la salud mental de sus usuarios. Expertos advierten que este tipo de decisiones podría obligar a rediseñar las redes sociales, priorizando el bienestar por encima del tiempo de uso.",0,03/26/2026 16:00,https://www.instagram.com/p/DWXYThMjlhV/,Imagen de Instagram,,Total,2750,1668,27,5,0,0,2
18570551104020252,17841401871496039,360radioco,360 Radio Colombia,"🗣️ “Si hubo comportamientos indebidos, deben salir a la luz y asumir sus consecuencias. No vamos a encubrir ni restarle importancia a nada; la verdad es fundamental para mantener la confianza”, afirmó Gonzalo Córdoba, presidente de Caracol Televisión, frente a denuncias de acoso dentro del canal.",293,03/26/2026 16:30,https://www.instagram.com/reel/DWXbwdGyiJc/,Reel de Instagram,,Total,13496,8269,394,103,5,14,44
18147717598476211,17841401871496039,360radioco,360 Radio Colombia,"👀 Pese a la presencia de numerosos policías y funcionarios de la Alcaldía de Barranquilla, las dueñas de una vivienda donde habría más de 60 animales bloquearon el acceso de las autoridades. Cerraron la entrada con rejas y colocaron escombros para evitar cualquier ingreso.",18,03/26/2026 17:00,https://www.instagram.com/reel/DWXfLf_S6TW/,Reel de Instagram,,Total,6990,5225,49,7,1,4,1
17993404640767995,17841401871496039,360radioco,360 Radio Colombia,"🗣️ “Es una situación que no se puede describir con palabras”, expresó uno de los militares que sobrevivió al accidente del avión Hércules de la FAC en Puerto Leguízamo, Putumayo. Afirmó que continuará al servicio del país, atribuyó su vida a un milagro y dijo que lo esperan sus seres queridos en casa.",40,03/26/2026 17:30,https://www.instagram.com/reel/DWXiqjgho2P/,Reel de Instagram,,Total,4893,3654,93,2,1,3,3
17917378500338555,17841401871496039,360radioco,360 Radio Colombia,"🇨🇴 El senador Ivan Cepeda invitó a los jóvenes a apoyar su aspiración junto a Aida Quilcué y a involucrarse en la elaboración de su propuesta de gobierno.

“Queremos oír a las organizaciones juveniles”, aseguró.",258,03/26/2026 18:00,https://www.instagram.com/reel/DWXmGgShcrK/,Reel de Instagram,,Total,6056,3589,55,1,0,208,5
18315111292282229,17841401871496039,360radioco,360 Radio Colombia,"🇨🇴 Los exdirigentes del Partido Conservador, Carlos Holguín y José Darío Salazar, se suman a la campaña presidencial de Paloma Valencia.

Además, hicieron un llamado a las bases del partido para respaldar esta candidatura, mientras que la colectividad definiría su postura oficial después de Semana Santa.",30,03/26/2026 18:30,https://www.instagram.com/reel/DWXpfCgBq1N/,Reel de Instagram,,Total,1869,1468,43,2,0,5,1
18103284587506122,17841401871496039,360radioco,360 Radio Colombia,"🚍 Conductores reportan que en Villa Alsacia, en Bogotá, camiones de las cadenas D1 e Ísimo estarían estacionando en sitios no permitidos, obstaculizando la movilidad. Según las quejas, al ser confrontados, los conductores reaccionan con burlas, lo que ha generado inconformidad entre los residentes.",45,03/27/2026 04:00,https://www.instagram.com/reel/DWYqwv_OknS/,Reel de Instagram,,Total,5776,4340,46,0,0,4,0
17931843174211332,17841401871496039,360radioco,360 Radio Colombia,"👀 Un comensal que estaba usando su celular con tranquilidad en un restaurante de Ecuador fue sorprendido por un sujeto armado y con casco que intentó asaltarlo. En cuestión de segundos, reaccionó, logró quitarle el arma y someterlo a golpes, frustrando el robo.",47,03/27/2026 04:30,https://www.instagram.com/reel/DWYuMYIuUDS/,Reel de Instagram,,Total,21227,11792,423,29,1,40,18
18095771858012439,17841401871496039,360radioco,360 Radio Colombia,"#Empresas | Wingo anunció la apertura de dos nuevas conexiones internacionales desde Medellín hacia Ciudad de Guatemala y Montego Bay, en Jamaica, en una apuesta conjunta con la Secretaría de Turismo y Entretenimiento de la ciudad, el Bureau de Medellín y Antioquia, y el concesionario del Aeropuerto Internacional José María Córdova.

Además de las rutas internacionales @vuelawingo también conecta a Medellín con 5 destinos nacionales en Colombia.

#Turismo #Aerolineas #wingo #traficoaéreo #medellín #colombia",0,03/27/2026 15:55,https://www.instagram.com/p/DWZ8icfjmzR/,Imagen de Instagram,,Total,2436,1428,30,1,0,2,4
17967843816042743,17841401871496039,360radioco,360 Radio Colombia,"#Educación l Países como Japón, Corea del Sur y Estonia lideran el ranking global de desempeño académico, demostrando que la educación sigue siendo un pilar clave para el desarrollo.

🌍 El listado también incluye a Canadá, Irlanda y Suiza, naciones que han apostado por sistemas educativos sólidos, innovación y acceso equitativo al aprendizaje.

🚀 Desde Australia hasta Reino Unido, el mensaje es claro: invertir en educación transforma sociedades. ¿Qué crees que le falta a tu país para estar en este ranking?",0,03/28/2026 16:05,https://www.instagram.com/p/DWcicgsicmh/,Imagen de Instagram,,Total,2363,1404,30,0,0,0,0
18582916807058848,17841401871496039,360radioco,360 Radio Colombia,"📹 Hacia el mediodía del 25 de marzo, en la avenida NQS con calle 1A, en la localidad de Los Mártires, se registró un caso de intolerancia entre dos hombres que terminó en una riña. El enfrentamiento quedó grabado en video por un ciudadano, y hasta el momento se desconocen las causas del altercado.",0,03/29/2026 09:30,https://www.instagram.com/reel/DWeZ0vGDkc5/,Reel de Instagram,,Total,11582,6864,62,12,0,5,4
18101081977942812,17841401871496039,360radioco,360 Radio Colombia,"😡 En redes sociales están difundiendo el caso de una mujer extranjera señalada de usar a su hijo para cometer robos mediante distracción. El hecho habría ocurrido en un establecimiento del sector Bosa Piamonte, en #Bogotá.",89,03/29/2026 10:05,https://www.instagram.com/reel/DWeeELdB0Bz/,Reel de Instagram,,Total,8378,5639,73,8,0,13,4
18091964642159279,17841401871496039,360radioco,360 Radio Colombia,"🗣️ “Le tenemos un respeto enorme #Falcao, aquí las puertas están abiertas para todos”.

🇨🇴 Santiago Arias, lateral de la Selección #Colombia.",31,03/29/2026 10:30,https://www.instagram.com/reel/DWeg-aXhQy4/,Reel de Instagram,,Total,1287,983,10,1,1,1,0
18308325316274781,17841401871496039,360radioco,360 Radio Colombia,"⚽️🇨🇴 Luis Díaz, jugador de la Selección #Colombia, y una jugada llena de calidad y talento que efectuó ante Croacia.",13,03/29/2026 11:00,https://www.instagram.com/reel/DWekVNjhtAK/,Reel de Instagram,,Total,12847,7016,257,25,1,16,5
17991649652776169,17841401871496039,360radioco,360 Radio Colombia,"🥺 Un video de un señor disfrazado del #ChavoDel8, triste, tomando cerveza y fumando un cigarrillo le da la vuelta al mundo.",25,03/29/2026 11:30,https://www.instagram.com/reel/DWen2iZhAKX/,Reel de Instagram,,Total,9954,6913,274,77,1,5,18
17878189476541988,17841401871496039,360radioco,360 Radio Colombia,"🚗 Así fue el instante en que un carro terminó impactando contra una vivienda en el conjunto El Laguito de Ruitoque, en Floridablanca. El propietario del vehículo señaló a la empresa de seguridad como responsable, al asegurar que dejaron salir el automóvil sin su autorización.",41,03/29/2026 12:00,https://www.instagram.com/reel/DWerPvshbeg/,Reel de Instagram,,Total,6633,4382,50,1,0,2,2
17955989163089475,17841401871496039,360radioco,360 Radio Colombia,"🔪 Un hombre decidió encarar a un presunto delincuente que le habría hurtado su iPhone, pero la situación dio un giro cuando otro sujeto intervino y lo agredió. Finalmente, ambos implicados escaparon del lugar mientras varias personas observaban lo ocurrido.",64,03/29/2026 12:30,https://www.instagram.com/reel/DWeup0dhP-r/,Reel de Instagram,,Total,29441,15195,325,71,0,19,29
18062292416371852,17841401871496039,360radioco,360 Radio Colombia,"#Mundo l Desde clásicos como Super Mario Bros. hasta fenómenos globales como Fortnite, la industria de los videojuegos ha demostrado que entretener también puede ser un negocio multimillonario.

💰 Títulos como Pokémon, Call of Duty y Grand Theft Auto no solo marcaron generaciones, sino que se convirtieron en verdaderas máquinas de hacer dinero gracias a su impacto global y constante evolución.

🚀 Hoy, el gaming no es solo diversión: es una de las industrias más poderosas del mundo, donde cada lanzamiento puede mover millones y definir tendencias culturales. ¿Cuál de estos juegos has jugado?",0,03/29/2026 13:25,https://www.instagram.com/p/DWe07fsDYl-/,Imagen de Instagram,,Total,4298,2366,78,3,3,0,12
18110191150699149,17841401871496039,360radioco,360 Radio Colombia,⚽️🇨🇴 Así calentaba el 7 del equipo de todos para enfrentar a Francia.,19,03/29/2026 14:15,https://www.instagram.com/reel/DWe6krlkXL9/,Reel de Instagram,,Total,2759,2085,28,0,0,1,0
18087985597973920,17841401871496039,360radioco,360 Radio Colombia,"🗣️ “Estoy con toda la fuerza y la fe para lo que viene. El grupo está muy fuerte. Contra Croacia merecimos empatar o ganar, Francia nos superó, pero les llegamos muchas veces. De pronto debemos mejorar la parte defensiva”

🇨🇴 Néstor Lorenzo, director técnico de la Selección #Colombia.",0,03/29/2026 17:19,https://www.instagram.com/reel/DWfPQPljjcz/,Reel de Instagram,,Total,6494,4451,106,29,1,54,8
18070513724330804,17841401871496039,360radioco,360 Radio Colombia,"🗣️ “No estuvimos a la altura, pero son amistosos, nos queda corregir porque en el campeonato los podemos volver a enfrentar”

🇨🇴 Jefferson Lerma, mediocampista de la Selección #Colombia",167,03/29/2026 17:54,https://www.instagram.com/reel/DWfSjgrjkrR/,Reel de Instagram,,Total,7897,5989,259,5,4,11,7
17891326119444863,17841401871496039,360radioco,360 Radio Colombia,"🗣️ “Al país le digo que no deje de creer”.

🇨🇴 Luis Díaz, jugador de la Selección #Colombia",86,03/29/2026 18:58,https://www.instagram.com/reel/DWfan7ojkcf/,Reel de Instagram,,Total,4039,2946,155,7,2,8,2
18033555779623651,17841401871496039,360radioco,360 Radio Colombia,"🕊️ Con ceremonia militar, fueron repatriados a Nariño los cuerpos de los soldados profesionales Arnulfo Gildardo Montanchez y Alexis Muñoz Cerón Deimer, fallecidos en un accidente aéreo en Puerto Leguízamo, en el Bajo Putumayo.",0,03/30/2026 05:53,https://www.instagram.com/reel/DWglQDFjrLo/,Reel de Instagram,,Total,3484,2514,95,4,1,10,2
18059710784494704,17841401871496039,360radioco,360 Radio Colombia,"😡 El candidato presidencial Miguel #Uribe Londoño anunció que llevará el caso ante la Comisión Interamericana de Derechos Humanos tras denunciar un supuesto plan para atentar contra fiscales que investigan el magnicidio de Miguel Uribe Turbay.

Según advirtió, existirían ofrecimientos millonarios para atacar a los investigadores, señalando a la Segunda Marquetalia como responsable de un intento por frenar la justicia.

Ante esto, exigió reforzar de forma urgente la seguridad de fiscales, investigadores y sus familias frente a la gravedad de las amenazas.",42,03/30/2026 06:30,https://www.instagram.com/reel/DWgqVbPh8bf/,Reel de Instagram,,Total,2341,1723,98,5,0,25,2
18074741021632247,17841401871496039,360radioco,360 Radio Colombia,"🇨🇴 Irene Vélez, ministra de Ambiente, anunció apertura de proceso sancionatorio contra Hidroituango",0,03/30/2026 07:12,https://www.instagram.com/p/DWgvBbUDmtk/,Imagen de Instagram,,Total,3405,1988,35,1,0,5,0
18119905318711782,17841401871496039,360radioco,360 Radio Colombia,"🗣️ “No te estamos pidiendo que pienses igual. Te pedimos que sumemos, aún por encima de las diferencias y así poder construir una Colombia más grande: una Colombia donde quepamos todos. Escribamos juntos la página en blanco del futuro”.

🇨🇴 Paloma Valencia, candidata presidencial, y su fórmula vicepresidencial, Juan Daniel Oviedo",66,03/30/2026 08:40,https://www.instagram.com/reel/DWg4gcNDlym/,Reel de Instagram,,Total,4124,2863,102,22,0,17,2
18193071328360503,17841401871496039,360radioco,360 Radio Colombia,"⚽️🇨🇴 La derrota de la Selección Colombia, 3-1 a manos de su similar de Francia, ha dejado reacciones de todo tipo. Estas son algunas de las percepciones internacionales que dejó el equipo de todos.",0,03/30/2026 09:15,https://www.instagram.com/p/DWg9LL5kX_o/,Secuencia de Instagram,,Total,5014,2033,80,15,0,2,0
17857185315627206,17841401871496039,360radioco,360 Radio Colombia,"🗣️ “El cinismo de Petro no tiene límites. Ahora resulta que nuestros resultados son de él; de ese nivel es la pobreza de su mandato. Que quede claro que la reducción de la jornada laboral y la ampliación de la licencia de maternidad son logros del Centro Democrático”.

Paloma Valencia, candidata presidencial del Centro Democrático, sobre esta declaración del Presidente #Petro.",0,03/30/2026 10:36,https://www.instagram.com/reel/DWhGWc5jpYD/,Reel de Instagram,,Total,11912,6998,138,7,1,29,11
18434159431142714,17841401871496039,360radioco,360 Radio Colombia,"🗣️ “Inicia la Semana Santa, un tiempo de reflexión, oración y recogimiento en familia. Recordemos el respeto y la importancia de vivir estos días sin divisiones. Porque en Dios vamos a encontrar el camino para sacar a Colombia adelante”

Paloma Valencia, candidata presidencial del Centro Democrático, sobre la Semana Mayor.",34,03/30/2026 10:49,https://www.instagram.com/reel/DWhHvJ2DkMQ/,Reel de Instagram,,Total,1436,1145,30,0,0,12,0
18575394160037854,17841401871496039,360radioco,360 Radio Colombia,"👀 El humorista Iván Marín alertó sobre un insólito método de hurto del que fue víctima en Bogotá, tras salir de un concierto. Según relató, un hombre simuló sufrir una crisis para abalanzarse sobre él, generar desconcierto y permitir que otros cómplices aprovecharan el momento para robarle.

Ante lo ocurrido, el comediante hizo un llamado a la ciudadanía a no bajar la guardia frente a este tipo de maniobras. Recomendó tomar distancia de inmediato si alguien invade el espacio personal o finge una emergencia en medio de aglomeraciones, pues sería una estrategia de distracción que estaría ganando terreno en la ciudad.",103,03/30/2026 12:51,https://www.instagram.com/reel/DWhVwOJEVXI/,Reel de Instagram,,Total,9144,6385,201,45,1,16,11
18044800709742518,17841401871496039,360radioco,360 Radio Colombia,"El desempleo en Colombia bajó a 9,2% en febrero, marcando su nivel más bajo para este mes desde 2001 y reflejando una mejora en el mercado laboral impulsada por la creación de más de 600.000 empleos frente al año anterior.

El repunte estuvo liderado por sectores como actividades profesionales y el sector público, mientras el empleo formal tomó protagonismo con la mayoría de nuevos puestos, contrastando con la caída en trabajos informales y por cuenta propia.

Sin embargo, persisten retos estructurales: la brecha de género sigue marcada —con mayor desempleo en mujeres— y sectores como agricultura y transporte registraron pérdidas, evidenciando que la recuperación aún es desigual.",0,03/31/2026 08:51,https://www.instagram.com/p/DWjfJiliFCG/,Imagen de Instagram,,Total,1913,1134,17,1,0,13,1
17884613736496630,17841401871496039,360radioco,360 Radio Colombia,"El presidente Gustavo #Petro solicitó la salida del jefe de la Fuerza Aérea tras un fuerte enfrentamiento por el accidente de una aeronave militar que dejó 69 uniformados fallecidos, un hecho que sacudió al país y generó conmoción nacional.

La controversia se intensificó por las versiones encontradas sobre las causas del siniestro, lo que llevó al mandatario a cuestionar el manejo de la situación dentro de la institución y a exigir responsabilidades en la cúpula militar.

El episodio ha abierto una nueva tensión entre el Gobierno y las Fuerzas Armadas, mientras avanzan las investigaciones para esclarecer lo ocurrido y determinar si hubo fallas que pudieron evitar la tragedia.",0,03/31/2026 09:22,https://www.instagram.com/p/DWjiwwSjQKE/,Imagen de Instagram,,Total,6501,3702,77,3,0,57,1
17880923499511802,17841401871496039,360radioco,360 Radio Colombia,"El senador Iván Cepeda anunció que interpondrá acciones legales contra el concejal de Medellín Andrés Felipe Rodríguez, conocido como “El Gury”, tras una fuerte confrontación que desató acusaciones de hostigamiento y conducta violenta.

La polémica surgió luego de la difusión de un video en el que el concejal aparece con un bate, lo que llevó a Cepeda a señalarlo de incitar a la violencia y afectar la dignidad de la función pública.

El caso escalará a instancias judiciales, en medio de un ambiente político tenso en Medellín, donde el enfrentamiento entre ambos ha generado fuertes reacciones y mayor polarización.",0,03/31/2026 10:00,https://www.instagram.com/p/DWjnEMvgZJG/,Imagen de Instagram,,Total,6821,3847,47,2,0,61,0
18162834046424469,17841401871496039,360radioco,360 Radio Colombia,"Alias “Iván Mordisco” estaría herido y en fuga tras un bombardeo de las Fuerzas Militares en Vaupés, lo que desató un intenso cerco en la selva para intentar capturar al jefe de las disidencias de las Farc.

Aunque el operativo dejó varios disidentes muertos, las autoridades confirmaron que el cabecilla no se encuentra entre los cuerpos recuperados y seguiría en movimiento, aumentando la tensión en la región.

El Gobierno intensificó las operaciones militares en la zona, considerando a “Mordisco” como uno de los criminales más buscados del país, en medio de una ofensiva clave para debilitar su estructura armada.",0,03/31/2026 10:25,https://www.instagram.com/p/DWjp6-flYJP/,Imagen de Instagram,,Total,5195,3538,63,3,0,6,1
17991708713951198,17841401871496039,360radioco,360 Radio Colombia,"El precio del ACPM en Colombia vuelve al centro del debate tras la propuesta del Gobierno de modificar su fórmula de cálculo, en medio de un creciente desfase frente a los precios internacionales que hoy presiona fuertemente las finanzas públicas.

Actualmente, el diésel mantiene un subsidio significativo —con una brecha de miles de pesos frente al valor real—, lo que ha generado un alto costo fiscal y abre la puerta a ajustes que impactarían directamente el transporte y la inflación.

De concretarse los cambios, el país podría enfrentar incrementos graduales en el precio del ACPM, una decisión sensible que pondría a prueba el equilibrio entre sostenibilidad fiscal y el impacto en el bolsillo de millones de colombianos.",0,03/31/2026 11:01,https://www.instagram.com/p/DWjuGsXChjT/,Imagen de Instagram,,Total,6525,3982,32,13,1,0,3
17920055901123481,17841401871496039,360radioco,360 Radio Colombia,"🚨 El Gobierno de Gustavo #Petro tomó la decisión de cortar vínculos con el Banco de la República luego de que, por mayoría, se aprobara un aumento de 100 puntos básicos en las tasas de interés. En respuesta, el Ministerio de Hacienda anunció que se aparta de manera indefinida de la junta del Emisor.",46,03/31/2026 11:07,https://www.instagram.com/reel/DWjunODDtoq/,Reel de Instagram,,Total,16051,10091,208,104,2,103,36
18041646461549215,17841401871496039,360radioco,360 Radio Colombia,"🚨 El ministro de Hacienda, Germán Ávila, manifestó su desacuerdo con la decisión respaldada por cuatro miembros de la Junta del Banco de la República de aumentar en 100 puntos básicos la tasa de interés.",0,03/31/2026 11:25,https://www.instagram.com/p/DWjw0B4kXqd/,Imagen de Instagram,,Total,26769,17349,556,28,6,129,20
17871996687591327,17841401871496039,360radioco,360 Radio Colombia,"👀 Se viraliza video que mostraría a colombianos combatiendo en México junto al CJNG, en medio de la violenta arremetida tras operativos contra “El Mencho”.",30,03/31/2026 11:30,https://www.instagram.com/reel/DWjxZFthe5g/,Reel de Instagram,,Total,6596,4105,86,40,1,2,12
18095945792079136,17841401871496039,360radioco,360 Radio Colombia,"😮 Impactante video: deportista logra un majestuoso encuentro con un cóndor de los Andes en Puracé, una escena única que reaviva el llamado urgente a proteger esta especie en peligro crítico en #Colombia.",28,03/31/2026 11:30,https://www.instagram.com/reel/DWjxY4hh3XM/,Reel de Instagram,,Total,5773,4299,313,22,1,2,7
17896040694426368,17841401871496039,360radioco,360 Radio Colombia,"😡 Un hombre que se hacía pasar por vendedor ambulante intentó atacar con un destornillador a un pasajero en un bus del SITP, luego de que le reclamaran por colarse sin pagar; la intervención de otro usuario evitó una tragedia.",52,03/31/2026 12:00,https://www.instagram.com/reel/DWj02wMBYP6/,Reel de Instagram,,Total,12437,8748,87,4,2,15,4
18098620732789895,17841401871496039,360radioco,360 Radio Colombia,"🗣️ “El mandato constitucional es explícito, proteger el poder adquisitivo de la moneda. El único miembro de la junta que tiene un jefe es el Ministro de Hacienda, quien responde al presidente. Todos los miembros de la junta actúan de cara al país”. 

El gerente del Banco de la República responde al Gobierno Nacional tras la ruptura de relaciones.",86,03/31/2026 12:26,https://www.instagram.com/reel/DWj3vJXEWvw/,Reel de Instagram,,Total,14218,9711,785,93,12,68,36
18434604937142661,17841401871496039,360radioco,360 Radio Colombia,"🚨 Cayó alias ‘El Apóstol’, señalado de terrorismo y extorsión por el ataque con granada en Kennedy; el joven de 21 años fue ubicado mientras se ocultaba en Santander.",57,03/31/2026 12:30,https://www.instagram.com/reel/DWj4RVNB8WW/,Reel de Instagram,,Total,2115,1503,32,0,0,3,1
17999078279868863,17841401871496039,360radioco,360 Radio Colombia,"🏦 El gerente del Banco de la República, Leonardo Villar, salió a respaldar la gestión del Emisor frente al impacto en el costo de vida, luego de que el ministro de Hacienda, Germán Ávila, anunciara su retiro indefinido de la junta directiva.

Según Villar, antes de la Constitución de 1991 el país registraba niveles de inflación que oscilaban entre el 20 % y el 30 %, mientras que con la independencia del banco central se ha logrado una reducción significativa y sostenida en ese indicador.",100,03/31/2026 13:27,https://www.instagram.com/reel/DWj-p7-EQ23/,Reel de Instagram,,Total,2399,1915,85,0,1,1,5
17970189824877054,17841401871496039,360radioco,360 Radio Colombia,"🗣️ “Ahora el Presidente #Petro sale con que “rompe relaciones” con el Banco de la República.
En democracia, las instituciones son independientes y no están para obedecer los caprichos del presidente. Sus medidas populistas disparan los precios, y por eso el Banco debía actuar para contener la inflación. Atacar la autonomía institucional es el camino  hacia la tiranía”.

Paloma Valencia, candidata presidencial del #CentroDemocrático, sobre la ruptura de las relaciones entre el Gobierno #GustavoPetro y el #BancodelaRepublica.",76,03/31/2026 13:58,https://www.instagram.com/reel/DWkCQ_BEagJ/,Reel de Instagram,,Total,7249,5241,373,15,4,36,5
18096064573860022,17841401871496039,360radioco,360 Radio Colombia,"“El debate no debería enfrentarse a las instituciones. En una democracia sólida, la independencia del Banco de la República no es un lujo ni una ocurrencia: es un resguardo para las familias, el ahorro, la inversión y el equilibrio económico”

José Manuel Restrepo, fórmula vicepresidencial de #AbelardoDeLaEspriella.",107,03/31/2026 14:26,https://www.instagram.com/reel/DWkFepoDq0d/,Reel de Instagram,,Total,5822,4880,469,7,3,21,7
18060076904419074,17841401871496039,360radioco,360 Radio Colombia,"🇨🇴 Sergio Fajardo, aspirante a la Presidencia, junto a su fórmula vicepresidencial Edna Bonilla, remitieron una comunicación al contralor Carlos Hernán Rodríguez solicitando vigilancia inmediata, preventiva y simultánea sobre el manejo de los recursos provenientes del impuesto al patrimonio, en medio de la emergencia económica declarada por el Gobierno.

“Es inaceptable que los dineros destinados a quienes hoy atraviesan situaciones críticas sean utilizados con fines políticos”, afirmó Fajardo.",85,03/31/2026 16:14,https://www.instagram.com/reel/DWkRvY9jrNV/,Reel de Instagram,,Total,1656,1333,27,0,0,2,1
18098158697090687,17841401871496039,360radioco,360 Radio Colombia,"🚗 Vecinos alertan sobre una preocupante modalidad atribuida a algunos repartidores de Rappi: luego de que un conductor les reclamara por omitir una señal de “PARE” en la calle 102 con carrera 19, estos habrían reunido a varias personas para perseguirlo hasta la carrera 19 con calle 109, donde lo interceptaron y causaron graves daños a su vehículo. Denuncias también señalan que este tipo de grupos han agredido en conjunto a mujeres y adultos mayores.",106,03/31/2026 16:38,https://www.instagram.com/reel/DWkUetBDi1-/,Reel de Instagram,,Total,72584,57854,195,16,1,14,22
17872379652453605,17841401871496039,360radioco,360 Radio Colombia,"Las acciones de Ecopetrol lideraron la jornada bursátil en Colombia al registrar un alza del 4,02 %, posicionándose como el título con mejor desempeño del día en la Bolsa de Valores. Este comportamiento se dio en medio de un mercado con leve retroceso, donde el índice MSCI Colcap cerró prácticamente estable con una variación de -0,05 %. ￼

Durante la sesión, Ecopetrol también destacó por ser el activo con mayor volumen de negociación, alcanzando transacciones por más de $72.800 millones. En el listado de las acciones más movidas le siguieron títulos del Grupo Cibest, mientras que otras compañías como Mineros, Celsia y Grupo Sura registraron las caídas más pronunciadas del día. ￼

En lo corrido del año, el índice Colcap mantiene un balance positivo con una valorización acumulada de 5,63 %, aunque persisten señales de tendencia bajista en el corto plazo. En este contexto, el repunte de Ecopetrol resalta como un movimiento relevante dentro de una jornada marcada por menor volumen de negociación y un desempeño mixto del mercado accionario colombiano.",0,03/19/2026 13:01,https://www.instagram.com/p/DWFCRXCkRYB/,Imagen de Instagram,,Total,1766,1056,26,4,0,3,0
18098213729496753,17841401871496039,360radioco,360 Radio Colombia,"🎶 El Festival Estéreo Picnic 2026 ya reveló sus esperados horarios, marcando el inicio de la cuenta regresiva para uno de los eventos musicales más importantes del país. Durante cuatro días, los asistentes podrán disfrutar de una agenda cargada de artistas nacionales e internacionales, distribuidos en múltiples escenarios para vivir una experiencia sin pausas.

📆 La programación está diseñada para todos los gustos: desde presentaciones tempranas en la tarde hasta shows estelares en la noche. Los headliners encabezarán cada jornada en horarios estratégicos, mientras que talentos emergentes y propuestas alternativas abrirán el festival, permitiendo a los asistentes descubrir nueva música en cada rincón del evento.

Se recomienda planear con anticipación el recorrido dentro del festival, revisar cruces de horarios y priorizar los conciertos imperdibles. Con una logística pensada para optimizar la experiencia, el FEP 2026 promete jornadas intensas, buena música y momentos inolvidables para todos los asistentes.",0,03/19/2026 13:45,https://www.instagram.com/p/DWFHVZ8EXAp/,Secuencia de Instagram,,Total,3009,1312,39,6,0,0,2
18092307049891288,17841401871496039,360radioco,360 Radio Colombia,"🗣️ “Hay que bombardear los campamentos Narcoterroristas. Cuando el Estado se decide nunca pierde”.

#AbelardoDeLaEspriella, candidato presidencial.",0,03/18/2026 12:35,https://www.instagram.com/reel/DWCadLpEdDe/,Reel de Instagram,,Total,3163,2231,156,3,1,13,0
18024741896802565,17841401871496039,360radioco,360 Radio Colombia,"🚗 Momentos de pánico vivieron los ocupantes de un vehículo particular en Bogotá, luego de ser asaltados por hombres armados en la calle 116 con 71B, mientras aguardaban el cambio de semáforo. El hecho, registrado en video, muestra la violencia con la que actuaron los delincuentes.",26,03/18/2026 13:05,https://www.instagram.com/reel/DWCd9jkhdnh/,Reel de Instagram,,Total,14978,8374,119,133,1,24,7
18104244832919795,17841401871496039,360radioco,360 Radio Colombia,"El Día del Hombre en Colombia en 2026 se celebra el 19 de marzo, una fecha que coincide con la conmemoración de San José, figura central en la tradición católica y símbolo de paternidad, responsabilidad y trabajo.

A diferencia de otros países donde esta celebración tiene lugar en noviembre, en Colombia su origen es principalmente religioso, ya que se adoptó esta fecha para rendir homenaje a un modelo de hombre basado en valores familiares y sociales.

Más allá de su raíz histórica, hoy el Día del Hombre también busca visibilizar el rol masculino en la sociedad, promover el bienestar emocional y abrir conversaciones sobre temas como la salud mental y los estereotipos de género.",0,03/19/2026 07:46,https://www.instagram.com/p/DWEeP-pkuBp/,Imagen de Instagram,,Total,1616,995,13,3,0,0,0
18067282133304760,17841401871496039,360radioco,360 Radio Colombia,"El cantante colombiano Feid anunció el lanzamiento de “Feid vs Ferxxo”, un nuevo álbum con el que busca impulsar su próxima gira “Falxo Tour” y marcar una nueva etapa en su carrera musical. Este proyecto representa una confrontación simbólica entre sus dos facetas artísticas: el Feid original y el personaje de Ferxxo, que lo llevó al estrellato.

Según lo revelado, este disco no será un lanzamiento aislado, sino el primero de varios trabajos que el artista ya tiene preparados, lo que confirma una estrategia ambiciosa para dominar la escena urbana en los próximos años. Además, el álbum serviría como punto de partida para una nueva era musical, dejando atrás el ciclo que consolidó su identidad como Ferxxo.

El anuncio ha generado alta expectativa entre sus seguidores, quienes ven este proyecto como un regreso a sus raíces, pero con una evolución artística más marcada. Todo apunta a que 2026 será un año clave para Feid, no solo por la música, sino por la expansión de su marca dentro de la industria.",0,03/19/2026 08:03,https://www.instagram.com/p/DWEgOYdEsBp/,Imagen de Instagram,,Total,92958,49320,1297,34,6,5,20
18448745320104457,17841401871496039,360radioco,360 Radio Colombia,"La Selección Colombia ultima detalles para sus amistosos frente a Croacia y Francia, dos duelos clave en la preparación rumbo al Mundial 2026. En medio de la expectativa por los rivales de alto nivel, el cuerpo técnico encabezado por Néstor Lorenzo define la lista de jugadores que representarán al país en esta doble fecha FIFA.

Según información revelada por Caracol Radio, la convocatoria oficial se dará a conocer el viernes 20 de marzo, justo una semana antes del primer compromiso ante Croacia. No se esperan grandes sorpresas, ya que la base del equipo se mantendría con los habituales convocados.

Colombia enfrentará a Croacia el 26 de marzo en Orlando y posteriormente a Francia el 29 de marzo en Maryland, en dos partidos que servirán como termómetro definitivo antes de la Copa del Mundo, donde el combinado nacional buscará llegar en su mejor nivel competitivo.",0,03/19/2026 08:30,https://www.instagram.com/p/DWEjOVKDuDv/,Imagen de Instagram,,Total,1915,1191,23,5,0,0,3
18334105519169407,17841401871496039,360radioco,360 Radio Colombia,"El IDEAM advirtió que la actual temporada de lluvias en Colombia se mantendrá durante las próximas semanas, como parte del comportamiento climático habitual del primer semestre del año. Según la entidad, abril será uno de los meses con mayores precipitaciones en gran parte del territorio nacional.

De acuerdo con los pronósticos, las lluvias podrían extenderse hasta mediados de junio, afectando principalmente regiones como la Andina, Caribe y Pacífica, donde se esperan incrementos en los niveles de ríos y posibles emergencias asociadas a deslizamientos e inundaciones.

Ante este panorama, las autoridades recomiendan a la ciudadanía mantenerse alerta, seguir los reportes oficiales y tomar medidas preventivas, especialmente en zonas de alto riesgo, para evitar afectaciones mayores durante esta temporada invernal.",0,03/19/2026 09:00,https://www.instagram.com/p/DWEmsHGDqf1/,Imagen de Instagram,,Total,4731,2917,50,5,0,1,4
18155226979440835,17841401871496039,360radioco,360 Radio Colombia,"#Atención | @cedemocratico lidera la Cámara de Representantes en #Antioquia, con alrededor del 25% de mesas informadas.",0,03/08/2026 16:58,https://www.instagram.com/p/DVpIjd1Dhs_/,Imagen de Instagram,,Total,13716,6962,131,7,7,1,6
18101406583923937,17841401871496039,360radioco,360 Radio Colombia,"🇨🇴 @roybarreras ganó la Consulta Presidencial, Frente Por La Vida, y es candidato presidencial a Primera Vuelta.",0,03/08/2026 17:33,https://www.instagram.com/p/DVpMhBoDoO3/,Imagen de Instagram,,Total,4191,2487,16,1,0,4,0
18124070365506579,17841401871496039,360radioco,360 Radio Colombia,"🥹 Conmovido y acompañado por su madre, doña Nidia, el candidato Juan Daniel Oviedo conoció los resultados de las consultas. Su votación, lo convirtió en una de las grandes sorpresas de la jornada.",0,03/08/2026 17:49,https://www.instagram.com/reel/DVpN-sOjgFG/,Reel de Instagram,,Total,382390,283044,41829,2307,125,798,947
17947621107115616,17841401871496039,360radioco,360 Radio Colombia,"🇨🇴 El partido @cedemocratico lidera la Cámara de Representantes por Antioquia con el 32,73% de los votos. Se han informado el 76,04%.",0,03/08/2026 18:17,https://www.instagram.com/p/DVpRr-FjuR6/,Imagen de Instagram,,Total,14789,8231,172,5,11,1,12
18097387604056250,17841401871496039,360radioco,360 Radio Colombia,"🕊️ @palomavalencial, candidata presidencial del @cedemocratico al ganar la Gran Consulta, honra la memoria de Miguel Uribe Turbay al recibir los resultados de la jornada electoral de hoy.",0,03/08/2026 18:36,https://www.instagram.com/reel/DVpTXrjDtn6/,Reel de Instagram,,Total,3778,3269,222,1,1,7,6
18312784537280908,17841401871496039,360radioco,360 Radio Colombia,"🇨🇴 La puja por la Presidencia de la República de Colombia entra en su recta final tras las Consultas Presidenciales de hoy. @ivancepedacastr del @pactooficial; @palomavalencial del @cedemocratico; @claudialopezcl, @sergiofajardovalderrama y @delaespriella_style lideran la lista de candidatos.",0,03/08/2026 18:52,https://www.instagram.com/p/DVpVbHKjkUa/,Imagen de Instagram,,Total,69641,45668,564,110,32,144,70
18117280570616363,17841401871496039,360radioco,360 Radio Colombia,"👀 Con más de 80% de las mesas informadas escrutadas, este fue el top 5 de las fuerzas políticas en el Senado: 1) Pacto Histórico (22,86%), 2)Centro Democrático (15,69%), 3) Partido Liberal (11,7%), 4) Alianza por Colombia (9,89%) y 5) Partido Conservador (9,6%).",0,03/08/2026 19:04,https://www.instagram.com/p/DVpXBE8DhEr/,Imagen de Instagram,,Total,58109,35687,436,55,21,17,24
17868894861478509,17841401871496039,360radioco,360 Radio Colombia,"👀 @nadiablel, @lidiogarcia y @jphernandezelbukelecolombiano fueron los tres Senadores más votados durante la jornada electoral. @normahurtados y Yesid Pulgar completan el top 5. Asi se conformó el top 10 al Senado de la República.",0,03/08/2026 19:55,https://www.instagram.com/p/DVpcn3DjilB/,Imagen de Instagram,,Total,297370,167516,1619,352,228,112,213
18132110803529933,17841401871496039,360radioco,360 Radio Colombia,"Así quedó conformado el Senado de la República. Los tres partidos que más curules tienen son:

@pactohistorico 25 curules
@CeDemocratico 17 curules
@PartidoLiberal 13 curules",0,03/08/2026 20:23,https://www.instagram.com/p/DVpgITRDhuj/,Secuencia de Instagram,,Total,29307,16242,306,49,7,19,32
17862157644608271,17841401871496039,360radioco,360 Radio Colombia,"🗣️ “Solo puedo decir gracias. Logramos desde la Cámara de Representantes ser el congresista más votado de Colombia en toda la elección. Más de 260.000 votos en Bogotá”.

@danielbricen Representante a la Cámara por #Bogotá del @cedemocratico.",0,03/09/2026 06:21,https://www.instagram.com/reel/DVqj7uTjjj7/,Reel de Instagram,,Total,5767,5038,844,1,0,11,3
18402644776182334,17841401871496039,360radioco,360 Radio Colombia,"🤔🇨🇴 ¿Qué esperan los ciudadanos después de las elecciones del pasado 8 de marzo, que quieren para #Colombia? Esto opinaron.",0,03/09/2026 09:49,https://www.instagram.com/reel/DVq7MhTjrpP/,Reel de Instagram,,Total,2371,1799,24,0,0,2,0
18117626650553338,17841401871496039,360radioco,360 Radio Colombia,"🇨🇴 Juan Carlos Pinzón informó que se retirará de la vida pública luego de conocerse los resultados de la Gran Consulta, señalando que el país decidió tomar rumbos distintos y adoptar otras visiones sobre el futuro",0,03/09/2026 10:08,https://www.instagram.com/reel/DVq-aO_jhnj/,Reel de Instagram,,Total,3846,2745,64,3,1,11,5
17880103311480263,17841401871496039,360radioco,360 Radio Colombia,,0,03/09/2026 11:22,https://www.instagram.com/reel/DVrGnzSjvjL/,Reel de Instagram,,Total,1318,1100,36,0,0,2,1
18144794176475757,17841401871496039,360radioco,360 Radio Colombia,"🗳️ Mapa político del Senado en Colombia

Así quedaron los departamentos del país según el partido o coalición que obtuvo la mayor votación al Senado en las elecciones.

El Pacto Histórico lidera en varias regiones, mientras que partidos como Centro Democrático, Liberal, Conservador y La U también consolidan bastiones clave en el territorio nacional.

📊 En la infografía puede ver qué fuerza política se impuso en cada departamento.",0,03/09/2026 13:46,https://www.instagram.com/p/DVrXXfNAucf/,Imagen de Instagram,,Total,99307,61122,975,162,38,83,156
18070286612216439,17841401871496039,360radioco,360 Radio Colombia,"🎺 ¡Hasta siempre, Willie Colón! Este lunes la música latina rindió un emotivo tributo al icónico salsero. En su honor se realizó una misa fúnebre abierta al público en la histórica Catedral de San Patricio, ubicada en Manhattan, Nueva York.",0,03/09/2026 15:56,https://www.instagram.com/reel/DVrmM9FjjZ8/,Reel de Instagram,,Total,8149,6647,465,95,0,3,9
18073989779174277,17841401871496039,360radioco,360 Radio Colombia,"😱 Absolutamente increíble. En la final del Campeonato Mineiro, entre #Cruzeiro y #AtleticoMineiro, todo se salió de control y los jugadores terminaron dándose golpes.

Hubo 23 expulsados, entre ellos, el colombiano Mateo Casierra de Cruzeiro.",0,03/09/2026 16:07,https://www.instagram.com/reel/DVrnhdADo5D/,Reel de Instagram,,Total,12403,8698,75,20,0,5,5
18014690273829828,17841401871496039,360radioco,360 Radio Colombia,,99,03/09/2026 16:19,https://www.instagram.com/reel/DVro4G4DidT/,Reel de Instagram,,Total,3366,2450,22,6,0,58,1
17888361330443504,17841401871496039,360radioco,360 Radio Colombia,"🗳️ Mapa político de la Cámara de Representantes en Colombia

Así quedaron los departamentos del país según el partido o coalición que obtuvo la mayor votación a la Cámara en las elecciones.

📊 En la infografía puede ver qué fuerza política se impuso en cada departamento.",0,03/09/2026 16:23,https://www.instagram.com/p/DVrpVikjvwX/,Imagen de Instagram,,Total,21053,12535,192,46,14,10,39
18099141646752183,17841401871496039,360radioco,360 Radio Colombia,"🇨🇴 La Bolsa de Valores de Colombia inició la jornada con un leve avance tras conocerse los resultados de las elecciones y la reacción favorable de los mercados. El índice MSCI Colcap registró un aumento cercano a 0,19%, ubicándose alrededor de los 2.179 puntos en un contexto de calma política y expectativas positivas entre inversionistas. ￼

Analistas del mercado señalan que el comportamiento responde a la percepción de equilibrio entre distintas fuerzas políticas y a una mayor participación electoral, factores que generan confianza en el entorno económico y empresarial del país. Esta lectura ha impulsado una reacción moderadamente positiva en los activos financieros locales. ￼

Entre las acciones con mejor desempeño destacan Preferencial Davivienda, que sube cerca de 5,77%, seguida por Banco de Bogotá con 4,4% y Preferencial Grupo Argos con 3,37%. También registran avances Ecopetrol, Grupo Éxito y Preferencial Grupo Sura, reflejando un comportamiento mayoritariamente favorable en varios sectores del mercado accionario colombiano.",0,03/09/2026 16:43,https://www.instagram.com/p/DVrrrnVjvpM/,Imagen de Instagram,,Total,1825,1140,15,1,0,0,0
17873307708552567,17841401871496039,360radioco,360 Radio Colombia,"🟢 El venezolano Rafael Dudamel tiene todo listo para asumir nuevamente como director técnico del Deportivo Cali, tras llegar a un acuerdo con la dirigencia del club para reemplazar a Alberto Gamero, quien renunció la semana pasada debido a los malos resultados del equipo. ￼

La negociación no fue sencilla. Los directivos también evaluaron otras opciones, como el argentino Javier Gandolfi y el uruguayo Pablo Peirano, e incluso con Gandolfi ya había avances contractuales; sin embargo, el club priorizó el regreso de Dudamel por su conocimiento del equipo y por haber sido campeón con los ‘azucareros’ en 2021. ￼

Tras varias conversaciones con el entrenador y su representante, se logró un acuerdo luego de ajustar las condiciones económicas. El estratega iniciará un nuevo ciclo con el conjunto verdiblanco esta misma semana, con el objetivo de encaminar al equipo y repetir el éxito que alcanzó en su primera etapa al frente del club.",0,03/09/2026 16:47,https://www.instagram.com/p/DVrsG0qDi9T/,Imagen de Instagram,,Total,2810,1852,33,1,0,1,0
18096978539510379,17841401871496039,360radioco,360 Radio Colombia,"🥹 El exdirector del DANE, @jdoviedoar, reveló que tuvo que hipotecar su casa para financiar parte de su campaña en la Gran Consulta por Colombia, luego de obtener más de un millón de votos en la jornada electoral. El economista aseguró que su aspiración se sostuvo con recursos limitados y sin el respaldo de grandes maquinarias políticas.

Tras conocerse los resultados del preconteo, Oviedo calificó como positivo el respaldo ciudadano, especialmente en Bogotá, donde concentró una gran parte de su votación. El candidato explicó que gran parte de los gastos de campaña se cubrieron con recursos propios destinados a logística, desplazamientos y funcionamiento del equipo de trabajo. ￼

El economista también señaló que ahora espera la reposición de votos que entrega el Estado a las campañas según los sufragios obtenidos, mecanismo que podría ayudar a cubrir parte de las obligaciones financieras adquiridas durante la contienda electoral.",0,03/09/2026 16:55,https://www.instagram.com/p/DVrs_gKDsM2/,Imagen de Instagram,,Total,12767,7593,349,3,0,17,3
18093153683009400,17841401871496039,360radioco,360 Radio Colombia,"🗣️ “Avanzaremos hacia una Colombia justa, donde nadie sea invisible y dejemos atrás la pobreza. Agradezco al presidente #Uribe, quien ha sido mi guía y ejemplo en la política”.

@palomavalencial, ganadora de la Gran Consulta por Colombia y candidata presidencial.",0,03/09/2026 19:03,https://www.instagram.com/reel/DVr7uXijs6G/,Reel de Instagram,,Total,1411,1041,43,0,0,2,0
18580555759057490,17841401871496039,360radioco,360 Radio Colombia,"👀 En medio del reacomodo político tras las elecciones legislativas y las consultas interpartidistas, varios candidatos presidenciales empiezan a definir quién los acompañará en la fórmula vicepresidencial de cara a las elecciones de 2026. Abelardo de la Espriella anunció que revelará el nombre de su compañero de fórmula el 12 de marzo en Cali, durante el acto oficial de inscripción de su candidatura presidencial. ￼

Por su parte, la senadora y candidata presidencial Paloma Valencia también confirmó que en los próximos días dará a conocer quién será su fórmula vicepresidencial. Según su equipo de campaña, el anuncio oficial se realizará el jueves 12 de marzo, como parte de la estrategia para consolidar su campaña rumbo a la primera vuelta. ￼

Ambos anuncios se dan en la recta inicial de la carrera presidencial, ya que los aspirantes deben registrar ante la Registraduría sus fórmulas vicepresidenciales antes del cierre del periodo de inscripción de candidaturas, fijado para mediados de marzo.",0,03/09/2026 19:18,https://www.instagram.com/p/DVr9YT1DhSJ/,Imagen de Instagram,,Total,17011,11164,211,8,0,9,6
17927347467233257,17841401871496039,360radioco,360 Radio Colombia,"🗣️ “Gracias infinitas #Bogotá. Representaremos de manera juiciosa y rigurosa este proyecto político que hoy demostró ser la fuerza más importante del país”.

@smilelalis, Representante a la Cámara por Bogotá por el @PactoHistorico.",0,03/09/2026 19:27,https://www.instagram.com/reel/DVr-bsdjjiX/,Reel de Instagram,,Total,2182,1547,6,0,0,13,0
18092009642014560,17841401871496039,360radioco,360 Radio Colombia,"🗣️ “Yo me siento supremamente orgulloso de haber formado parte de esta consulta. #Colombia habló y le dio un respaldo muy importante a esta gran consulta”.

@jdoviedoar, uno de los candidatos de la consulta presidencial, la Gran Consulta por Colombia.",0,03/09/2026 19:52,https://www.instagram.com/reel/DVsBM93jvZZ/,Reel de Instagram,,Total,8668,6691,358,12,8,11,5
18567508177041311,17841401871496039,360radioco,360 Radio Colombia,"😱 Un ayudante del Atlético Mineiro pidió que dejen de pelear y, un segundo después, metió una patada en el pisoa un jugador de #Cruzeiro.",0,03/09/2026 20:02,https://www.instagram.com/reel/DVsCe9pDs0n/,Reel de Instagram,,Total,15772,8052,77,18,0,0,3
18076450355115534,17841401871496039,360radioco,360 Radio Colombia,"🗣️ “Acompañaremos a #Paloma de frente con lealtad y mirando a los ojos a todos los colombianos”.

@juanmanuelgalanpachon, tras la victoria de Paloma Valencia en la Gran Consulta.",0,03/09/2026 20:43,https://www.instagram.com/reel/DVsHFwxDlWt/,Reel de Instagram,,Total,2966,2325,98,5,1,4,0
18385736308156069,17841401871496039,360radioco,360 Radio Colombia,"#AHORA

El candidato Abelardo de La Espriella confirmó a José Manuel Restrepo, exministro de Hacienda como fórmula vicepresidencial. 

#Colombia",0,03/10/2026 04:32,https://www.instagram.com/p/DVs85M6jgu5/,Imagen de Instagram,,Total,10941,5869,617,93,0,57,8
18566441239017536,17841401871496039,360radioco,360 Radio Colombia,"Frontera Energy Corp. aceptó la oferta de 525 millones de dólares de la canadiense Parex Resources por sus activos de exploración y producción en el país, superando la propuesta previa de GeoPark.

La operación incluye 17 bloques petroleros, entre ellos activos relevantes como Quifa y Cubiro, y contempla además la asunción de obligaciones financieras por parte de Parex. 

La reorganización del mapa energético del país y el interés de compañías internacionales por fortalecer su presencia en el sector de hidrocarburos colombiano será clave este 2026. 

#Empresas #Colombia #Petróleo",0,03/10/2026 07:39,https://www.instagram.com/p/DVtSQPhoJuL/,Imagen de Instagram,,Total,1071,669,16,5,0,0,0
18227771377308128,17841401871496039,360radioco,360 Radio Colombia,"""¿Qué han hecho con los miles de millones de pesos que les gira el Estado colombiano? Sométanse a una auditoría para que le rindan cuentas al país"".

@MariaFdaCabal, sobre la fórmula vicepresidencial de @ivancepedacastr , @aida_quilcue",0,03/10/2026 09:19,https://www.instagram.com/reel/DVtdKtIDlD9/,Reel de Instagram,,Total,31170,22144,3022,237,97,196,113
18100283180296589,17841401871496039,360radioco,360 Radio Colombia,"@JDOviedoAr anunciará si será fórmula vicepresidencial de @PalomaValencia, a más tardar mañana.",0,03/10/2026 09:48,https://www.instagram.com/p/DVtg-ZFjqjV/,Imagen de Instagram,,Total,13494,9054,210,13,2,38,4
18100113739925369,17841401871496039,360radioco,360 Radio Colombia,"Aida Quilcue nuestra próxima vicepresidenta y una de las mayoras más importantes del mundo indígena""

Susana Muhamad, ex Ministra de Ambiente del Gobierno Petro",0,03/10/2026 09:56,https://www.instagram.com/reel/DVthTbzDi7B/,Reel de Instagram,,Total,4322,2855,28,4,1,110,3
17958154401062548,17841401871496039,360radioco,360 Radio Colombia,"#Empresas l Colsubsidio presentó su balance de gestión de 2025, año en el que más de 2,8 millones de afiliados y beneficiarios accedieron a subsidios, programas sociales y servicios orientados a fortalecer el bienestar y las oportunidades de los hogares en Colombia.",0,03/10/2026 12:28,https://www.instagram.com/p/DVtzZ0yk5P-/,Imagen de Instagram,,Total,1844,1131,15,0,0,0,0
17856930795672085,17841401871496039,360radioco,360 Radio Colombia,"🚨 Juan Daniel Oviedo aseguró que, como máximo mañana, se definirá quién acompañará a Paloma Valencia como su fórmula a la Vicepresidencia.",0,03/10/2026 12:57,https://www.instagram.com/reel/DVt2gT1kYF3/,Reel de Instagram,,Total,6619,4635,121,2,0,6,5
18096747688792778,17841401871496039,360radioco,360 Radio Colombia,"🤝 Paloma Valencia afirmó que no está dispuesta a hacer acuerdos que impliquen dejar de ser quien es. Además, cuestionó una forma de hacer política que, según dijo, termina transformando a las personas solo para adaptarse a lo que está de moda. También se refirió a las condiciones planteadas por Juan Daniel Oviedo para aceptar ser su fórmula vicepresidencial.",0,03/10/2026 13:43,https://www.instagram.com/reel/DVt743ukXgB/,Reel de Instagram,,Total,33927,19511,852,90,4,81,32
18059843903386177,17841401871496039,360radioco,360 Radio Colombia,"🗣️ “#Colombia necesita un liderazgo fuerte y decidido que construya consensos en las diferencias, y un gobierno pulcro, experto, académico e impoluto”.

Así anunció @delaespriella_style a su fórmula vicepresidencial, @jmrestrepoa.",0,03/10/2026 13:58,https://www.instagram.com/reel/DVt9f18kbKs/,Reel de Instagram,,Total,1226,918,52,1,0,4,1
17903292717223548,17841401871496039,360radioco,360 Radio Colombia,"🤝 El aspirante presidencial @mauriciolizcanoarango invitó a Claudia López y a Roy Barreras a sumarse a su proyecto político rumbo a la Casa de Nariño.

Lizcano señaló que los resultados de las votaciones del domingo evidencian que los ciudadanos están buscando una opción distante de los extremos y planteó la necesidad de consolidar una alianza del centro que responda a las necesidades del “colombiano de a pie”.",0,03/10/2026 14:17,https://www.instagram.com/reel/DVt_o0yEft7/,Reel de Instagram,,Total,4251,3006,23,3,0,30,0
18108825097742223,17841401871496039,360radioco,360 Radio Colombia,"🤝 @luisavillegasa fue presentada como la fórmula vicepresidencial de @migueluribel por el Partido Demócrata Colombiano. Con más de 30 años de experiencia articulando el sector público, la academia y el empresariado, llega a la campaña con un perfil enfocado en liderazgo y desarrollo económico.

Nacida en Manizales hace 59 años, Villegas es administradora de empresas del CESA y especialista en Mercadeo Estratégico. Su trayectoria ha estado ligada a la formación de líderes empresariales, el impulso al emprendimiento y la generación de oportunidades para las regiones del país.

En su carrera también ha tenido experiencia en el sector público y la promoción internacional de Colombia. Durante el gobierno de Iván Duque trabajó en ProColombia y en el Ministerio de Comercio, y actualmente es Business Partner en Conexiones Efectivas, desde donde impulsa estrategias de expansión empresarial en Iberoamérica.",0,03/10/2026 14:26,https://www.instagram.com/p/DVuAamLES1Z/,Imagen de Instagram,,Total,12830,7573,93,22,0,13,6
18044351147724568,17841401871496039,360radioco,360 Radio Colombia,"🚔 Capturan a alias ‘El Ilusionista’, señalado de engañar a por lo menos 62 personas mediante el cambiazo de tarjetas, con el que habría logrado apropiarse de más de $500 millones.

Según las autoridades, el hombre se hacía pasar por taxista para recoger a personas que salían de discotecas y bares.",0,03/10/2026 14:40,https://www.instagram.com/reel/DVuCQ_8jgBY/,Reel de Instagram,,Total,4678,3314,204,10,9,5,7
18098549602767859,17841401871496039,360radioco,360 Radio Colombia,"😱 Delincuentes pretendían sacar cocaína en aros de baloncesto, por el Aeropuerto Internacional El Dorado para Australia.",0,03/10/2026 14:49,https://www.instagram.com/reel/DVuDTkmjoME/,Reel de Instagram,,Total,14337,8722,158,63,1,7,6
18128384527539592,17841401871496039,360radioco,360 Radio Colombia,"💵 El banquero colombiano Jaime Gilinski Bacal volvió a destacarse en el ranking global de multimillonarios de la revista Forbes, al ubicarse entre las 200 mayores fortunas del planeta con un patrimonio estimado de US$14.700 millones. La cifra lo posiciona en el puesto 196 del listado mundial y lo consolida como el empresario más rico de Colombia en 2026. ￼

La riqueza de Gilinski se ha construido principalmente a través del negocio bancario y de una estrategia de inversiones en América Latina. En los últimos años, su protagonismo empresarial ha crecido tras su participación en importantes movimientos corporativos relacionados con compañías del Grupo Empresarial Antioqueño, como Grupo Nutresa y Grupo Sura. ￼

En el mismo ranking global también aparecen otros empresarios colombianos como David Vélez, fundador de Nubank, y Luis Carlos Sarmiento Angulo, principal accionista de Grupo Aval. La lista refleja cómo la banca, las inversiones y los grandes conglomerados empresariales siguen siendo los sectores que más impulsan la acumulación de riqueza en el país.",0,03/10/2026 17:56,https://www.instagram.com/p/DVuY3nUDkZp/,Imagen de Instagram,,Total,9011,5752,149,5,2,1,7
18425435995139134,17841401871496039,360radioco,360 Radio Colombia,"Ⓜ️ El delantero colombiano Radamel Falcao García encendió las alarmas en Millonarios FC tras confirmarse una nueva molestia física que lo dejará fuera de las canchas entre seis y diez días. El cuerpo técnico informó que el jugador sufrió una pequeña distensión muscular, por lo que deberá guardar reposo mientras avanza su recuperación. ￼

El técnico del equipo, Fabián Bustos, explicó que no se trata de una lesión grave, pero sí lo suficiente para apartarlo temporalmente de la competencia. El delantero samario se resintió tras hacer un esfuerzo por estar disponible con el equipo, lo que obligó al cuerpo médico a frenar su regreso inmediato. ￼

Con esta situación, el goleador colombiano podría perderse al menos dos compromisos de la temporada mientras completa su proceso de recuperación. En el club esperan que el “Tigre” evolucione favorablemente y pueda volver a las canchas en el transcurso de la próxima semana.",0,03/10/2026 18:00,https://www.instagram.com/p/DVuZUqmDu5B/,Imagen de Instagram,,Total,8053,5169,65,17,0,15,2
18063302888670365,17841401871496039,360radioco,360 Radio Colombia,"👀 Un informe de @corficolombiana advirtió que el aumento del gasto público del Gobierno de Gustavo Petro estaría profundizando la crisis fiscal en Colombia. Según el análisis, las finanzas públicas atraviesan uno de los momentos más complejos de las últimas décadas debido al deterioro del balance fiscal. ￼

De acuerdo con el reporte, entre 2022 y 2025 el déficit primario aumentó 2,6 puntos porcentuales del PIB, impulsado principalmente por un mayor gasto del Gobierno, mientras que los ingresos del Estado prácticamente no crecieron en ese mismo periodo. Este desbalance ha incrementado la presión sobre la sostenibilidad de la deuda pública. ￼

Para 2026, Corficolombiana proyecta que el déficit fiscal podría llegar a 6,8% del PIB, lo que obligaría al Gobierno a acudir nuevamente al mercado para financiarse con más endeudamiento. El informe advierte que, sin ajustes en el gasto o mayores ingresos, el país podría enfrentar condiciones de financiamiento cada vez más difíciles.",0,03/10/2026 18:06,https://www.instagram.com/p/DVuZ7FCDmFO/,Imagen de Instagram,,Total,51790,37028,1062,127,9,108,28
17882876868374752,17841401871496039,360radioco,360 Radio Colombia,"El fondo estadounidense The Carlyle Group anunció la venta total de sus acciones en SierraCol Energy al inversionista filipino Prime Infrastructure Capital, en una operación que se espera cerrar en aproximadamente un mes.

La compañía produce hoy cerca del 10% del petróleo de Colombia, con alrededor de 77.000 barriles diarios. Detrás de Prime Infra está el empresario filipino Enrique K. Razon Jr., cuyo conglomerado tiene inversiones en puertos, minería, energía y hotelería en más de 30 países.",0,03/11/2026 07:29,https://www.instagram.com/p/DVv14_xDM9i/,Imagen de Instagram,,Total,1886,1090,30,49,0,0,3
17902461162391589,17841401871496039,360radioco,360 Radio Colombia,"#Atencion | La aspirante presidencial Paloma Valencia extendió una invitación oficial al exdirector del DANE, Juan Daniel Oviedo, para que la acompañe como candidato a la Vicepresidencia.

Luego del encuentro sostenido este miércoles, el ambiente entre ambos habría mejorado y se prevé que el anuncio definitivo se haga el próximo viernes. La decisión genera expectativa.",0,03/11/2026 10:36,https://www.instagram.com/p/DVwLRHDDmRG/,Imagen de Instagram,,Total,12943,7101,327,57,0,28,9
18430944769137416,17841401871496039,360radioco,360 Radio Colombia,"La aspirante presidencial Paloma Valencia extendió una invitación oficial al exdirector del DANE, Juan Daniel Oviedo, para que la acompañe como candidato a la Vicepresidencia.

Luego del encuentro sostenido este miércoles, el ambiente entre ambos habría mejorado y se prevé que el anuncio definitivo se haga el próximo viernes. La decisión genera expectativa.",0,03/11/2026 10:37,https://www.instagram.com/reel/DVwLCzhDjJJ/,Reel de Instagram,,Total,7271,4478,119,8,1,10,2
17957932725062464,17841401871496039,360radioco,360 Radio Colombia,"🗣️ Estas fueron las palabras de Diego Colón, en el funeral de su padre, #WillieColón.",0,03/11/2026 10:47,https://www.instagram.com/reel/DVwJ1eZjttM/,Reel de Instagram,,Total,5169,3948,166,13,1,0,8
18088572874925597,17841401871496039,360radioco,360 Radio Colombia,,0,03/11/2026 12:18,https://www.instagram.com/reel/DVwW5G5EUgQ/,Reel de Instagram,,Total,9348,6249,137,56,0,42,4
18380554864091965,17841401871496039,360radioco,360 Radio Colombia,"🏠 El GLP sigue siendo una energía esencial para millones de hogares en el país. Hoy, más de 12 millones de colombianos dependen de este servicio para actividades básicas como cocinar y calentar sus hogares, consolidándose como una solución energética confiable y accesible.

⚡️ Desde diferentes regiones, el gas licuado de petróleo impulsa la vida diaria de familias y comunidades, especialmente en territorios donde otras fuentes de energía no siempre están disponibles. Su presencia refleja la importancia de garantizar seguridad energética y cobertura para todos.

Desde Gasnova, se continúa trabajando para fortalecer el sector, promover el acceso al GLP y resaltar su papel clave en el bienestar y desarrollo de millones de colombianos.",0,03/11/2026 12:34,https://www.instagram.com/p/DVwYoyDEQ4W/,Imagen de Instagram,,Total,2571,1462,36,1,0,0,2
17850887178687651,17841401871496039,360radioco,360 Radio Colombia,"🤝 Tras el encuentro decisivo con Juan Daniel Oviedo, la candidata Paloma Valencia convocó a los otros integrantes de la Gran Consulta por #Colombia para discutir quién será su fórmula a la Vicepresidencia, decisión que dará a conocer este jueves.",0,03/11/2026 12:52,https://www.instagram.com/reel/DVwa1rRDhen/,Reel de Instagram,,Total,57901,36727,934,30,16,50,61
18055040684470450,17841401871496039,360radioco,360 Radio Colombia,"🏦 El empresario Arturo Calle sostuvo un encuentro con la candidata presidencial Paloma Valencia, en medio de movimientos y acercamientos de cara a las elecciones del próximo 31 de mayo.",0,03/11/2026 13:16,https://www.instagram.com/reel/DVwdkWADqOm/,Reel de Instagram,,Total,7437,4075,441,18,3,11,6
17887798995446138,17841401871496039,360radioco,360 Radio Colombia,"🇺🇸 El presidente de #EstadosUnidos, Donald Trump, negó que Colombia haya quedado por fuera de la invitación a la Cumbre del Escudo de América. Tengo una muy buena relación con esos países”, afirmó al referirse a Colombia, Brasil y México.",0,03/11/2026 13:36,https://www.instagram.com/reel/DVwfzSKDrVH/,Reel de Instagram,,Total,6153,4460,102,1,0,6,4
17885703708350662,17841401871496039,360radioco,360 Radio Colombia,"🤝 El candidato presidencial @ivancepedacastr, junto a su fórmula vicepresidencial @aida_quilcue, arribó a la Registraduría para formalizar la inscripción de su candidatura a la Casa de Nariño.",10,03/11/2026 13:53,https://www.instagram.com/reel/DVwh2h4juRK/,Reel de Instagram,,Total,10975,5899,69,24,1,122,3
18079656125580049,17841401871496039,360radioco,360 Radio Colombia,"🤝 El candidato presidencial Flavio Bolsonaro, hijo del exmandatario brasileño Jair Bolsonaro, se pronunció tras reunirse con @mariacorinamachado.

“La ganadora del Premio Nobel es una inspiración para quienes resistimos los retrocesos y el autoritarismo de la izquierda. ¡Viva la libertad!”, expresó.",31,03/11/2026 14:35,https://www.instagram.com/reel/DVwmLSUjm-b/,Reel de Instagram,,Total,6923,4940,269,4,0,9,3
18084166598002956,17841401871496039,360radioco,360 Radio Colombia,"🏥 El Tribunal Administrativo de Antioquia ordenó suspender de manera provisional el Decreto 182 del Ministerio de Salud, que planteaba reorganizar el sistema de EPS en el país y trasladar a millones de usuarios entre aseguradoras. La decisión se tomó mediante una medida cautelar mientras se estudia de fondo la demanda contra la norma. ￼

Según la demanda, el decreto implicaba traslados masivos de cerca de seis millones de afiliados, de los cuales alrededor de 2,6 millones serían enviados a Nueva EPS. Los demandantes advirtieron que esta entidad está intervenida y enfrenta cuestionamientos por su capacidad financiera y por problemas en la prestación de servicios. ￼

El tribunal señaló que la suspensión es preventiva para evitar posibles afectaciones mientras se analiza la legalidad del decreto. La medida no es una decisión definitiva, pero frena temporalmente la reorganización del",0,03/11/2026 14:45,https://www.instagram.com/p/DVwn0tejjEH/,Imagen de Instagram,,Total,3591,2172,136,3,0,9,1
17858521545669353,17841401871496039,360radioco,360 Radio Colombia,🤝 @ednacbonillaseba será la fórmula vicepresidencial del candidato @sergiofajardovalderrama para las elecciones presidenciales de 2026. La ex secretaria de educación de Bogotá es la persona elegida para acompañar a Fajardo en campaña para llegar a la Casa de Nariño.,0,03/12/2026 06:36,https://www.instagram.com/p/DVyUizkjnSo/,Imagen de Instagram,,Total,1911,1129,15,0,0,1,1
18086471012187182,17841401871496039,360radioco,360 Radio Colombia,"🚨 Juan Manuel Oviedo es la fórmula vicepresidencial de Paloma Valencia de cara a la Presidencia de Colombia. “Bienvenido, señor vicepresidente”, le dijo la candidata del Centro Democrático a Oviedo.",0,03/12/2026 08:32,https://www.instagram.com/reel/DVyhsxfjo1V/,Reel de Instagram,,Total,15297,9868,542,126,4,56,10
18151237948405232,17841401871496039,360radioco,360 Radio Colombia,"🚨 Juan Manuel Oviedo es la fórmula vicepresidencial de Paloma Valencia de cara a la Presidencia de Colombia. “Bienvenido, señor vicepresidente”, le dijo la candidata del Centro Democrático a Oviedo.",0,03/12/2026 08:41,https://www.instagram.com/p/DVyi6xwjlfX/,Imagen de Instagram,,Total,4346,2681,267,6,2,20,0
18175243798384041,17841401871496039,360radioco,360 Radio Colombia,"@bavaria_colombia alcanzó un hito que refleja el impacto de su compromiso con el país: fue reconocida como la empresa número uno en inversión social y ambiental privada en Colombia, según el Índice de Inversión Social Privada (IISAP) 2025 de @Arteaga_LATAM, un estudio que evaluó a más de 160 compañías.

Este reconocimiento es el resultado de una visión de progreso sostenible construida junto a toda su cadena de valor: agricultores, tenderos, proveedores, colaboradores y comunidades que trabajan de la mano con Bavaria para impulsar el desarrollo del país.

Entre los avances más relevantes se destacan el fortalecimiento de más de 85.000 negocios del canal tradicional a través de Emprendedores Bavaria; la protección de 16.000 hectáreas de páramo; una operación productiva con energía eléctrica 100% renovable; y el impulso a más de 840 familias productoras de cebada mediante el programa Siembra Bavaria.​

El IISAP 2025 evidencia que la inversión social y ambiental no solo transforma comunidades: también impulsa competitividad, innovación y desarrollo en los territorios donde opera la compañía.",0,03/12/2026 10:23,https://www.instagram.com/p/DVyunh7Dh19/,Imagen de Instagram,,Total,1151,704,17,1,0,0,0
17906288196366918,17841401871496039,360radioco,360 Radio Colombia,"🤝🇨🇴 El candidato presidencial Roy Barreras habría considerado a la escritora Carolina Sanín como posible fórmula vicepresidencial en su campaña.

Según se conoció, Barreras le habría planteado directamente a Sanín la posibilidad de acompañarlo en la contienda presidencial, buscando sumar una figura del ámbito cultural y académico a su proyecto político. La invitación se dio en medio de las conversaciones que varios candidatos sostienen para definir sus duplas de campaña. ￼

La escritora ya respondió a la propuesta, dejando claro su posición frente a la posibilidad de entrar en la arena electoral. El episodio ha despertado debate sobre la participación de figuras intelectuales en la política y las estrategias de los candidatos para ampliar sus apoyos.",0,03/12/2026 11:40,https://www.instagram.com/p/DVy3YwfDk8q/,Imagen de Instagram,,Total,3122,1794,11,0,0,1,0
17992892030763531,17841401871496039,360radioco,360 Radio Colombia,"🗣️ “Esta es una coalición en la que somos capaces de reconocer nuestras diferencias pero unirnos alrededor de un propósito: mirar hacia el futuro y reconocer que voces distintas pueden aportar a un futuro en el que todos quepamos”, Juan Daniel Oviedo al aceptar ser candidato a la vicepresidencia de Paloma Valencia.",0,03/12/2026 12:00,https://www.instagram.com/reel/DVy5eHtESBf/,Reel de Instagram,,Total,4421,2908,261,28,0,23,4
18330315313219273,17841401871496039,360radioco,360 Radio Colombia,"#Elecciones2026 l A menos de tres meses de las elecciones presidenciales del 31 de mayo, los aspirantes a la Casa de Nariño han comenzado a completar sus fórmulas con los nombres que los acompañarán en la vicepresidencia.",0,03/12/2026 14:30,https://www.instagram.com/p/DVzK7ovk7nf/,Secuencia de Instagram,,Total,12159,5567,178,25,1,6,12
18099158479749844,17841401871496039,360radioco,360 Radio Colombia,🤝 La aspirante presidencial Paloma Valencia afirmó que el exmandatario Álvaro #Uribe Vélez recibió con agrado la designación de Juan Daniel Oviedo como su compañero de fórmula a la Vicepresidencia por el partido Centro Democrático.,12,03/12/2026 18:43,https://www.instagram.com/reel/DVzn0OXjsDz/,Reel de Instagram,,Total,5640,4112,101,3,1,6,2
18408169141130923,17841401871496039,360radioco,360 Radio Colombia,"🗣️ “Dicen que se me pegó el uribismo o que ahora soy santista (…) pero yo soy de mi mamá”.

Juan Daniel Oviedo, fórmula vicepresidencial de Paloma Valencia, aseguró que su candidatura no es del Centro Democrático sino de una coalición de nueve movimientos que será inscrita este viernes.",0,03/12/2026 18:59,https://www.instagram.com/reel/DVzpj5EDgBJ/,Reel de Instagram,,Total,8528,5605,346,14,1,35,6
17882849433373719,17841401871496039,360radioco,360 Radio Colombia,,0,03/12/2026 19:21,https://www.instagram.com/reel/DVzsJPDDtkE/,Reel de Instagram,,Total,3330,2124,86,6,0,15,1
18360126124201352,17841401871496039,360radioco,360 Radio Colombia,"🤝 Juan Daniel Oviedo afirmó que, en conversaciones con Paloma Valencia, acordaron impulsar que la Jurisdicción Especial para la Paz disponga de los recursos financieros e institucionales necesarios para presentar un informe de resultados al término de su eventual gobierno.

Según explicó, la prioridad no está en debatir si debe ampliarse o no el periodo de la JEP, sino en enfocarse en que su trabajo se realice con eficacia.",0,03/12/2026 19:42,https://www.instagram.com/reel/DVzudsxDlvs/,Reel de Instagram,,Total,5593,4082,94,2,0,16,2
18058373414390103,17841401871496039,360radioco,360 Radio Colombia,"🤝 A esta hora, Juan Daniel Oviedo arriba a la Registraduría ara formalizar su inscripción como compañero de fórmula vicepresidencial de Paloma Valencia.",0,03/13/2026 07:46,https://www.instagram.com/reel/DV1BVsXjqNF/,Reel de Instagram,,Total,6787,4090,264,3,3,8,1
17989076411943196,17841401871496039,360radioco,360 Radio Colombia,"❗️ Paloma Valencia vencería a Iván Cepeda en segunda vuelta, según encuesta de AtlasIntel. 

Así está la intención de voto en Colombia para la segunda vuelta presidencial. 

#Colombia",0,03/13/2026 07:50,https://www.instagram.com/p/DV1B3miDgoG/,Secuencia de Instagram,,Total,113971,60198,2677,878,79,225,144
17865602226513626,17841401871496039,360radioco,360 Radio Colombia,,0,03/13/2026 09:13,https://www.instagram.com/reel/DV1K6mWjkCH/,Reel de Instagram,,Total,18593,13350,1366,107,79,210,22
18082946861600245,17841401871496039,360radioco,360 Radio Colombia,"El icónico restaurante Andrés Carne de Res anunció su próxima apertura en la capital del Valle, llevando su mezcla de gastronomía, fiesta, cultura y espectáculo a un nuevo escenario. 💃🎶

Aunque aún no hay puertas abiertas ni fecha exacta confirmada, la expectativa ya se siente entre los amantes de la buena carne, el baile y las experiencias inolvidables.",0,03/13/2026 09:40,https://www.instagram.com/p/DV1OgKimlh_/,Imagen de Instagram,,Total,4853,3131,71,5,1,3,1
18089019499937038,17841401871496039,360radioco,360 Radio Colombia,"“Paloma ha demostrado fortaleza en cada etapa”.

El expresidente Álvaro Uribe Vélez envía un mensaje a los ciudadanos durante el acto de inscripción de la candidatura presidencial de Paloma Valencia junto a su fórmula vicepresidencial, Juan Daniel Oviedo.",0,03/13/2026 09:41,https://www.instagram.com/reel/DV1OUP0js76/,Reel de Instagram,,Total,3366,2648,156,2,3,12,1
17911584639162118,17841401871496039,360radioco,360 Radio Colombia,"#AHORA 

Otro candidato que se baja de la puja por llegar a la Casa de Nariño. Juan Fernando Cristo anunció que se retira de la contienda. 

#Colombia",0,03/13/2026 10:01,https://www.instagram.com/p/DV1Q4tDlPdj/,Imagen de Instagram,,Total,3309,1865,42,2,0,8,0
17962648407061105,17841401871496039,360radioco,360 Radio Colombia,"🗣️ “En Colombia cabemos Todos. La unión es el camino para construir el país que queremos. Desde #LaGranConsulta apoyamos una fórmula que sume y una: Paloma Valencia presidenta y Juan Daniel Oviedo vicepresidente”.

Aníbal Gaviria, ex precandiato presidencial de la Gran Consulta por Colombia.",0,03/13/2026 10:19,https://www.instagram.com/reel/DV1Sp5tjokP/,Reel de Instagram,,Total,1786,1220,71,2,0,3,1
18449217391129079,17841401871496039,360radioco,360 Radio Colombia,"🤝 El excontralor general Felipe Córdoba, quien había reunido las firmas necesarias para aspirar a la Presidencia, decidió sumarse a la campaña de Paloma Valencia y Juan Daniel Oviedo.",0,03/13/2026 11:06,https://www.instagram.com/reel/DV1X2Gqjt1y/,Reel de Instagram,,Total,1623,1171,74,1,0,2,0
18316336882267314,17841401871496039,360radioco,360 Radio Colombia,"🤝 “El Nuevo Liberalismo tiene candidata presidencial y vicepresidencial. Con orgullo, pero también con gran responsabilidad, damos el coaval a Paloma Valencia y Juan Daniel Oviedo para la primera vuelta”.

Juan Manuel Galán, director nacional del Nuevo Liberalismo.",0,03/13/2026 11:22,https://www.instagram.com/reel/DV1ZkjjDobn/,Reel de Instagram,,Total,9662,6375,469,33,0,29,3
18562999441028124,17841401871496039,360radioco,360 Radio Colombia,#Política Mauricio Lizcano confirmó que Luis Carlos Reyes será su fórmula vicepresidencial para las elecciones 2026.,0,03/13/2026 12:11,https://www.instagram.com/p/DV1f057Ea4c/,Imagen de Instagram,,Total,3626,2101,33,4,0,5,0
18091429024881126,17841401871496039,360radioco,360 Radio Colombia,"🔴 Claro Colombia presentó ante la Superintendencia de Industria y Comercio una solicitud para que se analice preliminarmente una posible integración con Azteca Comunicaciones, operación que podría terminar con la adquisición de su red de fibra óptica en Colombia. Según la compañía, esta infraestructura permitiría llevar conectividad a municipios que hoy no cuentan con otras redes disponibles.",0,03/13/2026 12:52,https://www.instagram.com/p/DV1kcoVkQUX/,Imagen de Instagram,,Total,2162,1335,24,0,0,0,0
18106206847855012,17841401871496039,360radioco,360 Radio Colombia,"🌍 ¿Sabías que algunos países necesitan hasta 10 hectáreas por persona para sostener su estilo de vida? Singapur, Canadá y Estados Unidos lideran el ranking de huella ecológica per cápita, lo que significa que consumen muchos más recursos de los que el planeta puede regenerar.

♻️ La huella ecológica mide cuánta tierra y mar productivo se requiere para producir lo que consumimos y absorber nuestros residuos, especialmente las emisiones de CO₂. Cuando esta huella es muy alta, como ocurre en las grandes potencias, se acelera la pérdida de biodiversidad y el calentamiento global.

🌱 La buena noticia es que podemos reducir nuestra huella ecológica con decisiones diarias: usar transporte sostenible, ahorrar energía, consumir local y apoyar políticas verdes. Cada pequeño cambio suma para equilibrar el planeta y construir economías realmente sostenibles, como ya impulsan índices internacionales de comercio responsable.",0,03/14/2026 13:48,https://www.instagram.com/p/DV4Pl_OkU47/,Imagen de Instagram,,Total,2443,1505,33,2,0,0,3
18097993939781101,17841401871496039,360radioco,360 Radio Colombia,"📉 En Colombia, millones de personas trabajan todos los días pero reciben ingresos muy bajos. De acuerdo con cifras recientes del Departamento Administrativo Nacional de Estadística (DANE) basadas en la Gran Encuesta Integrada de Hogares de 2025, cerca del 57% de los trabajadores gana un salario mínimo o menos, y más de 11 millones de personas reciben ingresos por debajo de ese nivel, lo que refleja los desafíos del mercado laboral del país, especialmente por la alta informalidad y los bajos salarios en varios sectores.",0,03/14/2026 14:05,https://www.instagram.com/p/DV4Rqu-DgpD/,Secuencia de Instagram,,Total,2545,1068,43,3,0,0,2
18175666879380955,17841401871496039,360radioco,360 Radio Colombia,"🗣️ “Desde aquí, les quiero pedir que convenzamos a los petristas que yo los voy a querer más que Petro, porque no solamente hablo sino que sí hago las cosas. Queremos un país donde todos los colombianos, sin importar lo que piensen, puedan vivir sin miedo y con buenos ingreso”.

Paloma Valencia, candidata presidencial del Centro Democrático.",0,03/14/2026 14:55,https://www.instagram.com/reel/DV4XNVYjqlC/,Reel de Instagram,,Total,8413,5628,251,7,0,26,1
17980119572975266,17841401871496039,360radioco,360 Radio Colombia,"🤝 El candidato presidencial del Pacto Histórico, Iván Cepeda Castro, informó desde Brasil que se reunió con el mandatario brasileño Luiz Inácio Lula da Silva para conocer de primera mano algunas experiencias relacionadas con la reforma agraria que podrían servir como referencia para aplicarlas en Colombia.

Asimismo, señaló que en los próximos días comenzará a recorrer distintas regiones del país como parte de su campaña. Cepeda también insistió en que uno de los pilares de su propuesta será combatir la corrupción y aseguró que su enfrentamiento con estas prácticas viene de años atrás, ligado —según dijo— a su trabajo contra las mafias y la parapolítica.",0,03/14/2026 15:21,https://www.instagram.com/reel/DV4aGdujise/,Reel de Instagram,,Total,7043,4607,33,13,1,89,5
18092457608024331,17841401871496039,360radioco,360 Radio Colombia,"🚞 El Gobierno de Colombia inició los estudios de factibilidad del Corredor Férreo Central, un megaproyecto para reactivar el transporte de carga por tren. La iniciativa busca conectar de forma eficiente la Región Metropolitana Bogotá–Cundinamarca con los principales puertos del Caribe.

🛤️El desarrollo de los estudios tendrá una inversión total de $102.609 millones. De ese monto, $91.164 millones estarán destinados a las labores de consultoría que realizará el Consorcio Ferreoestructura Central C&G, mientras que $11.445 millones corresponderán a la interventoría, responsabilidad del Consorcio Férreo Central BC.

💵 Con una inversión de más de $102.000 millones, el Gobierno Nacional dio vía libre a la fase técnica definitiva del Corredor Férreo Central.",0,03/15/2026 06:35,https://www.instagram.com/p/DV6C7I6Dsx_/,Imagen de Instagram,,Total,1698,1003,34,1,0,0,3
18062961575669176,17841401871496039,360radioco,360 Radio Colombia,"📲 El creador de contenido Javier Arias, conocido en redes como “Stunt”, fue capturado en una finca del municipio de Necoclí, en el Urabá antioqueño, durante un operativo conjunto de la Dijín, el Ejército y agencias internacionales. Las autoridades venían siguiendo su estilo de vida y la ostentación que mostraba en redes sociales, lo que despertó sospechas sobre el origen de su fortuna. ￼

Durante el allanamiento, los investigadores encontraron un arsenal compuesto por dos pistolas, dos escopetas, una carabina calibre .22 y cerca de 1.926 cartuchos de diferentes calibres. Además, incautaron más de 200 millones de pesos en efectivo que no pudieron ser justificados en el momento del operativo. ￼

La operación también dejó al descubierto varios bienes asociados a su estilo de vida de lujo, entre ellos vehículos de alta gama —como un Tesla— y otras propiedades y elementos de alto valor, que ahora son parte de las investigaciones para determinar si hubo delitos como lavado de activos u otras actividades ilegales.",0,03/15/2026 11:11,https://www.instagram.com/p/DV6iaA1DsaQ/,Imagen de Instagram,,Total,21065,12148,109,12,1,8,10
18125248888599769,17841401871496039,360radioco,360 Radio Colombia,"🪗 El cantante samario @carlosvives presentó un adelanto de su nuevo álbum durante una gala internacional, donde compartió detalles del proyecto musical que prepara y que marca una nueva etapa en su carrera artística. El artista aprovechó el evento para mostrar parte del sonido y concepto que tendrá su próximo trabajo discográfico. ￼

Durante la presentación, Vives destacó que este nuevo álbum busca reconectar con las emociones y el romanticismo a través de la música, una apuesta que contrasta con la inmediatez de la era digital y las relaciones fugaces. El proyecto arranca con el sencillo “Te Dedico”, una canción que rescata la tradición de dedicar temas como un gesto de amor. ￼

El lanzamiento del sencillo y del nuevo disco también sirve como antesala para una nueva etapa profesional del artista, quien continúa promoviendo la música colombiana en escenarios internacionales y preparando futuras presentaciones y proyectos alrededor de este trabajo discográfico.",0,03/15/2026 11:37,https://www.instagram.com/p/DV6lbTIDvBb/,Imagen de Instagram,,Total,3972,2531,48,0,0,3,0
18200579668340984,17841401871496039,360radioco,360 Radio Colombia,"🏦 El mapa del poder financiero tiene dueños claros. Desde la cima, JPMorgan Chase lidera con una fuerza imbatible, seguido de cerca por el músculo asiático de ICBC, China Construction Bank (CCB) y el Agricultural Bank of China. Estas instituciones no solo acumulan utilidades; dictan el ritmo del comercio global. 📈

La competencia entre potencias es evidente: mientras Bank of America, Wells Fargo, Goldman Sachs y Morgan Stanley mantienen el estandarte de Wall Street, gigantes como China Merchants Bank y Bank of China consolidan el dominio del bloque oriental. 🇺🇸🇨🇳 Es un tablero de ajedrez donde la rentabilidad es el reflejo de la confianza y la escala global.

Más allá de los miles de millones, estas cifras revelan quiénes tienen la liquidez para transformar industrias enteras. 🚀 Entender este ranking es asomarse al motor que impulsa el progreso hoy. 💰✨",0,03/15/2026 11:43,https://www.instagram.com/p/DV6mDlHjqgH/,Imagen de Instagram,,Total,5118,3058,99,4,0,0,20
18040543628775533,17841401871496039,360radioco,360 Radio Colombia,"🗺️ Planear un cambio de vida o una inversión en la región requiere mirar más allá del paisaje. El de Costo de Vida revela contrastes profundos: mientras países como Puerto Rico y Uruguay lideran con los costos más altos, naciones como Bolivia, Paraguay y Brasil se mantienen como las opciones más accesibles para el presupuesto. 💸 Es un tablero donde la economía local y el valor de la moneda dictan las reglas del juego.

En el corazón del análisis, Colombia se posiciona con un índice de 31.73, consolidándose como un destino altamente competitivo y atractivo frente a vecinos como Ecuador o Perú. 🇨🇴✨ Esta cifra no solo es un dato para nómadas digitales, sino una señal clara para empresas que buscan eficiencia operativa sin sacrificar calidad de vida en una región llena de matices. 📈🏛️

¿Qué factores pesan más hoy: la vivienda, los servicios o la canasta básica? 🧠 Desde el alto costo en Costa Rica y México hasta la estabilidad relativa en el Cono Sur, entender estas variaciones es la clave para tomar decisiones financieras inteligentes. América Latina es un mosaico de oportunidades, pero el éxito depende de saber dónde pisar con firmeza. 🚀💰",0,03/15/2026 11:47,https://www.instagram.com/p/DV6mn3nDo4m/,Imagen de Instagram,,Total,10772,6837,134,16,5,0,35
17975336558841852,17841401871496039,360radioco,360 Radio Colombia,"🗣️ “#Antioquia es libertad, trabajo y orgullo por lo que somos. Un ejemplo de emprendimiento, pujanza, liderazgo cívico y compromiso social que demuestra que sin estatismo y con economía fraterna se puede construir prosperidad”.

Paloma Valencia, candidata presidencial del Centro Democrático.",0,03/15/2026 12:00,https://www.instagram.com/reel/DV6n8Ujjkad/,Reel de Instagram,,Total,3092,2124,148,3,0,26,1
18063991415323924,17841401871496039,360radioco,360 Radio Colombia,"😠 Un motociclista, presuntamente bajo los efectos del alcohol, arrolló a un hombre de 90 años en la localidad de Engativá. Tras el impacto, el conductor intentó escapar del sitio, pero fue interceptado por personas de la comunidad.

El adulto mayor, reconocido por su trabajo artístico en acuarela, falleció posteriormente en un centro médico. Sus familiares ahora piden que el caso no quede en la impunidad.",0,03/15/2026 14:39,https://www.instagram.com/reel/DV66OmOjtI5/,Reel de Instagram,,Total,19129,11763,213,4,0,12,19
18058726304475297,17841401871496039,360radioco,360 Radio Colombia,"👮 La Policía Nacional informó la incautación de 13.500 cartuchos de munición que, según las autoridades, iban a ser entregados a la estructura criminal ‘Franco Benavides’, perteneciente al GAO ‘Estado Mayor Central’.

El material era movilizado en un vehículo con placas de Ecuador que transitaba por la ruta entre Ipiales y Pasto. Durante el operativo, cuatro personas fueron detenidas.",0,03/15/2026 16:12,https://www.instagram.com/reel/DV7E3zrDnQi/,Reel de Instagram,,Total,7635,5299,170,6,2,6,6
18085161425221675,17841401871496039,360radioco,360 Radio Colombia,⚽️ Así fue el debut de #JamesRodríguez hoy con #MinessotaUnited. Jugó 23 minutos.,0,03/15/2026 19:42,https://www.instagram.com/reel/DV7c7o0jgMV/,Reel de Instagram,,Total,3532,2379,62,1,0,1,1
18082660541616623,17841401871496039,360radioco,360 Radio Colombia,"🗣️ “Antioquia se convirtió en cuna de la parapolítica, de la narco economía y del terrorismo de Estado”.

Fue la polémica declaración del candidato presidencial, Iván Cepeda, que generó rechazo de diversos sectores.",0,03/16/2026 09:34,https://www.instagram.com/reel/DV879hRjvDy/,Reel de Instagram,,Total,6517,4684,75,28,0,47,6
18089102560922972,17841401871496039,360radioco,360 Radio Colombia,"🗣️ “No sabemos porqué estamos protestando, solo estamos cumpliendo órdenes”.

Líder indígena a los cuestionamientos sobre por qué manifestaban en La Alpujarra. Afirmaron que habían llegado en buses, ¿pagados por quién? Es la pregunta que queda.",0,03/16/2026 09:46,https://www.instagram.com/reel/DV89Pgpjk-E/,Reel de Instagram,,Total,4925,3684,157,20,2,12,8
17899404255407377,17841401871496039,360radioco,360 Radio Colombia,"👀 El gobernador Andrés Julián Rendón afirmó que la presencia de comunidades indígenas en el centro administrativo La Alpujarra responde, según él, a la exigencia de designar 20 docentes. Señaló que la protesta está afectando el funcionamiento de la Gobernación de Antioquia y la Alcaldía de Medellín, además de limitar el acceso de los ciudadanos que necesitan trabajar o realizar trámites en estas entidades.",0,03/16/2026 10:03,https://www.instagram.com/reel/DV8_XmcDmed/,Reel de Instagram,,Total,9003,6330,464,9,5,41,4
18075560108440238,17841401871496039,360radioco,360 Radio Colombia,"🗣️ “Respete, señor Iván Cepeda. #Antioquia es el ejemplo de la modernidad económica del país”.

Abelardo de la Espriella, candidato presidencial, sobre las declaraciones de uno de sus competidores, Iván Cepeda, en las que aseguró que Antioquia es la cuna de la parapolítica.",0,03/16/2026 10:11,https://www.instagram.com/reel/DV9AE-Ojtt6/,Reel de Instagram,,Total,3198,2055,146,3,0,30,4
18068686889278332,17841401871496039,360radioco,360 Radio Colombia,"🗣️ “Yo defiendo a Antioquia. No hay derecho a esta descalificación de Iván Cepeda, que asco de declaración, candidato”.

José Manuel Restrepo, fórmula vicepresidencial de Abelardo de la Espriella.",0,03/16/2026 10:52,https://www.instagram.com/reel/DV9E6mVjjMF/,Reel de Instagram,,Total,11783,9042,459,88,0,38,6
18100825958491163,17841401871496039,360radioco,360 Radio Colombia,"🗣️ “Los Antioqueños nos levantamos todos los días a ponerle el pecho al sol y trabajamos para que a nuestra región y a Colombia les vaya bien. Los ataques a nuestra región son producto del odio y la ignorancia; del resentimiento y ruindad. Si Antioquia resiste, Colombia se salva”.

Andrés Rendon, Gobernador de Antioquia, sobre el ataque de Iván Cepeda al departamento.",0,03/16/2026 11:05,https://www.instagram.com/reel/DV9GaX1DpdS/,Reel de Instagram,,Total,1530,1301,63,1,0,5,0
17869506198479781,17841401871496039,360radioco,360 Radio Colombia,"🗣️ “Desde aquí, les quiero pedir que convenzamos a los petristas que yo los voy a querer más que Petro, porque no solamente hablo sino que sí hago las cosas. Queremos un país donde todos los colombianos, sin importar lo que piensen, puedan vivir sin miedo y con buenos ingresos”.

Paloma Valencia, candidata presidencial del Centro Democrático.",44,03/16/2026 11:20,https://www.instagram.com/reel/DV9IMV4juy1/,Reel de Instagram,,Total,4210,3187,105,1,0,21,2
18097730221797566,17841401871496039,360radioco,360 Radio Colombia,"🗣️ “Vinimos a sumar entre distintos para superar la polarización en que nos ha dejado este gobierno que solo promete y no resuelve”.

Juan Daniel Oviedo, fórmula vicepresidencial de Paloma Valencia.",0,03/16/2026 11:30,https://www.instagram.com/reel/DV9JOtQjoc8/,Reel de Instagram,,Total,5685,3920,223,3,3,15,4
17860209105615934,17841401871496039,360radioco,360 Radio Colombia,📺 #MichaelBJordan fue elegido el mejor actor en los Premios #Óscar 2026.,30,03/16/2026 12:12,https://www.instagram.com/reel/DV9OOB7kQgH/,Reel de Instagram,,Total,4267,2917,122,1,1,3,3
17915896080316369,17841401871496039,360radioco,360 Radio Colombia,"🕴️ En video quedó registrado cómo #MichaelBJordan celebró su Premio Oscar 2026, a mejor actor, comiendo hamburguesas en la calle.",0,03/16/2026 12:20,https://www.instagram.com/reel/DV9PAAQkQIW/,Reel de Instagram,,Total,5934,4626,149,7,0,2,2
17968443425878860,17841401871496039,360radioco,360 Radio Colombia,"🚨🇨🇴 El colombiano Ángel Barajas se quedó con la medalla de plata en la prueba de barras paralelas durante la cuarta parada de la Copa Mundo de Gimnasia Artística, gracias a esta destacada rutina.

🥈 Á. Barajas 🇨🇴 – 14.366

Con apenas 19 años, el gimnasta ya acumula nueve medallas en competencias de carácter mundial.",0,03/16/2026 12:30,https://www.instagram.com/reel/DV9QSitEeDN/,Reel de Instagram,,Total,3770,2831,126,3,0,4,7
17863163403534231,17841401871496039,360radioco,360 Radio Colombia,👀 En videos queda registrado cómo un señor cura del dolor a varios animalitos que después le agradecen con nobleza y ternura.,60,03/16/2026 14:00,https://www.instagram.com/reel/DV9asXPBj_A/,Reel de Instagram,,Total,361180,250788,24643,3696,283,84,1371
18088496725899676,17841401871496039,360radioco,360 Radio Colombia,"🚇 La Línea 2 del Metro de Bogotá marcará un antes y un después en la movilidad del noroccidente de la ciudad. Con 15,5 kilómetros de extensión y 11 estaciones —10 subterráneas y una elevada— conectará Chapinero, Barrios Unidos, Engativá y Suba en solo 20 minutos. Este proyecto, que se integrará con la Línea 1 del metro, cinco troncales de TransMilenio y el SITP, permitirá reducir en un 42 % los tiempos de viaje hacia el centro y beneficiará a cerca de 2,5 millones de personas, con una capacidad estimada de 800.000 viajes diarios.",0,03/16/2026 15:00,https://www.instagram.com/p/DV9he4KkWg6/,Imagen de Instagram,,Total,5604,3264,127,10,0,7,13
18561286543021431,17841401871496039,360radioco,360 Radio Colombia,"El arquero Aldair Quintana se despidió de Atlético Bucaramanga con un emotivo mensaje, agradeciendo al club y a la hinchada tras su paso como figura del histórico título de liga. Su salida se da luego de rescindir contrato por decisión propia, cerrando un ciclo marcado por atajadas clave y liderazgo.

El guardameta, visiblemente conmovido, deja el equipo santandereano para asumir un nuevo reto internacional, con destino casi definido en Ecuador, mientras la afición le reconoce su legado como uno de los grandes referentes recientes del club.",0,03/17/2026 07:23,https://www.instagram.com/p/DV_SEK7kvzL/,Imagen de Instagram,,Total,4120,2559,54,0,0,0,2
18456481834097664,17841401871496039,360radioco,360 Radio Colombia,"Las universidades privadas en Colombia pidieron a la Corte Constitucional tumbar el impuesto al patrimonio que el Gobierno busca aplicarles, al considerar que la medida es inconstitucional y afecta directamente la sostenibilidad del sistema de educación superior. Según el sector, el tributo obligaría a destinar recursos clave de funcionamiento al pago de impuestos, poniendo en riesgo su misión educativa.

El reclamo, liderado por la Asociación Colombiana de Universidades (Ascún), advierte que el gravamen podría impactar a decenas de instituciones y generar efectos como el aumento de matrículas, la reducción de becas y mayores barreras de acceso para los estudiantes. Además, señalan que se vulnera la autonomía financiera de estas entidades sin ánimo de lucro.

De acuerdo con estimaciones del sector, al menos 92 universidades tendrían que asumir este impuesto al superar el umbral fijado por el Gobierno, lo que ha intensificado la controversia jurídica y económica en torno a la medida, cuya legalidad ahora quedará en manos de la Corte Constitucional.",0,03/17/2026 08:00,https://www.instagram.com/p/DV_WN56iZE7/,Imagen de Instagram,,Total,3737,2276,60,2,0,0,0
18074627180565740,17841401871496039,360radioco,360 Radio Colombia,"La Línea 2 del Metro de Bogotá avanza como uno de los proyectos de infraestructura más ambiciosos del país, con un trazado de 15,5 kilómetros que conectará la calle 72 con Fontanar del Río, en Suba, reduciendo significativamente los tiempos de desplazamiento en la ciudad.

El sistema contará con 11 estaciones —en su mayoría subterráneas— y beneficiará a cerca de 2,5 millones de personas, integrándose con TransMilenio y otros modos de transporte para fortalecer la movilidad en el noroccidente de la capital.

Además, se proyecta que la nueva línea movilice hasta 800.000 viajes diarios, reduzca hasta en 42% los tiempos desde Suba al centro y contribuya a disminuir emisiones contaminantes, consolidándose como un eje clave para la movilidad sostenible en Bogotá.",0,03/17/2026 08:30,https://www.instagram.com/p/DV_ZokfjwrG/,Imagen de Instagram,,Total,24326,17073,583,4,10,7,13
17906776227376599,17841401871496039,360radioco,360 Radio Colombia,👮🏻 Fue detenido un sujeto señalado de hurtar celulares aprovechando las ventanas de buses de TransMilenio; su más reciente caso ocurrió en la estación Paloquemao.,0,03/17/2026 08:37,https://www.instagram.com/reel/DV_aPwjDlzE/,Reel de Instagram,,Total,7773,5450,91,4,0,3,3
18136484389513296,17841401871496039,360radioco,360 Radio Colombia,"🗣️ “El gran reto de este país son los informales que trabajan todo el día y no alcanzan el salario mínimo. Los apoyaremos con crédito popular masivo y verdaderas alternativas de progreso”.

Paloma Valencia, candidata presidencial del Centro Democrático.",0,03/17/2026 08:45,https://www.instagram.com/reel/DV_a5EBDgDf/,Reel de Instagram,,Total,2121,1693,46,0,0,12,1
17925762591249452,17841401871496039,360radioco,360 Radio Colombia,"Avianca lanzó una nueva jornada de descuentos con tiquetes desde $48.500 por trayecto, en el marco de campañas como el Hot Sale, con compras disponibles por tiempo limitado y vuelos programados hasta junio de 2026. La oferta incluye tarifas con impuestos y tasas, pero sujetas a disponibilidad de cupos y condiciones específicas.

Entre las rutas destacadas aparecen trayectos como Medellín–Santa Marta, así como conexiones hacia ciudades como Pereira, Armenia, Cali, Barranquilla, Bucaramanga y Montería, con precios que varían según el destino y la demanda.

La aerolínea busca impulsar el turismo nacional antes de mitad de año con descuentos de hasta 70% en vuelos domésticos, además de promociones adicionales en rutas internacionales y beneficios como redención de millas, consolidando una de las ofertas más agresivas del mercado aéreo en Colombia.",0,03/17/2026 09:00,https://www.instagram.com/p/DV_dFJfka22/,Imagen de Instagram,,Total,247788,164981,2608,3499,244,55,407
18095939225482061,17841401871496039,360radioco,360 Radio Colombia,"🗣️ “Mi instrucción es que nada ni nadie puede impedir el ingreso de los funcionarios, y la ciudadanía, a las instalaciones de la Alcaldía”.

Federico Gutiérrez, Alcalde de #Medellín, sobre la situación de la Minga Indígena en la ciudad.",0,03/17/2026 14:03,https://www.instagram.com/reel/DV__oXrESUc/,Reel de Instagram,,Total,5135,3672,399,5,3,28,4
17873411118447721,17841401871496039,360radioco,360 Radio Colombia,"¡Se fue formando el pleque-pleque, boroló! Un operativo de control derivó en una pelea en las cercanías del aeropuerto internacional Simón Bolívar de #SantaMarta, donde un taxista de avanzada edad y un agente de tránsito terminaron enfrentándose físicamente tras una fuerte discusión en plena vía pública.

De acuerdo con reportes iniciales, el altercado comenzó cuando el funcionario solicitó al conductor mover su vehículo de una zona restringida, lo que provocó una reacción negativa que fue subiendo de tono hasta llegar a los golpes.",0,03/17/2026 14:15,https://www.instagram.com/reel/DWABD04EZjq/,Reel de Instagram,,Total,20288,9739,229,44,1,34,10
17990176370950686,17841401871496039,360radioco,360 Radio Colombia,"“Le pido a los líderes activistas del Centro Democrático, que reciban con cariño a la Minga Indígena, y les digan que no se dejen manipular de Gustavo Petro e Ivan Cepeda”.

Alvaro Uribe, ex presidente de #Colombia.",85,03/17/2026 14:25,https://www.instagram.com/reel/DWACFVuDrVc/,Reel de Instagram,,Total,2456,1691,96,4,0,9,6
18085047146465785,17841401871496039,360radioco,360 Radio Colombia,"🏥 La posible liquidación de varias EPS en Colombia, impulsada por el presidente Gustavo Petro, encendió las alarmas en el sistema de salud. Según lo planteado, siete entidades actualmente intervenidas por el Gobierno podrían desaparecer, lo que afectaría directamente a millones de afiliados en todo el país y obligaría a una reconfiguración total del modelo de atención. ￼

Estas EPS concentran una enorme cantidad de usuarios y cumplen funciones clave como la gestión del riesgo, la articulación de servicios y el pago a hospitales y clínicas. Expertos advierten que eliminarlas de forma simultánea, sin un plan claro de reemplazo, podría generar un colapso operativo, dejando a pacientes —especialmente los de alto costo o tratamientos continuos— en una situación crítica. ￼

El debate surge en medio de una crisis financiera estructural del sistema, con deudas acumuladas y tensiones por el uso de los recursos. Mientras el Gobierno defiende la liquidación como una salida ante la insostenibilidad de varias EPS, distintos sectores alertan que una decisión apresurada podría desencadenar una crisis sanitaria “sin precedentes” en Colombia.",0,03/17/2026 15:57,https://www.instagram.com/p/DWAMyujjgHl/,Imagen de Instagram,,Total,3088,1980,13,0,0,20,1
18096694315975985,17841401871496039,360radioco,360 Radio Colombia,"🚍 TransMilenio comenzó a implementar un nuevo sistema de pagos digitales que permite a los usuarios ingresar sin la tradicional tarjeta TuLlave, utilizando tarjetas débito, crédito o incluso dispositivos móviles. Esta innovación hace parte de un proceso de modernización del transporte público en Bogotá, alineado con estándares internacionales y nuevas tecnologías. ￼

El sistema funciona mediante validadores sin contacto instalados en estaciones y portales específicos, donde los pasajeros solo deben acercar su tarjeta bancaria o celular para pagar el pasaje. Actualmente, esta modalidad está habilitada en puntos piloto y acepta franquicias como Visa y Mastercard, además de billeteras digitales y relojes inteligentes compatibles. ￼

Aunque la tarjeta TuLlave sigue vigente, esta nueva alternativa busca reducir filas, agilizar el ingreso y facilitar la experiencia del usuario. Con el tiempo, se espera que el sistema se expanda a más estaciones, consolidando un modelo de pago más rápido, práctico y acorde a las dinámicas digitales actuales.",0,03/17/2026 15:59,https://www.instagram.com/p/DWANE-JDmq8/,Imagen de Instagram,,Total,12407,8521,148,17,3,8,8
18057515063443007,17841401871496039,360radioco,360 Radio Colombia,"🏦 Mastercard anunció la compra de la fintech BVNK por hasta US$1.800 millones, en una movida estratégica con la que busca meterse de lleno en el mundo de las criptomonedas y transformar la forma en que se mueve el dinero a nivel global. La operación incluye pagos adicionales sujetos a desempeño y podría cerrarse antes de finalizar el año. ￼

BVNK es una plataforma especializada en stablecoins que permite a empresas enviar y recibir pagos digitales en más de 130 países, conectando el dinero tradicional con activos digitales. Con esta adquisición, Mastercard pretende integrar estas tecnologías a su red global, que ya opera en más de 200 países, para ofrecer transacciones más rápidas, programables y eficientes. ￼

El movimiento refleja una tendencia clara: los gigantes financieros están apostando fuerte por las monedas digitales como el futuro de los pagos. Analistas señalan que esta compra podría acelerar la adopción de stablecoins en operaciones cotidianas como remesas, pagos empresariales y transferencias internacionales, marcando un antes y un después en la industria financiera.",0,03/17/2026 16:30,https://www.instagram.com/p/DWAQmjxDl_H/,Imagen de Instagram,,Total,4147,2518,33,17,0,0,6
17849882727660331,17841401871496039,360radioco,360 Radio Colombia,"🪗 El concierto de Silvestre Dangond en Bogotá ha generado gran expectativa, no solo por el reencuentro con Juancho de la Espriella, sino también por el precio de sus entradas. La boletería presenta un amplio rango que va desde valores cercanos a los $200.000 en localidades más económicas, hasta zonas exclusivas que superan el millón de pesos. ￼

Los precios varían según la ubicación y la experiencia que quiera vivir el asistente, con opciones como graderías, zonas VIP y palcos para grupos, estos últimos siendo los más costosos del evento. Además, al valor base se le suman cargos por servicio, lo que incrementa significativamente el precio final de cada boleta. ￼

Este concierto hace parte de una de las giras más esperadas del vallenato reciente, lo que explica la alta demanda y los costos elevados. Para muchos fanáticos, ver a Silvestre en vivo se ha convertido en un lujo, pero también en una experiencia imperdible dentro del panorama musical colombiano.",0,03/17/2026 17:00,https://www.instagram.com/p/DWAUCbdjumx/,Imagen de Instagram,,Total,20606,13453,131,6,2,9,3
18314041675249189,17841401871496039,360radioco,360 Radio Colombia,"🇨🇴 La representante Jennifer Pedraza cuestionó duramente al presidente Gustavo Petro, señalando que estaría politizando la crisis del sistema de salud y utilizándola como una estrategia para desviar la atención pública.

En ese contexto, la congresista anunció que volverá a presentar una moción de censura contra el ministro Guillermo Alfonso Jaramillo. Según indicó, las medidas adoptadas por el Gobierno podrían impactar especialmente a las poblaciones más vulnerables, por lo que insistió en que el funcionario debe dar explicaciones ante el Congreso.",0,03/17/2026 17:34,https://www.instagram.com/reel/DWAXvIOjqvg/,Reel de Instagram,,Total,5739,4417,475,25,4,34,13
18459482101101706,17841401871496039,360radioco,360 Radio Colombia,"La representante Jennifer Pedraza cuestionó duramente al presidente Gustavo Petro, señalando que estaría politizando la crisis del sistema de salud y utilizándola como una estrategia para desviar la atención pública.

En ese contexto, la congresista anunció que volverá a presentar una moción de censura contra el ministro Guillermo Alfonso Jaramillo. Según indicó, las medidas adoptadas por el Gobierno podrían impactar especialmente a las poblaciones más vulnerables, por lo que insistió en que el funcionario debe dar explicaciones ante el Congreso.",79,03/17/2026 18:10,https://www.instagram.com/reel/DWAcEwxh7PH/,Reel de Instagram,,Total,3530,2514,188,3,0,10,1
18120627664859189,17841401871496039,360radioco,360 Radio Colombia,"👀 El representante a la Cámara Alfredo Mondragón expresó su apoyo a la decisión del presidente Gustavo Petro de liquidar las EPS que se encuentran en quiebra. Según afirmó, el sistema ha terminado por convertir la salud —e incluso la muerte— en un negocio.",0,03/17/2026 22:56,https://www.instagram.com/reel/DWA8IKPjsYk/,Reel de Instagram,,Total,2564,1895,14,0,0,65,2
17939520411174500,17841401871496039,360radioco,360 Radio Colombia,"📕 El paro nacional de maestros en Colombia fue convocado por Fecode como una jornada de movilización en defensa de la educación pública y el cumplimiento de acuerdos con el Gobierno. La protesta busca visibilizar problemáticas relacionadas con las condiciones laborales de los docentes y la financiación del sector educativo.

De acuerdo con la convocatoria, la jornada se realizará en todo el país en una fecha específica definida por el sindicato, con marchas y concentraciones en las principales ciudades. Este tipo de movilizaciones suelen tener una duración de 24 horas y cuentan con la participación de docentes, directivos y otros actores del sistema educativo.

En distintos casos recientes, estas protestas han implicado marchas, plantones y algunas alteraciones en la normalidad académica, aunque las autoridades han reiterado que, cuando aplica, las clases deben ser recuperadas posteriormente para cumplir con el calendario escolar.",0,03/18/2026 08:25,https://www.instagram.com/p/DWB95WvDsoJ/,Imagen de Instagram,,Total,3005,1794,42,10,0,20,1
18140829811439991,17841401871496039,360radioco,360 Radio Colombia,"💵 La economía colombiana arrancó 2026 con un crecimiento de 1,55 % en enero, de acuerdo con el Indicador de Seguimiento a la Economía (ISE) del DANE, reflejando un avance moderado en la actividad productiva del país. Este resultado confirma que el país se mantiene en terreno positivo, aunque con un ritmo más lento frente a periodos anteriores de mayor expansión. ￼

El dato también se da en un contexto de desaceleración económica, ya que distintos análisis habían anticipado un inicio de año con menor dinamismo, especialmente en sectores como la industria, la construcción y el comercio. Aun así, algunas actividades como el agro y los servicios financieros han mostrado mejor desempeño, ayudando a sostener el crecimiento general. ￼

Este comportamiento se suma al balance de 2025, año en el que la economía colombiana creció 2,6 %, impulsada principalmente por el comercio, los servicios y la administración pública. Sin embargo, el bajo crecimiento de enero evidencia que el país sigue enfrentando retos para consolidar una recuperación más sólida durante 2026.",0,03/18/2026 09:19,https://www.instagram.com/p/DWCEDWRDv3M/,Imagen de Instagram,,Total,903,560,9,0,0,0,0
17981619617811911,17841401871496039,360radioco,360 Radio Colombia,"⚾️ Venezuela hizo historia en el Clásico Mundial de Béisbol 2026 al derrotar 3-2 a Estados Unidos en una final vibrante disputada en Miami, logrando su primer título en este torneo. El equipo vinotinto se impuso con una actuación sólida y un cierre dramático que terminó marcando un antes y un después en su historia deportiva. ￼

El juego se definió en la novena entrada gracias a un batazo clave de Eugenio Suárez, que rompió el empate luego de que Estados Unidos igualara el marcador en el octavo inning con un jonrón de dos carreras. La ofensiva venezolana respondió en el momento justo, mientras que su cuerpo de lanzadores limitó a la potente alineación estadounidense a muy pocas oportunidades. ￼

Más allá del resultado, el triunfo desató celebraciones masivas en Venezuela y marcó un logro histórico para el país, que nunca había ganado este campeonato. Además, el torneo dejó como figura a Maikel García, elegido MVP, consolidando a la selección venezolana como una nueva potencia del béisbol internacional.",0,03/18/2026 10:09,https://www.instagram.com/p/DWCJwq6Dt9h/,Imagen de Instagram,,Total,1258,806,25,0,0,0,0
18084264440263266,17841401871496039,360radioco,360 Radio Colombia,"💣 Registro de bombardeos y ataques al pueblo de Irán. Presuntamente, provienen de #EstadosUnidos. En desarrollo.",0,02/28/2026 08:02,https://www.instagram.com/reel/DVTrzHDjkkP/,Reel de Instagram,,Total,5188,3726,102,26,1,1,4
17938255548150613,17841401871496039,360radioco,360 Radio Colombia,🥺 En video quedó registrado cómo el Hotel Fairmont de Dubái se incendió después de que Irán lanzara misiles hacia varios países del Golfo.,0,02/28/2026 08:30,https://www.instagram.com/reel/DVTu79-jmyX/,Reel de Instagram,,Total,23717,17218,234,131,9,8,17
18097635122494584,17841401871496039,360radioco,360 Radio Colombia,"👀 Ciudadano argentino que recorre el continente en bicicleta denunció en video que perdió sus pertenencias mientras pasaba por #Bogotá y aseguró que pidió ayuda a un policía pero no recibió el apoyo esperado; no obstante, no explicó con claridad cómo ocurrieron los hechos.",0,02/28/2026 09:15,https://www.instagram.com/reel/DVTz_AeDqGo/,Reel de Instagram,,Total,20867,13510,574,91,3,112,34
17867070750581720,17841401871496039,360radioco,360 Radio Colombia,"#Mundo l ¡Los países más limpios de corrupción en 2026 según Transparency International lideran con Dinamarca en primer lugar, ¡un ejemplo de transparencia total! Finlandia y Singapur siguen de cerca en el top 3.

🌍 Dinamarca, el rey de la honestidad. Con su gobierno impecable y sistemas que priorizan la ética pública, Dinamarca arrasa año tras año en el Índice de Percepción de Corrupción (IPC). Es el destino ideal para inversores que buscan cero riesgos por sobornos o irregularidades. ¡Un modelo a seguir para el mundo! 

📈 Top 10 completo sin sorpresas. Nueva Zelanda (4), Noruega (5), Suecia (6), Suiza (7), Luxemburgo (8), Países Bajos (9) y Alemania (10) cierran esta élite nórdica-europea. Todos destacan por instituciones fuertes y baja percepción de corrupción en el sector público.",0,02/28/2026 11:23,https://www.instagram.com/p/DVUCw18kdJ9/,Imagen de Instagram,,Total,2335,1458,41,4,0,1,9
18428801386139458,17841401871496039,360radioco,360 Radio Colombia,"#AHORA 

El Presidente de los Estados Unidos de América Donald Trump confirma la muerte del líder supremo de Irán Ali Jamenei.",0,02/28/2026 14:18,https://www.instagram.com/p/DVUW1sHDIXM/,Imagen de Instagram,,Total,4986,2685,131,7,0,3,3
17867251074571740,17841401871496039,360radioco,360 Radio Colombia,"🗣️ “La intervenida Nueva EPS está colapsada yEl Ministro Jaramillo pretende trasladarle forzosamente 2,6 M de afiliados de EPS que están mejor como Sura y #Sanitas”.

@andres.forerom, Representante a la Cámara y candidato al Senado en lista cerrada del Centro Democrático.",62,02/28/2026 15:00,https://www.instagram.com/reel/DVUbqqSjmQH/,Reel de Instagram,,Total,1959,1693,47,2,1,0,1
17981398322809868,17841401871496039,360radioco,360 Radio Colombia,"🇨🇴 El aspirante presidencial Abelardo de la Espriella (@ABDELAESPRIELLA) culminó su primera gira proselitista en la Plaza Fundacional de Suba, en Bogotá. Durante su intervención estuvo junto a Rodrigo Lara, quien hace poco oficializó su apoyo al candidato del sector de derecha.",0,02/28/2026 17:13,https://www.instagram.com/reel/DVUp742Dpfw/,Reel de Instagram,,Total,22287,14920,887,10,2,90,18
18074739701566628,17841401871496039,360radioco,360 Radio Colombia,"🥺 Durante su presentación en #Bogotá, Jowell y Randy homenajearon a #YeisonJiménez Q.E.P.D. cantando su canción ‘El Aventurero’.",0,03/01/2026 05:32,https://www.instagram.com/reel/DVU_D68jp82/,Reel de Instagram,,Total,3653,2884,93,8,0,1,0
18095556187797648,17841401871496039,360radioco,360 Radio Colombia,"🚗 La movilidad eléctrica ya no es una promesa de futuro en la región: es una tendencia que avanza con fuerza y empieza a redefinir la forma en que se mueve América Latina. Más modelos disponibles, mayor interés del consumidor y políticas de transición energética están acelerando un cambio que impacta tanto al mercado automotor como a la infraestructura urbana 🌎.

🔋 En este nuevo escenario, países que tradicionalmente no lideraban la industria automotriz hoy ganan protagonismo gracias a la adopción de tecnologías limpias, la llegada de nuevas marcas y el crecimiento de redes de carga. Para mercados como el colombiano, este avance abre una ventana clave de inversión, empleo y desarrollo tecnológico, en un momento en el que la sostenibilidad ya es un factor competitivo real 💼⚙️.

🌱 El reto ahora va más allá de vender vehículos: pasa por garantizar energía limpia, ciudades preparadas y reglas claras para impulsar una transición que sea inclusiva y sostenible. La electrificación del transporte no solo reduce emisiones… también puede convertirse en uno de los motores económicos más relevantes de la región en los próximos años 🚀💚.",0,03/01/2026 05:38,https://www.instagram.com/p/DVWAC-BjrE6/,Imagen de Instagram,,Total,4712,3085,70,3,2,2,6
18155541232430813,17841401871496039,360radioco,360 Radio Colombia,"💰📊 En la región, cada vez más personas sienten que su ingreso ya no alcanza para cubrir lo esencial. La conversación sobre el poder adquisitivo dejó de ser un tema técnico y pasó a ser una preocupación cotidiana que impacta decisiones de consumo, bienestar y hasta proyectos de vida 🌎.

⚠️ Esta percepción es una señal clara para gobiernos, empresas y actores del mercado laboral: el debate ya no es solo cuánto se gana, sino cuánto rinde realmente ese ingreso frente al costo de vivir, trabajar y sostener un hogar. Detrás de cada cifra hay historias de ajuste, de prioridades forzadas y de nuevas exigencias al mundo del trabajo 💬.

🤝 Hoy más que nunca, hablar de salario, productividad y calidad de empleo es hablar de competitividad, desarrollo social y estabilidad económica. Abrir esta discusión con datos, mirada regional y enfoque humano es clave para construir soluciones que sí conecten con la realidad de millones de personas. Porque un mercado laboral más justo no solo se mide en números… se mide en oportunidades reales ✨.",0,03/01/2026 08:39,https://www.instagram.com/p/DVWU1jhDpOj/,Imagen de Instagram,,Total,1936,1122,28,0,0,0,1
18144300934469615,17841401871496039,360radioco,360 Radio Colombia,"#Mundo l ¡Las marcas de autos más confiables de 2026 según Consumer Reports están aquí! Toyota lidera con 66 puntos, seguida de cerca por Subaru (63) y Lexus (63). 

🚗 Toyota en la cima absoluta. Con un impresionante puntaje de 66, esta marca japonesa demuestra por qué es la favorita: durabilidad legendaria, bajo mantenimiento y modelos como el Camry o RAV4 que brillan en pruebas reales. Si buscas un carro que te dure años sin dramas, Toyota es tu aliada infalible. ¡No por nada domina el ranking año tras año!

📊 El top 10 completo al detalle. Lexus (63) y Honda (59) ocupan el podio, con BMW (58), Nissan (57), Acura (54), Buick (51), Tesla (51, ¡gran salto!), Kia (49) cerrando la lista elite. Marcas asiáticas arrasan, mientras europeas como BMW sorprenden. Elige bien y evita talleres constantes. 

🔥 ¿Listo para invertir inteligente? En 2026, prioriza la confiabilidad para ahorrar plata y dolores de cabeza. Comparte si tu marca favorita está en el top ¿o prefieres apostar por Toyota? ¡Comenta abajo! #AutosConfi",0,03/01/2026 10:01,https://www.instagram.com/p/DVWeQjDDiCr/,Imagen de Instagram,,Total,68112,42724,517,264,51,30,110
18257617987288100,17841401871496039,360radioco,360 Radio Colombia,"#EntreVocesBy360° En 360 Radio conversamos con Jennifer Pedraza, candidata al Senado, sobre el momento decisivo que atraviesa Colombia rumbo a las elecciones del 8 de marzo. 🇨🇴🗳️

Durante la entrevista, analizó los desafíos que enfrentará el nuevo Congreso, el papel que deberá asumir el Senado ante el próximo gobierno y las reformas que, según ella, serán clave para el futuro del país.

También habló del ambiente electoral, las alianzas que podrían definirse en las próximas semanas y el rumbo que podría tomar la política colombiana en los próximos años.

👉 Capitulo completo en: https://www.youtube.com/@360RadioColombia
#Elecciones2026 #Senado #PolíticaColombiana #360Radio",77,03/01/2026 10:27,https://www.instagram.com/reel/DVWhBrjAtEU/,Reel de Instagram,,Total,1413,1122,21,1,0,0,3
18127746988548766,17841401871496039,360radioco,360 Radio Colombia,"🇻🇪 La dirigente opositora venezolana y ganadora del Premio Nobel de la Paz, María Corina Machado, anunció desde Estados Unidos que planea volver a Venezuela dentro de “pocas semanas”, con la intención de impulsar una transición democrática que sea ordenada, duradera e imparable.",0,03/01/2026 11:13,https://www.instagram.com/reel/DVWmXBQEW39/,Reel de Instagram,,Total,1467,1205,32,0,0,2,1
18053782160702105,17841401871496039,360radioco,360 Radio Colombia,🥺 Así fue visto un perrito en las playas colombianas. La realidad de varios animalitos en nuestro país.,30,03/01/2026 14:05,https://www.instagram.com/reel/DVW6KoMFzF7/,Reel de Instagram,,Total,5769,3913,98,1,1,18,3
17868657027568212,17841401871496039,360radioco,360 Radio Colombia,"🔥 Nacional vs Millonarios: un duelo que también se juega en millones.

La Copa Sudamericana 2026 mueve más de €1.000 millones en valor de mercado y los clubes colombianos buscan hacerse sentir en medio del dominio económico de Brasil y Argentina.

💰 Atlético Nacional casi duplica el valor de Millonarios en la previa a grupos… pero en la cancha la historia siempre puede cambiar.",0,03/01/2026 18:13,https://www.instagram.com/p/DVXWizojuUC/,Secuencia de Instagram,,Total,3919,1828,34,3,1,0,2
18056992193695081,17841401871496039,360radioco,360 Radio Colombia,"🔴 Una amenaza de ataque obligó a cancelar la visita oficial del alcalde de Medellín, Federico Gutiérrez, y del gobernador de Antioquia, Andrés Julián Rendón, a Hidroituango. La actividad incluía un recorrido técnico y una rueda de prensa con más de 100 periodistas. Equipos de inteligencia detectaron sobrevuelo de drones grandes en el sector. ￼

🤌🏻 Las autoridades asociaron la presencia de estas aeronaves a disidencias del frente 36 de las Farc.  Por precaución se reprogramó la agenda en Medellín. ￼

📍 El Ejército recomendó suspender el desplazamiento mientras se verifica la amenaza real. Las medidas de proyección se reforzaron antes de tomar la decisión final. El anuncio llegó casi al cierre del domingo, obligando a hacer ajustes de último momento. ￼",0,03/02/2026 07:28,https://www.instagram.com/p/DVYxd8Gjs1K/,Imagen de Instagram,,Total,5612,3428,73,0,0,6,2
18091620056514077,17841401871496039,360radioco,360 Radio Colombia,"🗣️ “Cepeda, Cepeda, Cepeda”, gritaban ciudadanos tras el arribo de #AbelardodelaEspriella, quien se acercó a ellos y les dijo: “yo respeto que voten por quien quieran votar. Esto es un democracia”.",0,03/02/2026 07:42,https://www.instagram.com/reel/DVYy9bljsfD/,Reel de Instagram,,Total,12497,7556,548,56,0,51,10
17995553279916559,17841401871496039,360radioco,360 Radio Colombia,"🗣️ “Lo que nosotros exigimos no solo por nosotros, sino para las comunidades es seguridad para la gente y para la región”, 

Alcalde Federico Gutiérrez sobre la amenaza de un posible atentado en Hidroituango.",0,03/02/2026 08:11,https://www.instagram.com/reel/DVY1_JdjnDS/,Reel de Instagram,,Total,3004,2279,135,4,2,10,3
17969089232867774,17841401871496039,360radioco,360 Radio Colombia,"👀 El Presidente #GustavoPetro lleva tres años y medio desde que llegó a la Casa de Nariño. A cinco meses de la finalización de su Gobierno, algunos colombianos cuentan si les ha gustado o no su gestión.",0,03/02/2026 08:22,https://www.instagram.com/reel/DVY3SAsjghQ/,Reel de Instagram,,Total,2647,2104,80,10,0,12,0
17899404525397214,17841401871496039,360radioco,360 Radio Colombia,"⚽️🇨🇴 La Selección #Colombia jugará el partido de despedida, previo al Mundial, en Bogotá, el próximo 29 de mayo. El rival aún está por definir.

🤝 El último partido de preparación para la máxima cita orbital será el 7 de junio en Estados Unidos.",0,03/02/2026 08:47,https://www.instagram.com/reel/DVY6T6bDmI4/,Reel de Instagram,,Total,18810,14906,330,293,9,9,14
18064317791676049,17841401871496039,360radioco,360 Radio Colombia,"🗣️ “Nosotros no necesitamos treguas con los violentos, necesitamos al ELN en la cárcel”.

@palomavalencial, precandidata presidencial del #CentroDemocrático",17,03/02/2026 09:00,https://www.instagram.com/reel/DVY7_8sDtNs/,Reel de Instagram,,Total,1452,1091,37,0,0,5,1
17861412498605146,17841401871496039,360radioco,360 Radio Colombia,"🇲🇽 Histórica noche en el corazón de México: #Shakira hizo vibrar el Zócalo de la Ciudad de México y reunió a más de 400.000 personas en un concierto gratuito que ya es récord.

La artista colombiana superó todas las expectativas y marcó un antes y un después en la plaza pública más emblemática del país, consolidando una de las presentaciones más multitudinarias de su carrera.

Con este show masivo, Shakira cerró su gira por México dejando cifras históricas y una imagen inolvidable: el Zócalo completamente lleno cantando a una sola voz.",0,03/02/2026 09:42,https://www.instagram.com/reel/DVZAvZCDvMw/,Reel de Instagram,,Total,4019,3450,97,18,0,2,2
18157025650434830,17841401871496039,360radioco,360 Radio Colombia,"⚽️🇨🇴 Luis Díaz, jugador colombiano del #BayernMunich, habló sobre la victoria con los Bávaros ante Borussia Dortmund, en el clásico alemán, y cómo se ha preparado la Selección Colombia para el Mundial 2026.",0,03/02/2026 11:04,https://www.instagram.com/reel/DVZJj-PEb8K/,Reel de Instagram,,Total,2441,2052,75,2,1,0,1
18064183529665361,17841401871496039,360radioco,360 Radio Colombia,🤬 Un grupo de motociclistas volvió a tomarse el Túnel de la Avenida Colombia para hacer carreras clandestinas y maniobras extremas. En las imágenes se observa cómo realizan acrobacias de alto riesgo dentro del paso subterráneo durante el fin de semana. Las autoridades ya advirtieron que reforzarán los operativos de control en la zona.,0,03/02/2026 11:19,https://www.instagram.com/reel/DVZL6OFkbxB/,Reel de Instagram,,Total,20655,13555,141,61,0,47,7
18004229723889903,17841401871496039,360radioco,360 Radio Colombia,"⛽️ A partir del 1 de marzo de 2026, el precio del galón de gasolina corriente en Colombia baja $500 pesos como parte de una nueva medida del Gobierno para aliviar los costos de los combustibles. Esta es la segunda rebaja consecutiva registrada este año, y sitúa el precio promedio en las principales ciudades alrededor de $15.057 por galón. ￼

Aunque la reducción es la misma en todo el país, el valor final que se paga varía según la ciudad. Ciudades como Villavicencio, Cali y Bogotá mantienen los precios más altos tras la rebaja, mientras que Pasto y Cúcuta se ubican entre las más económicas. Esto se debe a factores como costos logísticos y tributarios locales que influyen en el precio final del combustible. ￼

💡 Esta disminución representa un alivio económico tanto para quienes usan el vehículo en su vida diaria como para sectores productivos que dependen del transporte. Aunque el precio sigue siendo diferente según la región, el ajuste ofrece un respiro en el presupuesto familiar y empresarial.",0,03/02/2026 13:11,https://www.instagram.com/p/DVZYsoKjot5/,Imagen de Instagram,,Total,3909,2246,18,1,0,1,0
17860249407546119,17841401871496039,360radioco,360 Radio Colombia,"Grupo Argos cerró 2025 con utilidades por COP 4,3 billones tras ejecutar su histórica reestructuración y materializar desinversiones clave. El ebitda creció 10% y el margen alcanzó 25%. 

❗ Además, distribuyó más de COP 11,5 billones a sus accionistas y consolidó un portafolio de proyectos cercano a COP 40 billones.

“El 2025 fue un año excepcional para Grupo Argos en el que logramos ejecutar el Proyecto de Escisión para enfocar y simplificar la estructura societaria, revelar y distribuir valor a nuestros accionistas y monetizar la inversión que durante 20 años tuvo la organización en Estados Unidos"" dijo Jorge Mario Velásquez",0,03/02/2026 14:14,https://www.instagram.com/p/DVZf9OqFWtb/,Imagen de Instagram,,Total,2448,1537,40,1,0,0,0
17957956746063123,17841401871496039,360radioco,360 Radio Colombia,"🇨🇴 Álvaro Uribe, ex Presidente de la República, expuso algunas de las problemáticas que ha generado el Gobierno de Gustavo Petro, lo que avizora para el futuro del país, cómo seria su gestión de Senador y más.

La charla completa, a partir de las 7 p.m. en nuestro canal de YT. 

#AlvaroUribe #CentroDemocratico #Colombia #Elecciones2026",0,03/02/2026 14:51,https://www.instagram.com/reel/DVZjggHDkc-/,Reel de Instagram,,Total,3146,2104,178,3,2,35,2
17944002384125361,17841401871496039,360radioco,360 Radio Colombia,"📉 Una realidad que afecta a millones de trabajadores: Según una reciente encuesta en varios países de América Latina, la mayoría de personas que perciben el salario mínimo considera que ese ingreso no alcanza para cubrir las necesidades básicas, como alimentación, vivienda, salud y transporte. La percepción de insuficiencia es especialmente alta en países como Panamá, Ecuador, Argentina, Perú y Chile, donde más del 80 % de los encuestados opinan que sus ingresos no son suficientes.

💸 Inflación y costo de vida empujan el debate salarial: Los resultados ponen de manifiesto cómo el poder adquisitivo del salario mínimo se ha erosionado frente al aumento del costo de la vida y la inflación, llevando a que incluso trabajadores formales no logren llegar a fin de mes con lo que ganan legalmente. Esta brecha impacta la calidad de vida y aumenta la vulnerabilidad de los hogares en toda la región.

🤝 Un llamado a replantear políticas laborales: Más allá de las cifras, la encuesta de Bumeran abre un debate sobre la necesidad urgente de ajustar los mecanismos de fijación del salario mínimo y políticas públicas, para que este ingreso sea más acorde con la realidad económica local y permita una vida digna a quienes trabajan legalmente.",0,03/02/2026 16:24,https://www.instagram.com/p/DVZu5RrkjqS/,Imagen de Instagram,,Total,1331,870,12,0,0,0,1
18570883627013850,17841401871496039,360radioco,360 Radio Colombia,"🇨🇴 Rodrigo Londoño, alias Timochenko, reconoció ante la JEP el reclutamiento de menores.",0,03/02/2026 16:58,https://www.instagram.com/reel/DVZyj-PjkaI/,Reel de Instagram,,Total,1370,995,23,1,0,6,1
17928580266232932,17841401871496039,360radioco,360 Radio Colombia,"📊 Según un análisis del centro de pensamiento económico ANIF, el **valor del costo por hora trabajada aumentará de $9.948 en el primer semestre de 2026 a $10.422 en el segundo semestre. Este incremento responde principalmente al ajuste del salario mínimo de este año y refleja cómo la reducción progresiva de la jornada laboral (de 48 a 42 horas semanales) eleva automáticamente el costo por hora trabajada para los empleadores.

💼 Este aumento de más del 34 % en poco más de un año representa un desafío para las empresas, especialmente las micro y pequeñas, donde una gran proporción de trabajadores devenga el salario mínimo. Para estas organizaciones, absorber este incremento de costos por hora puede afectar decisiones de contratación, inversión y formalización, generando presión sobre su competitividad.

📌 Aunque este ajuste beneficia a los trabajadores al reconocer de mejor forma su tiempo de trabajo y proteger su poder adquisitivo, también plantea debates sobre la sostenibilidad de los empleos formalizados y la capacidad de las empresas para adaptarse sin trasladar los costos a precios finales. Analizar estos cambios es clave para entender cómo evolucionará el mercado laboral colombiano este año.",0,03/02/2026 17:03,https://www.instagram.com/p/DVZzSOriAaN/,Imagen de Instagram,,Total,6317,3913,44,5,1,0,5
18174421447389481,17841401871496039,360radioco,360 Radio Colombia,"🗳️ Sergio Fajardo, precandidato presidencial, comparó los recursos de su campaña con los de sus competidores, Iván Cepeda y Abelardo De La Espriella, quienes además lideran las encuestas de intención de voto para este 8 de marzo.",38,03/02/2026 18:00,https://www.instagram.com/reel/DVZ52MXl7G9/,Reel de Instagram,,Total,2149,1466,42,6,1,4,0
17917544361273301,17841401871496039,360radioco,360 Radio Colombia,"🗣️ “Gobierno Petro, qué descaro. Ahora dicen que en Antioquia están fingiendo atentados. ¿También van a negar que están disparados el terrorismo, el homicidio y el secuestro? Conmigo todos los violentos para la cárcel”.

Paloma Valencia, precandidata presidencial.",0,03/02/2026 18:41,https://www.instagram.com/reel/DVZ-hbODo4G/,Reel de Instagram,,Total,1487,1078,31,1,0,11,0
17965160595045576,17841401871496039,360radioco,360 Radio Colombia,"🍔 Burger Master 2026 ya tiene fecha y precio confirmado

El evento gastronómico más esperado del país se realizará del 20 al 26 de abril en distintas ciudades de Colombia.

💰 Precio único: $21.000 por hamburguesa participante

 📲 Consulta todas las opciones en la App Tulio

En su edición anterior se vendieron más de 3 millones de hamburguesas, consolidando al Burger Master como uno de los eventos de mayor impacto para el sector gastronómico.

#BurgerMaster #Colombia #Economía",0,03/03/2026 07:16,https://www.instagram.com/p/DVbU6wfDv7N/,Imagen de Instagram,,Total,986947,523395,18552,23479,70,99,1452
18560423302006121,17841401871496039,360radioco,360 Radio Colombia,"📢 Los equipos históricos ya están presionando fuerte a Dimayor para cambiar el modelo de reparto de los derechos de televisión. La discusión surge porque el contrato actual está por vencer en 2026 y nadie quiere quedarse con migajas mientras las audiencias y el negocio crecen.

Los clubes seguidores de tradición piden que no solo se premie la antigüedad sino también la audiencia, resultados y peso comercial. Hoy, los ingresos se dividen en clases A y B, donde los equipos estables reciben más que los que suben y bajan.
Este debate podría redefinir cómo se financia y escucha el fútbol en Colombia desde 2027. ￼

📺💸 La fórmula actual deja por fuera factores como el impacto mediático real de cada club, según voces internas del fútbol nacional. Si la negociación cambia, equipos que ahora reciben menos podrían ver un aumento enorme en sus ingresos por derechos.
Más plata en taquilla digital = más inversión en jugadores, infraestructura y marketing, dicen los hinchas.",0,03/03/2026 08:36,https://www.instagram.com/p/DVbeBSEjgRf/,Imagen de Instagram,,Total,2581,1619,24,0,0,0,0
17991876668764655,17841401871496039,360radioco,360 Radio Colombia,"🚨En Medellín, la Fiscalía capturó al escolta del secretario de la Cámara de Representantes,
llevando consigo fajos de billetes que, según las autoridades, serían para la compra de votos. El operativo se realizó en medio de investigaciones que comprometen la transparencia electoral. La situación ha generado indignación y cuestionamientos sobre la integridad de funcionarios públicos.

📢 El escolta fue sorprendido con un monto de dinero cuya procedencia está bajo investigación,
y las autoridades analizan si estaba destinado a influir en votos para favorecer a un candidato. El secretario de la Cámara aún no ha sido señalado formalmente, pero la conexión genera ruido. Organizaciones ciudadanas exigen explicaciones y sanciones ejemplares ante la posible corrupción.
En redes, usuarios piden severidad y transparencia en la justicia colombiana.

💬 El caso ha prendido las alarmas en el mundo político y entre los votantes activos,
quienes usan hashtags como #NoALaCompraDeVotos y #TransparenciaYa para expresarse.
La comunidad exige que no haya impunidad y que se fortalezcan controles en campañas. Analistas aseguran que esto podría afectar la confianza en las instituciones electorales.",0,03/03/2026 09:27,https://www.instagram.com/p/DVbjh5ajtEN/,Imagen de Instagram,,Total,7349,3948,118,23,0,10,6
17882150136468124,17841401871496039,360radioco,360 Radio Colombia,"🎓✨ ¡Oportunidad académica internacional!
La Organización de Estados Americanos (OEA), en alianza con Icetex, abrió nuevas becas
para colombianos interesados en maestrías y doctorados en Argentina, Brasil, Ecuador, EE. UU., Perú y más. La convocatoria está abierta hasta el 30 de marzo de 2026 y acepta estudios presenciales y virtuales.

Requisitos clave: tener carta de admisión definitiva y estar entre 25 y 55 años, entre otros. ￼

💡🔍 Estas becas cubren programas en áreas que impulsan el desarrollo social, científico y tecnológico en la región. Las disciplinas disponibles incluyen cultura, turismo sostenible, educación, integración económica, medio ambiente,
y fortalecimiento de instituciones democráticas, entre otras. Es una oportunidad ideal para ampliar tu formación con un enfoque internacional. ￼

📌📅 Cómo aplicar:
La inscripción se realiza antes del 30 de marzo, con todos los documentos listos (incluida la admisión).
Participar puede abrir puertas a universidades de toda América y potenciar tu carrera profesional.
Si cumples los requisitos y tienes la carta de admisión, ¡no lo dudes y aplica ya!
Estas becas buscan apoyar el talento colombiano más allá de fronteras.",0,03/03/2026 09:44,https://www.instagram.com/p/DVblsStjor9/,Imagen de Instagram,,Total,60215,47175,212,103,13,4,46
17851175508638579,17841401871496039,360radioco,360 Radio Colombia,"🗣️ “Daré lo mejor por #Colombia”.

#ÁlvaroUribe, candidato al Senado de la República, en la recta final de su campaña.",0,03/03/2026 10:01,https://www.instagram.com/reel/DVbnznajuni/,Reel de Instagram,,Total,4773,3006,181,7,0,50,3
17866476387590326,17841401871496039,360radioco,360 Radio Colombia,"🗣️ “Ya se sabrán las medidas cautelares, si hay lugar a ellas y al final de un debido proceso, con garantía de la defensa, se sabrá el resultado final”.

El procurador general, Gregorio Eljach, confirmó que actualmente hay 38 investigaciones por participación indebida en política.",0,03/03/2026 11:00,https://www.instagram.com/reel/DVbuX_BEdZr/,Reel de Instagram,,Total,1582,1232,21,1,0,1,1
18097580035758842,17841401871496039,360radioco,360 Radio Colombia,"🏦 Una empresaria de Bogotá denunció públicamente a Bancolombia por la presunta desaparición de $66,5 millones de la cuenta corporativa de su negocio, asegurando que el 17 de septiembre, mientras intentaban pagar la nómina y la plataforma reportaba fallas por supuesto mantenimiento, comenzaron a registrarse transferencias no autorizadas incluso sin validación de los tokens de seguridad.",0,03/03/2026 11:11,https://www.instagram.com/reel/DVbv3b3EZLA/,Reel de Instagram,,Total,7199,5398,113,33,0,12,13
18091424296878305,17841401871496039,360radioco,360 Radio Colombia,"🇪🇸 El presidente Trump ordena suspender las relaciones comerciales con España.

El gobierno español, en defensa del régimen iraní, no permitió que Estados Unidos utilice las bases de Rota y Morón.",0,03/03/2026 11:51,https://www.instagram.com/reel/DVb0LP6kULO/,Reel de Instagram,,Total,6486,4487,206,56,2,15,5
18094641113070837,17841401871496039,360radioco,360 Radio Colombia,🌳 En video quedó registrado cómo se salvó un jabalí de ser cazado por un león. Los cocodrilos fueron sus mayores aliados.,15,03/03/2026 12:18,https://www.instagram.com/reel/DVb2OtCkZkD/,Reel de Instagram,,Total,43017,22627,640,308,1,73,70
18314054968256974,17841401871496039,360radioco,360 Radio Colombia,🔒 Capturan en el sur de #Bogotá a presunto ladrón en moto que tenía 11 celulares robados y portaba un arma traumática: así operaba en los atracos.,0,03/03/2026 12:29,https://www.instagram.com/reel/DVb4yiLER1c/,Reel de Instagram,,Total,2274,1476,39,3,0,3,0
18055876670449419,17841401871496039,360radioco,360 Radio Colombia,"🗳️ En conversación con Entre Voces by 360 Radio, el expresidente y actual candidato al Senado, Álvaro Uribe Vélez, abordó los principales temas de la coyuntura nacional a pocos días de las elecciones. Durante la entrevista habló sobre austeridad fiscal, crecimiento económico, reformas a la salud y pensiones, así como el panorama político de cara a la jornada electoral.",0,03/03/2026 12:40,https://www.instagram.com/p/DVb6B4YkWHr/,Secuencia de Instagram,,Total,9579,5563,437,7,1,60,6
18107846257814036,17841401871496039,360radioco,360 Radio Colombia,"🗣️ “Buen día quiero denunciar esto. A las 6:15AM de hoy 3 de marzo, salió este tipo en moto de Placa IBV18H a darle vueltas a la cancha de microfutbol en el barrio Florencia localidad de Engativá, pensando que está en un autódromo. Al pedirle que se bajara a la calle sale con la excusa de que le pareció buena idea practicar en la mitad del parque”.

Denuncia una ciudadana en #Bogotá.",12,03/03/2026 13:07,https://www.instagram.com/reel/DVb9ElyjiFt/,Reel de Instagram,,Total,16426,10062,119,13,0,22,4
17877674844406017,17841401871496039,360radioco,360 Radio Colombia,"🔴🚨 En el barrio Los Almendros, en #Cali, un escolta adscrito a la Unidad Nacional de Protección frustró un atentado en su contra y abatió al presunto sicario que intentó atacarlo, en un hecho que quedó grabado en cámaras de seguridad y es investigado por la Fiscalía. El caso reabre el debate sobre el riesgo permanente que enfrentan los esquemas de protección en medio del repunte de homicidios selectivos y violencia urbana en la ciudad. Las autoridades deberán establecer si actuó en legítima defensa y si detrás del ataque hay una estructura criminal organizada.",0,03/03/2026 13:41,https://www.instagram.com/reel/DVcA1JHDvaz/,Reel de Instagram,,Total,47826,25919,2269,688,15,357,81
18100390738918709,17841401871496039,360radioco,360 Radio Colombia,"#EntreVoces Semana clave para las elecciones en Colombia y 360 dialogó con @andresgaviriacano, candidato a la Cámara de Representantes por Antioquia, sobre este cierre de campaña y lo relevante que es elegir bien en el departamento. 

¡Mira el capítulo estreno hoy desde las 19:30 hs! 

#Podcast #Antioquia #AndresGaviria #CentroDemocratico",68,03/03/2026 14:05,https://www.instagram.com/reel/DVcDk9ljsCx/,Reel de Instagram,,Total,1106,786,25,1,0,0,0
18107829829806550,17841401871496039,360radioco,360 Radio Colombia,"🗳️🇨🇴 Este 8 de marzo los colombianos no recibirán un solo tarjetón… ¡serán varios!

En esta infografía le explicamos cuáles son, cómo identificarlos y qué debe tener en cuenta al momento de votar en la Consulta Presidencial. Un proceso clave que definirá quiénes avanzan en la carrera por la Casa de Nariño.

Infórmese, revise bien su mesa de votación y participe. La democracia se ejerce con conocimiento.",0,03/04/2026 05:51,https://www.instagram.com/p/DVdwC3wDpOw/,Secuencia de Instagram,,Total,17352,9337,205,117,18,0,98
18083049623461409,17841401871496039,360radioco,360 Radio Colombia,"🇨🇴 La presentadora Jessica Cediel confirmó en redes sociales que respaldará a Paloma Valencia como su opción en la Gran Consulta por Colombia, que se celebrará el próximo 8 de marzo junto con las elecciones legislativas.

Cediel aseguró que su apoyo responde a su amor por el país y su deseo de ver a Colombia “en manos seguras”, mencionando además valores como la fe y el optimismo frente al futuro político del país.

La figura pública no solo generó sorpresa por su postura pública en campaña, sino que también avivó el debate sobre la influencia de personalidades del entretenimiento en la política nacional.",0,03/04/2026 06:06,https://www.instagram.com/p/DVdxoUvjnIe/,Imagen de Instagram,,Total,18347,13758,461,1,3,88,2
17924774022086130,17841401871496039,360radioco,360 Radio Colombia,"🔥 En el clásico colombiano de la fase previa de la Copa Sudamericana, Atlético Nacional y Millonarios FC no solo pelean por avanzar en el torneo continental: también compiten por un premio económico clave. El ganador de este duelo único en el Estadio Atanasio Girardot clasificará a la fase de grupos y asegurará un ingreso de 900.000 dólares, suma que supera los 3.500 millones de pesos colombianos al cambio actual. ￼

📊 Antes de este choque, la Conmebol ya garantizó pagos por disputar la fase previa: Millonarios recibió cerca de 250.000 USD por jugar como visitante y Nacional unos 225.000 USD por ser local. Esa base económica se convierte en un punto de partida importante para las finanzas de ambos clubes, especialmente en un calendario apretado y con exigencias en múltiples frentes. ￼

💰 Más allá de la clasificación, la Sudamericana ofrece incentivos crecientes: los equipos que avancen a octavos, cuartos y semifinales obtienen premios adicionales de hasta 800.000 USD por ronda, y los finalistas pueden acercarse a cifras millonarias que fortalecen su estructura deportiva y administrativa. Por eso, el resultado de este clásico tendrá impacto tanto en el campo como en las arcas de cada institución.",0,03/04/2026 09:06,https://www.instagram.com/p/DVeGSQ7jhP4/,Imagen de Instagram,,Total,38548,27588,378,56,5,2,10
17907807708183601,17841401871496039,360radioco,360 Radio Colombia,"⚖️ Las elecciones de marzo de 2026 no solo son obligatorias para votar, sino que también implican responsabilidades ciudadanas: quienes sean designados como jurados de votación y no se presenten sin una causa justificada enfrentan multas de hasta 10 salarios mínimos legales vigentes, equivalentes a más de 17 millones de pesos colombianos. (360radio.com.co￼)

📌 Además del castigo económico, la ley contempla sanciones adicionales en casos específicos: los servidores públicos que incumplan su deber como jurados pueden incluso perder su cargo. Esta medida busca asegurar la participación efectiva de quienes son convocados para garantizar el normal desarrollo del proceso electoral. (360radio.com.co￼)

📊 La norma responde a la importancia que tienen los jurados en la logística electoral y a la necesidad de evitar faltas masivas que pongan en riesgo la organización de las votaciones el 8 de marzo, fecha en la que Colombia elegirá Congreso y se realizarán consultas interpartidistas. El llamado es a cumplir con esta obligación cívica o enfrentar las consecuencias establecidas por la ley.",0,03/04/2026 09:35,https://www.instagram.com/p/DVeJpm6DkBV/,Imagen de Instagram,,Total,42600,27717,280,456,17,16,47
17923362486252147,17841401871496039,360radioco,360 Radio Colombia,"🎶 Varios de los nombres más reconocidos de la música popular colombiana se unieron para lanzar el tema “Te quiero ver campeón”, una canción creada como homenaje a la Selección Colombia rumbo al Mundial de Fútbol 2026. La colaboración incluye voces como Jessi Uribe, Paola Jara, Pipe Bueno, Arelys Henao, Jhonny Rivera, Ciro Quiñónez, Alzate, Luis Alfonso, Francy, Luisito Muñoz y Jhon Alex Castaño. ￼

📍 La producción, grabada en el barrio Manrique de Medellín, busca no solo acompañar a la Tricolor durante su participación en el torneo, sino también reflejar la cultura popular y el espíritu de unidad que moviliza a millones de aficionados en Colombia. ￼

🇨🇴 El proyecto surgió antes del fallecimiento del artista Yeison Jiménez y fue retomado como tributo a su legado, lo que ha generado gran expectativa entre seguidores del género y de la selección, quienes esperan que el tema se convierta en uno de los himnos de apoyo más sonados del año futbolero.",119,03/04/2026 10:05,https://www.instagram.com/reel/DVeNG31FL6x/,Reel de Instagram,,Total,36724,28987,2068,166,189,57,82
18035071316578686,17841401871496039,360radioco,360 Radio Colombia,"🇨🇴 360 Radio conversa con @danielbricen, candidato a la Cámara de Representantes por Bogotá, sobre su campaña, su férrea oposición al Gobierno y el presente que vive Colombia.",0,03/04/2026 10:49,https://www.instagram.com/reel/DVeR6IoEV8d/,Reel de Instagram,,Total,129295,97878,15773,1959,384,786,350
18095659912961658,17841401871496039,360radioco,360 Radio Colombia,"🗣️ “Es diferente en el ámbito internacional, las cosas por ahí es diferente, a otro precio, más contra ese rival”.

William Tesillo, jugador de #AtléticoNacional, en la previa del partido ante #Millonarios por la fase previa a fase de grupos de la Copa Sudamericana.",28,03/04/2026 11:20,https://www.instagram.com/reel/DVeVn8OFDT3/,Reel de Instagram,,Total,1261,1076,15,0,0,0,0
18136435309444911,17841401871496039,360radioco,360 Radio Colombia,"🇨🇴 La congresista Katherine Miranda denunció que su oficina política, ubicada en Chapinero, fue objeto de actos vandálicos. Personas sin identificar pintaron con aerosol negro los avisos y la fachada del inmueble.",21,03/04/2026 11:45,https://www.instagram.com/reel/DVeYiHblOSI/,Reel de Instagram,,Total,5795,3854,57,5,0,29,0
17940929406153643,17841401871496039,360radioco,360 Radio Colombia,"🇨🇴 Las elecciones de la Consulta Presidencial, Senado de la República y Cámara de Representantes se podrán vivir en el canal de YT de 360 Radio.

Sintonícenos a partir de las 4 p.m. para estar al tanto del futuro colombiano.",0,03/04/2026 12:15,https://www.instagram.com/p/DVeb6e8kXYh/,Imagen de Instagram,,Total,444,273,10,0,0,0,0
18001812872854120,17841401871496039,360radioco,360 Radio Colombia,"¡Bogotá da inicio a la construcción del nuevo estadio internacional! 🏟️
La Alcaldía de Bogotá ha dado comienzo formal a las obras del nuevo estadio que será uno de los desarrollos de infraestructura urbana más importantes del país. Este proyecto, con estándares internacionales, busca modernizar la infraestructura deportiva de la capital y ampliar las oportunidades para deportistas, aficionados y eventos de gran escala.
Durante la ceremonia de inicio, el director del IDRD, Daniel García Cañón, destacó que esta construcción representa un avance histórico: “Estamos avanzando hacia una infraestructura que cumple estándares internacionales y que ampliará las oportunidades para nuestros deportistas, hinchas y la ciudadanía. Este proyecto fortalece el ecosistema deportivo y consolida a Bogotá como una capital preparada para grandes eventos”.",0,03/04/2026 12:49,https://www.instagram.com/p/DVefzN5Ea8P/,Imagen de Instagram,,Total,1714,1049,23,1,0,0,1
18094741091075197,17841401871496039,360radioco,360 Radio Colombia,"#ATENCIÓN 

Utilidad neta de Ecopetrol cayó 39,5% en 2025. 

Durante el año la utilidad fue de $9 billones, mientras que en 2024 la cifra se ubicó en 14,9 billones. 

360radio.com.co",0,03/04/2026 13:08,https://www.instagram.com/p/DVeiD0XEnIc/,Imagen de Instagram,,Total,9009,5727,222,73,2,48,9
18097413752301754,17841401871496039,360radioco,360 Radio Colombia,"🗣️ “Las FARC reclutaron, violaron y asesinaron a más de 18 mil niños. Cuando lo dije hace un año, me cayeron encima. Hoy el tiempo nos da la razón”.

@miguelpolopolo, candidato a la Cámara Afro.",77,03/04/2026 13:40,https://www.instagram.com/reel/DVelpLOgR2z/,Reel de Instagram,,Total,2436,1675,76,1,0,7,0
18095463569315619,17841401871496039,360radioco,360 Radio Colombia,"🗣️ “Colombia gasta 38% del PIB (OCDE 45%) y tiene 13% de empleo público (OCDE 18%). El problema no es tamaño: es cómo lo financiamos. Más recaudo, reglas fiscales serias y cada peso convertido en progreso. Sin motosierra, con eficiencia”.

@jdoviedoar, precandidato presidencial.",166,03/04/2026 14:55,https://www.instagram.com/reel/DVeuRLxku62/,Reel de Instagram,,Total,1291,942,35,1,0,4,1
18387023236157258,17841401871496039,360radioco,360 Radio Colombia,"#ATENCIÓN ❗ 

GeoPark anunció una inversión estratégica de USD 107 millones del Grupo Gilinski, que ahora se convierte en su mayor accionista con cerca del 20 % de participación. La compañía energética planea usar estos recursos para fortalecer su crecimiento en Colombia y Argentina, impulsar proyectos en Vaca Muerta y evaluar nuevas oportunidades en América Latina. 

La operación también permitirá a GeoPark mantener solidez financiera y explorar posibles adquisiciones en el sector energético regional.

#Empresas #Colombia #Inversiones",0,03/05/2026 05:15,https://www.instagram.com/p/DVgQp-cFslA/,Imagen de Instagram,,Total,3810,2279,88,8,4,0,1
18103376413684616,17841401871496039,360radioco,360 Radio Colombia,"💻 Apple sorprendió al mercado tecnológico con el lanzamiento de la MacBook Neo, su primera laptop diseñada para competir en la gama de entrada. Con un precio inicial de 599 dólares, la compañía busca atraer a nuevos usuarios que hasta ahora no podían acceder fácilmente a sus computadores.

El nuevo equipo mantiene varios elementos característicos de la marca, como su cuerpo de aluminio reciclado, teclado completo y un trackpad de gran tamaño. Además, cuenta con una pantalla de 13 pulgadas y un peso de apenas 1,2 kilogramos, lo que lo convierte en una opción portátil pensada para estudiantes, trabajadores remotos y usuarios que necesitan movilidad. También introduce colores más llamativos como amarillo, índigo y rosa pálido, algo poco común en la línea Mac. ￼

Uno de los cambios más relevantes está en su procesador, ya que la MacBook Neo utiliza el chip A18 Pro, originalmente diseñado para los iPhone.",0,03/05/2026 11:13,https://www.instagram.com/p/DVg5hNFEY-7/,Imagen de Instagram,,Total,11676,6238,165,91,2,2,19
17943265476129900,17841401871496039,360radioco,360 Radio Colombia,⚽️ Este fue el primer gol con el que #Millonarios eliminó a Atlético Nacional de la Copa Sudamericana 2026.,0,03/05/2026 11:28,https://www.instagram.com/reel/DVg7RYMEbAW/,Reel de Instagram,,Total,8084,6268,251,30,1,6,7
18073307396415098,17841401871496039,360radioco,360 Radio Colombia,"🍻 En Colombia sí habrá ley seca durante las elecciones legislativas del domingo 8 de marzo de 2026, una medida que hace parte de las disposiciones del Gobierno para garantizar el orden público durante la jornada electoral. La restricción aplica en todo el territorio nacional y prohíbe la venta y consumo de bebidas alcohólicas en establecimientos y espacios públicos. ￼

La medida comenzará a las 6:00 p. m. del sábado 7 de marzo y se extenderá hasta el mediodía del lunes 9 de marzo, según el decreto expedido por el Ministerio del Interior. Durante este tiempo, bares, discotecas, tiendas y demás comercios no podrán vender licor, y las autoridades realizarán operativos para verificar el cumplimiento de la norma. ￼

Además de la ley seca, el Gobierno también ordenó el cierre temporal de fronteras y restricciones a la propaganda política, con el objetivo de asegurar que las elecciones al Congreso y las consultas presidenciales se desarrollen con normalidad. Más de 40 millones de colombianos están habilitados para votar en esta jornada electoral",0,03/05/2026 12:00,https://www.instagram.com/p/DVg_EyqkXB7/,Imagen de Instagram,,Total,6977,4075,40,15,0,1,9
18068286707268456,17841401871496039,360radioco,360 Radio Colombia,"🗣️ “Los terroristas están imponiendo la votación por Iván Cepeda”.

Ex presidente, #ÁlvaroUribe, en Florencia, Caquetá.",0,03/05/2026 12:01,https://www.instagram.com/reel/DVg_AKjEbUc/,Reel de Instagram,,Total,1584,1238,72,0,0,19,0
18039624410547861,17841401871496039,360radioco,360 Radio Colombia,"“Mientras miles de niños reclutados, violados y asesinados por las FARC quedan en la impunidad, las pequeñeces de la falsa política se desgarran en discusiones inanes.  En mi gobierno habrá cadena perpetua para los asesinos de niños”.

#AbelardoDeLaEspriella, candidato presidencial.",0,03/05/2026 13:06,https://www.instagram.com/reel/DVhGipRDtTx/,Reel de Instagram,,Total,2323,1637,208,4,0,24,6
18094247185995860,17841401871496039,360radioco,360 Radio Colombia,"#EntreVocesBy360° 🗳️ De cara a las elecciones de este 8 de marzo, en 360 Radio conversamos con @andresgaviriacano , candidato a la Cámara de Representantes por Antioquia, sobre los principales retos que enfrenta el departamento y las razones que lo motivaron a dar el paso hacia el Congreso.

Durante la entrevista, Gaviria explicó qué propuestas impulsaría desde la Cámara y cómo espera aportar a las decisiones que marcarán el futuro de Antioquia y del país.

▶️ Conozca aquí sus planteamientos y visión: https://www.youtube.com/watch?v=mAe-D51AHL0",84,03/05/2026 14:11,https://www.instagram.com/reel/DVhNx7pAlH-/,Reel de Instagram,,Total,897,723,15,1,1,0,0
18569629915013412,17841401871496039,360radioco,360 Radio Colombia,"#EntreVocesBy360 | En 360 Radio reunimos a Álvaro Uribe Vélez, candidato al Senado, y a Andrés Gaviria, candidato a la Cámara de Representantes por Antioquia, en una conversación sobre los principales retos que enfrenta Colombia en economía, salud e infraestructura.

Durante el diálogo también analizaron la importancia de fortalecer las listas del Senado y de la Cámara en los distintos departamentos para el Centro Democrático.

🎥 Conozca los detalles de esta conversación y las propuestas de los candidatos en nuestro canal de YouTube",84,03/05/2026 17:11,https://www.instagram.com/reel/DVhic9fAowQ/,Reel de Instagram,,Total,1846,1398,50,4,1,5,0
18173123110386265,17841401871496039,360radioco,360 Radio Colombia,"⚽️ El delantero argentino Rodrigo Contreras se convirtió en uno de los refuerzos ofensivos de Millonarios para la temporada 2026 y su salario ha despertado gran curiosidad entre los hinchas del fútbol colombiano. El atacante llegó procedente de Universidad de Chile en condición de préstamo por un año con opción de compra. ￼

Según reportes de medios deportivos, Contreras ganaba en Chile cerca de 83 millones de pesos colombianos al mes, cifra que serviría como referencia para su contrato en el club bogotano. Aunque Millonarios no ha confirmado oficialmente el monto, se estima que su salario se mueve en un rango similar dentro de la nómina del equipo. ￼

Esto lo ubica entre los sueldos altos del plantel, aunque no necesariamente como el mejor pagado del equipo. La llegada del delantero argentino responde a la apuesta del club por reforzar el ataque y mejorar su capacidad goleadora en la Liga BetPlay 2026 y torneos internacionales.",0,03/05/2026 17:31,https://www.instagram.com/p/DVhk59rjjUi/,Imagen de Instagram,,Total,222474,126654,4459,433,26,109,97
18109185259691806,17841401871496039,360radioco,360 Radio Colombia,"☕️ La producción de café en Colombia registró una fuerte caída durante febrero de 2026. De acuerdo con la Federación Nacional de Cafeteros, el país produjo 869.000 sacos de 60 kilos, lo que representa una disminución del 36% frente al mismo mes del año pasado. ￼

El descenso se explica principalmente por condiciones climáticas que afectaron los cultivos, reduciendo la disponibilidad del grano en varias regiones cafeteras. Desde el gremio advierten que estas cifras confirman un ajuste importante en la oferta del café colombiano. ￼

La caída también se refleja en el balance anual del sector. En los últimos 12 meses la producción llegó a 12,72 millones de sacos, un 14% menos que en el periodo anterior, lo que genera preocupación por el impacto en exportaciones y en la economía rural del país.",0,03/05/2026 17:34,https://www.instagram.com/p/DVhlEbMjsXA/,Imagen de Instagram,,Total,1233,819,10,1,0,0,0
17849590032687615,17841401871496039,360radioco,360 Radio Colombia,"🤔 La historia del militar José Prudencio Padilla, prócer de la independencia de Colombia, volvió a ser noticia luego de que el Gobierno anunciara una inversión cercana a 4 millones de dólares para producir una película sobre su vida. La producción busca contar su papel en la lucha independentista y proyectar su historia a nivel internacional. ￼

Padilla, nacido en Riohacha en 1784, fue uno de los principales líderes navales de la independencia y es recordado por comandar la Batalla Naval del Lago de Maracaibo en 1823, una victoria clave contra la flota española. Su trayectoria lo llevó a convertirse en uno de los grandes héroes militares del Caribe y de la naciente república. ￼

La película, que cuenta con apoyo del Estado colombiano y participación de actores internacionales, pretende rescatar su legado histórico y difundir su historia a nuevas generaciones. Sin embargo, la inversión pública ha generado debate político en el país sobre la pertinencia del gasto y el papel del Gobierno en este tipo de producciones culturales.",0,03/05/2026 17:38,https://www.instagram.com/p/DVhluM6jto8/,Imagen de Instagram,,Total,12992,7713,159,36,0,81,8
18062934398662901,17841401871496039,360radioco,360 Radio Colombia,"🚕 No pagar una multa de tránsito en Colombia puede traer consecuencias legales que van más allá del simple cobro. Si la sanción no se paga dentro del plazo establecido, la autoridad puede iniciar un proceso administrativo para recuperar la deuda. ￼

Después de 30 días desde la imposición de la infracción, y si la resolución ya está en firme, la entidad de tránsito puede iniciar un proceso llamado cobro coactivo. En este punto se emite un mandamiento de pago que notifica al conductor sobre la deuda y el inicio del proceso. ￼

Si el ciudadano no responde o no paga tras esa notificación, la autoridad puede ordenar embargos de cuentas bancarias, parte del salario o incluso bienes como vehículos para recuperar el dinero adeudado. Además, las multas de tránsito en Colombia prescriben a los tres años, aunque ese plazo puede reiniciarse si se adelanta el proceso de cobro.",0,03/05/2026 17:42,https://www.instagram.com/p/DVhmHfijmUq/,Imagen de Instagram,,Total,54516,38085,240,589,18,30,84
18115434154633826,17841401871496039,360radioco,360 Radio Colombia,"🇮🇳 Gujarat, India. Un hombre estuvo a punto de ser aplastado por un ascensor que se movió repentinamente hacia arriba mientras salía en uno de los pisos de un edificio residencial.",0,03/05/2026 18:56,https://www.instagram.com/reel/DVhulq4DuoD/,Reel de Instagram,,Total,31595,17651,244,208,1,15,35
18129088900531623,17841401871496039,360radioco,360 Radio Colombia,"😱 En video quedó registrado el momento en el cual una ciudadana se intentó colar en la estación San Mateo, Bogotá, al servicio de TransMilenio. Tras la resistencia que pusieron funcionarios del sistema, la mujer respondió con insultos y agresiones.",57,03/05/2026 19:34,https://www.instagram.com/reel/DVhyg0Hjj-S/,Reel de Instagram,,Total,11992,7525,104,0,1,32,4
18167246272404318,17841401871496039,360radioco,360 Radio Colombia,"🚨 En la noche de este jueves, Jerusalén e Israel volvieron a ser blanco de ataques por parte de Irán. En video quedó registrado los misiles y bombas que lanzaron.",0,03/05/2026 21:06,https://www.instagram.com/reel/DVh8s_ADmjw/,Reel de Instagram,,Total,3779,2418,42,0,0,0,1
18067978328267853,17841401871496039,360radioco,360 Radio Colombia,"📲 La conectividad móvil en Colombia cerró 2025 con una competencia marcada entre operadores.

Según datos de Ookla, Claro Colombia fue el proveedor móvil más rápido del país considerando todas las tecnologías, con una velocidad media de descarga de 44,26 Mbps.

En 5G, el liderazgo fue para Tigo Colombia, que alcanzó una descarga media de 297,43 Mbps y la menor latencia del mercado en esta tecnología.

En experiencia de usuario, WOM Colombia se destacó con la mejor experiencia de video móvil, mientras que Claro lideró en experiencia de videojuegos tanto en red móvil como en 5G.

El informe, basado en millones de pruebas de usuarios entre julio y diciembre de 2025, muestra que la carrera por la conectividad en Colombia ya no solo se mide en velocidad, sino también en estabilidad, latencia y calidad de experiencia digital.

#5G #Internet #Empresas #Colombia",0,03/06/2026 04:31,https://www.instagram.com/p/DViwa7xFlCp/,Imagen de Instagram,,Total,1276,737,18,0,0,1,0
18390282223159249,17841401871496039,360radioco,360 Radio Colombia,"🗳️ En entrevista con 360 Radio, Roy Barreras, precandidato presidencial, se refirió a Iván Cepeda, uno de sus competidores. Señaló que es un hombre honesto, y se diferenció de él diciendo que Cepeda es de izquierda y él no, Barreras se definió como liberal y progresista.",0,03/06/2026 07:46,https://www.instagram.com/reel/DVjFOwxjvC_/,Reel de Instagram,,Total,6042,3982,55,26,1,184,7
18092667542117562,17841401871496039,360radioco,360 Radio Colombia,"🤣 Con ataúd y todo. ‘El Hincha que Nunca Pierde’, creador de contenido, celebró la victoria de #Millonarios ante #AtléticoNacional simbolizando el fallecimiento del equipo de Medellín con un ataúd.",0,03/06/2026 09:10,https://www.instagram.com/reel/DVjQK0Mjt-z/,Reel de Instagram,,Total,20273,15411,460,181,20,53,21
17857558629618396,17841401871496039,360radioco,360 Radio Colombia,"🇨🇴 Sofía Vergara está en Paris y un seguidor la saludó y confundió su nacionalidad, a lo que ella lo corrigió y le dijo que era colombiana.",0,03/06/2026 11:20,https://www.instagram.com/reel/DVje5mPjjVW/,Reel de Instagram,,Total,25271,13178,643,26,1,14,27
18096546250949141,17841401871496039,360radioco,360 Radio Colombia,"😡 Se volvió viral en redes sociales un enfrentamiento entre la gestora social de Puerto Rico, Meta, Deys Nogueira, y la secretaria de Gobierno municipal, Alexandra Camacho, luego de que la propia gestora hiciera pública la discusión.

De acuerdo con la versión de Nogueira, el conflicto comenzó por un reclamo relacionado con una supuesta relación sentimental entre la funcionaria y su esposo, el alcalde del municipio. La situación habría escalado hasta convertirse en una confrontación física que terminó en empujones y aruñazos.",0,03/06/2026 11:34,https://www.instagram.com/reel/DVjgRSiEcf-/,Reel de Instagram,,Total,16222,9818,122,51,0,17,18
17947565799108865,17841401871496039,360radioco,360 Radio Colombia,"🗣️ “Colombia necesita una nueva Operación Jaque para rescatar toda la Patria”.

#ÁlvaroUribe, candidato al Senado de la República, desde Arauca, Puente Internacional.",0,03/06/2026 11:59,https://www.instagram.com/reel/DVjhyo5ESFi/,Reel de Instagram,,Total,1740,1398,70,3,0,8,0
17916797265297811,17841401871496039,360radioco,360 Radio Colombia,"#política🎙️ En Entre Voces by 360 conversamos con Jorge Enrique Robledo, candidato al Senado, sobre los retos de las elecciones de este domingo, las políticas necesarias para impulsar el desarrollo de Colombia y su visión del panorama político actual del país.

#Colombia #elecciones2026 #Podcast #Política #Elecciones #ahora",77,03/06/2026 12:09,https://www.instagram.com/reel/DVjkh54ArTQ/,Reel de Instagram,,Total,711,658,14,0,1,1,1
17917270926291144,17841401871496039,360radioco,360 Radio Colombia,"🚨 Una mujer denunció que vive constantes episodios de acoso y perturbación por parte de su expareja en el sector Popular Uno de Medellín. Según relata, el hombre continúa acercándose a su vivienda a pesar de la situación, por lo que pide atención urgente de las autoridades ante el temor de que el caso pueda escalar.",0,03/06/2026 12:24,https://www.instagram.com/reel/DVjmXJFjoHY/,Reel de Instagram,,Total,13868,8571,179,22,3,42,26
18102581563699878,17841401871496039,360radioco,360 Radio Colombia,"👏 En el Mes de la Mujer queremos reconocer a quienes muchas veces trabajan detrás de las estrategias, las narrativas y las conversaciones que conectan a las grandes organizaciones. 

🎤 Desde 360 Radio destacamos a este grupo de mujeres líderes en comunicaciones, relacionamiento y marketing en Colombia, profesionales que hoy influyen en la reputación, la conversación pública y la forma en que las empresas se relacionan con las personas.

Su trabajo es clave para construir confianza, posicionar ideas y liderar transformaciones dentro de sus compañías. Este es un pequeño reconocimiento a su liderazgo, talento y capacidad de comunicación.",0,03/06/2026 12:39,https://www.instagram.com/p/DVjoVDNDYd0/,Imagen de Instagram,,Total,24740,14203,356,50,22,25,48
18018711989818760,17841401871496039,360radioco,360 Radio Colombia,"🏠 El Gobierno Nacional expidió un decreto que permite al Ministerio de Vivienda y al Fondo Nacional de Vivienda (Fonvivienda) otorgar subsidios habitacionales con requisitos flexibilizados, en medio de la emergencia económica provocada por la crisis climática que afecta a varias regiones del país. La medida busca agilizar la entrega de ayudas a familias que han resultado damnificadas por las lluvias y otros eventos asociados al fenómeno climático. ￼

La normativa establece que, de manera excepcional, algunos de los requisitos tradicionales para acceder a subsidios de vivienda podrán omitirse. Entre ellos están ciertos procesos de postulación, condiciones de titulación, exigencias de ahorro o criterios de focalización, con el fin de acelerar la atención y facilitar soluciones de vivienda para las comunidades afectadas. ￼

Además, el decreto contempla alternativas como programas de mejoramiento, reconstrucción, reasentamiento y subsidios de arrendamiento temporal. Las autoridades locales deberán evaluar la situación de las familias y determinar las necesidades en cada territorio, mientras el Gobierno definirá los montos de las ayudas según la disponibilidad presupuestal y las características de cada región impactada.",0,03/06/2026 14:02,https://www.instagram.com/p/DVjx0DADooQ/,Imagen de Instagram,,Total,4081,2518,24,27,0,13,5
17890583526308146,17841401871496039,360radioco,360 Radio Colombia,"📺 Warner Bros. confirmó que está en desarrollo la primera película basada en el universo de Game of Thrones, un proyecto que llevará la historia de Poniente por primera vez a la pantalla grande. La producción será escrita por Beau Willimon, reconocido por su trabajo en series como House of Cards y Andor, y forma parte de la expansión de esta popular franquicia creada por George R. R. Martin. ￼

La película se centrará en la historia de Aegon I Targaryen, conocido como Aegon el Conquistador, el líder que unificó los Siete Reinos de Westeros y fundó la dinastía Targaryen siglos antes de los eventos narrados en la serie original. Su campaña militar, apoyada por dragones y alianzas estratégicas, es uno de los episodios más importantes en la historia del universo de la saga. ￼

Aunque aún no se han revelado detalles sobre el reparto o la fecha de estreno, el proyecto apunta a convertirse en una superproducción cinematográfica que amplíe el universo de Game of Thrones. Esta apuesta se suma a otras producciones derivadas que HBO y Warner Bros. desarrollan actualmente para seguir explorando nuevas historias dentro de la saga.",0,03/06/2026 14:30,https://www.instagram.com/p/DVj08a-DuPe/,Imagen de Instagram,,Total,2752,1693,72,12,0,1,3
18153974698440170,17841401871496039,360radioco,360 Radio Colombia,"🏨 El sector hotelero colombiano encendió las alarmas tras advertir una fuerte caída en el empleo durante el último año. De acuerdo con cifras citadas por el gremio Cotelco, el subsector de alojamiento y servicios de comida pasó de 1,75 millones de trabajadores a 1,64 millones, lo que representa la pérdida de cerca de 109.000 empleos en el país. ￼

Según el gremio, el aumento del salario mínimo para 2026 —que alcanzó los 2 millones de pesos con un incremento cercano al 23%— y los cambios asociados a la reforma laboral han elevado significativamente los costos de las empresas del sector. Esta situación ha llevado a muchos establecimientos a reducir personal, disminuir turnos o evitar nuevas contrataciones para sostener sus finanzas. ￼

El impacto ha sido más fuerte en los hoteles pequeños, especialmente aquellos con menos de 50 habitaciones, donde el empleo cayó más de 15%. Además, el 54,7% de los establecimientos reportó una disminución en sus ventas, lo que agrava el panorama para una actividad que depende fuertemente de la generación de empleo formal en varias regiones del país.",0,03/06/2026 15:05,https://www.instagram.com/p/DVj4_0HjqpK/,Imagen de Instagram,,Total,2687,1560,22,2,0,0,1
18364328038201872,17841401871496039,360radioco,360 Radio Colombia,"#AHORA 

DANE reveló que en febrero el dato de inflación anual se ubicó en 5,29, cifra menor a la presentada en enero cuando fue del 5,35%. 

360radio.com.co",0,03/06/2026 15:13,https://www.instagram.com/p/DVj55paj_Gz/,Imagen de Instagram,,Total,2698,1575,34,13,0,1,0
18104057323877546,17841401871496039,360radioco,360 Radio Colombia,"🇨🇴 El más reciente informe del Índice de Incertidumbre de la Política Económica (IPEC) reveló que en febrero el indicador se ubicó en 298 puntos, mostrando una disminución frente a enero, cuando había alcanzado los 389 puntos. Sin embargo, pese a la caída mensual, el nivel de incertidumbre en el país continúa siendo elevado dentro del panorama económico. ￼

El indicador, elaborado por Fedesarrollo, mide la percepción de incertidumbre a partir del análisis de temas económicos, políticos y financieros que aparecen en los medios de comunicación. Este índice permite evaluar el ambiente que enfrentan inversionistas, empresarios y actores del mercado al momento de tomar decisiones económicas. ￼

Aunque el dato muestra una moderación frente al mes anterior, el nivel actual sigue muy por encima del promedio histórico, que se ubica en 100 puntos. Esto confirma que el país continúa atravesando un entorno económico y político complejo que mantiene altas las expectativas de riesgo e incertidumbre.",0,03/06/2026 15:35,https://www.instagram.com/p/DVj8b7UDoPP/,Imagen de Instagram,,Total,1360,869,17,0,0,1,0
18099728119898560,17841401871496039,360radioco,360 Radio Colombia,👀 Capturan a patrullera de la Policía del Chocó tras agredir a superior en plena revista porque no tenía su cabello arreglado.,0,03/06/2026 17:49,https://www.instagram.com/reel/DVkLs7WDnz6/,Reel de Instagram,,Total,12243,6689,95,5,1,25,10
17981177756991846,17841401871496039,360radioco,360 Radio Colombia,"🗣️ “Yo no soy una uribista de foto ni de ocasión. No necesito demostrar mis principios porque yo nací y moriré uribista”.

@palomavalencial, precandidata presidencial por el #CentroDemocrático.",56,03/06/2026 18:04,https://www.instagram.com/reel/DVkNS_zDtT3/,Reel de Instagram,,Total,10175,7476,603,40,3,24,10
18193199953351843,17841401871496039,360radioco,360 Radio Colombia,"😱 Este video registra el momento en que Yuris Cristel Camila García Manrique sale del tobogán extremo del parque Entre Flores, en Chinácota, accidente que le causó graves lesiones y posteriormente su fallecimiento.",0,03/06/2026 18:33,https://www.instagram.com/reel/DVkQsLjDrO9/,Reel de Instagram,,Total,46736,24017,231,250,12,17,81
18066621776648847,17841401871496039,360radioco,360 Radio Colombia,🇦🇿 Ángel Barajas se coronó campeón en la final de las paralelas en la Copa Mundo de gimnasia artística en Baku,0,03/07/2026 06:37,https://www.instagram.com/reel/DVljgk1DnRV/,Reel de Instagram,,Total,10485,7665,902,37,3,17,5
17918756502270875,17841401871496039,360radioco,360 Radio Colombia,"😡 Una mujer fue capturada en la estación Universidades de la troncal Décima de TransMilenio con cinco celulares que habían sido robados.

El procedimiento se dio luego de que las cámaras de videovigilancia detectaran a tres personas que, presuntamente, estaban cometiendo hurtos dentro de la estación bajo la modalidad de cosquilleo.",45,03/07/2026 07:10,https://www.instagram.com/reel/DVlncv0OHL-/,Reel de Instagram,,Total,6049,4357,70,11,0,0,2
18022352051804009,17841401871496039,360radioco,360 Radio Colombia,👊🏼 En grupos de apoyo circula video en el que se observa a ladrón recibiendo una contundente paloterapia por parte de varios ciudadanos en Bogotá. Hasta el momento se desconoce el lugar exacto donde ocurrió el hecho y las circunstancias que llevaron a la agresión.,33,03/07/2026 07:50,https://www.instagram.com/reel/DVlsDlpO6XL/,Reel de Instagram,,Total,324175,240410,25809,9936,335,1701,911
18167902963403047,17841401871496039,360radioco,360 Radio Colombia,"🇨🇴 Desde Chicago, el presidente #GustavoPetro envió un mensaje de condolencias a la familia del reverendo Jesse Jackson.

Durante el funeral del histórico líder de los derechos civiles, fallecido el 17 de febrero, el mandatario aseguró que para él Jackson fue “un símbolo vivo de la lucha por la libertad de los pueblos africanos que fueron traídos a la fuerza a las Américas”.",89,03/07/2026 08:30,https://www.instagram.com/reel/DVlwixEuXx8/,Reel de Instagram,,Total,4122,3117,30,1,1,38,4
17887121373451045,17841401871496039,360radioco,360 Radio Colombia,"🤝 La DIAN (@diancolombia) presentó una denuncia ante la Fiscalía por un caso de presunta extorsión luego de confirmar que fue blanco de un ciberataque. La entidad informó que la plataforma de citas continúa inhabilitada mientras se atiende la situación.

Sin embargo, la institución aseguró que la información tributaria y aduanera de los contribuyentes permanece segura y no ha sido comprometida.

Además, indicó que las contraseñas y credenciales de acceso de los usuarios se mantienen protegidas y no han sido vulneradas durante el incidente.",50,03/07/2026 09:00,https://www.instagram.com/reel/DVl0B4GBUvR/,Reel de Instagram,,Total,2141,1751,17,3,0,2,0
18098170918963103,17841401871496039,360radioco,360 Radio Colombia,"⚽️ James Rodríguez no terminó el entrenamiento por una molestia física y su debut con Minnesota está en duda, explica Cameron Knowles, su entrenador.",0,03/07/2026 10:04,https://www.instagram.com/reel/DVl7VYjDkVb/,Reel de Instagram,,Total,3568,2598,25,12,0,3,1
18079084064457990,17841401871496039,360radioco,360 Radio Colombia,"🗣️ “Están casi al final de su camino. Cuba está en sus últimos momentos, va a tener una nueva vida”, presidente de Estados Unidos, Donald Trump.",0,03/07/2026 12:30,https://www.instagram.com/reel/DVmL9kDDrna/,Reel de Instagram,,Total,1254,966,30,48,0,0,0
18073655828631367,17841401871496039,360radioco,360 Radio Colombia,"🗣️ “En este día histórico, nos reunimos para anunciar una nueva coalición militar para erradicar los carteles criminales que plagan nuestra región. Llamamos a esta alianza militar la Coalición de las Américas contra los Carteles”.

#DonaldTrump, presidente de #EstadosUnidos.",91,03/07/2026 13:05,https://www.instagram.com/reel/DVmQCQ8h6JZ/,Reel de Instagram,,Total,2680,1938,77,49,1,2,1
18012718070674503,17841401871496039,360radioco,360 Radio Colombia,"🚘 En la mañana de este 7 de marzo, el daño en una malla vial produjo el detenimiento del tránsito vehicular en la localidad de Suba, #Bogotá.",28,03/07/2026 13:29,https://www.instagram.com/reel/DVmSqjMDjJo/,Reel de Instagram,,Total,4240,2984,41,6,0,3,3
17914972941328124,17841401871496039,360radioco,360 Radio Colombia,"🎸 @juanes presentó en Madrid su nueva canción “Nada que perder”, que hace parte de su nuevo álbum “JuanesTeban”, lanzado el pasado el viernes 6 de marzo.",0,03/07/2026 13:44,https://www.instagram.com/reel/DVmUVXIDvMQ/,Reel de Instagram,,Total,2603,2187,37,0,0,0,0
18076979984456449,17841401871496039,360radioco,360 Radio Colombia,"🇨🇴 Las elecciones de la Consulta Presidencial, Senado de la República y Cámara de Representantes se podrán vivir en el canal de YT de 360 Radio.

Sintonícenos a partir de las 4 p.m. para estar al tanto del futuro colombiano.",0,03/07/2026 18:53,https://www.instagram.com/p/DVm35H1Ds9T/,Imagen de Instagram,,Total,929,561,6,0,0,0,0
18101056021922904,17841401871496039,360radioco,360 Radio Colombia,🎶 Esta es la nueva canción de #Shakira y #Beele: Algo como tú.,0,03/07/2026 19:06,https://www.instagram.com/reel/DVm4pFVDitp/,Reel de Instagram,,Total,3025,2135,22,1,0,0,1
17923976268256186,17841401871496039,360radioco,360 Radio Colombia,"🇨🇴 El expresidente y actual candidato al Senado, @alvarouribevelez, expone las razones por las cuales hace oposición al Gobierno Petro.",0,03/07/2026 20:23,https://www.instagram.com/reel/DVnBcaEDhZM/,Reel de Instagram,,Total,3962,2839,172,5,0,16,1
17962767771023712,17841401871496039,360radioco,360 Radio Colombia,"🇨🇴 A esta hora, el presidente #GustavoPetro se encuentra en el Congreso de la República participando en la jornada electoral, donde ejerce su derecho al voto acompañado por su esposa, Verónica Alcocer.",0,03/08/2026 07:41,https://www.instagram.com/reel/DVoItA0DpoB/,Reel de Instagram,,Total,7857,4946,50,0,0,42,3
17925776445243829,17841401871496039,360radioco,360 Radio Colombia,"🇨🇴 El expresidente y actual candidato al Senado, @alvarouribevelez, acudió a las urnas acompañado por la candidata @palomavalencial y su hija Amapola.

Durante su participación en la jornada, también expresó su agradecimiento al personal que hace posible el desarrollo de las elecciones, destacando su labor en favor de la democracia.",0,03/08/2026 07:57,https://www.instagram.com/reel/DVoKIrfDmgK/,Reel de Instagram,,Total,13587,8576,687,37,0,30,9
17954129013099481,17841401871496039,360radioco,360 Radio Colombia,"🇨🇴 Durante la apertura de las urnas, el alcalde mayor de #Bogotá, Carlos Fernando Galán, invitó a la ciudadanía a respetar los resultados de la jornada electoral y a no poner en duda la legitimidad del proceso.

El mandatario también exhortó a los colombianos a participar masivamente en las votaciones, destacando que hacerlo es una forma de rendir homenaje a las mujeres que han sido fundamentales en la construcción de la democracia.",0,03/08/2026 08:34,https://www.instagram.com/reel/DVoOkTKDrQX/,Reel de Instagram,,Total,3222,2474,63,0,0,5,2
17997330572877284,17841401871496039,360radioco,360 Radio Colombia,"🥹 En video quedó registrado el momento en el que Amapola, hija de @palomavalencial, acompaña al expresidente @alvarouribevelez a ejercer su derecho al voto.",58,03/08/2026 11:18,https://www.instagram.com/reel/DVoho89jmXM/,Reel de Instagram,,Total,11711,7114,413,25,1,12,8
18072498221406966,17841401871496039,360radioco,360 Radio Colombia,"🇨🇴 A los 53 años, el ministro de Defensa, Pedro Sánchez, participó por primera vez en una jornada electoral al acudir a las urnas para ejercer su derecho al voto.",0,03/08/2026 11:31,https://www.instagram.com/reel/DVojCOXjtY1/,Reel de Instagram,,Total,4510,2871,40,1,0,14,2
17997259055876973,17841401871496039,360radioco,360 Radio Colombia,🇨🇴 “Vamos pa’ adelante”: precandidata @palomavalencial llega a ejercer su derecho al voto en el puesto de votación de la calle 97 con carrera 11 en el norte de Bogotá.,0,03/08/2026 11:48,https://www.instagram.com/reel/DVolHvuDms-/,Reel de Instagram,,Total,4446,2803,131,0,0,4,1
18044126834743472,17841401871496039,360radioco,360 Radio Colombia,"🇨🇴 Sobre el mediodía de este domingo, 8 de marzo, el candidato presidencial, @delaespriella_style, expuso a través de sus canales digitales que ya ejerció su derecho al voto. Lo hizo en #Barranquilla, acompañado de su pareja.",43,03/08/2026 12:04,https://www.instagram.com/reel/DVomzpsjqVi/,Reel de Instagram,,Total,4397,2867,137,1,0,8,4
18122914312517444,17841401871496039,360radioco,360 Radio Colombia,"🗣️ “Es inevitable pensar en Miguel Uribe, mi amigo Miguel”: el precandidato @enriquepenalosal acudió a las urnas en la localidad de Chapinero para ejercer su derecho al voto y pidió a las autoridades asegurar que todos los ciudadanos puedan votar con plena libertad.",33,03/08/2026 12:21,https://www.instagram.com/reel/DVoo4SqDlUH/,Reel de Instagram,,Total,3805,3028,155,0,0,0,1
18074269007439851,17841401871496039,360radioco,360 Radio Colombia,"🇨🇴 El expresidente @ivanduquemarquez afirmó que el mandatario #GustavoPetro “ha intentado desacreditar el sistema electoral”. Según señaló, desconoce cuál sería la intención, pero advirtió que sembrar dudas sobre el proceso es “un juego muy peligroso” que podría poner en riesgo la democracia del país.",0,03/08/2026 12:37,https://www.instagram.com/reel/DVoqdHNkSk2/,Reel de Instagram,,Total,4793,3360,142,1,2,18,5
18135334633513677,17841401871496039,360radioco,360 Radio Colombia,"🔴 #Atención | Con 11 boletines y el 11,98% de mesas informadas, así avanzan las Consultas Presidenciales.",0,03/08/2026 15:12,https://www.instagram.com/p/DVo8hpLjlZD/,Secuencia de Instagram,,Total,20221,8279,257,6,2,6,9
17880676887387847,17841401871496039,360radioco,360 Radio Colombia,"🔴 #Atención | Con 13 boletines y el 20,63% de mesas informadas, así avanzan las Consultas Presidenciales.",0,03/08/2026 15:21,https://www.instagram.com/p/DVo9iMdjgWb/,Secuencia de Instagram,,Total,4199,1852,33,0,1,1,1
18149438953459013,17841401871496039,360radioco,360 Radio Colombia,"🔴 #Atención | Con 15 boletines y el 30% de mesas informadas, así avanzan las Consultas Presidenciales.",0,03/08/2026 15:29,https://www.instagram.com/p/DVo-cxBDlr0/,Secuencia de Instagram,,Total,6890,2984,74,4,0,2,1
18510039643076420,17841401871496039,360radioco,360 Radio Colombia,"🔴 #Urgente | @palomavalencial se proyecta como la ganadora de la Consulta Presidencial, la Gran Consulta por Colombia. Es la candidata más votada en general de las Consultas Presidenciales.",0,03/08/2026 15:33,https://www.instagram.com/p/DVo-wvUDoKu/,Imagen de Instagram,,Total,5378,3211,138,1,1,2,2
18414346735124951,17841401871496039,360radioco,360 Radio Colombia,"#Atención | Con el 43,84% de las mesas informadas, así avanza la Consulta Presidencial de derecha y centro.",0,03/08/2026 15:42,https://www.instagram.com/p/DVo_7YXDoXQ/,Secuencia de Instagram,,Total,6215,2823,53,0,1,0,0
18093377105012411,17841401871496039,360radioco,360 Radio Colombia,"#ÚltimaHora | @PalomaValenciaL es la ganadora de la Gran Consulta por Colombia y es oficialmente candidata a la Presidencia de Colombia, junto al @CeDemocratico.",0,03/08/2026 15:45,https://www.instagram.com/p/DVpAUsKDmm3/,Imagen de Instagram,,Total,6970,3834,285,4,3,3,4
18165400675411906,17841401871496039,360radioco,360 Radio Colombia,#ATENCIÓN | @claudialopezcl es la ganadora de la Consulta de las Soluciones y es oficialmente candidata a la Presidencia de Colombia.,0,03/08/2026 15:50,https://www.instagram.com/p/DVpAzazjhuD/,Imagen de Instagram,,Total,2547,1556,13,1,0,1,1
17938066497177090,17841401871496039,360radioco,360 Radio Colombia,"#Atención | Con el 50,73% de las mesas informadas, así avanza la Consulta Presidencial de izquierda.",0,03/08/2026 15:53,https://www.instagram.com/p/DVpBMPOjmMK/,Imagen de Instagram,,Total,4588,2573,14,0,0,1,0
18097039429980473,17841401871496039,360radioco,360 Radio Colombia,"Así avanza la votación de las ganadoras de sus respectivas consultas, @palomavalencial por la Gran Consulta, y @claudialopezcl por la Consulta de las Soluciones, con el 56,7% de las mesas informadas y 22 boletines.",0,03/08/2026 16:06,https://www.instagram.com/p/DVpCskgjp5c/,Secuencia de Instagram,,Total,3379,1702,37,0,0,0,0
18114173917633092,17841401871496039,360radioco,360 Radio Colombia,"🗣️ “Ganó Paloma y sin restricciones trabajaré para que Colombia tenga, por primera vez, una mujer presidenta. Felicitaciones Paloma Valencia, estoy muy feliz por ti”.

@lunadavid acepta la victoria de @PalomaValenciaL y de adhiere a su campaña política.",0,03/08/2026 16:17,https://www.instagram.com/reel/DVpDqRXDpLV/,Reel de Instagram,,Total,5370,3927,357,3,0,14,3
17991892361766932,17841401871496039,360radioco,360 Radio Colombia,Así avanza la elección de la Cámara de Representantes por departamento. Alrededor del 10% de mesas informadas.,0,03/08/2026 16:20,https://www.instagram.com/p/DVpEW43jpLa/,Secuencia de Instagram,,Total,28620,12298,238,14,15,11,20
17855863338673353,17841401871496039,360radioco,360 Radio Colombia,"🇨🇴 En llamada telefónica con @mauriciocard_, @palomavalencial hizo su primer pronunciamiento público tras ganar la Gran Consulta por Colombia.",0,03/08/2026 16:44,https://www.instagram.com/reel/DVpGc9qDojh/,Reel de Instagram,,Total,8675,6164,291,5,4,11,6
18036676955572651,17841401871496039,360radioco,360 Radio Colombia,"#Atención | Con casi el 25% de las mesas informadas, @pactooficial lidera la cantidad de votos de cara al Senado de Colombia.",0,03/08/2026 16:47,https://www.instagram.com/p/DVpHThNDi7X/,Imagen de Instagram,,Total,32129,15998,259,32,14,28,19
18564218734012941,17841401871496039,360radioco,360 Radio Colombia,"🗣️ “A los miembros de la Guardia Revolucionaria Islámica, a las fuerzas armadas y a toda la policía, les digo esta noche que deben deponer las armas y tener inmunidad completa o, como alternativa, enfrentarse a una muerte segura”.

Primer pronunciamiento del presidente @realDonaldTrump sobre el ataque a Irán.",0,02/28/2026 01:43,https://www.instagram.com/reel/DVTAXkzjjFS/,Reel de Instagram,,Total,5155,3672,144,45,2,6,5
17932055190191580,17841401871496039,360radioco,360 Radio Colombia,"🗣️ “Matar el hambre es una de mis propuestas y obsesiones y, para lograrlo, forjaré alianzas con los empresarios y productores de alimentos”.

#AbelardoDeLaEspriella, candidato a la Presidencia de la República.",32,02/28/2026 07:00,https://www.instagram.com/reel/DVTksWWlymE/,Reel de Instagram,,Total,5515,3527,102,4,1,44,4
18041290880754495,17841401871496039,360radioco,360 Radio Colombia,"😂 A propósito del fenómeno mundial de los #Therians, el mundo recuerda cuál fue el primero.",27,02/19/2026 04:30,https://www.instagram.com/reel/DU8IbYvjjU0/,Reel de Instagram,,Total,4835,3612,174,228,0,5,12
17969761271990954,17841401871496039,360radioco,360 Radio Colombia,"👏 El Carnaval de Barranquilla 2026 cerró con resultados que ratifican su peso cultural y económico en el país.

🔎 La masiva asistencia, el alto flujo de visitantes y el impacto financiero reportado confirman que la fiesta trasciende lo simbólico: es un engranaje clave para el empleo, el turismo y la economía creativa local.

Además del alcance internacional y la conversación global generada, la edición 2026 mostró avances en organización, sostenibilidad y descentralización de eventos en barrios y escenarios estratégicos de la ciudad.

#Barranquilla #CarnavaldeBarranquilla #Colombia #Economía",0,02/19/2026 04:05,https://www.instagram.com/p/DU8FibjDNDA/,Imagen de Instagram,,Total,1200,631,18,1,0,0,0
18143641261476177,17841401871496039,360radioco,360 Radio Colombia,"👀 Así fue la llegada de #IvánCepeda (@IvanCepedaCast), candidato a la Presidencia de la República por el Pacto Histórico, a la Plaza de Bolívar en #Bogotá.",0,02/27/2026 18:45,https://www.instagram.com/reel/DVSQmnhDgrY/,Reel de Instagram,,Total,10481,6505,105,13,0,81,7
17904797892364408,17841401871496039,360radioco,360 Radio Colombia,"🗣️ “Las FARC prometieron entregar oro, propiedades, ganado, plata en efectivo y no cumplieron pero si recibieron curules gratis. No permitamos que el engaño se olvide”.

@danielbricen, candidato a la Cámara de Representantes por #Bogotá.",76,02/27/2026 18:30,https://www.instagram.com/reel/DVSO8gMDlgS/,Reel de Instagram,,Total,10294,8823,1321,36,2,16,13
18092319791004800,17841401871496039,360radioco,360 Radio Colombia,"🇨🇴 En el marco de la recta final en su campaña presidencial, el candidato Iván Cepeda se presentó en la plaza de Bolívar en donde miles de personas le mostraron su apoyo.",0,02/27/2026 18:26,https://www.instagram.com/reel/DVSOWTpDkPx/,Reel de Instagram,,Total,21891,12081,425,61,3,391,21
18207677398322261,17841401871496039,360radioco,360 Radio Colombia,"🇨🇴 En el marco de la recta final en su campaña presidencial, el candidato Iván Cepeda se presentó en la plaza de Bolívar en donde miles de personas le mostraron su apoyo.",0,02/27/2026 18:19,https://www.instagram.com/p/DVSNpFXDqmq/,Secuencia de Instagram,,Total,14618,6255,109,25,1,132,15
18132363904519593,17841401871496039,360radioco,360 Radio Colombia,"🗣️ “La primera medida del gobierno que firmaré aquí en esta plaza cuando sea elegido presidente, será rebajar mi salario y el de todos los funcionarios del alto gobierno”.

@IvanCepedaCast, candidato a la Presidencia de la República, en la Plaza de Bolívar de #Bogotá.",0,02/27/2026 18:13,https://www.instagram.com/reel/DVSMk7PjgaR/,Reel de Instagram,,Total,14806,9941,151,18,0,348,14
18140422048493268,17841401871496039,360radioco,360 Radio Colombia,"📌💸 Inyección económica para Medellín por avanzar en la Libertadores
La millonaria cifra que recibirá Medellín por avanzar en Copa Libertadores￼
Independiente Medellín no solo celebró su clasificación a la tercera fase previa de la Copa Libertadores 2026, sino también un importante premio de US 600.000 dólares (más de 2.200 millones de pesos) que entrega la CONMEBOL por superar esa ronda. ￼

📊🌍 Suma que fortalece sus finanzas
Este monto se suma a los US 500.000 que ya tenía asegurados por disputar la segunda fase previa, por lo que el club acumula US 1,1 millones antes de llegar a la fase de grupos, un impulso clave para sus finanzas en 2026. ￼

⚽💪 Más allá del dinero, sigue el sueño continental
Además de la recompensa económica, el paso a la tercera fase mantiene vivo el sueño de llegar a la fase de grupos de la “Gloria Eterna”, lo que podría traducirse en premios aún mayores si el DIM sigue avanzando en el torneo continental.",0,02/27/2026 18:05,https://www.instagram.com/p/DVSMDu4Dof7/,Imagen de Instagram,,Total,2491,1582,26,11,0,0,1
18303276589257617,17841401871496039,360radioco,360 Radio Colombia,"📌💰 El grupo cerró el año 2025 con una utilidad neta recurrente de COP 2,3 billones, superando las metas del mercado y mostrando un fuerte crecimiento del 39,9 % frente a 2024 gracias al buen desempeño de sus negocios en seguros, gestión de inversiones y banca. ￼

📈📊 Expansión sostenida y cifras clave
Además del incremento en las utilidades, la rentabilidad sobre patrimonio (ROE ajustado) se situó en 13,7 %, y la compañía ha propuesto un dividendo de COP 2.000 por acción para 2026, reflejando confianza en sus resultados y en la generación de valor para accionistas. ￼

📊🌍 Impulso en el mercado y proyecciones
Los ingresos sólidos y la performance de sus filiales principales (como Suramericana y Sura Asset Management) hicieron que los activos bajo administración crecieran y se consolidaran como pilares del desempeño, posicionando a Grupo SURA como un actor clave en la región financiera.",0,02/27/2026 17:30,https://www.instagram.com/p/DVSH_MSDt_1/,Imagen de Instagram,,Total,1596,1051,15,0,0,0,1
17900947362384637,17841401871496039,360radioco,360 Radio Colombia,"🗣️ “Me honran con su amistad y el cariño de este testimonio”.

Andrés Pastrsna, expresidente de #Colombua, sobre la carta que lo defiende de las acusaciones sobre el caso #Epstein.",37,02/27/2026 16:40,https://www.instagram.com/reel/DVSCXGKjnc1/,Reel de Instagram,,Total,5477,3583,53,0,0,19,5
18104530633803173,17841401871496039,360radioco,360 Radio Colombia,"🚨 El Gobierno de #Ecuador anunció que elevará del 30 % al 50 % la “tasa de seguridad” aplicada a las importaciones provenientes de #Colombia, medida que entrará en vigor el próximo 1 de marzo y profundiza la disputa comercial entre ambos países vecinos.

📦 Desde Quito argumentan que la medida responde a temas de seguridad fronteriza  y falta de avances en cooperación. El aumento podría encarecer productos, frenar exportaciones y golpear a empresarios que dependen del intercambio entre las dos naciones.

🤝 El sector empresarial advierte sobre efectos negativos en empleo y economía, mientras crece la presión para abrir canales diplomáticos que eviten una escalada mayor. La relación comercial entre Colombia y Ecuador entra en un momento clave",0,02/27/2026 16:07,https://www.instagram.com/p/DVR-jvwEgbR/,Imagen de Instagram,,Total,986,601,10,0,0,0,1
17935418052169155,17841401871496039,360radioco,360 Radio Colombia,"🗣️ “#PalomaValencia seguramente ganará la Gran Consulta”.

Andrés Gaviria, candidato a la Cámara por Antioquia del #CentroDemocrático.",0,02/27/2026 15:19,https://www.instagram.com/reel/DVR3pR2joDf/,Reel de Instagram,,Total,2744,1967,74,2,1,13,0
18106335820771633,17841401871496039,360radioco,360 Radio Colombia,"#Minería | En el podcast #EntreVocesBy360 conversamos con Juan Camilo Nariño, presidente de la Asociación Colombiana de Minería, @acmineria_col sobre el presente y futuro del sector minero en el país.

🔎 ¿Hay garantías del Gobierno de Gustavo Petro para la industria?
⚡ ¿Está lista Colombia para una verdadera transición energética?
📈 ¿Por qué es urgente aumentar la exploración minera?
🇨🇴 ¿Qué espera el sector del próximo presidente?

Mira el capitulo completo en : https://www.youtube.com/channel/UCa5IiwQHHk0Gj8MfC6-XCmg",90,02/27/2026 13:37,https://www.instagram.com/reel/DVRtI4tgsrK/,Reel de Instagram,,Total,1291,1090,23,1,1,0,0
17977184090919264,17841401871496039,360radioco,360 Radio Colombia,"#Educación | La consolidación de programas de Derecho con altos estándares académicos sigue siendo clave para el fortalecimiento de la educación superior en Colombia ⚖️🇨🇴. En ese contexto, la Corporación Universitaria Americana, @americana.med , alcanza un nuevo hito que refuerza su posicionamiento en la formación jurídica a nivel nacional.

Este avance impacta directamente la calidad académica, la investigación y la proyección social del programa 📚🔍, al tiempo que amplía las posibilidades de acceso a la formación profesional en distintos territorios del país 🌍🎓.

Más allá del reconocimiento institucional, se trata de un paso relevante para el desarrollo de una formación jurídica con sentido público, visión crítica y compromiso social ⚖️✨

#Educación #academico #Derecho #abogados #Colombia #antioquia",0,02/27/2026 13:32,https://www.instagram.com/p/DVRs1p4DqcI/,Imagen de Instagram,,Total,4824,2347,38,6,1,1,5
17914032078316474,17841401871496039,360radioco,360 Radio Colombia,"👀 “Este mensaje es para ti, que crees que puedes destruir a Colombia. Con este pueblo lleno de ardentía y de pasión por la Patria, te voy a derrotar”.

#AbelardoDeLaEspriella a #IvánCepeda.",39,02/27/2026 10:10,https://www.instagram.com/reel/DVRVrnyjrlL/,Reel de Instagram,,Total,15228,9483,685,84,4,131,22
18039156299534629,17841401871496039,360radioco,360 Radio Colombia,⚽️ James Rodríguez debutaría este sábado con #MinesottaUnited. Así ha entrenado con el equipo.,21,02/27/2026 09:50,https://www.instagram.com/reel/DVRTbCXDl-H/,Reel de Instagram,,Total,1156,925,12,1,0,0,0
18087097097172606,17841401871496039,360radioco,360 Radio Colombia,📱 En video quedó registrado el rostro de dos ladrones que hurtaron el celular de un periodista que hacía el cubrimiento en vivo en la ciudad de #Ibagué.,0,02/27/2026 09:04,https://www.instagram.com/reel/DVRN8-aDvuO/,Reel de Instagram,,Total,6743,4127,110,12,0,8,0
17966557490881709,17841401871496039,360radioco,360 Radio Colombia,"🚨 Tasa de desempleo en Colombia bajó y se ubicó en 10.9% en enero de 2026, según el DANE.",0,02/27/2026 08:47,https://www.instagram.com/p/DVRMETMjjcs/,Imagen de Instagram,,Total,1853,1131,16,1,0,0,1
18086202883942128,17841401871496039,360radioco,360 Radio Colombia,"🗣️ “La canción que más nos representa es ‘No te veo’”.

@jowellyrandy, históricos cantantes de género urbano.",58,02/27/2026 08:30,https://www.instagram.com/reel/DVRKMx2Dkos/,Reel de Instagram,,Total,2490,2085,22,0,0,0,0
17908001871182710,17841401871496039,360radioco,360 Radio Colombia,"🥺 Un conductor grabó el momento en que, al parecer, dejaron abandonado a un perrito en la carretera que conecta el barrio La Graciela con la variante La Romelia–El Pollo, en #Pereira.",0,02/27/2026 07:59,https://www.instagram.com/reel/DVRGn4tjr2T/,Reel de Instagram,,Total,4021,2942,71,3,1,15,2
18115015642722494,17841401871496039,360radioco,360 Radio Colombia,"🎤 En el marco de su presentación en Bogotá, el próximo sábado 28 febrero, #JowellyRandy expusieron que mantienen contacto permanente con #JBalvin, pues ha sido profundamente importante para su carrera musical.",108,02/27/2026 07:30,https://www.instagram.com/reel/DVRDanCDpfT/,Reel de Instagram,,Total,1993,1483,31,0,0,0,2
17884581687350443,17841401871496039,360radioco,360 Radio Colombia,"🗣️ “Que digan lo que quieran las encuestas, con el favor de Dios, vamos a ganar la Gran Consulta”.

#VickyDavila, precandidata presidencial del Movimiento Valientes.",0,02/27/2026 06:47,https://www.instagram.com/reel/DVQ-Ilkjry3/,Reel de Instagram,,Total,2269,1702,24,0,1,1,0
17955566340076984,17841401871496039,360radioco,360 Radio Colombia,"📊 Así está la intención de voto para 2026, según nueva encuesta de GAD3: 

🗳️ Iván Cepeda lidera con 34%
🗳️ Abelardo de la Espriella lo sigue con 26%

Además, un 13% aún no sabe por quién votar y 6% votaría en blanco.

La carrera presidencial empieza a tomar forma y, por ahora, el escenario muestra una contienda marcada entre dos nombres. ¿Se mantendrá esta tendencia?",0,02/27/2026 06:14,https://www.instagram.com/p/DVQ6t1ADDX1/,Secuencia de Instagram,,Total,8330,3732,88,19,0,19,6
18106808632796075,17841401871496039,360radioco,360 Radio Colombia,"🇨🇴 “El #CentroDemocrático es un Partido útil. Yo quiero servirle a mi patria hasta el final de mis días”.

#ÁlvaroUribe, ex Presidente de la República y ahora candidato al Senado.",0,02/27/2026 06:11,https://www.instagram.com/reel/DVQ5UFaDh7J/,Reel de Instagram,,Total,3344,2545,133,12,2,34,2
18344053507211530,17841401871496039,360radioco,360 Radio Colombia,"🇨🇴 El presidente Gustavo Petro pidió al ministro de Salud, Guillermo Jaramillo, radicar un proyecto de ley para que propietarios de las EPS respondan con su patrimonio por deudas con el sistema y proveedores, evitando errores del gobierno Iván Duque.",0,02/27/2026 05:51,https://www.instagram.com/reel/DVQ205DDsu8/,Reel de Instagram,,Total,3718,2780,31,4,1,72,4
18087650461901746,17841401871496039,360radioco,360 Radio Colombia,"Colombia, mal frente al mundo🌎

El informe Global Organized Crime Index 2025, ubica al país como el segundo con mayor presencia de crimen organizado. 

El ranking evalúa 193 países y mide la fuerza de economías ilegales así como la capacidad del Estado para enfrentarlas.",0,02/27/2026 05:21,https://www.instagram.com/p/DVQ0mOpDFhA/,Imagen de Instagram,,Total,74873,46703,1060,841,53,109,188
18094122347004446,17841401871496039,360radioco,360 Radio Colombia,"📊 Ecuador anunció que elevará al 50 % la “tasa de seguridad” sobre importaciones desde Colombia, una medida que empezará a regir desde el 1 de marzo y que ha encendido las alarmas comerciales entre ambos países.

El Gobierno ecuatoriano argumenta que el aumento de la tarifa responde a preocupaciones de seguridad fronteriza, mientras que sectores empresariales colombianos ven la decisión como un nuevo obstáculo para el comercio bilateral.

Esta medida promete impactar el flujo de productos entre las dos naciones y podría presionar a exportadores a buscar alternativas o renegociar acuerdos comerciales en las próximas semanas.",0,02/26/2026 12:56,https://www.instagram.com/p/DVPDkz-kWQd/,Imagen de Instagram,,Total,1446,876,8,0,0,0,0
18536770204065577,17841401871496039,360radioco,360 Radio Colombia,"🗳️ Así se movería la primera vuelta presidencial

La más reciente encuesta Invamer muestra un escenario fragmentado, con varios candidatos competitivos y con Iván Cepeda acercándose al 40%. 

¿Cree que algún candidato podrá ser Presidente en primera vuelta? 

#Colombia #Elecciones",0,02/26/2026 12:34,https://www.instagram.com/p/DVPBWkakWxL/,Secuencia de Instagram,,Total,16175,7006,157,30,0,54,6
18107034862698333,17841401871496039,360radioco,360 Radio Colombia,"📍 La Registraduría Nacional habilitó un nuevo puesto de votación en El Tesoro (Medellín) de cara a las elecciones del 8 de marzo, y muchos ciudadanos deben revisar si su centro de votación cambió 🗳️.

Este nuevo punto se creó para agilizar la jornada electoral y evitar aglomeraciones, así que es clave que verifique su lugar asignado antes del día de la votación 📲.

Si su cédula quedó en este nuevo puesto, ¡prepárese para votar allí! No dejes# que un cambio de sede le tome por sorpresa el día de las elecciones 🇨🇴.",0,02/26/2026 11:55,https://www.instagram.com/p/DVO8vwHkczD/,Imagen de Instagram,,Total,4120,2434,44,1,0,1,0
18101831182807337,17841401871496039,360radioco,360 Radio Colombia,"💰⚽ El delantero estaría ganando cerca de 576 millones de pesos mensuales, una cifra que lo pone en la cima de los sueldos del fútbol colombiano.

Su peso en Atlético Nacional no solo se siente en la cancha, sino también en las finanzas del club, que apostó fuerte por uno de los atacantes más determinantes del país.

Con ese contrato, Morelos no solo carga la responsabilidad de los goles, sino también la etiqueta de ser uno de los jugadores mejor pagos del FPC en 2026.",0,02/26/2026 10:30,https://www.instagram.com/p/DVOzINbjEIo/,Imagen de Instagram,,Total,183819,118584,2797,1066,61,276,120
18565567141032060,17841401871496039,360radioco,360 Radio Colombia,"👊🏼 Un asalto cometido a plena luz del día en el casco urbano de Anapoima desató una persecución digna de película por parte de la Policía de Cundinamarca, que terminó con la detención en flagrancia de dos hombres conocidos como ‘Bebé’ y ‘Ojos’.

Según las autoridades, los implicados habrían arrebatado una cadena de oro, valorada en 14 millones de pesos, y cuando intentaban huir fueron alcanzados por los uniformados. En el procedimiento se les decomisó la motocicleta en la que se movilizaban, un arma de fuego, dos celulares y la joya sustraída en este municipio del suroccidente del departamento.",104,02/26/2026 10:00,https://www.instagram.com/reel/DVOvwnIDgWV/,Reel de Instagram,,Total,4585,2984,77,1,2,8,4
17925218493242643,17841401871496039,360radioco,360 Radio Colombia,"🤬 En medio del partido entre Independiente #SantaFe y #AtléticoNacional en el estadio El Campín de Bogotá, desadaptados disfrazados de hinchas enfrentaron al ESMAD. Al parecer, eran pertenecientes a la barra ‘Los del Sur’ y se enfrentaban a sus similares de ‘Los Piratas.",178,02/26/2026 09:00,https://www.instagram.com/reel/DVOo41GDgSs/,Reel de Instagram,,Total,5956,4977,52,13,5,9,3
18077967320455890,17841401871496039,360radioco,360 Radio Colombia,"🤔 Reflexiones sobre vicepresidente de la precandidata presidencial por el #CentroDemocrático, #PalomaValencia.",19,02/26/2026 08:30,https://www.instagram.com/reel/DVOlbxgDnVT/,Reel de Instagram,,Total,3012,1897,77,8,0,17,2
18066206714300609,17841401871496039,360radioco,360 Radio Colombia,"📈 Aprobación presidencial en febrero 2026

Petro registra 49,1% de aprobación y 46,1% de desaprobación, según Invamer.

El país sigue dividido, pero con ligera ventaja para el respaldo al Gobierno.",0,02/26/2026 07:58,https://www.instagram.com/p/DVOh02IEWLN/,Imagen de Instagram,,Total,3714,1806,32,4,0,23,1
18396747289183206,17841401871496039,360radioco,360 Radio Colombia,"🔎 Así se moverían las consultas del 8 de marzo

Según la más reciente encuesta Invamer, las tres consultas interpartidistas muestran liderazgos definidos y un alto porcentaje de indecisos. 

Paloma Valencia, Claudia López y Daniel Quintero lideran sus consultas. 

La disputa por quién llegará fortalecido a la primera vuelta ya comenzó.

#Colombia #Politica",0,02/26/2026 06:48,https://www.instagram.com/p/DVOZz-Cl_jh/,Secuencia de Instagram,,Total,25717,12374,319,39,3,20,15
17887162110330271,17841401871496039,360radioco,360 Radio Colombia,"🔎 Aprobación de Petro en febrero 2026

La más reciente encuesta Invamer muestra que el presidente registra 49,1% de aprobación. 

Números revelados en la última Encuesta Invamer. 

#Colombia",0,02/25/2026 18:26,https://www.instagram.com/p/DVNE4TMDJEj/,Imagen de Instagram,,Total,5665,3136,29,19,0,100,3
18309176512286543,17841401871496039,360radioco,360 Radio Colombia,🇨🇴 #Shakira se presentará en África después de 20 años de su última presentación en esa parte del mundo. Donde interpretan con este ritmo una de sus canciones: #WakaWaka.,12,02/25/2026 16:30,https://www.instagram.com/reel/DVM3lugkh_L/,Reel de Instagram,,Total,4171,3019,109,5,0,1,5
17906740863356880,17841401871496039,360radioco,360 Radio Colombia,"🤔 En video quedó registrado este saludo de Dayro Moreno, máximo goleador de la historia del fútbol en Colombia, al movimiento ‘Firmes por la Democracia, del candidato presidencial #AbelardoDeLaEspriella.",10,02/25/2026 16:00,https://www.instagram.com/reel/DVM0Lb7ki-7/,Reel de Instagram,,Total,7967,4532,226,19,0,17,2
18092779832099538,17841401871496039,360radioco,360 Radio Colombia,"✈️ Un avión de American Airlines que llegó a Colombia desde Estados Unidos fue encontrado con posibles impactos de bala en una de sus alas tras una inspección rutinaria. Aunque no hubo heridos ni emergencia en pleno vuelo, el hallazgo dejó a todos con la boca abierta y desató un fuerte debate sobre seguridad aérea.

📍 El avión había despegado sin contratiempos desde Estados Unidos y aterrizó normalmente en territorio colombiano, pero al realizar la revisión técnica, los mecánicos notaron los posibles impactos balísticos. Las autoridades ya investigan el caso y buscan determinar dónde y cómo ocurrieron estos daños, provocando preocupación y muchas preguntas.",0,02/25/2026 15:30,https://www.instagram.com/p/DVMwqsOD2xI/,Imagen de Instagram,,Total,4398,2535,29,15,0,0,2
18350701843230628,17841401871496039,360radioco,360 Radio Colombia,"😳 Y por ustedes, ¿qué han hecho? Esto pasó en TransMilenio, ciudad de #Bogotá.",57,02/25/2026 15:00,https://www.instagram.com/reel/DVMtTDtkpK7/,Reel de Instagram,,Total,11992,7383,144,160,2,15,22
18095331656294239,17841401871496039,360radioco,360 Radio Colombia,"🎉 #Bogotá tendrá su primer show 3D. Será de la mano de #JowellyRandy, dúo histórico del perreo, que se presentarán este sábado, 28 de marzo, en el Movistar Arena.",43,02/25/2026 14:30,https://www.instagram.com/reel/DVMp5Umkh3j/,Reel de Instagram,,Total,1050,757,10,0,0,0,2
18171492199389464,17841401871496039,360radioco,360 Radio Colombia,"🔥 En 360 Radio, conversamos con Juan Espinal, candidato al Senado por el #CentroDemocrático, sobre el panorama político de Colombia rumbo a las elecciones del 8 de marzo.

¿Qué le espera al nuevo Congreso?
¿Cuál será el papel del Senado frente al gobierno entrante?
¿Hacia dónde va el país en los próximos años?

Espinal analiza los grandes desafíos legislativos, las alianzas políticas y las prioridades que marcarán la agenda nacional.",76,02/25/2026 14:00,https://www.instagram.com/reel/DVMmbmRkvyQ/,Reel de Instagram,,Total,667,530,12,0,0,1,0
17856799872617367,17841401871496039,360radioco,360 Radio Colombia,"😳 Tres hombres que recientemente fueron captados en video saqueando un camión en Buenaventura aparecieron muertos tras ser atacados a tiros por personas aún sin identificar.

Las víctimas, conocidas con los alias de “Chinga” y “Coco Pelo”, además de Jhon Henrry Macilla, fueron halladas sin vida en plena vía pública.",110,02/25/2026 13:30,https://www.instagram.com/reel/DVMi8D8Eihl/,Reel de Instagram,,Total,21880,14001,587,26,5,103,24
18562607437016601,17841401871496039,360radioco,360 Radio Colombia,"🗣️ “No nos vengan a decir que tenemos una registraduría límpida y un sistema electoral incorruptible.  En 2014 hubo fraude contra el MIRA (16 mil votos) y en 2012 contra el Pacto Histórico (440 mil votos)”.

@wilsonariasc, Senador del @pactohistorico, sobre las acusaciones del Presidente #GustavoPetro.",120,02/25/2026 13:00,https://www.instagram.com/reel/DVMfibyktT7/,Reel de Instagram,,Total,3174,2052,17,1,0,92,2
18095797177971669,17841401871496039,360radioco,360 Radio Colombia,"🌍✨ ¡Shakira lo confirmó! La superestrella colombiana hará historia con un concierto en las Pirámides de Egipto como parte de su gira mundial 2026.

📅 La cita es en 2026, cuando la barranquillera lleve su energía, ritmo y éxito global a uno de los lugares más emblemáticos del planeta. Fans de todos los rincones del mundo ya están contando los días para vivir esta experiencia legendaria bajo la luz de las pirámides. 

💥 Imposible no emocionarse. Los detalles sobre boletería y fechas exactas están por confirmarse, pero la expectativa está en su punto más alto. ¡Este será uno de los conciertos más comentados del año y Colombia está lista para brillar en Egipto!",0,02/25/2026 12:30,https://www.instagram.com/p/DVMcEUBDECv/,Imagen de Instagram,,Total,3678,2307,53,0,0,0,3
17988401606937746,17841401871496039,360radioco,360 Radio Colombia,"“#Colpensiones sigue dilapidando los recursos de los colombianos. Vemos cómo se gastan más de 60.000 millones en contratos para RTVC, todo destinado a marketing y publicidad durante elecciones”.

#PalomaValencia, candidata presidencial, por el #CentroDemocrático.",35,02/25/2026 11:24,https://www.instagram.com/reel/DVMUfQpETCX/,Reel de Instagram,,Total,1123,917,26,1,0,6,1
17954313438082210,17841401871496039,360radioco,360 Radio Colombia,"🇨🇴 Durante el consejo de ministros que adelantó en Cartagena, el presidente #GustavoPetro firmó la solicitud para que se convoque a una Asamblea Nacional Constituyente, un camino que él ha impulsado ante las negativas que les han dado a algunas de sus iniciativas en el Congreso y los altos tribunales. Sus funcionarios hicieron lo propio con el objetivo de que se avance en la agenda reformista.",52,02/25/2026 10:00,https://www.instagram.com/reel/DVMK-qGjoRi/,Reel de Instagram,,Total,5979,4251,42,4,0,94,4
17963534073043745,17841401871496039,360radioco,360 Radio Colombia,"⚽ Independiente Medellín logró avanzar de ronda en la Copa Libertadores, asegurando así su continuidad en competencia internacional para este 2026, pues si pierde la serie en la Fase 3 de este torneo, quedará instalado en la fase de grupos de Copa Sudamericana, lo que ratifica el buen momento del equipo en el plano continental.",0,02/25/2026 09:30,https://www.instagram.com/p/DVMHeE3jjHi/,Imagen de Instagram,,Total,1583,983,11,0,0,0,0
18077490890080530,17841401871496039,360radioco,360 Radio Colombia,"✨ La noche del 28 de febrero Bogotá será historia del perreo con la llegada de Jowell & Randy y su show 3D al Movistar Arena: un espectáculo inmersivo que combina tecnología tridimensional, luces impactantes y más de 60 éxitos del reguetón clásico para vivir una experiencia única en Colombia.

🕶️ El concierto promete más de tres horas de música continua, donde el público no solo escucha, sino que se siente parte del show, con pantallas 3D, sonido envolvente y una puesta en escena pensada para bailar sin parar y recordar los grandes himnos urbanos.

🇨🇴🎤 Tras arrasar en otros países con su gira, Jowell & Randy regresan a nuestro país con toda la energía y nostalgia del perreo clásico, listos para encender el Movistar Arena en una noche que ya se perfila como una de las más comentadas del año.",0,02/25/2026 09:00,https://www.instagram.com/p/DVMEDkrjRxw/,Imagen de Instagram,,Total,865,504,4,1,0,0,0
17917018329123823,17841401871496039,360radioco,360 Radio Colombia,"📢 ¡Boom en el debate pensional! El Gobierno publicó un borrador de decreto que obligaría a las AFP a girar más de $25 billones pesos de los ahorros individuales al régimen público de Colpensiones, incluidos rendimientos financieros acumulados. Esto aplicaría a quienes ya se acogieron a la “ventana de traslado” habilitada por la reforma pensional.

🚨 Pero no todos están de acuerdo: Asofondos encendió alarmas, advirtiendo que la medida contraviene la Ley 2381 y podría afectar el ahorro pensional de más de 118.000 afiliados. Según el gremio, trasladar estos recursos en 15 días podría alterar el diseño financiero previsto y poner en riesgo la sostenibilidad de la reforma.

🤔 El presidente Gustavo Petro respondió que los traslados ya se venían haciendo desde antes y que la idea es que más personas accedan a mejores condiciones de pensión en Colpensiones, aunque el tema sigue generando cruce de opiniones y debate en el país.",0,02/25/2026 08:30,https://www.instagram.com/p/DVMAmmGjwbW/,Imagen de Instagram,,Total,4802,2811,42,10,1,18,3
17994272279919383,17841401871496039,360radioco,360 Radio Colombia,"⚽️🇨🇴 Si #LuisDíaz tuviera su propia película:

Actor: Piter Parker.
Mejor amigo: Daniel Muñoz.
Villano: Jhon Jader Durán. 
Director: Julio Amelino Comesaña.",0,02/25/2026 07:56,https://www.instagram.com/reel/DVL8XoMDsCe/,Reel de Instagram,,Total,4365,3014,64,6,1,1,3
17908662858347365,17841401871496039,360radioco,360 Radio Colombia,"🌱📊 Las empresas que lideran en sostenibilidad en Colombia ya tienen nombre propio.

El monitor Merco reveló el ranking de Responsabilidad ESG 2025, destacando a las 100 compañías más responsables en criterios ambientales, sociales y de gobierno corporativo.

📈 Más de 81.000 encuestas y 27 fuentes participaron en la medición que analiza reputación, impacto y coherencia empresarial. 

#Colombia #Empresas #Sostenibilidad",0,02/25/2026 07:34,https://www.instagram.com/p/DVL6NP3D5U7/,Imagen de Instagram,,Total,196210,109451,2854,252,250,118,498
18082238462202708,17841401871496039,360radioco,360 Radio Colombia,"🗣️ “Este Centro de Alojamiento para el Alto Rendimiento de la FCF es uno de los mejores del mundo, le dará la oportunidad a los niños,  niñas y Selecciones, enfocarse en el fútbol”

Gianni Infantino, Presidente de la #FIFA",0,02/24/2026 20:17,https://www.instagram.com/reel/DVKsKPVDsMi/,Reel de Instagram,,Total,2413,1941,54,6,0,0,0
18346452169238293,17841401871496039,360radioco,360 Radio Colombia,"🏦 Mario Pardo, presidente de #BBVA 
Evento the reinvention community de accenture 

Habla de que hay que seguir impulsado a B-breb y luchar contra el efectivo.",111,02/24/2026 19:35,https://www.instagram.com/reel/DVKn7-slzE1/,Reel de Instagram,,Total,1813,1254,37,1,0,2,3
18081382130022659,17841401871496039,360radioco,360 Radio Colombia,"⚠️Contenido sensible: una mujer de la tercera edad perdió la vida cuando se encontraba en un dispensario de Cafam, en el barrio Caobos de Cúcuta, gestionando la entrega de medicamentos para su hijo en condición de discapacidad física. La escena, que quedó registrada en video, ha provocado una fuerte ola de reacciones e indignación en redes sociales.",0,02/24/2026 18:40,https://www.instagram.com/reel/DVKhpYKDs4n/,Reel de Instagram,,Total,13345,7524,297,57,2,27,31
18005581067851036,17841401871496039,360radioco,360 Radio Colombia,"🥺 Tras hacerse viral en redes sociales por su gesto solidario durante una donatón escolar, José Gregorio, vendedor informal en Neiva, comenzó a recibir respaldo de distintas entidades. El hombre conmovió al país al entregar, sin esperar nada a cambio, un cuaderno y tres lápices para niños de bajos recursos.",74,02/24/2026 18:10,https://www.instagram.com/reel/DVKeQk4l1mY/,Reel de Instagram,,Total,10407,7731,630,39,0,24,13
18325641535300189,17841401871496039,360radioco,360 Radio Colombia,"👨‍💼 El Presidente de la Asociación Nacional de Empresarios en Colombia, Bruce Mac Master, expuso que Colombia debe entender que tiene que producir sus productos para mejorar la economía y generar mayor empleo.",97,02/24/2026 18:04,https://www.instagram.com/reel/DVKdOSFDqcM/,Reel de Instagram,,Total,861,703,23,0,0,0,0
18082538888600557,17841401871496039,360radioco,360 Radio Colombia,"🎺 Cuando murió Lavoe, #WillieColón lo despidió con una carta inolvidable que terminó con el estremecedor “Perdónanos, Héctor”.

Ayer, fue Rubén Blades quien honró a Willie con un mensaje igual de poderoso, cerrando con una frase que ya quedó para la historia: “Usted no está muerto, compadre. Ahora es que empieza a vivir”.",0,02/24/2026 17:35,https://www.instagram.com/reel/DVKaMoRjgTL/,Reel de Instagram,,Total,5571,4190,135,22,4,0,12
18057472373399211,17841401871496039,360radioco,360 Radio Colombia,"👀 En vídeo quedó registrada la seguridad a la que acudió un ciudadano en Cali para retirar de un cajero #Bancolombia, una vez reestablecido el servicio de la entidad bancaria.",0,02/24/2026 17:16,https://www.instagram.com/reel/DVKYDmzDqui/,Reel de Instagram,,Total,21307,12384,244,34,2,6,22
17973724955843876,17841401871496039,360radioco,360 Radio Colombia,"🇨🇴 En el marco de su campaña como candidato a la Presidencia de la República, #AbelardoDeLaEspriella estuvo hoy en Armenía, en donde fue recibido por cientos de ciudadanos.",0,02/24/2026 17:08,https://www.instagram.com/reel/DVKXGKwDjAC/,Reel de Instagram,,Total,7102,5232,746,15,0,80,10
18041683049754697,17841401871496039,360radioco,360 Radio Colombia,"🚕 La investigación determinó que Ospina fue víctima de un “paseo millonario”, una modalidad de hurto que ha generado repetidas alertas en Bogotá. La joven fue asaltada tras abordar un taxi luego de salir del bar, frente a la puerta de su vivienda, perdiendo en el ilícito una suma cercana a 50 millones de pesos.",0,02/24/2026 14:21,https://www.instagram.com/p/DVKD-otCrxM/,Imagen de Instagram,,Total,22751,14099,129,5,0,7,7
18088369973133675,17841401871496039,360radioco,360 Radio Colombia,"🌭 El perro caliente colombiano fue elegido como uno de los mejores del mundo. Las papas trituradas, el queso costeño, el suero, la piña y las salsas que mezclan dulce y ácido hicieron que esta preparación fuera reconocida por TasteAtlas como uno de los mejores del mundo.",0,02/24/2026 13:40,https://www.instagram.com/p/DVJ_R9-AJGl/,Imagen de Instagram,,Total,4325,2700,73,12,0,0,1
18058670543379473,17841401871496039,360radioco,360 Radio Colombia,"🌧 El municipio de Envigado activó medidas preventivas ante el pronóstico de lluvias persistentes asociado a un nuevo frente frío que impactará varias regiones del país entre el 22 y el 25 de febrero. La decisión se tomó luego del más reciente informe del Instituto de Hidrología, Meteorología y Estudios Ambientales (Ideam), que advierte un incremento considerable de las precipitaciones en las regiones Caribe, Pacífica y Andina.

Según el reporte, el fenómeno climático podría generar emergencias relacionadas con crecientes súbitas, inundaciones urbanas, deslizamientos en zonas de ladera y dificultades en la movilidad. Ante este panorama, el Sistema Municipal para la Gestión del Riesgo de Envigado anunció que mantiene activos sus protocolos de monitoreo y respuesta, con el fin de reaccionar de manera oportuna frente a cualquier eventualidad.

En caso de presentarse alguna situación de riesgo o emergencia, la ciudadanía puede comunicarse con la Línea Única de Emergencias de Envigado al (604) 276 6666. El municipio reiteró que mantendrá seguimiento constante a las condiciones meteorológicas y actualizará las medidas según evolucione el frente frío.",0,02/24/2026 13:19,https://www.instagram.com/p/DVJ84LLgAZK/,Imagen de Instagram,,Total,5635,3549,42,8,0,0,3
17861132451603053,17841401871496039,360radioco,360 Radio Colombia,"🚨 Están circulando en redes sociales publicaciones que utilizan sin autorización la imagen del padre Diego Jaramillo, director de la Corporación #MinutodeDios, para promocionar y comercializar colágeno. El sacerdote aclaró que se trataría de montajes elaborados con Inteligencia Artificial y advirtió que no tiene ninguna relación con ese producto.",44,02/24/2026 13:00,https://www.instagram.com/reel/DVJ6ydNDoKZ/,Reel de Instagram,,Total,4087,2855,76,28,0,3,6
18163182109410998,17841401871496039,360radioco,360 Radio Colombia,"⚽🇨🇴 Este martes 24 de febrero fue presentado oficialmente en Barranquilla el nuevo hotel de la Selección Colombia, ubicado en Alameda del Río. El complejo, de 4.000 metros cuadrados y 48 habitaciones entre sencillas y dobles, incluye terraza, espacios recreativos, área de fisioterapia, barbería y peluquería, todo integrado a los gimnasios, consultorios y zonas médicas de la sede deportiva.

Ramón Jesurún explicó que el proyecto no solo busca optimizar el rendimiento deportivo, sino también consolidar un museo que reúna la historia de más de cien años de la Federación. La obra tuvo un costo cercano a los $37.000 millones, financiados en su mayoría por la Federación Colombiana de Fútbol, con un aporte menor de Conmebol.",0,02/24/2026 12:57,https://www.instagram.com/p/DVJ6YoOEjlC/,Imagen de Instagram,,Total,46721,27834,649,34,14,10,24
18138090169493638,17841401871496039,360radioco,360 Radio Colombia,"🗣️ “Denuncié ante la CIDH la persecución política del Uribismo contra mi campaña. Fue ante la Comisión Interamericana de Derechos Humanos una comunicación para advertir sobre la campaña publicitaria en mi contra para difundir información falsa en medios de comunicación y redes sociales, así como el intento de judicializarme en Estados Unidos”.

#IvánCepeda, candidato presidencial.",271,02/24/2026 12:25,https://www.instagram.com/reel/DVJ2t4SgSzc/,Reel de Instagram,,Total,4083,2584,38,4,0,206,1
18318561055270343,17841401871496039,360radioco,360 Radio Colombia,"🗳️ Éstas son imágenes de las adecuaciones que se están haciendo en la #ImprentaNacional para empezar a imprimir los nuevos pasaportes, que según el presidente #GustavoPetro, es el cuarto mejor del mundo.",30,02/24/2026 10:45,https://www.instagram.com/reel/DVJrVZ6jvyE/,Reel de Instagram,,Total,5245,3543,50,0,0,5,1
18056901668680279,17841401871496039,360radioco,360 Radio Colombia,"🗣️ “No existe el tal fraude electoral. El presidente #GustavoPetro sigue realizando intervenciones directas en política al emitir constantes advertencias sobre un supuesto fraude electoral que solo está en su imaginación”.

#SergioFajardo, candidato presidencial.",42,02/24/2026 10:30,https://www.instagram.com/reel/DVJpn7lDvzy/,Reel de Instagram,,Total,2622,1890,44,1,3,14,2
18107933320704062,17841401871496039,360radioco,360 Radio Colombia,"📊🔥 El negocio del streaming está en plena guerra: suscriptores, miles de millones en ingresos y una pelea feroz por el contenido. Netflix sigue liderando, pero The Walt Disney Company y Prime Video & Amazon MGM Studios no se quedan atrás en inversión y mercado.",0,02/24/2026 10:00,https://www.instagram.com/p/DVJmIuEjE8w/,Secuencia de Instagram,,Total,1838,686,28,3,0,0,2
18082197347210535,17841401871496039,360radioco,360 Radio Colombia,"🏍️🔥 Un hombre prefirió quemar su moto, a aceptar los tres comparendos que le iban a poner, por invadir espacio público, conducir sin licencia y el desacato a la autoridad.",9,02/24/2026 09:30,https://www.instagram.com/reel/DVJirxSDkgw/,Reel de Instagram,,Total,6776,3873,69,3,0,3,1
18093738092050821,17841401871496039,360radioco,360 Radio Colombia,"🚕 Tras la aparición de Diana Ospina, este video sigue siendo parte de la investigación por parte de las autoridades para establecer lo ocurrido.

En este se ve que, aparentemente, Ospina sí habría llegado a su casa, pero antes de descender del taxi dos hombres se suben en él y el vehículo se marcha.",25,02/24/2026 09:12,https://www.instagram.com/reel/DVJgi3YDvhp/,Reel de Instagram,,Total,12115,8336,93,29,1,5,5
17919224160267633,17841401871496039,360radioco,360 Radio Colombia,"🍎Apple confirmó que utilizará la misma planta de Houston donde el año pasado inició la fabricación de servidores especializados para sus centros de datos.

🧐Aunque la Mac mini sigue siendo un producto de nicho si se compara con el volumen masivo de las MacBook Air o el iPhone, su relevancia ha dado un giro inesperado. Con un precio de entrada de 599 dólares, se ha convertido en la opción preferida para usuarios que buscan potencia asequible para ejecutar software de IA.

👉🏻Apple mantiene el grueso de su producción en China, Malasia, Vietnam y Tailandia. Sin embargo, Texas no es territorio desconocido.",0,02/24/2026 09:00,https://www.instagram.com/p/DVJfP69DELw/,Imagen de Instagram,,Total,17147,10552,130,10,0,1,4
17877037227405875,17841401871496039,360radioco,360 Radio Colombia,"🏟️La historia del pop contemporáneo no podría contarse sin la figura irreverente, magnética y, a veces, vulnerable de Robbie Williams. Sin embargo, para el público colombiano, esa historia siempre tuvo una página en blanco. 

🌃El escenario elegido para el debut del ex-Take That es el Movistar Arena de Bogotá, un recinto que se ha consolidado como la escala obligatoria para la realeza de la música global. 

👉🏻Para esta cita en el Movistar Arena, se ha dispuesto una segmentación que permite diversas experiencias de cercanía con el artista.",0,02/24/2026 08:46,https://www.instagram.com/p/DVJdonQDdYc/,Imagen de Instagram,,Total,3911,2408,56,11,0,3,2
18107314147696129,17841401871496039,360radioco,360 Radio Colombia,✈️ Este video refleja lo que pudo haber sido una tragedia: traslapó del helicóptero por interferencia en la comunicación.,15,02/24/2026 08:20,https://www.instagram.com/reel/DVJaro2Dio-/,Reel de Instagram,,Total,12614,6559,107,39,1,1,8
18021449003803188,17841401871496039,360radioco,360 Radio Colombia,"💰 El juez central puede recibir hasta $2.900.000 por encuentro en la Liga BetPlay. Asistentes, VAR y cuarto árbitro también tienen tarifas definidas. En finales, el pago aumenta cerca de un 50%.",0,02/24/2026 07:49,https://www.instagram.com/p/DVJXIaWkp4E/,Secuencia de Instagram,,Total,2105,795,21,3,0,0,1
18071565653531309,17841401871496039,360radioco,360 Radio Colombia,"🗳️ Respuesta del Procurador General Gregorio Eljach a las críticas del presidente #GustavoPetro, a los entes de control y al proceso electoral del 8 de marzo. “Con la honra de nosotros no va a jugar nadie, por presidente que sea, ni porque fue el que me postuló para la terna. Aquí tiene que respetar”, dijo Eljach.",0,02/24/2026 06:38,https://www.instagram.com/reel/DVJObnkjjqR/,Reel de Instagram,,Total,5555,3815,142,2,0,17,3
17919935289267049,17841401871496039,360radioco,360 Radio Colombia,"🚨 Desde la Casa de Nariño, el presidente Gustavo #Petro anunció que radicará ante la Fiscalía un informe con pruebas que, según afirmó, evidenciarían presuntas irregularidades en las elecciones de 2022.

El documento —explicó— incluiría señalamientos sobre posibles cambios en el software de preconteo, ajustes en mesas de votación y variaciones en los resultados reportados.",0,02/23/2026 20:42,https://www.instagram.com/reel/DVIKWPYju90/,Reel de Instagram,,Total,11345,7902,162,5,4,93,12
18082481852587785,17841401871496039,360radioco,360 Radio Colombia,"🚨 Después de más de 40 horas privada de la libertad, Diana Lorena Ospina volvió a su hogar y pudo abrazar nuevamente a su familia. La mujer había sido obligada a subir a un taxi en la madrugada del domingo por tres hombres, justo cuando llegaba a su vivienda en el barrio Santa María del Lago, en el occidente de Bogotá.

Fue ubicada por la Policía en la vía hacia Choachí durante la noche y, según el reporte oficial, se encuentra en buenas condiciones de salud. La intensa presión de las autoridades y la reacción ciudadana fueron determinantes para que sus captores optaran por dejarla en libertad.",0,02/23/2026 20:19,https://www.instagram.com/reel/DVIHmN2jiv-/,Reel de Instagram,,Total,172321,139231,7627,1807,238,640,346
18097347860481607,17841401871496039,360radioco,360 Radio Colombia,🚨 Primeras imágenes de Diana Ospina esta noche tras ser encontrada por la Policía de Colombia.,0,02/23/2026 20:03,https://www.instagram.com/reel/DVIGP6GDpTs/,Reel de Instagram,,Total,29106,21297,674,103,12,36,20
18098589409935564,17841401871496039,360radioco,360 Radio Colombia,"🗳️ La Defensoría del Pueblo presentó un nuevo informe sobre la alerta temprana electoral y sacudió el panorama político: advierte que la respuesta del Estado frente a los riesgos electorales es insuficiente a solo semanas de las elecciones del 8 de marzo. ￼
Según el documento, solo se ha cumplido parte de las recomendaciones y los avances son parciales y desiguales. ￼
Además, hay grupos armados que siguen imponiendo miedo y limitando la participación política en muchos municipios. ￼
La Defensoría insiste en que esto pone en riesgo el ejercicio libre y seguro del voto en varias regiones. ￼

El informe indica que 69 municipios están en riesgo crítico y requieren medidas urgentes del Estado. ￼
También que 45 localidades pasaron de riesgo “urgente” a “inmediato”, mostrando una empeoramiento de las condiciones de seguridad.",0,02/23/2026 17:10,https://www.instagram.com/p/DVHygFejmi3/,Imagen de Instagram,,Total,1391,920,17,0,0,0,0
18093306914000125,17841401871496039,360radioco,360 Radio Colombia,"⚽️ Prestianni no jugará contra el Real Madrid en el Santiago Bernabéu este miércoles tras una sanción provisional de la UEFA por su presunto comportamiento discriminatorio hacia Vinicius.
La medida llega mientras sigue abierta una investigación por un posible insulto racista en la ida de Champions.
El argentino fue suspendido sólo por un partido, pero aún podría caerle más castigo según cómo avance el caso.
Benfica anunciará un recurso inmediato ante la decisión porque aseguran que no hubo racismo.
Este episodio ha prendido la mecha en redes con opiniones divididas sobre justicia y fútbol. ￼

La polémica no se queda en el campo: figuras como el exárbitro Javier Castrilli explotaron en X cuestionando la sanción.
Castrilli llamó la decisión “una burrada” y criticó que se sancione sin pruebas claras, generando debates sobre la presunción de inocencia.
Mientras tanto, en Twitter y otras plataformas abundan los memes, los hashtags y las opiniones cruzadas.
Algunos piden tolerancia cero al racismo, otros creen que la UEFA se pasó de rápida.",0,02/23/2026 17:07,https://www.instagram.com/p/DVHyEdwDqlz/,Imagen de Instagram,,Total,2015,1294,12,0,0,1,0
18084512080966068,17841401871496039,360radioco,360 Radio Colombia,"❗️Triste y violento fin de semana en el Cauca: fue asesinado Belarmino Guejía Dizú, líder social indígena del pueblo nasa, en su casa en la vereda San José La Laguna de Cajibío.

Sujetos armados llegaron en moto y le dispararon múltiples veces en el patio de su vivienda, según denuncias de derechos humanos.
Belarmino no solo era un activista campesino, también era presidente de comunidades sin tierra y un defensor incansable de derechos.

Este ataque ocurrió en una zona ya marcada por alertas tempranas por riesgo para líderes sociales.
Con su muerte, ya suman 23 líderes asesinados en Colombia en lo que va de 2026. ￼

Su papel como ambientalista, político y defensor de derechos humanos lo hacía figura clave en el Cauca.
Tras este asesinato, se intensifica el clamor por protección real para líderes indígenas y campesinos.
La zona continúa bajo la sombra de grupos armados ilegales y la exigencia de paz resuena con fuerza.",0,02/23/2026 17:01,https://www.instagram.com/p/DVHxdp4DlFo/,Imagen de Instagram,,Total,4196,2549,46,2,0,20,2
18002442209853953,17841401871496039,360radioco,360 Radio Colombia,"👋🏼 La justicia le puso un reloj encima a Armando Benedetti: la jueza 40 administrativa de Bogotá le dio 48 horas para retractarse públicamente de los señalamientos contra el exministro Luis Felipe Henao.
Todo esto porque, según el fallo, sus publicaciones en X afectaron el buen nombre y la honra de Henao sin pruebas claras.
Los señalamientos incluían supuestos nexos con personajes como el “Ñeñe” Hernández y bienes en el exterior.
La orden es clara: tiene que hacerlo en la misma red social donde publicó los mensajes.
Este caso vuelve a poner el debate sobre responsabilidad en redes en el centro de la agenda. ￼

La tutela fue interpuesta por Henao tras los mensajes de diciembre de 2025, donde Benedetti lo vinculó con temas judiciales y patrimoniales sin evidencia.
La Corte Suprema confirmó que no hay investigaciones penales en su contra, lo que fue clave para la decisión del juzgado.
La juez consideró que el ministro cruzó la línea entre opinión y daño reputacional.
Las reacciones en redes no se hicieron esperar: muchos hablan de libertad de expresión, otros de responsabilidad pública.
Sea cual sea el lado, el caso ya es trending entre usuarios políticos. ￼

Este episodio trae de nuevo la conversación sobre cómo figuras públicas usan sus plataformas con millones de seguidores.
Benedetti tiene más de medio millón de seguidores en X, lo que amplifica cada palabra suya.
Ahora tiene que corregir lo dicho o enfrentar el peso de la decisión judicial.
Mientras tanto, Henao celebra la protección de su reputación y pide respeto en el debate público.",0,02/23/2026 16:21,https://www.instagram.com/p/DVHs9nyDhBK/,Imagen de Instagram,,Total,12101,8545,186,3,0,6,3
18037088975772708,17841401871496039,360radioco,360 Radio Colombia,🗣️ “Claro que me han cobrado la gasolina”: la vicepresidenta @franciamarquezm respondió a las críticas por sus viajes a África.,97,02/23/2026 15:15,https://www.instagram.com/reel/DVHlYbeknKR/,Reel de Instagram,,Total,7664,5178,43,4,1,69,9
17936077728180269,17841401871496039,360radioco,360 Radio Colombia,🥺 En video quedó registrado como el mono Punch se refugia en su peluche tras ser rechazado por su manada.,21,02/23/2026 14:30,https://www.instagram.com/reel/DVHgOcPEpWo/,Reel de Instagram,,Total,2828,1763,65,4,0,3,3
18086871913937036,17841401871496039,360radioco,360 Radio Colombia,"🗣️ “Mientras el Pueblo me abraza, la casta me ataca.
Reciclan mentiras de hace 16 años, montan shows desde cárceles y activan bodegas digitales porque saben una cosa: soy el único que puede derrotar al establecimiento y al candidato del gobierno”.

#AbelardoDeLaEspriella, candidato presidencial.",175,02/23/2026 14:15,https://www.instagram.com/reel/DVHekdEEtC_/,Reel de Instagram,,Total,1904,1358,92,1,0,24,3
18094171873958772,17841401871496039,360radioco,360 Radio Colombia,"👏 Colombia en el ranking ""The World's 100 Best Coffee Shops 2026""

☕ Se ha hecho pública la lista definitiva de las 100 mejores cafeterías del mundo para el año 2026, un referente global que evalúa la calidad, el servicio y la propuesta técnica de establecimientos en los cinco continentes.

En esta edición, el sector de especialidad en Colombia mantiene una presencia relevante con dos establecimientos destacados:

Tropicalia Coffee: Se posiciona en el puesto número 9, consolidándose dentro del selecto Top 10 a nivel mundial.

Caferatto: Logra su ingreso en el listado, ubicándose en la posición número 64.",0,02/23/2026 13:40,https://www.instagram.com/p/DVHaevsDkiV/,Secuencia de Instagram,,Total,45530,26164,416,105,5,14,90
18081760670521798,17841401871496039,360radioco,360 Radio Colombia,"🗣️ “No hay Estado que no pueda contra los criminales. Si un Estado no vence a la criminalidad, es porque el Estado es cómplice”.

#NayibBukele, Presidente de la República de Salvador, sobre la situación en #México.",35,02/23/2026 12:55,https://www.instagram.com/reel/DVHVUyuEvDA/,Reel de Instagram,,Total,6202,4227,322,41,1,7,9
18093387887021617,17841401871496039,360radioco,360 Radio Colombia,"😳 Pasó en#Brasil: 

👉🏻 Domingo: Derrikson le propuso matrimonio a su novia después del partido contra Marquense. ¡Ella aceptó!

👉🏻 Miércoles: El deportista anunció oficialmente, vía Instagram, que la relación había terminado.",0,02/23/2026 12:21,https://www.instagram.com/reel/DVHRcA8ETVO/,Reel de Instagram,,Total,22447,13358,204,240,1,22,28
17957725556923028,17841401871496039,360radioco,360 Radio Colombia,"@linacarvajall, creadora de contenido, entrevistó a una persona que trabaja vendiendo bebidas energéticas. Le preguntó si le gustaría ser modelo por un día, ella aceptó y todo quedó registrado en video.",0,02/23/2026 10:16,https://www.instagram.com/reel/DVHDD5yDtk2/,Reel de Instagram,,Total,10157,5900,402,44,2,19,14
18060185891682361,17841401871496039,360radioco,360 Radio Colombia,😂 En video quedó registrado el momento en el que un hombre confundió el “choque las cinco” con la bendición que le estaba dando un Padre durante su matrimonio.,21,02/23/2026 09:25,https://www.instagram.com/reel/DVG9T3tDo0U/,Reel de Instagram,,Total,27767,18749,526,457,5,14,42
18139793638436627,17841401871496039,360radioco,360 Radio Colombia,"🟢 En video quedó registrada la celebración de Cristian ‘Chicho’ Arango, tras su primera anotación como jugador de #AtléticoNacional, en su primera titularidad y primero como local. La dedicación fue para su abuela, quien le inculcó el amor por el ‘Verde de la Montaña’.",0,02/23/2026 08:57,https://www.instagram.com/reel/DVG6FYQDtOW/,Reel de Instagram,,Total,3261,2441,69,4,1,0,1
18073331687631382,17841401871496039,360radioco,360 Radio Colombia,"🚨 Urgente: Parex Resources anunció que presentó una propuesta formal para adquirir el negocio upstream en Colombia de Frontera Energy Corp. por US$500 millones en efectivo, más la asunción de deuda y un pago contingente de US$25 millones bajo términos similares a los ya anunciados previamente.

La oferta representa una prima de US$125 millones frente al acuerdo existente y, según la compañía, ofrecería un mayor valor inmediato a los accionistas de Frontera.

Imad Mohsen, presidente y CEO de Parex, aseguró que la propuesta en efectivo podría ser considerada como una “oferta superior” por parte de la junta directiva de Frontera, y manifestó su interés en avanzar en conversaciones para concretar la transacción.

#Empresas #Economía",0,02/23/2026 07:00,https://www.instagram.com/p/DVGspyCjkIO/,Imagen de Instagram,,Total,1061,643,11,2,0,0,0
18127488511479551,17841401871496039,360radioco,360 Radio Colombia,"#Empresas | 💼🇨🇴 La presencia de empresarios colombianos entre las mayores fortunas de América Latina vuelve a poner al país en el radar de los grandes mercados regionales. Más allá de los montos, este listado refleja el peso que hoy tienen los negocios creados desde Colombia en sectores estratégicos de la economía 🌎.

📊✨ La gráfica muestra cómo el capital latinoamericano sigue concentrándose en líderes con fuerte capacidad de expansión internacional, diversificación y visión de largo plazo. Para el ecosistema empresarial, es una señal clara de que competir en grande desde la región sí es posible 🚀.

💡📈 En un momento de alta incertidumbre económica, estos nombres también evidencian el papel de la inversión, la innovación y la gestión empresarial como motores clave para el crecimiento y la proyección global de Colombia.",0,02/22/2026 09:00,https://www.instagram.com/p/DVEVqO-CCfT/,Imagen de Instagram,,Total,31335,18057,312,22,6,1,41
17915802984276685,17841401871496039,360radioco,360 Radio Colombia,🥺 Este es el tráiler de #ToyStory 5.,0,02/22/2026 05:36,https://www.instagram.com/reel/DVD-Q4ejkcF/,Reel de Instagram,,Total,2244,1867,67,14,0,0,0
18089243047889406,17841401871496039,360radioco,360 Radio Colombia,"🥺 el Zoológico de Ichikawa, un mono llamado Punch —nacido el 26 de julio de 2025 y cuidado por el personal tras ser abandonado— ha desarrollado un apego especial a un peluche de orangután que no suelta en ningún momento.",0,02/22/2026 04:54,https://www.instagram.com/reel/DVD5cFdjiLi/,Reel de Instagram,,Total,4045,3050,64,2,0,0,4
17917706865269724,17841401871496039,360radioco,360 Radio Colombia,"😳 En video quedó registrada la entrevista del activista político Daniel Maldonado a un manifestante en la Plaza de Bolívar. Tras una notoria contrariedad en la ideología política, el entrevistado terminó tirándole el micrófono al piso al entrevistador, quien se estaba refiriendo, además, al sobrepeso del manifestante.",0,02/22/2026 04:49,https://www.instagram.com/reel/DVD44BrDozv/,Reel de Instagram,,Total,15917,9515,318,9,1,48,19
17991350288765154,17841401871496039,360radioco,360 Radio Colombia,"🥺 “No me vayan a llorar”, #WillieColón, durante una entrevista en Miami en 2021.",11,02/21/2026 19:44,https://www.instagram.com/reel/DVC6dWFjh9a/,Reel de Instagram,,Total,4325,3423,119,5,1,1,2
17968437318011185,17841401871496039,360radioco,360 Radio Colombia,"🕊️ Muere a los 75 años de edad #WillieColón, compositor de canciones como Pedro Navaja, éxito del álbum Siembra, el disco más vendido en la historia de la salsa.",0,02/21/2026 19:21,https://www.instagram.com/reel/DVC38ogDqhB/,Reel de Instagram,,Total,3644,2921,225,9,0,3,10
17974194248974504,17841401871496039,360radioco,360 Radio Colombia,"🕊️ 47 años de este momento: #WillieColón, cantando ‘Sin Poderte Hablar’, acompañado por Fania All-Star y la sección de cuerdas de la Orquesta Sinfónica de Venezuela. Presentación transmitida en vivo por RCTV, canal 2, en el programa musical ‘A Todo Color’, conducido por Orlando Urdaneta. Según algunas fuentes, la transmisión corresponde al 20 de octubre de 1979, en antesala al concierto de Las Estrellas de Fania en el Poliedro de Caracas y previo al cumpleaños de Celia Cruz.",0,02/21/2026 18:45,https://www.instagram.com/reel/DVCzu_ZDjdm/,Reel de Instagram,,Total,2322,1732,110,3,0,0,10
18142026118474796,17841401871496039,360radioco,360 Radio Colombia,"🕊️ El mensaje de #BadBunny a #WillieColón, después de su fallecimiento.",0,02/21/2026 18:27,https://www.instagram.com/reel/DVCxyWajmBE/,Reel de Instagram,,Total,3711,2796,92,2,2,0,2
18062333330659885,17841401871496039,360radioco,360 Radio Colombia,"🕊️ “Vamos a bailar la murga”, #WillieColón",0,02/21/2026 17:51,https://www.instagram.com/reel/DVCtqyejrtT/,Reel de Instagram,,Total,3681,2645,210,10,0,4,7
17938531371152303,17841401871496039,360radioco,360 Radio Colombia,"#Tecnología | 📺🌍 El mapa del mercado global de televisores deja un mensaje claro: la competencia es cada vez más intensa y el liderazgo se gana con innovación, escala y visión tecnológica. Hoy, las marcas que marcan la diferencia no solo venden pantallas, construyen experiencias para un consumidor más digital y exigente 🚀.

🔍✨ Esta gráfica refleja un pulso global donde Asia concentra gran parte del protagonismo, mientras otros fabricantes buscan abrirse espacio con propuestas más especializadas y mayor valor agregado. El reto ya no es solo crecer, sino mantenerse relevante en un mercado que cambia al ritmo del streaming, la conectividad y la inteligencia artificial.

📊🔥 Para la industria, los inversionistas y los consumidores, este escenario confirma que el futuro del entretenimiento en casa se está definiendo ahora. Entender quién domina hoy el mercado es clave para anticipar las próximas jugadas de un sector que no deja de transformarse.",0,02/21/2026 14:00,https://www.instagram.com/p/DVCTNz8ARly/,Imagen de Instagram,,Total,7150,4267,105,15,10,0,28
18106236598702125,17841401871496039,360radioco,360 Radio Colombia,"🎺 “Todo tiene su final”, #WILLIECOLÓN",0,02/21/2026 13:27,https://www.instagram.com/reel/DVCPXOvDpaY/,Reel de Instagram,,Total,5088,4196,273,27,7,3,13
18308037061259308,17841401871496039,360radioco,360 Radio Colombia,🇺🇸 #WILLIECOLÓN (1950-2026),0,02/21/2026 10:31,https://www.instagram.com/reel/DVB6tY0juM8/,Reel de Instagram,,Total,45398,38548,2972,453,42,69,161
18096285376754895,17841401871496039,360radioco,360 Radio Colombia,"🇨🇴 A propósito de la Consulta Presidencial del próximo 8 de marzo, ciudadanos cuentan si participarán o no, y por quién van a votar.",88,02/21/2026 09:00,https://www.instagram.com/reel/DVBw2VZkv5Y/,Reel de Instagram,,Total,2634,2328,48,1,0,5,1
18097915159745609,17841401871496039,360radioco,360 Radio Colombia,"#Mundo l 🎓 ¿Sabías que Oxford encabeza el ranking de las mejores universidades del mundo para 2026, seguida por Yale y Stanford?  Este top 10 incluye instituciones icónicas como MIT, Harvard, Cambridge, Imperial College, Michigan y la Universidad de Pensilvania.  Un verdadero mapa de los sueños para quienes quieren estudiar en la élite global. 

🌍 Detrás de este listado está un análisis de 500 universidades realizado por TIME y Statista, que evalúa investigación, impacto, internacionalización y empleabilidad. Reino Unido y Estados Unidos dominan los primeros puestos, confirmando su peso en la educación superior mundial.Pero cada vez más universidades de otras regiones están escalando posiciones. 

📚 Si pudieras elegir, ¿en cuál de estas universidades te gustaría estudiar: Oxford, Yale, Stanford, MIT u otra del top?  Cuéntame en los comentarios qué carrera te imaginas cursando allí y etiqueta a esa persona con la que compartirías este sueño académico.",0,02/21/2026 05:00,https://www.instagram.com/p/DVBVaeJgeYf/,Imagen de Instagram,,Total,107865,53470,1305,268,54,3,341
17998053509899421,17841401871496039,360radioco,360 Radio Colombia,"En un país marcado por antecedentes de irregularidades electorales, cualquier señalamiento sobre fraude tiene un efecto inmediato en la confianza pública.",0,02/20/2026 16:00,https://www.instagram.com/p/DU_8JsNjDZB/,Secuencia de Instagram,,Total,1124,481,10,0,0,0,1
17919930591257203,17841401871496039,360radioco,360 Radio Colombia,"✈️ El Ministerio de #Transporte y la Aeronáutica Civil revelaron el informe preliminar sobre el trágico accidente del avión de Satena ocurrido el 28 de enero, que dejó 15 personas fallecidas en el departamento de Norte de Santander.

La aeronave cubría la ruta Cúcuta–Ocaña cuando perdió contacto con la torre de control a 15 millas náuticas de su destino. Minutos después, los sistemas registraron un descenso continuo antes de impactar contra una zona montañosa en el sector de Las Guamas, jurisdicción de La Playa de Belén.

Las cajas negras fueron recuperadas y ya se adelantan análisis técnicos, incluso con apoyo internacional bajo estándares de la OACI, para esclarecer las causas de esta tragedia aérea en #Colombia.",113,02/20/2026 13:50,https://www.instagram.com/reel/DU_tRVHjgE6/,Reel de Instagram,,Total,10221,6886,78,6,0,0,16
18067924862247202,17841401871496039,360radioco,360 Radio Colombia,"El sistema financiero en 2025 dejó un nuevo podio 💰📊

La Superintendencia Financiera de Colombia reveló que Bancolombia lideró en utilidades con $6,3 billones, pero la gran sorpresa fue Banco GNB Sudameris Colombia, que por primera vez se quedó con el segundo lugar ($1,85 billones), desplazando a Banco Davivienda al tercer puesto.

Top 5 en ganancias 2025:

 🥇 Bancolombia – $6,3 billones

 🥈 Banco GNB Sudameris – $1,85 billones

 🥉 Davivienda – $1,83 billones

 4️⃣ Banco de Bogotá – $1,2 billones

 5️⃣ Citibank – $643.617 millones

#Economía #Bancos #Colombia",0,02/20/2026 13:08,https://www.instagram.com/p/DU_obgBFlJb/,Imagen de Instagram,,Total,90611,54092,829,115,65,7,126
17947463810965727,17841401871496039,360radioco,360 Radio Colombia,"“La prioridad que tenemos es el plan democracia. Garantizar que estas elecciones sean totalmente seguras”.

Ministro de Defensa, Pedro Arnulfo Sánchez, tras reunión con gobernantes en #Córdoba.",80,02/20/2026 11:30,https://www.instagram.com/reel/DU_dQuTDiFA/,Reel de Instagram,,Total,1604,1378,12,0,0,8,1
18085263287273449,17841401871496039,360radioco,360 Radio Colombia,"🐔 En video quedó registrado el baile del pollo Frisby, a  propósito de la popularidad del fenómeno #Therian, usuarios indican que este es el que más quieren.",23,02/20/2026 10:00,https://www.instagram.com/reel/DU_TAR1Dr3w/,Reel de Instagram,,Total,6214,4645,236,73,0,4,6
18004101098848643,17841401871496039,360radioco,360 Radio Colombia,"🗣️ “Ha tenido la inteligencia y la generosidad de saber que para financiar las energías limpias hay que sacar la riqueza de la tierra, porque si no lo hago nos quedamos sin petróleo y sin energías limpias y empleo para las familias petroleras”.

#RoyBarreras, candidato presidencial, sobre el apoyo de la USO para la consulta presidencial del 8 de marzo.",50,02/20/2026 09:30,https://www.instagram.com/reel/DU_Pg-Njujc/,Reel de Instagram,,Total,601,412,7,0,0,0,0
17855875239665532,17841401871496039,360radioco,360 Radio Colombia,"🗣️ “La #UniversidadNacional debe ser un espacio de crítica constante, donde se escuchen los consensos y disensos”.

Estudiantes de la institución sobre el paro actual.",49,02/20/2026 09:05,https://www.instagram.com/reel/DU_MuGDjmaa/,Reel de Instagram,,Total,2771,2161,26,1,0,0,1
17896137024258137,17841401871496039,360radioco,360 Radio Colombia,"🇨🇴 El ministro de Justicia, Jorge Iván Cuervo Restrepo, anunció ante el Congreso que sostendrá un encuentro con la fiscal general Luz Adriana Camargo para revisar el avance de los procesos y reforzar las acciones investigativas frente a los asesinatos de firmantes del Acuerdo de Paz en #Colombia.",32,02/20/2026 08:30,https://www.instagram.com/reel/DU_Ipesjqf1/,Reel de Instagram,,Total,1510,1376,8,0,0,0,0
18066001643636425,17841401871496039,360radioco,360 Radio Colombia,"🚨 Urgente: La Corte Suprema de los Estados Unidos anuló los aranceles globales impuestos por la administración de Donald Trump, al considerar que excedieron su autoridad constitucional.

El fallo redefine los límites del poder presidencial en materia comercial y podría obligar al Gobierno a devolver miles de millones de dólares recaudados.",0,02/20/2026 07:57,https://www.instagram.com/p/DU_E3rPjr9w/,Imagen de Instagram,,Total,2831,1535,47,7,0,0,1
18107243188806697,17841401871496039,360radioco,360 Radio Colombia,"🗣️ “Uno casi nunca se lleva bien con la suegra”.

🇨🇴 Armando #Benedetti, Ministro del Interior, confirma que no votará en las consultas presidenciales y opina sobre que su suegra sí lo haga.",50,02/20/2026 06:30,https://www.instagram.com/reel/DU-646yjp2H/,Reel de Instagram,,Total,4675,3289,31,5,0,22,1
18309501886285345,17841401871496039,360radioco,360 Radio Colombia,"🗣️ “Como papá, me solidarizo con toda la familia de Kevin. Sé lo que es sufrir porque la medicina no llega. Como Presidente no dejaré que eso pase”.

#DanielQuintero, candidato presidencial.",48,02/20/2026 06:00,https://www.instagram.com/reel/DU-3hfGjv__/,Reel de Instagram,,Total,4592,3299,24,1,0,134,2
18164479168405503,17841401871496039,360radioco,360 Radio Colombia,"🗣️ “Que alguien me diga, ¿por qué no nos merecemos un salario de dos millones?”

🇨🇴 Ciudadano que trabaja en recoger las bolsas de basura documenta parte de su trabajo y defiende el alza del Salario Mínimo.",51,02/20/2026 05:30,https://www.instagram.com/reel/DU-0DA7DqjC/,Reel de Instagram,,Total,8955,5488,181,8,0,67,9
18083153999215919,17841401871496039,360radioco,360 Radio Colombia,"😧 Multitudinario: así fue el recibimiento al candidato presidencial, Abelardo De La Espriella (@delaespriella_style) en Cúcuta.",52,02/20/2026 05:00,https://www.instagram.com/reel/DU-wrp6jvEb/,Reel de Instagram,,Total,8783,6550,1352,103,5,132,11
18339792994214306,17841401871496039,360radioco,360 Radio Colombia,"🗣️ “Hoy la mejor política de prevención en salud en Colombia es no votar por #IvánCepeda y Carolina Corcho quienes son autores y cómplices de un proyecto que tiene sin medicamentos al país y quienes además prometieron continuar con semejante desastre”.

Daniel Briceño, candidato a la Cámara por #Bogotá del #CentroDemocrático.",42,02/20/2026 04:00,https://www.instagram.com/reel/DU-pxvGDpF_/,Reel de Instagram,,Total,31768,25824,4373,301,23,170,44
18036750026762045,17841401871496039,360radioco,360 Radio Colombia,"“Desde la década de 1980, la vida de la gente de Medellín y Antioquía cambió. Ya no regresarán al pasado”.

#IvánCepeda, candidato presidencial del #PactoHistórico.",58,02/20/2026 03:30,https://www.instagram.com/reel/DU-mZDQDogQ/,Reel de Instagram,,Total,6382,3887,33,0,0,75,0
18046238381732828,17841401871496039,360radioco,360 Radio Colombia,"🗣️ “Señor Gaviria, corrompido es aquel que hizo parte de un gobierno con el único objetivo de sabotear la reforma a la salud y traicionar a la juventud que eligió un programa de cambio”.

Daniel Rojas, Ministro de Educación en #Colombia, a Alejandro Gaviria.",179,02/20/2026 03:00,https://www.instagram.com/reel/DU-i6yijvqO/,Reel de Instagram,,Total,2466,1615,16,1,0,6,1
17907093843182810,17841401871496039,360radioco,360 Radio Colombia,"⚖️ El caso disciplinario contra el Manchester City entra en su fase decisiva.
La Premier League presentó más de 100 cargos por presuntas irregularidades financieras entre 2009 y 2018. La investigación nació tras las filtraciones de Football Leaks. Se acusa al club de información financiera inexacta y falta de cooperación.
El fallo se conocería en los próximos meses.

🏆 El proceso ocurre tras años de éxitos deportivos. Desde 2008, con el Abu Dhabi United Group, el club cambió su dimensión. Con Pep Guardiola, ganó múltiples ligas y la Champions en 2023. En 2022/23 reportó ingresos superiores a £700 millones. Ahora el foco está en sus cuentas, no en los títulos.

🚨 Las sanciones pueden ir desde multas hasta deducción de puntos o expulsión.
No existe norma automática que lo envíe a quinta división. Un castigo fuerte podría comprometer su permanencia en la liga. El veredicto lo tomará una comisión independiente, con opción de apelación.Lo que está en juego es el modelo financiero del fútbol inglés.",0,02/19/2026 11:37,https://www.instagram.com/p/DU85SakkjNK/,Imagen de Instagram,,Total,2992,1732,23,1,0,0,0
18002795513849033,17841401871496039,360radioco,360 Radio Colombia,"📊 Antioquia cerró 2025 con crecimiento de 2,8%, por encima del 2,6% nacional.
El dato fue respaldado por el Dane y el Centro de Pensamiento de la Universidad EIA. En un año de tensiones políticas y entorno global complejo. El departamento logró mantener un ritmo superior al promedio país. La diferencia: mayor impulso del sector privado.

🏭 La industria creció 4,9%, frente al 1,9% nacional. El comercio minorista aumentó 14,2% en el departamento. Las exportaciones subieron 22,6%, muy por encima del 1,3% nacional. Importaciones de maquinaria crecieron 6,3%, señal de inversión. Empresa privada, comercio y sector externo marcaron la pauta.

🏗️ En vivienda se vendieron 173.632 unidades en el país (+12,4%). El turismo también aportó: 1,2 millones de extranjeros llegaron por el Aeropuerto Internacional José María Córdova, un alza de 11,7%. Hoteles, comercio y servicios sintieron el impacto. Antioquia cerró 2025 con cifras superiores al promedio nacional.",0,02/19/2026 11:30,https://www.instagram.com/p/DU84hIakmFJ/,Imagen de Instagram,,Total,1195,647,23,0,0,0,0
18208481830326041,17841401871496039,360radioco,360 Radio Colombia,"💼⚽ La carrera de Jorge Sampaoli no solo se mide en títulos, también en cheques por rescisión. 

💰 En la última década ha acumulado US$21,3 millones en indemnizaciones.
Su salida de la AFA tras Rusia 2018 le dejó cerca de US$1,5 millones.
Desde entonces, los finales anticipados se volvieron parte de su historia.
Despedido… pero bien liquidado. 

El pago más alto llegó en 2023 con el Sevilla FC.
El club español habría desembolsado casi US$9 millones por su salida.
Una cifra que marcó ruido en el mercado europeo.
Cláusulas blindadas y contratos de alto nivel.
Negocio redondo, aun sin proyecto largo.

Su etapa en Atlético Mineiro también terminó antes de tiempo.
Aunque no hay cifra oficial, el acumulado podría subir.
En el fútbol los técnicos duran poco, pero las cláusulas pesan mucho.
Entre éxitos como la Copa América 2015 y ciclos cortos, su carrera ha sido intensa.
Más que trofeos, los números explican su patrimonio.",0,02/19/2026 06:58,https://www.instagram.com/p/DU8ZYJckh80/,Imagen de Instagram,,Total,41650,26953,228,68,2,11,16
18084539950973076,17841401871496039,360radioco,360 Radio Colombia,"🚨 “Ayer fue #Kevin la víctima, hoy es Robison, paciente con leucemia y trasplantado. 5 semanas sin tratamiento, es una patrón general en Nueva EPS”.

🥺 Mamá pide ayuda con el medicamento para su hijo.",59,02/19/2026 06:20,https://www.instagram.com/reel/DU8U_50DsG2/,Reel de Instagram,,Total,4658,3642,164,16,0,15,2
18171292570382656,17841401871496039,360radioco,360 Radio Colombia,"😧 Así fue el cruce completo entre #Vinicius Junior y Nicolás Otamendi, en el partido de Champions League.",16,02/19/2026 05:30,https://www.instagram.com/reel/DU8PS78DmU1/,Reel de Instagram,,Total,9118,4816,164,11,0,7,2
18096885019744137,17841401871496039,360radioco,360 Radio Colombia,"🇨🇴 El presidente Gustavo Petro (@gustavopetrourrego) respalda el aumento del 23,7% decretado para el #SalarioMínimo en 2026 y sostiene que los temores sobre un posible disparo en los precios y mayores niveles de desempleo no se materializaron.",75,02/15/2026 18:45,https://www.instagram.com/reel/DUzWzfkjq8T/,Reel de Instagram,,Total,2365,1938,15,0,0,5,0
18022708862798015,17841401871496039,360radioco,360 Radio Colombia,"🇨🇴 El jefe de Estado, @gustavopetrourrego, sostuvo que la expedición del decreto sobre el #SalarioMínimo vital se hizo conforme a los parámetros fijados por la Corte Constitucional. Aun así, manifestó que acatará lo que resuelva el Consejo de Estado y anunció que desde mañana se reactivará el diálogo en la Comisión de Concertación para definir el nuevo incremento.

De igual manera, confirmó el llamado a concentraciones este jueves en diferentes plazas del país, con el fin de respaldar la defensa del salario mínimo vital.",0,02/15/2026 18:20,https://www.instagram.com/reel/DUzUJZADlg4/,Reel de Instagram,,Total,3677,2904,42,3,2,8,1
18083804384266731,17841401871496039,360radioco,360 Radio Colombia,"🤬 “No me dan mis medicamentos, ¿pierdo el órgano que mi esposa me donó?”.
Un ciudadano intentó reclamarle al Ministro de Salud, Guillermo #Jaramillo, por la falta en la entrega de medicamentos. Esto pone en peligro el órgano que su esposa le donó.",41,02/19/2026 04:00,https://www.instagram.com/reel/DU8FBhEDowv/,Reel de Instagram,,Total,15424,9337,418,26,3,38,23
17854372578588419,17841401871496039,360radioco,360 Radio Colombia,"🗣️ | “#GustavoPetro es un miserable”.

🇨🇴 Daniel Briceño, candidato a la Cámara de Representantes por Bogotá del partido @cedemocratico.",169,02/19/2026 03:30,https://www.instagram.com/reel/DU8BkWVDvV3/,Reel de Instagram,,Total,9505,8484,2201,8,10,73,13
17849091066646580,17841401871496039,360radioco,360 Radio Colombia,🐶 Un perro atacó a un ‘Therian’ que se reconoce como gata.,10,02/19/2026 03:00,https://www.instagram.com/reel/DU7-FhXjvGR/,Reel de Instagram,,Total,40668,17982,789,430,3,103,43
17888417784434294,17841401871496039,360radioco,360 Radio Colombia,"⛪️ “Hoy, Miércoles de Ceniza, comenzamos la Cuaresma, tiempo de gracia y conversión. Pidamos al Señor que disponga nuestros corazones para escuchar y hacer vida su Palabra, ayunando de gestos y comentarios que hieran a los demás y nos alejen de su Corazón misericordioso. Que Dios los bendiga. Muchas gracias”.

#PapaLeónXIV",0,02/18/2026 20:59,https://www.instagram.com/reel/DU7UgcmDuK8/,Reel de Instagram,,Total,1094,963,18,0,0,0,0
18122272567588530,17841401871496039,360radioco,360 Radio Colombia,"🤝 En video quedó registrado el momento de la reconciliación entre los cantantes de música urbana, Rauw Alejandro y Jhay Cortés.",0,02/18/2026 20:51,https://www.instagram.com/reel/DU7TfLOjmED/,Reel de Instagram,,Total,1814,1079,13,0,1,0,0
18071067515638936,17841401871496039,360radioco,360 Radio Colombia,"🗣️ “Nos estamos volviendo viejos antes de volvernos ricos” 

🤝 #PalomaValencia en debate de candidatos organizado por la #UEIA",39,02/18/2026 15:58,https://www.instagram.com/reel/DU6yKiHDnRu/,Reel de Instagram,,Total,4567,3023,83,1,0,4,0
18337779850245305,17841401871496039,360radioco,360 Radio Colombia,"🎉 El Carnaval de Barranquilla no solo fue fiesta: movió $840 mil millones en la economía.

💰 Más de 6 millones de asistentes participaron en los eventos.
Cerca de 820.000 fueron visitantes, muchos de otras regiones y del exterior.
Cada turista generó en promedio más de $1 millón.
Barranquilla vibró… y facturó. 

El Carnaval dejó 195.000 empleos directos e indirectos.
Hubo inversión pública cercana a $20.000 millones.
Impactó a más de 500 millones de personas en plataformas y medios.
Se registraron 9.000 publicaciones y cobertura en 48 países.
Fiesta local con vitrina global.

Las transmisiones llegaron a 129 países con más de 100 horas en vivo.
El 80% de la percepción mediática fue positiva.
En sostenibilidad, se recogieron 42,3 toneladas de residuos.
Participaron 290 recicladores formalizados.
Cultura, empleo y economía en una sola celebración.",0,02/18/2026 14:50,https://www.instagram.com/p/DU6qhsnj_4n/,Imagen de Instagram,,Total,1699,937,35,1,0,0,0
18108615235736561,17841401871496039,360radioco,360 Radio Colombia,"📂 El Consejo de Estado ratificó que Ismael Peña es el legítimo rector de la #UniversidadNacional. La decisión, según sectores opositores, frena la injerencia del presidente #GustavoPetro y reafirma la legalidad.",0,02/18/2026 12:43,https://www.instagram.com/reel/DU6cBc7jgCk/,Reel de Instagram,,Total,1362,937,27,1,1,2,0
18003519950846694,17841401871496039,360radioco,360 Radio Colombia,"🚨 Un informe de la Fundación Paz y Reconciliación (Pares) prende las alarmas: 195 de 3.144 candidatos al Congreso tienen algún tipo de cuestionamiento.
El estudio habla de investigaciones judiciales, vínculos con clanes y maquinarias.
El 74,8% son hombres y el 25,1% mujeres.
78 aspiran al Senado y 111 a la Cámara.
La alerta: riesgos para la transparencia electoral.

Los partidos tradicionales concentran la mayoría de casos.
Partido Liberal (33) y Conservador (32) lideran la lista.
Les siguen Partido de la U (29) y Cambio Radical (25).
Entre los cuatro suman más del 60% de los señalados.
El debate sobre depuración política vuelve al centro.

El informe identifica 78 candidatos ligados a clanes políticos regionales.
Hay presencia en 28 departamentos y Bogotá.
Antioquia, Atlántico y Santander registran 9 casos cada uno.
Bolívar y Cesar suman 8, y Bogotá 7.
La lupa ahora está en los votantes y en los avales.",0,02/18/2026 12:30,https://www.instagram.com/p/DU6agTwk9U1/,Imagen de Instagram,,Total,1982,1001,30,2,0,0,1
18116497234622013,17841401871496039,360radioco,360 Radio Colombia,"🗣️ “A Kevin lo asesinaron.  Decir que murió por falta de cuidado de su familia es un descaro, una infamia”.

🇨🇴 @davidlunas, candidato a la Presidencia de la República.",0,02/18/2026 12:00,https://www.instagram.com/reel/DU6VRbEEfGo/,Reel de Instagram,,Total,1261,975,31,0,0,4,0
18053599682474053,17841401871496039,360radioco,360 Radio Colombia,"✈️ 👀 Si tiene vuelo desde o hacia el oriente antioqueño, ojo 
El Aeropuerto Internacional José María Córdova hará trabajos en la pista.
Habrá cierres temporales en la madrugada.
Será entre el 24 de febrero y el 6 de marzo.
Revise su itinerario antes de salir de casa. 

Las obras son de mantenimiento preventivo.
Buscan garantizar seguridad en despegues y aterrizajes.
En la franja nocturna no habrá operación aérea.
Pero la terminal de pasajeros sí estará abierta.
Puede ir y consultar directamente con su aerolínea.

La medida fue avalada por la Aeronáutica Civil.
Se escogió el horario de menor tráfico para reducir impacto.
Las aerolíneas ya conocen el cronograma y harán ajustes.
Recuerde que es el segundo aeropuerto más importante del país.
Confirme horarios y evite contratiempos durante esos días.",0,02/18/2026 11:21,https://www.instagram.com/p/DU6SoKykoLt/,Imagen de Instagram,,Total,7087,3996,57,16,0,1,4
18147929218456370,17841401871496039,360radioco,360 Radio Colombia,"😡 “Le ha dicho mono a #Vinicius cinco veces, esta persona que prefiero decir el nombre porque no vale la pena”. 

🇫🇷 Kylian Mbappe, jugador del #RealMadrid, sobre los jestos racistas a su compañero.",97,02/18/2026 10:30,https://www.instagram.com/reel/DU6Mz-2jorf/,Reel de Instagram,,Total,2888,2052,63,0,0,2,3
17847822759660187,17841401871496039,360radioco,360 Radio Colombia,"“A Kevin lo mató el sistema de salud del gobierno #Petro, le negaron los medicamentos que necesitaba y hoy los indolentes @petrogustavo
y Ministro Jaramilll no solo no asumen la responsabilidad, sino que culpan a la mamá del niño”.

- @claudialopezcl, candidata presidencial.",58,02/18/2026 10:30,https://www.instagram.com/reel/DU6MyYGDl1f/,Reel de Instagram,,Total,2140,1730,31,2,0,14,1
17947497858099112,17841401871496039,360radioco,360 Radio Colombia,🐊 El fenómeno #Therian está por todo el mundo: esta persona se reconoce como un cocodrilo en México.,21,02/18/2026 09:30,https://www.instagram.com/reel/DU6F8IGjtSF/,Reel de Instagram,,Total,30231,17590,347,516,1,86,38
18142456198427241,17841401871496039,360radioco,360 Radio Colombia,"El 'Festival de Música Pa’ Gozar y Cantar 2.0', que estaba programado para el 28 de febrero de 2026 en el estadio Nemesio Camacho El Campín de Bogotá, se realizará finalmente el 28 de marzo de 2026.",0,02/18/2026 07:14,https://www.instagram.com/p/DU52cDxkpM7/,Imagen de Instagram,,Total,2305,1238,16,1,0,0,0
18330729697172681,17841401871496039,360radioco,360 Radio Colombia,"👏 Colombia logra más de 20 empresas en el Anuario de Sostenibilidad S&P 2026 - S&P Global

La medición evaluó más de 9.200 compañías a nivel mundial y seleccionar solo 848. La medición se basa en la Corporate Sustainability Assessment (CSA), uno de los estándares más exigentes en criterios ambientales, sociales y de gobernanza (ESG).

📊 Datos clave para Colombia:

- Tres compañías nacionales se ubicaron en el Top 1% mundial de sus respectivas industrias.

- El sector financiero es el más representado dentro del listado.

- Energía, utilities, infraestructura y alimentos también muestran una presencia sólida.

#Empresas #Sostenibilidad #Colombia",0,02/18/2026 05:35,https://www.instagram.com/p/DU5rCEkDDYi/,Imagen de Instagram,,Total,6979,4032,146,19,4,0,13
17860876731608006,17841401871496039,360radioco,360 Radio Colombia,"🇨🇴 La candidata presidencial, #PalomaValencia, le pidió al  presidente #GustavoPetro no asfixiar a los empresarios con empleos, y recordó que varios funcionarios del Gobierno han estado involucrados en casos de corrupción.",69,02/18/2026 05:00,https://www.instagram.com/reel/DU5nCQMjr4G/,Reel de Instagram,,Total,1635,1426,8,0,0,2,0
17991418151760802,17841401871496039,360radioco,360 Radio Colombia,"🚨 El Presidente #GustavoPetro revela detalles de la historia clínica del menor fallecido, Kevin Acosta, y genera polémica por incurrir en una falta a la Ley, durante su alocución en La Guajira.",164,02/18/2026 04:00,https://www.instagram.com/reel/DU5gNAAjrBn/,Reel de Instagram,,Total,6388,4560,54,26,1,43,7
18056821619691439,17841401871496039,360radioco,360 Radio Colombia,"🗣️ “Lo tuve que dormir, le practiqué la eutanasi4”, veterinario cuenta cómo fue su primera experiencia atendiendo a un #Therian.",92,02/18/2026 03:00,https://www.instagram.com/reel/DU5ZUxMjouu/,Reel de Instagram,,Total,10602,6682,350,269,0,43,25
18432965497118389,17841401871496039,360radioco,360 Radio Colombia,"💰 El plantel más valioso del torneo supera los €200 millones, con figuras que individualmente alcanzan los €50 millones en el mercado. Brasil domina el ranking de los equipos más caros y concentra la mayor inversión deportiva del continente.

🇨🇴 Los clubes colombianos compiten con nóminas que rondan los €10–15 millones, muy lejos de los gigantes sudamericanos. La brecha financiera es amplia, pero la historia demuestra que en la cancha todo puede cambiar.",0,02/17/2026 14:05,https://www.instagram.com/p/DU4Ak4ukZDc/,Secuencia de Instagram,,Total,3577,1119,48,5,0,0,1
18127056325528656,17841401871496039,360radioco,360 Radio Colombia,"🗣️ “El Presidente #GustavoPetro y el Ministro de Salud, Guillermo Alfonso Jaramillo, son unos indolentes”, @claudialopezcl, candidata presidencial, a propósito de la muerte del pequeño Kevin Acosta, quien no recibió su medicina para la hemofilia.",0,02/17/2026 13:28,https://www.instagram.com/reel/DU38YFlDuBL/,Reel de Instagram,,Total,3236,2504,81,2,1,20,2
18076408853096794,17841401871496039,360radioco,360 Radio Colombia,"😡 “Voy a interponer una queja disciplinaria contra el Ministro de Salud, Gustavo Jaramillo, por la negligencia en el caso del pequeño Kevin Arley. Los niños son primero y su derecho a jugar no puede ser la excusa para tapar el desastre de un gobierno indolente”. 

🇨🇴 @palomavalencial, candidata presidencial.",46,02/17/2026 13:14,https://www.instagram.com/reel/DU36bvUER62/,Reel de Instagram,,Total,4923,3770,229,7,1,13,5
18094221178976127,17841401871496039,360radioco,360 Radio Colombia,"😡 En vídeo quedó registrado el momento en el que es asaltada una joyería en San Andresito de San José, en #Bogotá. Dos delincuentes armados y encapuchados intimidaron a trabajadores y robaron prendas de la tienda.",0,02/17/2026 12:49,https://www.instagram.com/reel/DU333_xkURp/,Reel de Instagram,,Total,6053,3624,37,11,1,2,4
17990404520766474,17841401871496039,360radioco,360 Radio Colombia,"🔻 Deportivo Independiente Medellín será Colombia, hoy, en la #CopaLibertadores. ‘El Poderoso’ enfrentará a Liverpool a las 07:30 p.m.",0,02/17/2026 12:31,https://www.instagram.com/reel/DU31v3eEWlw/,Reel de Instagram,,Total,3426,2704,34,1,0,0,0
17968747548009784,17841401871496039,360radioco,360 Radio Colombia,"🚨 Crisis política en Perú

El Congreso destituyó este 17 de febrero al presidente interino José Jerí, a menos de dos meses de las elecciones generales.

Jerí había asumido el poder tras la salida de Dina Boluarte, pero perdió el respaldo parlamentario en medio de cuestionamientos políticos y denuncias que terminaron por acelerar su caída.",0,02/17/2026 11:59,https://www.instagram.com/p/DU3yMWvkT-E/,Imagen de Instagram,,Total,2137,1066,20,0,0,0,0
17867333898478833,17841401871496039,360radioco,360 Radio Colombia,"⛪️ Un sacerdote denunció a un grupo de monjas del sector Alto de la Virgen, en Guarne, por presunto hostigamiento religioso, persecución y difamación.

El caso involucra a un religioso vinculado a la Prelatura Verbum Domini, quien asegura que se habrían vulnerado sus derechos fundamentales, especialmente la libertad de culto.",0,02/17/2026 11:57,https://www.instagram.com/reel/DU3x51XkR0W/,Reel de Instagram,,Total,22226,16612,433,45,1,50,24
18381946519084654,17841401871496039,360radioco,360 Radio Colombia,"🏟️La Administración Distrital presentó oficialmente la solicitud de licencia para renovar el Estadio Atanasio Girardot.

De mantenerse el cronograma previsto, los trabajos iniciarían a finales de julio de 2026.

La ciudad se prepara para dar un salto en infraestructura deportiva y posicionar su estadio entre los más modernos de la región.",0,02/17/2026 11:20,https://www.instagram.com/reel/DU3treWEe2q/,Reel de Instagram,,Total,5472,4082,131,7,1,0,9
17853947952622945,17841401871496039,360radioco,360 Radio Colombia,"🏟️ Medellín va por un mejor estadio de fútbol.

La Alcaldía radicó la licencia para modernizar el Estadio Atanasio Girardot, un proyecto que contempla:

💰 Inversión superior a $752.000 millones
👥 Aumento de capacidad: de 45.200 a casi 60.000 personas
⚽ Nuevo campo de juego con tecnología de alto nivel
🎥 Modernización en seguridad, iluminación y sonido
♿ Más accesibilidad y mejores espacios para los asistentes

Si se cumplen los tiempos proyectados, las obras comenzarían a finales de julio de 2026.

¿Está Medellín lista para tener uno de los estadios más modernos de América Latina? 🔥

#AtanasioGirardot #Medellín #Infraestructura #Fútbol #ObrasPúblicas",0,02/17/2026 10:57,https://www.instagram.com/p/DU3rJP8jDYQ/,Imagen de Instagram,,Total,29501,17312,490,29,26,6,51
17847688296663197,17841401871496039,360radioco,360 Radio Colombia,"🏥 La indiferencia del Estado no es un concepto abstracto: tiene consecuencias reales y, a veces, irreversibles. Cuando las alertas no se escuchan y las decisiones se aplazan, el costo lo pagan las familias. El caso de Kevin se convierte en un símbolo doloroso de esas fallas. No admite lecturas ideológicas ni atajos discursivos. Se trata, ante todo, de una vida que se perdió en un país cuyo Gobierno se proclama defensor de la vida.

Las declaraciones del ministro de Salud, Guillermo Alfonso Jaramillo, y del presidente Gustavo Petro no solo generaron controversia. También dejaron en evidencia una desconexión frente a la realidad que viven miles de familias en el sistema de salud. Minimizar o desviar la discusión no responde a la gravedad de lo ocurrido. La ciudadanía espera empatía, responsabilidad y acciones concretas. Porque detrás de cada cifra hay una historia que merece respeto.

Cada muerte asociada a una posible negligencia médica exige una revisión seria, transparente y profundamente humana. No se trata de buscar culpables a la ligera, sino de garantizar verdad y justicia. El sistema debe estar al servicio de la vida, sin excusas ni cálculos políticos. La confianza pública se construye con respuestas claras y decisiones oportunas. Ignorar el fondo del problema solo perpetúa el dolor y la desconfianza.",0,02/17/2026 10:48,https://www.instagram.com/p/DU3qDBSEf_s/,Secuencia de Instagram,,Total,2876,1253,64,7,1,1,0
18156269461426282,17841401871496039,360radioco,360 Radio Colombia,"El nombre de Valeria Bedoya comenzó a circular con fuerza en el debate político luego de que el exasesor Sergio Mesa hiciera denuncias públicas contra la senadora Berenice Bedoya, en las que mencionó presuntas presiones económicas dentro de la Unidad de Trabajo Legislativo (UTL). 

Valeria Bedoya, cuyo nombre completo es Jessica Valeria Casas Bedoya, es abogada de profesión. Según registros oficiales, cuenta con especializaciones en Contratación Estatal y en Derecho Administrativo, formación que guarda relación con el tipo de servicios profesionales que ha prestado en distintas entidades públicas.

De acuerdo con la información divulgada por el denunciante y con los registros contractuales disponibles, Valeria Bedoya ha suscrito 17 contratos de prestación de servicios entre 2022 y 2025, que en conjunto suman más de $537 millones.

Entre las entidades contratantes figuran el Senado de la República, la Gobernación del Valle del Cauca, la Federación Nacional de Departamentos, la Gobernación de Bolívar, la Alcaldía de Medellín, la Alcaldía de La Ceja del Tambo y la Institución Universitaria Pascual Bravo.",0,02/17/2026 08:55,https://www.instagram.com/p/DU3dICskgVY/,Imagen de Instagram,,Total,15033,7746,204,193,2,16,13
18151100398451769,17841401871496039,360radioco,360 Radio Colombia,"🇨🇺 “Cuba es, ahora mismo, una nación fallida, y una verdadera amenaza humanitaria”.

🇺🇸 Presidente de #EstadosUnidos, Donald Trump, sobre la dictadura en Cuba.",69,02/17/2026 07:55,https://www.instagram.com/reel/DU3WSq5Dlii/,Reel de Instagram,,Total,2374,1943,36,0,0,1,0
17943863453983159,17841401871496039,360radioco,360 Radio Colombia,"🗣️ “Esta semana habrá un incremento de las lluvias en el país. 6 represas se mantienen en alerta roja”.

La Ministra de Ambiente, Irene Vélez, en el Consejo de Ministros.",0,02/17/2026 07:26,https://www.instagram.com/reel/DU3SlqQjufO/,Reel de Instagram,,Total,1465,998,9,0,0,10,0
18121527706603656,17841401871496039,360radioco,360 Radio Colombia,"🗣️ “Si a un niño hemofílico no se le deja subir a la bicicleta pues tiene menos riesgos, es un tema de prevención. Pero hay que saber si el médico o el sistema de salud no enseña, pues las mamás no salen aprendidas menos en niveles educativos muy deficitarios que hay en Colombia”, #GustavoPetro, Presidente de #Colombia, sobre el fallecimiento de Kevin Acosta.",47,02/17/2026 06:45,https://www.instagram.com/reel/DU3OOKpjiPs/,Reel de Instagram,,Total,5837,4142,57,34,2,69,6
18132173977515636,17841401871496039,360radioco,360 Radio Colombia,"⚽️ El 10 cumplió: un barbero se ofreció a cortarle el pelo a #JamesRodríguez, quien le dijo que después de almuerzo podía y así fue.",0,02/17/2026 06:24,https://www.instagram.com/reel/DU3LckrDusC/,Reel de Instagram,,Total,16649,13767,448,4,0,2,12
17956884023922978,17841401871496039,360radioco,360 Radio Colombia,"🗣️ “El hecho de que no bajen las tarifas de energía, pese a que los embalses del país están desbordados, evidencia irresponsabilidad y codicia. Quieren favorecer a politiqueros de Córdoba, el hecho de los colombianos estén pagando 10 veces más por el servicio de energía es una estafa”.

🇨🇴 Gustavo Petro, Presidente de #Colombia.",68,02/17/2026 06:20,https://www.instagram.com/reel/DU3LXQcjhrm/,Reel de Instagram,,Total,1483,1110,14,0,0,4,0
18073658672631442,17841401871496039,360radioco,360 Radio Colombia,"🗣️ “El niño tuvo un accidente craneosefalico y es entendible que los niños que sufren de hemofilia tienen que estar restringidos de ciertas actividades”

📂 Guillermo Jaramillo, Ministro de Salud.",30,02/17/2026 05:49,https://www.instagram.com/reel/DU3HkmJjoyo/,Reel de Instagram,,Total,4025,2900,59,5,2,37,5
17873150211534312,17841401871496039,360radioco,360 Radio Colombia,"La renovación integral del Estadio Atanasio Girardot avanza hacia una etapa decisiva. La Alcaldía de Medellín confirmó que el proyecto ya se encuentra en proceso de radicación ante la curaduría urbana para la obtención de la licencia de construcción, un paso clave que permitiría iniciar obras hacia finales de julio de este año.

Según explicó la administración distrital, durante los últimos meses se adelantaron estudios técnicos indispensables para viabilizar la intervención, entre ellos análisis de suelos, levantamientos topográficos, evaluaciones de vulnerabilidad estructural y estudios de seguridad humana. 

Estos insumos, junto con los diseños arquitectónicos y estructurales, sustentan la solicitud formal de la licencia y habilitan el inicio del proceso contractual.",0,02/16/2026 18:22,https://www.instagram.com/p/DU15NvHgN_b/,Imagen de Instagram,,Total,2552,1316,24,0,0,0,0
18082952873262173,17841401871496039,360radioco,360 Radio Colombia,"Un proceso de verificación urbanística adelantado por la Alcaldía de Medellín derivó en la apertura de actuaciones administrativas contra ocho viviendas construidas sin licencia en el corregimiento de San Sebastián de Palmitas. 

Las edificaciones fueron identificadas en áreas clasificadas como suelo agroforestal, una categoría que tiene restricciones especiales para proteger el entorno ambiental. 

Según el reporte oficial, este tipo de suelo está destinado principalmente a la conservación de ecosistemas estratégicos y al desarrollo de actividades rurales compatibles con la protección del territorio. En estas zonas, la normativa urbanística permite únicamente la construcción de una vivienda por cada 12 hectáreas, una medida orientada a evitar la fragmentación del paisaje y la presión sobre los recursos naturales.",0,02/16/2026 18:14,https://www.instagram.com/p/DU14S3PDjzr/,Imagen de Instagram,,Total,2426,1279,7,0,0,0,2
18034852637784358,17841401871496039,360radioco,360 Radio Colombia,"🇨🇴 El presidente Gustavo Petro atribuyó la reciente caída de la inversión en Colombia a las decisiones de política monetaria adoptadas por el Banco de la República, luego de conocerse los más recientes datos de crecimiento económico divulgados por el DANE.

De acuerdo con el informe oficial, la economía colombiana creció 2,6 % durante 2025, una cifra inferior a la esperada por el mercado, mientras que la inversión registró una contracción del 2,9 %, luego de seis trimestres consecutivos en terreno positivo. Este comportamiento encendió el debate sobre los factores que están incidiendo en la desaceleración del gasto productivo.

A través de su cuenta en la red social X, el jefe de Estado sostuvo que el crecimiento económico ha sido impulsado principalmente por el consumo de los hogares y del Estado, favorecido por el aumento de los ingresos reales y la expansión del gasto público en sectores como salud, educación y cuidado.",0,02/16/2026 18:08,https://www.instagram.com/p/DU13mROkWl4/,Imagen de Instagram,,Total,5553,2950,24,0,0,31,1
17948944497099835,17841401871496039,360radioco,360 Radio Colombia,"😂 En el #CarnavalDeBarranquilla 2026 hay creatividad por doquier. Una comparsa se robó la atención al llevar la temática de la captura de Nicolás Maduro, en la que se ve, además, al presidente de #EstadosUnidos, Donald Trump.",20,02/16/2026 17:02,https://www.instagram.com/reel/DU1v4A0Dswm/,Reel de Instagram,,Total,2803,2015,30,12,0,0,4
18510539245074219,17841401871496039,360radioco,360 Radio Colombia,"🌎 En video quedan registrados los comportamientos de personas que se reconocen, de forma inconsciente, como animales: el fenómeno #Therian. A nivel mundial la discusión ha girado entorno a si esto es normal.",0,02/16/2026 16:44,https://www.instagram.com/reel/DU1t2-2Diem/,Reel de Instagram,,Total,16164,11744,136,249,2,55,21
17957915130059334,17841401871496039,360radioco,360 Radio Colombia,"🚨 Una persona fue apuñalada en TransMilenio en medio de una riña con puñal. Aparentemente, el robo de una maleta fue el detonante para la riña, la policía llegó horas después a la estación del transporte público.",0,02/16/2026 16:30,https://www.instagram.com/reel/DU1sE16jrwz/,Reel de Instagram,,Total,3058201,2447845,35870,10250,2157,2039,5269
17926495353067249,17841401871496039,360radioco,360 Radio Colombia,"😯 En la tarde de este lunes, 16 de febrero, la Minga Indígena realizó manifestaciones en el sector CAN, Bogotá, frente a las instalaciones del Ministerio de Trabajo, que desencadenaron en riñas entre los manifestantes y los funcionarios de la entidad.",16,02/16/2026 16:07,https://www.instagram.com/reel/DU1pgiwjtc6/,Reel de Instagram,,Total,24511,15391,229,41,4,68,15
18378828850094902,17841401871496039,360radioco,360 Radio Colombia,"⚽️ Neymar le cumplió el sueño a María, la señora fanática de #Santos que había asegurado “si conocía a Ney, podía morir en paz”.",0,02/16/2026 14:52,https://www.instagram.com/reel/DU1hFvvDgKm/,Reel de Instagram,,Total,3720,2715,140,0,2,0,2
17965815015009586,17841401871496039,360radioco,360 Radio Colombia,"⚽️ Radamel #Falcao García salió del último partido con #Millonarios por una lesión en el aductor, el pasado sábado. Durante el domingo círculo un video en el que se ve al ‘Tigre’ festejando su cumpleaños número 40, lo que ha llevado algunos hinchas a preguntarse qué tan lesionado está el goleador.",48,02/16/2026 14:27,https://www.instagram.com/reel/DU1dYuojvU4/,Reel de Instagram,,Total,14945,11587,173,17,0,5,3
18029901215738428,17841401871496039,360radioco,360 Radio Colombia,"🏢 Las 1.500 personas que estaban retenidas por las manifestaciones en el CAN, de #Bogotá, ya fueron liberadas.",18,02/16/2026 14:00,https://www.instagram.com/reel/DU1bIC6Dvr8/,Reel de Instagram,,Total,3387,2629,57,1,0,23,3
18073206491573321,17841401871496039,360radioco,360 Radio Colombia,"⚽ El colombiano Christian González quedó habilitado para negociar una extensión con los #NewEnglandPatriots, en una operación que podría convertirlo en el atleta colombiano mejor pagado de la historia.

Proyecciones que circulan en el mercado estadounidense, elaboradas a partir de análisis contractuales de la NFL, apuntan a una posible extensión por cuatro años y US$140 millones, con un promedio anual de US$35 millones. De concretarse, la cifra superaría cualquier registro salarial previo de atletas nacionales, sin distinción de disciplina.

El desempeño de González en la última campaña respalda ese estatus. El defensivo fue protagonista en el camino de los Patriots hasta el Super Bowl LX, disputado en el Levi’s Stadium, donde el equipo cayó 29-13 frente a los Seattle Seahawks. En ese partido, el colombiano registró cuatro tacleadas y tres pases defendidos, además de evitar anotaciones durante los tres primeros cuartos del juego.",0,02/16/2026 13:50,https://www.instagram.com/p/DU1aHVbErt1/,Imagen de Instagram,,Total,14458,8718,465,55,1,10,18
18086626466517653,17841401871496039,360radioco,360 Radio Colombia,"🚨 Terminó la sesión extraordinaria de la Comisión de Concertación. El Gobierno confirmó que el salario mínimo seguirá en 23,7% y anunció un paquete de ayudas para pymes, buscando proteger empleo.",0,02/16/2026 13:29,https://www.instagram.com/reel/DU1XEhKkdta/,Reel de Instagram,,Total,5647,4307,69,30,3,1,1
17961254595023380,17841401871496039,360radioco,360 Radio Colombia,"🎉 Michelle Char es la reina del #CarnavalDeBarranquilla2026 en su edición número 90.

Con su vestido ‘Raíz viva’ brilla ante sus carnavaleros e invitó al mundo a vivir la celebración  hasta el miércoles de ceniza.",0,02/16/2026 13:11,https://www.instagram.com/reel/DU1VRuhkZiF/,Reel de Instagram,,Total,2948,2422,50,1,0,1,3
17937282759154107,17841401871496039,360radioco,360 Radio Colombia,"🗣️ El candidato presidencial, #AbelardoDeLaEspriella, pide que no se suspenda el incremento al #SalarioMínimo.",40,02/16/2026 12:50,https://www.instagram.com/reel/DU1TMyKkoxe/,Reel de Instagram,,Total,9518,6674,167,20,2,29,3
17890124754424325,17841401871496039,360radioco,360 Radio Colombia,"🚨 Continúa el plantón en el sector del CAN, con accesos bloqueados al Ministerio de Educación y la ANT. Más de 1.500 funcionarios permanecen retenidos en medio de tensión.",0,02/16/2026 12:40,https://www.instagram.com/reel/DU1R4LrEb90/,Reel de Instagram,,Total,4683,3566,71,8,5,29,2
18093661270826429,17841401871496039,360radioco,360 Radio Colombia,"La Asociación Colombiana de Geólogos y Geofísicos de la Energía (ACGGP) presenta la Segunda Edición de la Convención de Exploración Energética 2026, el primer gran encuentro energético del año en Colombia.

Del 24 al 27 de febrero, el Hotel Hilton Cartagena será el escenario de más de 70 conferencias técnicas, 6 charlas magistrales, cursos, salidas de campo y una muestra comercial con empresas líderes del sector.

Bajo el lema “Camino a la Coexistencia”, expertos nacionales e internacionales debatirán sobre seguridad energética, exploración de hidrocarburos, minerales estratégicos, innovación tecnológica e inteligencia artificial aplicada al sector.

📍 24–27 de febrero de 2026
📍 Cartagena, Colombia

Un espacio clave para discutir el futuro energético del país en un año decisivo.

@acggp_energia",0,02/16/2026 12:26,https://www.instagram.com/p/DU1QiT_kbZK/,Imagen de Instagram,,Total,966,499,6,2,0,1,0
17990980238764521,17841401871496039,360radioco,360 Radio Colombia,"😡 El Alcalde #FedericoGutiérrez expuso que ya tienen identificados, y realizarán comparendos, a las personas que dejan su basura en las quebradas. “Y después dicen por qué ocurren los desastres”, dijo el mandatario.",0,02/16/2026 12:12,https://www.instagram.com/reel/DU1Okl5ETUE/,Reel de Instagram,,Total,5073,3488,95,0,1,6,1
18068458982229716,17841401871496039,360radioco,360 Radio Colombia,"🐴 Los caballos en #Cartagena ya no tiran de carruajes turísticos, ni caminan sobre el asfalto caliente. Ahora, caminan libres y en retiro.",0,02/16/2026 11:55,https://www.instagram.com/reel/DU1Mn2CEbyL/,Reel de Instagram,,Total,1751,1220,71,0,0,2,0
18102917197681264,17841401871496039,360radioco,360 Radio Colombia,"🇧🇴 A los 38 años, Marcelo Moreno Martins volvió del retiro, fichó por #OrientePetrolero con un objetivo claro: llevar a la Selección de #Bolivia al Mundial 2026. Deberá ganar el repechaje ante Surinam.",0,02/16/2026 09:26,https://www.instagram.com/reel/DU07JezDvFk/,Reel de Instagram,,Total,7048,5303,113,24,2,1,4
18382922542157920,17841401871496039,360radioco,360 Radio Colombia,🇨🇴 Más de 400 familias de #SanVicentedeChucurrí están incomunicadas del casco urbano por los deslizamientos que bloquean vías.,0,02/16/2026 09:09,https://www.instagram.com/reel/DU055UfDjzo/,Reel de Instagram,,Total,2148,1845,16,1,0,0,0
18081594833198280,17841401871496039,360radioco,360 Radio Colombia,"#Urgente | Economía de Colombia creció 2,6% durante el 2025.",0,02/16/2026 07:15,https://www.instagram.com/p/DU0s4rmjkiK/,Imagen de Instagram,,Total,1002,470,15,1,0,1,1
17929065597199034,17841401871496039,360radioco,360 Radio Colombia,"🚀 El 17 de febrero llega un eclipse solar “Anillo de Fuego”: la Luna cubrirá el Sol dejando un aro de luz visible principalmente sobre la remota Antártida, mientras desde zonas del sur de Sudamérica y África se verá sólo parcialmente; es uno de los fenómenos astronómicos más espectaculares del año",0,02/16/2026 04:45,https://www.instagram.com/reel/DU0a3r-jka2/,Reel de Instagram,,Total,1926,1710,29,2,2,0,1
18091613963103726,17841401871496039,360radioco,360 Radio Colombia,"#Mundo l El español no solo es un idioma, es una fuerza global: México, #Colombia y España lideran la lista de países donde más personas lo hablan como lengua materna, conectando culturas y continentes.",0,02/16/2026 03:00,https://www.instagram.com/p/DU0Pxp3DvZQ/,Imagen de Instagram,,Total,132335,44597,854,83,16,41,127
17988241910941515,17841401871496039,360radioco,360 Radio Colombia,"#Economía | 🌎📊 Asia liderará el crecimiento económico mundial en 2026. China e India encabezan la lista de países que más aportarán al aumento del PIB real global, consolidando su peso en la economía internacional.",0,02/15/2026 18:50,https://www.instagram.com/p/DUzXsSCjoeY/,Imagen de Instagram,,Total,18126,10152,233,13,15,3,38
18095983168762804,17841401871496039,360radioco,360 Radio Colombia,"#Deportes l Las mujeres deportistas están arrasando en 2025: Coco Gauff, Aryna Sabalenka e Iga Swiatek encabezan la lista de las mejor pagadas del mundo, con ingresos que superan los 25 millones de dólares cada una. 

🔥 Este ranking demuestra el poder del deporte femenino: tenistas, esquiadoras, atletas y más están rompiendo récords dentro y fuera de las canchas, conquistando grandes contratos, patrocinios y audiencias globales.

🏆 Que estas 20 estrellas sean las mejor pagadas es una inspiración para nuevas generaciones de niñas y jóvenes que sueñan con vivir del deporte y demostrar que el talento, la disciplina y la pasión también se premian en femenino.",0,02/14/2026 15:44,https://www.instagram.com/p/DUwdfuYDha5/,Imagen de Instagram,,Total,3888,1865,30,5,0,0,2
17938037997152894,17841401871496039,360radioco,360 Radio Colombia,"#Mundo | 🌎✈️ El turismo no solo mueve viajeros, mueve economías enteras. Cada año, millones de personas cruzan fronteras y, con ellas, fluyen miles de millones de dólares que transforman destinos, impulsan empleo y dinamizan industrias completas. Esta radiografía global revela qué países están liderando la carrera por atraer visitantes… y capital.

💰 Desde gigantes consolidados hasta potencias emergentes, el mapa del turismo internacional deja claro que la experiencia, la infraestructura y la estrategia marcan la diferencia. No se trata solo de playas, museos o paisajes icónicos, sino de conectividad, promoción y capacidad para ofrecer experiencias memorables que fidelicen al viajero.

📊 En un contexto donde el turismo se consolida como uno de los motores más resilientes de la economía mundial, entender quién domina el sector es clave para gobiernos, empresarios e inversionistas. Porque detrás de cada cifra hay empleo, desarrollo y competitividad.",0,02/14/2026 13:15,https://www.instagram.com/p/DUwMPgYka0w/,Imagen de Instagram,,Total,1991,852,21,0,0,0,4
18083554235350070,17841401871496039,360radioco,360 Radio Colombia,"💘 El 14 de febrero se celebra #SanValentín a nivel mundial. Algunos lo festejan, otros creen que es un festejo únicamente en Estados Unidos.",0,02/14/2026 08:55,https://www.instagram.com/reel/DUvuJ1gjhEY/,Reel de Instagram,,Total,4205,3150,181,24,0,0,10
18091693265095420,17841401871496039,360radioco,360 Radio Colombia,"🟢 #AtléticoNacional ganó 4-1 a #Fortaleza en la fecha seis del fútbol profesional colombiano. El partido contó con la novedad del regreso a las canchas de Jorman Campuzano, tras dos meses de ausencia por lesión. Al final del partido, el jugador se refirió a su regreso en zona mixta.",28,02/14/2026 03:00,https://www.instagram.com/reel/DUvGKkXjvNE/,Reel de Instagram,,Total,1397,1140,23,0,0,0,0
18048103445710907,17841401871496039,360radioco,360 Radio Colombia,"👹 ¡99 años de historia! Un día como hoy, en 1927, nació #AméricadeCali, protagonista de una era dorada en los 80 y una cuna de grandes leyendas

🏆 15 Ligas
🔥 4 finales de Libertadores (85, 86, 87, 96)",44,02/13/2026 18:51,https://www.instagram.com/reel/DUuN7vTjFeX/,Reel de Instagram,,Total,2357,2009,34,1,0,1,0
17899556634385976,17841401871496039,360radioco,360 Radio Colombia,"🥳 ¡Se viene el #CarnavaldeBarranquilla 2026! Así brilló la carrera 44 durante su tradicional #Guacherna. El inicio oficial de la festividad será mañana, sábado, 14 de febrero.",53,02/13/2026 17:00,https://www.instagram.com/reel/DUuBge6kuGw/,Reel de Instagram,,Total,2893,2301,75,4,1,0,2
18095644945777985,17841401871496039,360radioco,360 Radio Colombia,"🇨🇴 El Consejo de Estado suspendió de forma provisional el decreto con el que el #GobiernoNacional había incrementado el #SalarioMínimo en un 23%. Noticia, que ha generado todo tipo de reacciones: unos a favor, otros en contra de esta determinación.

🗣️ Por eso, aquí podrá conocer la opinión de @andresgaviriacano, @ivancepedacastr, @enriquegomezsn, @gustavobolivarsenador y @luisfer.mejia.",0,02/13/2026 14:00,https://www.instagram.com/p/DUts5EaCet3/,Secuencia de Instagram,,Total,3693,1175,47,9,0,1,3
18080329541365700,17841401871496039,360radioco,360 Radio Colombia,"👀 La precandidata presidencial, #VickyDavila, creó un particular apodo para Iván Cepeda, candidato presidencial; #GustavoPetro, presidente de Colombia; y Roy Barreras, precandidato a la Presidencia de la República.",0,02/13/2026 13:42,https://www.instagram.com/p/DUtqxx3Etgz/,Imagen de Instagram,,Total,3979,2079,54,0,0,3,1
18073265594130634,17841401871496039,360radioco,360 Radio Colombia,"🥺 La canción entre #Maluma y #YeisonJiménez (Q.E.P.D.) ya está en las calles, se llama ‘Con El Corazón’, frase característica del ‘Aventurero’ y habla del desamor.",46,02/13/2026 13:30,https://www.instagram.com/reel/DUtpZlTkqNd/,Reel de Instagram,,Total,6637,5353,197,5,2,0,6
18099878146928272,17841401871496039,360radioco,360 Radio Colombia,"🥺 La representante a la Cámara por el departamento de Bolívar, @angelavergara, aseguró que su hijo completa 18 días bajo custodia del U.S. Immigration and Customs Enforcement (ICE) en Estados Unidos, donde —según afirmó— permanece en condiciones indignas, pese a haber ingresado de manera legal y estar a la espera de una audiencia de asilo.

La congresista del @partidoconservadorcolombiano Conservador solicitó apoyo inmediato del Gobierno Nacional y de la Cancillería para que gestionen el caso y faciliten su regreso al país.

“Se trata de un joven sin antecedentes, ni siquiera una multa de tránsito, que hoy enfrenta una situación angustiante, como muchos colombianos que no han podido volver a casa. Como madre, pido la intervención urgente del Estado”, expresó.",0,02/13/2026 12:27,https://www.instagram.com/reel/DUtiF4RCVZE/,Reel de Instagram,,Total,9194,5803,83,21,2,13,5
18068941790552633,17841401871496039,360radioco,360 Radio Colombia,"⚡🚗 Los vehículos eléctricos siguen acelerando en Colombia

Enero de 2026 dejó una cifra histórica: 1.758 vehículos eléctricos matriculados, un crecimiento del 82,6% frente al año pasado. Hoy, 1 de cada 11 carros nuevos vendidos en el país es eléctrico.

🔋 Bogotá lidera en matrículas, pero ciudades como Armenia, Villavicencio y Barranquilla muestran los mayores crecimientos.

 🏆 BYD domina el mercado y el Yuan Up fue el modelo más vendido.",0,02/13/2026 11:12,https://www.instagram.com/p/DUtZsb8Gr-3/,Imagen de Instagram,,Total,10973,5589,132,67,18,1,16
18557708944034535,17841401871496039,360radioco,360 Radio Colombia,"🗣️ “La decisión del Consejo de Estado de suspender el decreto de aumento del #SalarioMínimo es incomprensible, sin precedentes y va en contra vía del Estado Social de Derecho. Hoy los afectados son las y los trabajadores, la equidad social. La medida cautelar es exagerada, debía estudiarse de fondo la decisión”, @jcristobustos, precandidato presidencial, sobre la suspensión provisional del incremento al salario mínimo",0,02/13/2026 09:47,https://www.instagram.com/reel/DUtPnVQiTyl/,Reel de Instagram,,Total,2451,1977,22,1,0,18,2
17858649315548010,17841401871496039,360radioco,360 Radio Colombia,"🗣️ “Respetamos la decisión del Consejo de Estado. En Colombia las medidas salariales no solo deben ser constitucionales, sino económicamente responsables.
Subir el salario mínimo suena bien. Pero hoy solo 1 de cada 10 trabajadores lo gana. 6 de cada 10 sobreviven por debajo de él”, @jdoviedoar, precandidato presidencial, sobre la suspensión provisional del incremento al #salariomínimo",0,02/13/2026 09:32,https://www.instagram.com/reel/DUtOEgoibzX/,Reel de Instagram,,Total,12158,10030,214,30,4,27,8
18424718479185764,17841401871496039,360radioco,360 Radio Colombia,"🗣️ “El gobierno no puede anular la ilusión de millones de trabajadores de tener mejores salarios, por lo que debe responder al Consejo de Estado. Por nuestra parte, nos comprometemos a bajar los impuestos a partir del 7 de agosto para aliviar las cargas de los empresarios y evitar despidos”, @palomavalencial, candidata a la presidencia de #Colombia, sobre la suspensión provisional al incremento del #salariomínimo.",0,02/13/2026 09:13,https://www.instagram.com/reel/DUtL2Y4DTsQ/,Reel de Instagram,,Total,2878,2190,59,22,1,9,1
18254051239294428,17841401871496039,360radioco,360 Radio Colombia,"🗣️ “Subir el #salariomínimo fue un acierto para dignificar a millones de trabajadores y reconocer el valor de su esfuerzo. Pero si queremos que esa medida sea sostenible en el tiempo, debemos pensar también en quienes generan empleo, las pequeñas y medianas empresas”, @claudialopezcl, precandidata presidencial sobre la suspensión provisional del incremento al salario mínimo.",0,02/13/2026 08:56,https://www.instagram.com/reel/DUtJuNwjXnL/,Reel de Instagram,,Total,8307,6263,85,3,2,61,9
17979508937971448,17841401871496039,360radioco,360 Radio Colombia,"🗣️ “Difícilmente se puede pensar en una medida más injusta y arbitraria con los trabajadores. Convoco a una manifestación pacífica, pero contundente en las calles”, @ivancepedacastr, candidato presidencial, sobre la suspensión provisional del aumento al salario mínimo.",0,02/13/2026 08:41,https://www.instagram.com/reel/DUtHmgLjXfw/,Reel de Instagram,,Total,3497,2656,54,0,1,77,6
18104353876795016,17841401871496039,360radioco,360 Radio Colombia,"🗣️ “El aumento del salario mínimo es irreversible. Quiero proponerles a mis compañeros de la #GranConsulta por #Colombia un acuerdo político para defender el incremento salarial pero llevándole a los empleadores las condiciones para que no tengan que despedir ningún empleado”, @mauriciocard_, precandidato presidencial sobre la suspensión provisional del incremento al #salariomínimo",0,02/13/2026 08:14,https://www.instagram.com/reel/DUtFEfgDVCT/,Reel de Instagram,,Total,11516,8769,192,24,5,24,8
18097216102938715,17841401871496039,360radioco,360 Radio Colombia,"🗣️ “Se cayó aumento al salario mínimo en el Consejo de Estado. Pero a los trabajadores hay que cumplirles, no les pueden hacer conejo, por culpa de este Gobierno chambón. Hay que salvar las  empresas y no permitir que incendien el país”, @vickydavilah, precandidata presidencial, sobre la suspensión provisional del decreto que incrementa el #salariomínimo.",0,02/13/2026 07:53,https://www.instagram.com/reel/DUtCvBEDutl/,Reel de Instagram,,Total,13716,9311,133,35,2,58,6
18128228860532314,17841401871496039,360radioco,360 Radio Colombia,"🗣️ El expresidente, #AlvaroUribe, se refirió a la suspensión provisional del aumento al salario mínimo. “No nos oponemos al incremento. Con nuestra candidata, @palomavalencial, pedimos menos impuestos para los empresarios y emprendedores” expuso Uribe.",39,02/13/2026 07:50,https://www.instagram.com/reel/DUtCiyzjl7p/,Reel de Instagram,,Total,6345,3840,223,35,0,32,4
17849356011681148,17841401871496039,360radioco,360 Radio Colombia,"🗣️ Daniel Quintero, precandidato presidencial, interpuso una acción de tutela para que un juez constitucional revise la suspensión provisional del decreto del salario mínimo. “Es un abuso”, dijo el ex alcalde de #Medellín. 

Además, hizo un llamado a los colombianos para que salgan a las calles a protestar por la decisión.",30,02/13/2026 07:38,https://www.instagram.com/reel/DUtBCaAjt-D/,Reel de Instagram,,Total,9566,6263,69,6,0,201,5
17914615023293877,17841401871496039,360radioco,360 Radio Colombia,"🗣️ “Todos a las plazas. Mañana es quincena, es un acto insensible y debemos rodear al presidente en este ataque que afecta a todos los trabajadores de colombia”, Roy Barreras, precandidato presidencial, sobre la suspensión provisional del decreto que aumenta el salario mínimo.",52,02/13/2026 07:17,https://www.instagram.com/reel/DUs-rvQjofm/,Reel de Instagram,,Total,1550,1182,12,2,0,28,0
18096459083501962,17841401871496039,360radioco,360 Radio Colombia,"#Colombia | 🚨 ¡Atención, Colombia!
El Consejo de Estado ordenó la suspensión provisional del decreto con el que el Gobierno fijó el salario mínimo 2026 en $1.750.905.

⚖️ Ojo: es una medida cautelar, NO es la decisión final.
El tema se definirá en la sentencia de fondo.

#salariomínimo2026 #ConsejoDeEstado #Colombia #Gobierno #Economía #Trabajo #notícias #Actualidad",55,02/13/2026 05:56,https://www.instagram.com/reel/DUs1VinAkea/,Reel de Instagram,,Total,6829,4869,73,10,0,84,4
18343471114238681,17841401871496039,360radioco,360 Radio Colombia,"#URGENTE 

Consejo de Estado suspende decreto con el que el Gobierno de Gustavo Petro fijó el salario mínimo de 2026. 

#Colombia",0,02/13/2026 05:37,https://www.instagram.com/p/DUszTcZDmlz/,Imagen de Instagram,,Total,5726,3076,93,16,1,1,1
18166302412395925,17841401871496039,360radioco,360 Radio Colombia,"🤪 En vídeo quedó registrado el momento en el que un ladrón es burlado por un hombre en Bogotá. El delincuente intentó arrebatarle el celular, y la persona esquivó el raponazo para después reírsele en la cara.",21,02/13/2026 04:00,https://www.instagram.com/reel/DUsoKYmjsIz/,Reel de Instagram,,Total,28515,17434,717,72,0,12,17
17913811860297100,17841401871496039,360radioco,360 Radio Colombia,"🟢 #AtléticoNacional le ganó 4-1 a Fortaleza en la sexta fecha del fútbol profesional colombiano. Los goles fueron autoría de Alfredo Morelos en doblete, Milton Casco y Marlos Moreno. Amaya descontó para ‘Los Amix’.

🤝 A la salida del partido, esto expresaron algunos hinchas al medio Oh Verdolaga.",62,02/12/2026 20:10,https://www.instagram.com/reel/DUryGcEjmyH/,Reel de Instagram,,Total,2299,1917,34,0,0,0,0
17943530648983932,17841401871496039,360radioco,360 Radio Colombia,"⚽️🇨🇴 #JamesRodríguez se une a la causa. El 10 de la #SelecciónColombia hará parte de la iniciativa de @fguarin13 para ayudar al departamento de #Córdoba, en medio de las inundaciones",11,02/12/2026 17:00,https://www.instagram.com/reel/DUrctdsDvi1/,Reel de Instagram,,Total,3301,2373,128,2,0,2,1
18305781787285720,17841401871496039,360radioco,360 Radio Colombia,"🇨🇴 La aspirante a la Cámara por el #PactoHistórico, Claudia Romero, desmintió ser la mujer que aparece tomada de la mano del presidente #GustavoPetro en una fotografía que circula en redes. La candidata aseguró que se trata de versiones falsas con las que buscan afectar su imagen y confirmó que emprenderá medidas jurídicas frente a la difusión de ese contenido.",82,02/12/2026 16:30,https://www.instagram.com/reel/DUrZMNAjlGe/,Reel de Instagram,,Total,10269,6567,70,4,0,19,12
18118726345591548,17841401871496039,360radioco,360 Radio Colombia,"🚗🏠 ¡Atención #Bogotá, ya está listo el Calendario Tributario 2026!

Este año podrá pagar el impuesto de vehículos por cuotas sin intereses, mantener el 10% de descuento por pronto pago y usar más canales digitales para cumplir sin filas

🔹 Predial y vehículos con nuevas fechas
🔹 Pago por cuotas con el sistema SPAC
🔹 Más opciones digitales como Daviplata, Dale y Pagos Bogotá

💡 Pagar a tiempo te ahorra dinero y evita sanciones.",0,02/12/2026 15:45,https://www.instagram.com/p/DUrUHeqDijW/,Secuencia de Instagram,,Total,2118,770,18,3,0,0,2
17886806055432377,17841401871496039,360radioco,360 Radio Colombia,"🤬 “El presidente es un completo HP”, afirmó Juan Carlos Pinzón durante un pronunciamiento en #Ibagué.

El exministro y hoy precandidato presidencial lanzó la frase al referirse a #GustavoPetro, en medio de cuestionamientos por la declaratoria de emergencia económica adoptada por el Gobierno para enfrentar la temporada de lluvias. Sus declaraciones generaron reacciones inmediatas en el escenario político.",0,02/12/2026 15:42,https://www.instagram.com/reel/DUrTo33ju4i/,Reel de Instagram,,Total,22224,15749,823,69,7,58,24
17861694213596737,17841401871496039,360radioco,360 Radio Colombia,"📊 Indicadores líderes de vivienda nueva en Colombia – 2025

Así se mueve el mercado de vivienda nueva en las regiones del país durante 2025.
El mapa muestra tres variables clave:

• Lanzamientos 2025 y su variación frente a 2024
• Ventas 2025 y su variación frente a 2024
• Iniciaciones 2025 y su variación frente a 2024

Cada región incluye únicamente las cifras de 2025 y su cambio porcentual respecto al año anterior.
Los colores permiten identificar rápidamente el comportamiento:

🟢 Crecimiento
🔴 Caída

ℹ️ Fuente: @camacolcolombia",0,02/12/2026 14:50,https://www.instagram.com/p/DUrNvnhjvYN/,Imagen de Instagram,,Total,5189,2609,52,11,7,0,9
18079588949595309,17841401871496039,360radioco,360 Radio Colombia,"📍 Mary Luz Herrán, exesposa del presidente Gustavo Petro y candidata al Senado, rompió el silencio y lanzó fuertes acusaciones contra Verónica Alcocer, actual primera dama de Colombia, asegurando que la relación entre ellas ha sido “complicada” y afectó a su familia. Herrán afirmó que Alcocer habría humillado a sus hijos y los habría relegado en actos públicos, como en la campaña presidencial de 2022, cuando supuestamente ordenó que no aparecieran con su padre.

🗣️ En su intervención en el programa Desnúdate con Eva, Herrán narró un episodio en el Palacio Presidencial donde Alcocer, según ella, pidió que ella y su hija se retiraran porque “era su casa”, calificando ese momento como una “humillación terrible”. También acusó a la primera dama de interferir en su carrera política, impidiéndole un proceso en la lista del Pacto Histórico en elecciones anteriores.

🔥 La exesposa de Petro aseguró que, a su juicio, Alcocer siente “celos” de ella no por la relación con el presidente, sino por ser una mujer política, y que siempre ha intentado maltratarla y humillarla, algo que nunca antes había expresado públicamente hasta ahora. Herrán sostuvo que estos conflictos han marcado su relación familiar durante años, mientras que el presidente, según ella, desconocía muchos de estos hechos",0,02/12/2026 12:22,https://www.instagram.com/p/DUq82-1kl-A/,Imagen de Instagram,,Total,10448,5700,59,7,0,23,4
18037869500549071,17841401871496039,360radioco,360 Radio Colombia,"🥺 Rescatistas de animales en Montería, #Córdoba, durante la tragedia por inundaciones, comparten el rescate de animalitos y la situación que se está viviendo en la región.",0,02/12/2026 11:19,https://www.instagram.com/reel/DUq1HhWkQ42/,Reel de Instagram,,Total,4397,3412,377,25,2,17,2
18085528829237068,17841401871496039,360radioco,360 Radio Colombia,"🏔️ El alcalde de #Medellín, @ficogutierrez, se pronunció al respecto de la reunión en #Córdoba donde el presidente #GustavoPetro dejó esperando a los alcaldes locales por bastante tiempo. El alcalde de Medellín indicó que este gobierno centralista debe mirar más a los departamentos",0,02/12/2026 10:52,https://www.instagram.com/reel/DUqx7PXEUrK/,Reel de Instagram,,Total,3137,2401,108,7,1,15,2
18148542811456780,17841401871496039,360radioco,360 Radio Colombia,"‼️ En el casco urbano del municipio de #ElCarmen, Norte de #Santander, el Ejército de Liberación Nacional (#ELN) hostigó la estación de #Policía, 

La comunidad tuvo que permanecer en sus casas, con suspensión de clases y cierre del comercio. 
Por temor, la comunidad permanece en sus casas; por tercer día consecutivo se suspenden las clases y cierra el comercio.

En respuesta, el Ejército Nacional de Colombia desplegó ofensiva militar contra el ELN.",65,02/12/2026 10:31,https://www.instagram.com/reel/DUqvsqtjhYV/,Reel de Instagram,,Total,1833,1355,46,4,0,2,0
18085803541937528,17841401871496039,360radioco,360 Radio Colombia,"💰 GeoPark consigue USD 50 millones para impulsar su crecimiento en Vaca Muerta.

El financiamiento permitirá acelerar perforación y aumentar producción en Neuquén, consolidando a Vaca Muerta como eje estratégico hacia 2028.",0,02/12/2026 10:23,https://www.instagram.com/p/DUqvPKIDoFt/,Imagen de Instagram,,Total,1452,695,20,0,0,0,0
18068090639235239,17841401871496039,360radioco,360 Radio Colombia,"🟢 #DeprtivoCali perdió 3-2 ante Inter de Bogotá en la fecha seis del fútbol colombiano. Con esta derrota, los dirigidos por Alberto #Gamero se ubican novenos en la tabla de posiciones, debajo de las expectativas que había con el equipo al inicio de año, por lo cual, algunos hinchas piden la saida del estratega samario, otros, piden tiempo para que se solidifique el equipo.",0,02/12/2026 09:53,https://www.instagram.com/reel/DUqrTSgDpF8/,Reel de Instagram,,Total,2002,1702,11,0,0,2,0
18044944889718590,17841401871496039,360radioco,360 Radio Colombia,"🇨🇴 @delaespriella_style, candidato presidencial, expuso que la nulidad de un porcentaje en sus firmas, por parte de la Registraduria Nacional, no obedece a alguna falsificación o irregularidad legal. “A todos nos restaron en la cantidad de firmas registradas, no solo a mí”, dijo #AbelardoDeLaEspriella",0,02/12/2026 09:28,https://www.instagram.com/reel/DUqok51jpYo/,Reel de Instagram,,Total,11383,8442,515,41,12,107,19
17909928927336093,17841401871496039,360radioco,360 Radio Colombia,"🚨 #Atención: #DavidMurcia denuncia que #AbelardoDeLaEspriella le pidió $760 millones de pesos para “tocar congresistas” y favorecer transporte en efectivo de la plata de pirámides.

Expone que Abelardo no le devolvió alrededor de 5 mil millones, y que si le pasa algo a él o su familia, De La Espriella será el responsable.",55,02/12/2026 09:12,https://www.instagram.com/reel/DUqm1wPju1n/,Reel de Instagram,,Total,9993,6464,96,30,1,153,15
18004595621696457,17841401871496039,360radioco,360 Radio Colombia,🚨 El saliente ministro Andrés Idarraga pidió que la DNI y el director de la #Policía evalúen señalamientos contra el general Edwin Urrego por presunto complot contra el presidente #GustavoPetro.,0,02/12/2026 08:52,https://www.instagram.com/reel/DUqkviEDl3u/,Reel de Instagram,,Total,2245,1679,27,2,0,0,0
17893331418408781,17841401871496039,360radioco,360 Radio Colombia,"🚍 En la mañana de este jueves 12 de febrero, una caravana de organizaciones de recicladores protagonizó una manifestación en la avenida El Dorado (calle 26), avanzando desde la carrera 19B hacia el occidente de la ciudad y generando congestión vehicular significativa desde las primeras horas de la mañana. ￼

La protesta, caracterizada por un plan tortuga, obligó a desviar el tráfico en varios tramos de la vía principal y a la intervención de agentes civiles y del Grupo Guía para tratar de aliviar el embotellamiento. ￼

En distintos tramos de la calle 26 y sus intersecciones, el avance lento de la caravana complicó no solo a los conductores particulares, sino también a los usuarios del sistema TransMilenio y de los servicios TransMiZonales, afectando la operación habitual de estas rutas. ￼

Aunque las autoridades de movilidad trabajaron para restablecer el flujo vehicular, las secuelas de la protesta se sintieron durante varias horas en uno de los corredores viales más importantes de la capital colombiana.",0,02/12/2026 07:10,https://www.instagram.com/reel/DUqYg4TDkle/,Reel de Instagram,,Total,2290,1959,27,1,0,0,0
18032041163586491,17841401871496039,360radioco,360 Radio Colombia,"🚨 Desde #Medellín, el presidente de la @andicolombiaoficial, Bruce Mac Master, rechazó que el Gobierno cobre impuesto al patrimonio durante la emergencia económica decretada por la crisis de las lluvias.",0,02/12/2026 06:16,https://www.instagram.com/reel/DUqS5_vjivg/,Reel de Instagram,,Total,2583,1974,41,0,0,1,0
18052359239478103,17841401871496039,360radioco,360 Radio Colombia,"🤪 Carlos Hinestroza fue campeón y goleador de la Copa Colonia, torneo departamental en #Colombia.

❤️ Tras el título, el jugador expuso que nunca había tenido tanto dinero en las manos y que si no se lo robaban se lo regalaría a su mamá.",0,02/11/2026 21:07,https://www.instagram.com/reel/DUpThBTDtGZ/,Reel de Instagram,,Total,13140,8678,760,156,2,24,26
17872977147519308,17841401871496039,360radioco,360 Radio Colombia,"🔵 #Millonarios obtuvo una victoria trabajada de 1-0 frente a #Águilas Doradas en la sexta jornada de la Liga BetPlay 2026-I, rompiendo un inicio irregular en el torneo. El gol decisivo llegó desde el punto penal en el segundo tiempo, cuando Radamel Falcao García transformó la falta en el área en el tanto que le dio la ventaja a los ‘azules’.

El compromiso se jugó bajo condiciones de lluvia en el estadio El Campín, lo que hizo más disputado el duelo. Millonarios dominó la posesión, pero las oportunidades claras se hicieron esperar para ambos equipos. Esta victoria representa un alivio para el club bogotano en su búsqueda de regularidad. ￼

Desarrollo del encuentro y momentos clave
El primer tiempo transcurrió con el balón mayormente en poder de Millonarios, aunque sin profundas ocasiones de gol que inquietaran al rival. Águilas Doradas, bien posicionado, generó algún peligro por las bandas y complicó el esquema de tres defensores de los locales. La jugada determinante llegó tras una decisión del VAR que sancionó penal a favor de Millonarios por falta sobre Andrés Llinás dentro del área. Falcao asumió la responsabilidad desde los doce pasos y colocó el balón al fondo de la red, silenciendo a la afición antioqueña visitante. ￼",0,02/11/2026 20:08,https://www.instagram.com/reel/DUpNKzcDmhy/,Reel de Instagram,,Total,2494,2055,85,4,1,2,0
18065357258282984,17841401871496039,360radioco,360 Radio Colombia,"🚨 El general Giovanni Cristancho, comandante de la #Policía Metropolitana de #Bogotá, confirmó que fallecieron las dos personas que habían resultado heridas en el tiroteo registrado en inmediaciones del Bodytech Cabrera.

El hecho ocurrió en la calle 85 #7-13, donde se presentó un intercambio de disparos que inicialmente dejó a dos personas lesionadas. Minutos después, las autoridades confirmaron que ambas víctimas murieron a causa de la gravedad de las heridas.",4,02/11/2026 15:36,https://www.instagram.com/reel/DUouEgljh9B/,Reel de Instagram,,Total,6319,3289,23,18,0,4,1
17979525638797709,17841401871496039,360radioco,360 Radio Colombia,"🤝 En la tarde de este miércoles, 11 de febrero, la precandidata presidencial, @palomavalencial, y el ex presidente de #Colombia, @alvarouribevelez, estuvieron recorriendo calles en Bogotá, compartiendo con las personas y exponiendo algunas de las propuestas del @cedemocratico. Una de ellas va dirigida a los jóvenes que no trabajan o estudian.",54,02/11/2026 15:07,https://www.instagram.com/reel/DUoqrrvjvbm/,Reel de Instagram,,Total,4268,2933,76,16,0,13,3
18090116651017663,17841401871496039,360radioco,360 Radio Colombia,"🚨 Desde #Boyacá, el aspirante presidencial @roybarreras habló sobre la denuncia disciplinaria que presentó #DavidMurcia contra el también candidato #AbelardoDeLaEspriella.",20,02/11/2026 14:50,https://www.instagram.com/reel/DUoo0S3jnCy/,Reel de Instagram,,Total,7215,4443,62,16,2,303,4
17923911606248955,17841401871496039,360radioco,360 Radio Colombia,"🏦 @tuya_s.a, @bancodebogota, y @somosbold.co, lideran el ranking de las entidades financieras con mejores tasas de interés para invertir en Certificado de Depósito a Término (CDT), según la Superfinanciera Colombia. @avvillas y @bancocontactaroficial completan el top cinco, en una medición que se hizo con tasa de captación promedio ponderada a 360 días.",0,02/11/2026 14:21,https://www.instagram.com/p/DUolrTejjdo/,Secuencia de Instagram,,Total,46138,24867,546,334,118,12,224
18112123885647832,17841401871496039,360radioco,360 Radio Colombia,"🎶 #Maluma confirmó la fecha de lanzamiento de la canción inédita que grabó junto a #YeisonJiménez, justo cuando se cumple un mes de su partida. El anuncio lo hizo a través de sus redes sociales, donde compartió un emotivo mensaje recordando que este proyecto era uno de los sueños que ambos tenían pendientes.

💿 El tema, que verá la luz en plataformas digitales el jueves 12 de febrero, representa la unión de dos géneros y dos generaciones que marcaron la industria nacional. En el adelanto publicado se observa a Yeison escuchando la canción, un momento que ha sido interpretado como un homenaje íntimo y poderoso. La expectativa crece por lo que sería uno de los lanzamientos más significativos del año.

🇨🇴 A un mes de su fallecimiento, el estreno toma un valor simbólico especial para sus fanáticos y colegas. La colaboración no solo promete impacto musical, sino también emocional, al convertirse en un tributo póstumo a su legado. Con este lanzamiento, su voz volverá a sonar y su recuerdo seguirá vigente en la escena artística del país.",58,02/11/2026 13:10,https://www.instagram.com/reel/DUodj47jl8s/,Reel de Instagram,,Total,6820,5135,121,9,1,0,2
18057827681364374,17841401871496039,360radioco,360 Radio Colombia,"🐶 Dos perritos fueron refugiados por un hombre en #Córdoba, en medio delas innumerables en el departamento. En carretilla y con sus cosas, protegió a los animales.",14,02/11/2026 11:45,https://www.instagram.com/reel/DUoT4dYjm03/,Reel de Instagram,,Total,3212,2310,170,2,0,2,1
17937224907149820,17841401871496039,360radioco,360 Radio Colombia,"📊 Confianza del consumidor baja en enero: ¿qué significa para tus decisiones de compra?

El Índice de Confianza del Consumidor (ICC) se ubicó en 18,2% en enero de 2026, lo que representa:

▪️ 📉 -1,7 puntos porcentuales frente a diciembre (19,9%)
▪️ 📈 +19,3 puntos porcentuales frente a enero de 2025 (-1,1%)

La caída mensual se explicó por una reducción de 7,2 puntos en el Índice de Condiciones Económicas, aunque fue parcialmente compensada por un aumento de 1,9 puntos en el Índice de Expectativas.

Pero hay un dato clave para quienes están pensando en comprar:

🏠 La disposición a comprar vivienda disminuyó.
🚗 También cayó la intención de comprar vehículo.
🛋️ Y bajó la disposición a adquirir bienes durables.",0,02/11/2026 11:30,https://www.instagram.com/p/DUoSFNNkfGQ/,Imagen de Instagram,,Total,10060,5499,96,26,11,4,14
17978824277976173,17841401871496039,360radioco,360 Radio Colombia,"🎶 #CarlosVives regresará a los escenarios de #Colombia tras ocho años sin girar por el país con su nueva gira Tour al Sol, una experiencia musical que promete reconectar al público con la esencia de su legado artístico. El anuncio se dio en Bogotá acompañado de la presentación de su nuevo sencillo Te Dedico, que marca una nueva etapa en su carrera musical.

☀️ El Tour al Sol recorrerá seis ciudades del país entre septiembre y noviembre de 2026, con fechas confirmadas en Ibagué, Bogotá, Bucaramanga, Medellín, Pereira y Cali, llevando su música tanto a fanáticos clásicos como a nuevas generaciones. En Bogotá, el tour tendrá presentaciones especiales en el Movistar Arena, incluyendo funciones para adultos y para niños. ￼

Más allá de Colombia, Tour al Sol también forma parte de una amplia gira internacional que incluye paradas en Canadá, Estados Unidos y Puerto Rico, consolidando a Vives como un embajador cultural de la música latina en el exterior. Esta nueva etapa artística también pone en escena su capacidad de innovar manteniendo sus raíces, mezclando clásicos con su más reciente propuesta sonora. La boletería ya está disponible y promete ser uno de los eventos musicales más esperados del año. ￼",54,02/11/2026 11:00,https://www.instagram.com/reel/DUoOpJIjvWJ/,Reel de Instagram,,Total,2338,2003,44,2,0,0,2
18162322192369937,17841401871496039,360radioco,360 Radio Colombia,"🚨 La Agencia Nacional de Hidrocarburos (@ANHColombia) tiene nuevo presidente: se trata Pablo Yesid Fajardo llega, tras la salida de Orlando Velandia.",0,02/11/2026 10:23,https://www.instagram.com/p/DUoKYDgDqTT/,Imagen de Instagram,,Total,2102,1044,9,2,0,0,0
18504018559077067,17841401871496039,360radioco,360 Radio Colombia,"👀 En video quedó registrado el momento en el que, presuntamente, el Presidente de la República, @gustavopetrourrego, está acompañado de su nueva pareja sentimental en la isla de Gorgona. Aún no hay pronunciamiento oficial al respecto.",5,02/11/2026 09:30,https://www.instagram.com/reel/DUoEZXVDoOA/,Reel de Instagram,,Total,43011,13261,234,56,7,125,29
18132258088508154,17841401871496039,360radioco,360 Radio Colombia,"📍 Un ataque armado contra una patrulla policial en el nororiente de #Medellín dejó a dos uniformados heridos y a un presunto agresor capturado, informó el alcalde Federico Gutiérrez (@ficogutierrez) tras el hecho ocurrido en la noche del martes mientras los agentes realizaban labores de control rutinario.

🔫 Según el reporte oficial, al solicitar la señal de pare a una moto sospechosa, el parrillero abrió fuego contra los policías, quienes resultaron lesionados y fueron trasladados a centros asistenciales para atención médica; uno de ellos deberá ser intervenido quirúrgicamente.

👮‍♂️ Tras el intercambio de disparos, las autoridades neutralizaron al atacante y dejaron al conductor de la moto a disposición de la #Fiscalía General de la Nación, mientras continúan las investigaciones para establecer si hay vínculos con estructuras criminales que operan en la zona.",80,02/11/2026 08:50,https://www.instagram.com/reel/DUn_0x2Dv0o/,Reel de Instagram,,Total,6446,3834,76,6,1,11,8
18070982630423622,17841401871496039,360radioco,360 Radio Colombia,"🐃 Una búfala guía a su cría mientras atraviesan un río inundado en #Córdoba, enfrentando las fuertes corrientes causadas por las recientes lluvias.",22,02/11/2026 08:00,https://www.instagram.com/reel/DUn6F10Dnwj/,Reel de Instagram,,Total,11312,7521,768,97,2,14,11
18117680593719284,17841401871496039,360radioco,360 Radio Colombia,"🇨🇴 El papa León XIV hizo un llamado de solidaridad con #Colombia tras las graves inundaciones que han afectado al país, encomiando a las víctimas y damnificados en su audiencia general en el Vaticano.

📣 Durante sus saludos en español, el pontífice instó a toda la comunidad internacional a apoyar a las familias afectadas con caridad y oración, subrayando la importancia de la ayuda solidaria.

💧 Esta solicitud de apoyo ocurre en medio de una emergencia climática que ha dejado miles de hogares dañados y múltiples regiones en situación crítica por las lluvias extremas.",24,02/11/2026 07:45,https://www.instagram.com/reel/DUn4ZMSjqNt/,Reel de Instagram,,Total,1763,1535,46,0,1,2,1
18062843768313869,17841401871496039,360radioco,360 Radio Colombia,"📍 Radamel Falcao estuvo a punto de volver al fútbol europeo antes de su llegada a Millonarios, con el club portugués Estrela da Amadora de la Primeira Liga como posible destino para el goleador colombiano. Según medios europeos, el equipo lusitano fue el principal interesado y mantuvo conversaciones con el delantero, buscando reforzar su ataque en la segunda mitad de la temporada.

⚽ Sin embargo, la negociación no prosperó debido a factores financieros y dudas sobre el aporte del jugador cerca de los 40 años, lo que abrió paso a su sorprendente decisión de regresar al fútbol colombiano con Millonarios. Esta opción, más emocional y estratégica para su carrera, permitió a Falcao enfocarse en su preparación rumbo al Mundial 2026 y continuar activo en el fútbol competitivo.

🔥 La cercanía del Estrela da Amadora no solo resaltó la vigencia internacional del samario, sino también cómo las decisiones de carrera pueden combinar elementos deportivos, económicos y personales.",0,02/11/2026 07:12,https://www.instagram.com/p/DUn0oYpkuCJ/,Imagen de Instagram,,Total,5422,3145,59,10,0,5,1
18092984852048232,17841401871496039,360radioco,360 Radio Colombia,"🇨🇴 En video quedó registrado el momento en el que una señora de la tercera edad baila vallenato, en medio de una exposición del partido #CentroDemocrático. En medio del baile, el ex presidente @alvarouribevelez se une a la señora, mientras de fondo el presentador dice “por Dios abuelita, qué son esos pasos”",0,02/11/2026 05:55,https://www.instagram.com/reel/DUnrQjfDpym/,Reel de Instagram,,Total,3277,2518,77,106,0,7,1
17893499109408222,17841401871496039,360radioco,360 Radio Colombia,"⚽️ El fichaje de Jhon Arias por #Palmeiras no solo representa un salto deportivo, sino también un movimiento económico de alto calibre en el fútbol sudamericano. El colombiano se convirtió en uno de los jugadores mejor remunerados del club y del Brasileirao, reflejo de su rendimiento sostenido y su impacto en el mercado internacional. Según cifras reveladas, Arias percibe alrededor de $63 millones de pesos colombianos por día, una cifra que dimensiona el nivel del contrato firmado. Su llegada confirma la apuesta de Palmeiras por talento probado y con proyección global.

💵 En términos semanales, el salario del atacante colombiano ronda los $438 millones de pesos, mientras que mensualmente supera los $1.900 millones, cifras que lo ubican en un escalón salarial reservado solo para figuras del continente. A lo largo del año, sus ingresos ascienden a aproximadamente $22.800 millones de pesos colombianos, consolidándolo como uno de los futbolistas colombianos mejor pagos en la actualidad. 

Más allá del impacto individual, el caso de Jhon Arias refleja una tendencia clara: los clubes sudamericanos están dispuestos a invertir cifras millonarias para retener y atraer talento de élite.",0,02/10/2026 20:24,https://www.instagram.com/p/DUmqb5TEnaL/,Imagen de Instagram,,Total,320578,190343,3658,1417,27,86,93
17943142736981752,17841401871496039,360radioco,360 Radio Colombia,"❄️ La temporada invernal en el norte de #Colombia ha mostrado su lado más duro, especialmente en Córdoba, Sucre y otros territorios afectados por fuertes inundaciones que han dejado miles de familias en situación crítica.

🇨🇴 El Gobierno Nacional ha planteado la necesidad de reactivar un decreto de emergencia económica para disponer de recursos adicionales que permitan responder con rapidez a la magnitud del desastre. Esta medida busca enfrentar no solo la atención inmediata, sino también la recuperación económica de zonas gravemente golpeadas por el clima. ￼

🥶 Desde #Montería, el ministro del Interior, Armando Benedetti, reforzó la solicitud al asegurar que se analiza la posibilidad de que la Corte Constitucional levante la suspensión del decreto que estaba vigente y así habilitar recursos que no están presupuestados dentro de los gastos corrientes.",24,02/10/2026 19:00,https://www.instagram.com/reel/DUmg3FVjqFK/,Reel de Instagram,,Total,3785,2880,33,0,0,38,2
17858529648547468,17841401871496039,360radioco,360 Radio Colombia,"🚨 Iván Cepeda, candidato presidencial por el #PactoHistórico, expuso que no votarán interpartidistas y que invitan a votar por la lista al Senado y Cámara de Representantes.

Además, hizo referencia al presidente #GustavoPetro, exponiendo que recibe calumnias y ataques todos los días y por eso lo deben apoyar.",45,02/10/2026 17:50,https://www.instagram.com/reel/DUmY1OyDmry/,Reel de Instagram,,Total,6037,3991,57,2,0,113,3
18108990073685138,17841401871496039,360radioco,360 Radio Colombia,"🐯⚽️ Radamel #Falcao García cumple 40 años y su historia no solo se mide en goles, sino en cifras que lo convierten en una de las marcas deportivas más sólidas que ha dado #Colombia. Desde su debut profesional hasta su paso por las grandes ligas de Europa, el ‘Tigre’ construyó una carrera que combinó rendimiento, disciplina y alto valor en el mercado internacional. Cada transferencia, cada contrato y cada patrocinio consolidaron su posición como referente del fútbol colombiano en el mundo. Su nombre trascendió lo deportivo para convertirse en sinónimo de prestigio y rentabilidad.

🌎 En clubes como Porto, Atlético de Madrid, Mónaco, Manchester United y Chelsea, Falcao no solo dejó huella en el marcador, sino también en los balances financieros. Fue protagonista de fichajes multimillonarios que marcaron récords en su momento y ayudaron a posicionar a sus equipos en mercados estratégicos. Sus goles en finales europeas y su protagonismo en torneos internacionales elevaron su cotización y la visibilidad del talento colombiano. A eso se suman contratos publicitarios con marcas globales que fortalecieron su perfil como activo comercial.

A los 40 años, Falcao representa más que una leyenda deportiva: es un caso de éxito económico en la industria del fútbol. Su trayectoria demuestra cómo el rendimiento sostenido, la imagen bien gestionada y la proyección internacional pueden convertir a un futbolista en una plataforma de negocio. Para Colombia, su carrera también significó posicionamiento de marca país y apertura de puertas para nuevas generaciones. Hoy el ‘Tigre’ celebra cuatro décadas con un legado que impactó tanto en la cancha como en los números.",0,02/10/2026 17:15,https://www.instagram.com/p/DUmU1DjDiQz/,Secuencia de Instagram,,Total,2815,1269,48,2,0,0,2
18448622881099956,17841401871496039,360radioco,360 Radio Colombia,"🚨 La senadora Aída Quilcué se pronunció desde #Popayán tras haber sido rescatada, asegurando que se encuentra bien y agradeciendo tanto a #Dios como a los “espíritus” por su estado de salud y seguridad. Dijo que, aunque fue retenida por un grupo armado que no se identificó, logró salir ilesa junto con su equipo de seguridad. ￼

Quilcué también agradeció la solidaridad y el apoyo recibido por parte de la ciudadanía y de distintas organizaciones, destacando el esfuerzo de quienes hicieron posible su liberación. Su mensaje transmite alivio tras horas de incertidumbre tras la denuncia inicial de su presunta detención en la vía entre Inzá y Totoró, en el Cauca. 
￼
Las autoridades, incluida la Guardia Indígena y la Fuerza Pública, estuvieron activas en la búsqueda y localización de la congresista tras la alerta por su desaparición y el hallazgo de su vehículo abandonado en la carretera. Este pronunciamiento de Quilcué brinda calma sobre su situación después de un evento que generó amplia atención y preocupación nacional.",0,02/10/2026 16:07,https://www.instagram.com/reel/DUmNAfAjqW-/,Reel de Instagram,,Total,3141,2369,26,2,0,30,2
18078002576595165,17841401871496039,360radioco,360 Radio Colombia,"🇨🇴 El presidente de #Colombia, @gustavopetrourrego, se dirigió a los alcaldes municipales que lo esperaron durante horas en el consejo de ministros en #Monteria, haciendo un llamado al respeto. “No estamos en un foro ni en una fiesta”, dijo.",50,02/10/2026 15:44,https://www.instagram.com/reel/DUmKLyJjgpC/,Reel de Instagram,,Total,1012,707,10,0,1,3,1
17913266763294968,17841401871496039,360radioco,360 Radio Colombia,"🇨🇴 El presidente @gustavopetrourrego, advirtió durante el consejo de ministros en #Montería que querían atentad contra su físico.

🗣️ “Quieren dañar al presidente físicamente”, dijo el mandatario.",0,02/10/2026 15:34,https://www.instagram.com/reel/DUmJKDdjtHV/,Reel de Instagram,,Total,3016,1877,31,9,0,76,5
17933105526175111,17841401871496039,360radioco,360 Radio Colombia,"🚍 La movilidad en la Carrera Décima de #Bogotá presenta afectaciones por manifestaciones que se concentran en este corredor vial, generando cierres intermitentes y congestión en ambos sentidos. La presencia de manifestantes ha obligado a restringir el paso vehicular en varios tramos, especialmente en horas de alta demanda.

🤝 Las protestas han impactado el tránsito de vehículos particulares, transporte público y rutas del SITP, con desvíos preventivos establecidos por las autoridades. Algunos buses han tenido que modificar sus recorridos para evitar la zona, lo que ha provocado retrasos en los desplazamientos habituales de los usuarios.

La Secretaría de Movilidad recomienda evitar la Carrera Décima, tomar rutas alternas y mantenerse informado por los canales oficiales. Agentes de tránsito hacen presencia en el sector mientras se controla la situación y se busca restablecer la circulación con normalidad.",10,02/10/2026 14:48,https://www.instagram.com/reel/DUmDuCBDk5U/,Reel de Instagram,,Total,2578,2079,23,1,1,0,0
17904099969358758,17841401871496039,360radioco,360 Radio Colombia,"😧 En la localidad de Suba, en #Bogotá, un hombre de 27 años fue capturado tras agredir a un policía y causar daños a un vehículo oficial de la #Policía Nacional, hechos que quedaron registrados en video y difundidos en redes sociales. El sujeto, visiblemente alterado, golpeó repetidamente la patrulla mientras el uniformado intentaba calmarlo, lo que derivó en un enfrentamiento físico en plena vía pública. ￼

El agresor no se detuvo solo en dañar el vehículo institucional, sino que también atacó físicamente al agente, provocándole lesiones en el rostro, según comunicó la Policía Metropolitana de Bogotá, que calificó el episodio como un acto de intolerancia y peligro para la convivencia ciudadana. ￼

Tras la difusión del video del incidente, las autoridades actuaron rápidamente y lograron la captura del hombre en el mismo lugar, evitando que la situación se intensificara aún más. ￼",0,02/10/2026 14:15,https://www.instagram.com/reel/DUmAE07DjMf/,Reel de Instagram,,Total,8077,5904,98,2,1,33,1
17999988833894607,17841401871496039,360radioco,360 Radio Colombia,"✈️ Una avioneta monomotor realizó un aterrizaje de emergencia en una concurrida carretera de Gainesville, #Georgia, tras experimentar problemas en el motor poco después de despegar del aeropuerto local. El piloto y su acompañante, un estudiante, decidieron descender sobre Browns Bridge Road, una vía muy transitada, cuando se dieron cuenta de que no podían volver al aeropuerto. Durante la maniobra la aeronave chocó contra tres vehículos, causando daños materiales significativos pero sin víctimas fatales. Las autoridades locales y la Administración Federal de Aviación (FAA) señalaron que fue sorprendente que no hubiera heridos graves ni muertes en un evento de este tipo. ￼

Según los informes oficiales, el piloto perdió potencia en el motor tras despegar y no tuvo otra opción que aterrizar de emergencia en medio del tráfico, una decisión que, aunque arriesgada, evitó una tragedia mayor. Testigos describieron la escena como impactante, con la avioneta descendiendo entre cientos de vehículos hasta impactar con algunos de ellos. Dos personas fueron trasladadas a un hospital con heridas leves tras el choque, pero se considera que la rápida reacción del piloto ayudó a minimizar las consecuencias. La carretera fue temporalmente cerrada para permitir la atención de los heridos y la limpieza del lugar. ￼",0,02/10/2026 13:31,https://www.instagram.com/reel/DUl7LHkkdRq/,Reel de Instagram,,Total,4066,3006,32,8,0,0,1
18560516716034561,17841401871496039,360radioco,360 Radio Colombia,"🚨🇨🇴 El presidente Gustavo #Petro se pronunció públicamente tras el presunto secuestro de la senadora indígena Aida Quilcué, hecho ocurrido mientras la congresista transitaba por la vía entre Inzá y Totoró, en el departamento del Cauca. Fuentes oficiales indicaron que la camioneta en la que se movilizaba fue hallada vacía, lo que alimentó las versiones de que ella y su equipo fueron interceptados por hombres armados. Ante los hechos, el mandatario expresó su profunda condena y aseguró que desde el Gobierno se están activando todos los mecanismos para esclarecer la situación y localizar a la senadora. ￼

Durante un Consejo de Ministros en #Montería, Córdoba, Petro calificó la retención de la senadora como una agresión grave contra los pueblos indígenas del país, enfatizando que este tipo de actos no solo afecta a una persona sino que marca un mensaje contra comunidades históricamente vulnerables. Según sus palabras, “donde no la suelten es un grito de guerra contra todos los indígenas del país”, reflejando la sensibilidad y tensión que genera la situación entre líderes políticos e indígenas. ￼

La reacción del presidente también incluyó la coordinación de esfuerzos entre su gabinete y las comunidades locales para avanzar en la búsqueda de Quilcué y su equipo de seguridad, mientras las autoridades intensifican operativos en la zona. El caso ha generado amplia atención nacional y regional, con reacciones de diferentes sectores políticos y sociales ante la inseguridad en el Cauca. Las búsquedas continúan y la situación sigue en desarrollo, esperando más información oficial y novedades sobre el paradero de la senadora.",0,02/10/2026 13:15,https://www.instagram.com/reel/DUl5VTTkZh3/,Reel de Instagram,,Total,2550,1959,24,1,0,15,0
18083228057239572,17841401871496039,360radioco,360 Radio Colombia,"🌎 El Valle del Cauca sigue creciendo en el comercio internacional. En 2025, el departamento exportó USD 2.753 millones, con un crecimiento del 15,4% frente a 2024.

📦 7 de sus 10 principales destinos aumentaron compras, liderados por Estados Unidos.

⬆️ Crecieron las exportaciones hacia:
EE. UU., España, Panamá, República Dominicana, Perú, Ecuador y Venezuela.

⬇️ Registraron caída:
México (-1,1%), Chile (-6,9%) y China (-19,9%).

📊 Más productos, más empresas y mayor diversificación exportadora consolidan al Valle del Cauca como uno de los motores del comercio exterior en Colombia.

#Cali #Valledelcauca @camaracali",0,02/10/2026 11:20,https://www.instagram.com/p/DUlsND0EczP/,Imagen de Instagram,,Total,1431,749,19,3,1,0,3
17931127737042613,17841401871496039,360radioco,360 Radio Colombia,"✈️ Un avión de Starsky Aviation (StarSky) tuvo un incidente tras despegar del aeropuerto Aden Abdulle y, al intentar regresar, realizó un aterrizaje de emergencia que terminó con la aeronave fuera de pista, en la zona costera cercana al aeropuerto. La Autoridad de Aviación Civil confirmó que las 55 personas a bordo evacuaron con vida y que no se reportan fallecidos hasta el momento. Investigación abierta. #actualidad #aviones",45,02/10/2026 11:10,https://www.instagram.com/reel/DUlrFp0kb3n/,Reel de Instagram,,Total,7417,4902,60,17,1,1,1
17925185589218459,17841401871496039,360radioco,360 Radio Colombia,"⚽️ James Rodríguez ha entrado en la historia de la Major League Soccer (MLS) al posicionarse en el top 3 de los futbolistas latinos más caros que han jugado en la liga norteamericana tras su llegada al Minnesota United. Su fichaje ha generado expectativa y atención mediática, consolidando su lugar entre los nombres más importantes que han pasado por la competición. Aunque su valor de mercado actual es menor que en sus mejores años, la influencia de su trayectoria le permite figurar en este selecto grupo histórico. Este reconocimiento no solo destaca su valor económico, sino también su impacto en el fútbol internacional.

🇨🇴 La presencia de James en este ranking histórico responde en parte al enorme valor que alcanzó durante su carrera, especialmente cuando el Real Madrid pagó cifras millonarias por su fichaje en 2014, un punto alto de su trayectoria. Aunque ahora su cotización ronda los 2 millones de euros según Transfermarkt, esa valoración histórica lo sitúa entre figuras de renombre que han jugado en la MLS.

📰 Para conocer cuáles son los otros dos latinoamericanos que conforman el top tres, escriba “Historia” en los comentarios y se la hacemos llegar a su DM.",0,02/10/2026 10:23,https://www.instagram.com/p/DUllkSmjroz/,Imagen de Instagram,,Total,3782,2079,44,9,0,3,0
18095614546752173,17841401871496039,360radioco,360 Radio Colombia,"📢 Las consultas interpartidistas de 2026 en Colombia llegan desdibujadas. La ausencia de figuras clave como @ivancepedacastr, @sergiofajardovalderrama y @delaespriella_style cambia la dinámica de los bloques políticos y deja un escenario más abierto para otros aspirantes. Los votantes verán en los tarjetones solo a quienes aceptaron participar y fueron avalados por los partidos y coaliciones.

🗳️ Estos mecanismos permiten que los partidos definan un candidato único por bloque antes de la primera vuelta presidencial. La Registraduría Nacional organiza y ejecuta la jornada, mientras que el CNE regula y avala los participantes. Cada ciudadano solo puede votar en un bloque, lo que significa que las ausencias alteran la fuerza política visible en cada consulta.

⚠️ El impacto de estas ausencias es tangible: algunos candidatos fuertes pasarán directamente a la primera vuelta, mientras que otros tendrán que consolidar su apoyo dentro de los bloques activos. Esto afecta la estrategia de las coaliciones y permite que opciones emergentes ganen visibilidad. Desliza para entender cómo funcionan los tarjetones y quiénes estarán en cada bloque.",0,02/10/2026 10:00,https://www.instagram.com/p/DUli91SDkqA/,Secuencia de Instagram,,Total,1878,703,22,2,0,0,2
18093474295951571,17841401871496039,360radioco,360 Radio Colombia,"🐴 Hoy, 10 de febrero de 2026, se cumple un mes desde la trágica muerte del cantante #YeisonJiménez, ocurrido en un accidente de avioneta en la vereda Romita, en Paipa, Boyacá, cuando viajaba rumbo a un concierto en #Medellín. En ese lugar, donde la aeronave se precipitó poco después del despegue, hoy miles de admiradores han convertido el sitio en un espacio de memoria y homenaje. Personas de todas las edades llegan con flores, camisetas y fotografías para recordar al artista de 34 años. El campo que fue escenario de la tragedia ahora es un punto de recogimiento, donde muchos reflexionan y rezan por su alma y la de sus compañeros. Esta fecha marca un momento especial de recuerdo para sus seguidores en todo el país. ￼

🎤 A raíz del accidente, los restos de la avioneta y las pertenencias de los ocupantes fueron retirados días después, pero el lugar ha seguido recibiendo visitas constantes. Hoy se erige un pequeño altar improvisado con objetos que simbolizan el cariño de sus fans y la huella que dejó en la música popular colombiana. Algunos llegan a poner de fondo su tema “Destino final”, que se volvió de los más escuchados tras la noticia de su fallecimiento. Es un testimonio del impacto emocional que causó su partida y cómo, un mes después, la memoria colectiva sigue viva. ￼

🎶 Este primer mes desde su muerte también ha estado marcado por distintos homenajes y noticias relacionadas con su legado, así como reflexiones sobre la investigación del accidente que todavía continúa. La ausencia de una conclusión final sobre las causas exactas mantiene expectantes a muchos, mientras que en redes y medios se rememoran detalles de su vida y carrera. Así, a un mes de su partida, la figura de Yeison Jiménez sigue siendo motivo de emotivo recuerdo y homenaje entre sus seguidores.",0,02/10/2026 09:38,https://www.instagram.com/reel/DUlfvy2Dhf-/,Reel de Instagram,,Total,8089,10185,395,18,17,7,16
18050701004485885,17841401871496039,360radioco,360 Radio Colombia,"😧 Sobrevuelo con dron permite ver la afectación por creciente del río #Mulatos, que ocasionó el colapso del puente de la vía Transversal de las #Américas, que comunica a Necoclí y el Urabá Antioqueño con Arboletes y Montería.",0,02/10/2026 08:40,https://www.instagram.com/reel/DUlZjuPjrHU/,Reel de Instagram,,Total,10658,6777,162,67,0,10,8
17957942805093877,17841401871496039,360radioco,360 Radio Colombia,"📢 Miguel Uribe Londoño (@migueluribel) oficializará este martes 10 de febrero su candidatura presidencial al recibir el aval, luego de un complejo reacomodo político tras su salida del Centro Democrático.
￼
📍 El anuncio será en Bogotá, donde presentará sus propuestas y su visión para liderar el país en las elecciones de 2026. ￼

💬 Uribe Londoño ha dicho que su campaña buscará unidad y continuar las banderas políticas de su hijo, el fallecido senador Miguel Uribe Turbay. 

📰 Para conocer cuál partido avalará a Londoño, escriba “Historia” en los comentarios y se la hacemos llegar a su DM.",0,02/10/2026 06:30,https://www.instagram.com/p/DUlLB4UjqNQ/,Imagen de Instagram,,Total,22964,13516,186,23,1,60,10
18426317377191330,17841401871496039,360radioco,360 Radio Colombia,"🎉 Hoy, 10 de febrero, Radamel Falcao García cumple 40 años, celebrando una carrera legendaria en el fútbol mundial.

🏆 Con una trayectoria que incluye títulos de liga, copas internacionales y hazañas con clubes europeos y la Selección Colombia, “El Tigre” sigue siendo ícono del deporte.

💛 Hoy la afición lo recuerda por su agresividad, goles decisivos y liderazgo dentro y fuera de la cancha.",31,02/10/2026 05:30,https://www.instagram.com/reel/DUlEJ9IDmLu/,Reel de Instagram,,Total,1857,1637,43,1,0,2,1
18334745461246139,17841401871496039,360radioco,360 Radio Colombia,"🚨 Un fuerte accidente múltiple en el Alto de La Línea dejó 1 persona muerta y varios heridos tras un tractocamión perder el control y arrollar varios vehículos entre #Calarcá y #Cajamarca.
￼
📹 El siniestro quedó registrado en video y provocó cierre total de la vía, complicando la movilidad en uno de los corredores viales más importantes del país. 
￼
🔍 Autoridades investigan las causas, entre ellas posible falla mecánica o de frenos, mientras equipos de emergencia atienden a los lesionados.",0,02/10/2026 04:39,https://www.instagram.com/reel/DUk-MQCDmbb/,Reel de Instagram,,Total,28375,17816,288,128,6,17,24
18032118059786926,17841401871496039,360radioco,360 Radio Colombia,"🥹 Angustiante momento en que un perrito es arrastrado por fuerte corriente durante las inundaciones que afectan a Córdoba. En medio de la emergencia, un joven decidió arriesgar su vida para rescatarlo y, tras varios minutos de esfuerzo, logró sacarlo del agua sano y salvo.",0,02/09/2026 19:41,https://www.instagram.com/reel/DUkAsyDDsf8/,Reel de Instagram,,Total,5027,3499,214,3,0,7,1
18171944584382069,17841401871496039,360radioco,360 Radio Colombia,"📣 La representante a la Cámara y candidata al #Senado por la @partidoalianzaverde, @mirandabogota, encendió la polémica al denunciar que el Gobierno Nacional firmó contratos de publicidad con RTVC por más de $70.000 millones de pesos justo cuatro días antes de que entrara en vigor la Ley de Garantías, un periodo en el que las contrataciones del Estado quedan restringidas por el calendario electoral. La denuncia llega en medio de una emergencia económica y ambiental que afronta el país, lo que ha intensificado las críticas sobre el uso de esos recursos públicos. ￼

💰 Según Miranda, cerca del 90 % de ese presupuesto —más de $64.000 millones— quedó concentrado en RTVC, mientras que otros contratos más pequeños fueron adjudicados a distintas carteras del Estado. La congresista también comparó estas cifras con las de periodos anteriores, señalando un incremento de más del 4.000 % respecto a lo gastado en el mismo periodo bajo administraciones pasadas, un argumento que ha generado debates sobre transparencia y posible uso político de la pauta institucional. ￼

⚖️ Además de cuestionar el momento y la escala de estas contrataciones, Miranda anunció que trasladó esta denuncia ante la Contraloría y la Procuraduría para que investiguen posibles irregularidades, y puso en duda la imparcialidad de los medios públicos en contexto electoral. Voces de la oposición también han pedido revisar si la pauta institucional está cumpliendo con los principios de neutralidad informativa que deben regir en periodos preelectorales.",0,02/09/2026 19:25,https://www.instagram.com/reel/DUj-w67DjA4/,Reel de Instagram,,Total,7445,6189,325,144,1,35,12
18359988103204971,17841401871496039,360radioco,360 Radio Colombia,"🏈🎤 El show de medio tiempo de #BadBunny en el #SuperBowlLX batió récords históricos, convirtiéndose en el Halftime Show más visto de todos los tiempos con 135,4 millones de espectadores a nivel mundial, superando marcas previas de estrellas legendarias. ￼

📊 La actuación predominante en español, con un mensaje cultural y simbólico potente, encabeza ahora el ranking de los shows más vistos, dejando atrás presentaciones de Kendrick Lamar, Michael Jackson y Rihanna, entre otros íconos musicales. ￼

🌍 Más allá de cifras, la presencia de Bad Bunny en este escenario global refleja la creciente influencia de la música latina y su impacto cultural en audiencias de todo el mundo.",0,02/09/2026 19:07,https://www.instagram.com/reel/DUj8sJ7DiL3/,Reel de Instagram,,Total,7980,5514,74,1,0,3,10
18077795738062814,17841401871496039,360radioco,360 Radio Colombia,"📍 Córdoba está viviendo una emergencia histórica por las intensas lluvias que han azotado el norte y noroeste de Colombia, dejando al menos 14 personas muertas y cerca de 9.000 viviendas destruidas entre los departamentos de Córdoba y Sucre. La magnitud del desastre ha inundado casi la totalidad del territorio, desplazando a miles de familias y provocando pérdidas materiales incalculables. ￼

💧 La ola de lluvias extremas, asociada a fenómenos climáticos atípicos y al ingreso de un frente frío, ha desbordado ríos y sumergido pueblos enteros, obligando a residentes a buscar refugio y afectando infraestructura, cultivos y vías de comunicación. Cifras oficiales también reportan que decenas de miles de familias están damnificadas y que la situación ha generado un riesgo real de inseguridad alimentaria en la región. ￼

🚑 Frente a esta tragedia, las autoridades han activado protocolos de atención y buscan decretar emergencia nacional, mientras comunidades enteras luchan por recuperarse y piden ayuda humanitaria. En medio de inundaciones inusuales para la temporada, la prioridad sigue siendo salvar vidas y garantizar el apoyo necesario para miles de personas afectadas por este desastre climático sin precedentes. ￼",0,02/09/2026 16:30,https://www.instagram.com/reel/DUjp7TqDvS-/,Reel de Instagram,,Total,6788,4744,133,26,3,6,5
17858420310546748,17841401871496039,360radioco,360 Radio Colombia,"⚽️ En un clásico vibrante de la Primeira Liga portuguesa, #SportingdeLisboa visitó al poderoso #FCPorto en un estadio repleto y cargado de tensión. Desde el pitazo inicial, ambos equipos se entregaron al máximo, con defensas sólidas y pocas ocasiones claras, en un duelo táctico que mantuvo a todos al borde del asiento. ￼

⚽ Cuando parecía que el tiempo había decidido al ganador y el marcador favorecía al local 1-0, Luis Suárez emergió como héroe en el último suspiro del encuentro. Tras una jugada polémica dentro del área y un disparo atajado por el portero, el ariete colombiano estuvo atento al rebote y anotó el empate al minuto 90+10’, desatando la locura entre la hinchada visitante. ￼

📊 El empate 1-1 no solo refleja la igualdad en el campo, sino que mantiene la lucha por el título más viva que nunca, con Porto conservando la ventaja en la cima mientras Sporting sigue presionando desde cerca. Un clásico de corazón, pasión y fútbol hasta el último segundo.",0,02/09/2026 15:41,https://www.instagram.com/reel/DUjlI3Fjl44/,Reel de Instagram,,Total,8320,5534,206,2,1,0,6
17981082323955935,17841401871496039,360radioco,360 Radio Colombia,"✈️ Medellín marcó un nuevo récord histórico en 2025 con más de 1,2 millones de turistas extranjeros llegando a la ciudad, consolidándola como uno de los destinos más atractivos de Colombia.

🌍 La cifra representa un crecimiento de dos dígitos frente al año anterior y refleja el auge del turismo internacional en la “Ciudad de la Eterna Primavera”.

Ante este panorama, expertos y autoridades coinciden en que Medellín no puede apostar únicamente por aumentar el volumen de visitantes. La estrategia pasa por atraer turistas de mayor valor agregado, capaces de generar un impacto económico más significativo y sostenible. En ese sentido, el turismo médico aparece como uno de los sectores con mayor proyección, gracias a inversiones crecientes, estancias más largas y una demanda menos estacional.

Para conocer cuánto fue el incremento, escriba ""Historia"" en los comentarios, y se la enviamos a su DM.",0,02/09/2026 15:00,https://www.instagram.com/p/DUjghyNDLV7/,Imagen de Instagram,,Total,2435,1376,28,0,0,0,2
18034676438573517,17841401871496039,360radioco,360 Radio Colombia,"🎤 Bad Bunny en el Super Bowl: el negocio detrás del show

1️⃣ Exposición global sin sueldo:
Bad Bunny no cobra por actuar en el halftime show del Super Bowl — es tradición de la NFL que el artista no reciba pago directo. En lugar de salario, obtiene la mejor publicidad del planeta. ￼

2️⃣ Audiencia récord de todos los tiempos
Su espectáculo fue el más visto en la historia del Super Bowl, con aproximadamente 135,4 millones de espectadores en televisión y plataformas. ￼

3️⃣ Inversión millonaria en producción
La producción del halftime show está valorada entre US$10 y 15 millones, pagada por la NFL y sus patrocinadores. ￼

4️⃣ Boom digital inmediato
Tras su presentación, sus canciones alcanzaron picos enormes en streaming: en Apple Music algunas entraron al Top 10 Global y su set fue el más reproducido de la plataforma. ￼

5️⃣ Mercado latino y consumo
El espectáculo en español no solo rompió récords, sino que reforzó el poder del mercado latino, impulsando consumo y engagement global. ￼

6️⃣ Un ROI que no se paga en efectivo
Aunque no recibe salario, se estima que el valor promocional y de streaming tras el show puede traducirse en millones de dólares adicionales en ingresos indirectos. ￼

➡️ En el Super Bowl no se cobra por cantar…
pero sí se gana (y mucho) después de cantar.",0,02/09/2026 14:32,https://www.instagram.com/p/DUjdZiGDkih/,Secuencia de Instagram,,Total,7729,2796,114,10,2,1,6
17853081555590570,17841401871496039,360radioco,360 Radio Colombia,"📍 Andrés Cadavid reveló una de sus historias más polémicas en el fútbol colombiano: confesó que durante una final contra #Millonarios logró hacer una “tula de plata” revendiendo boletas del partido. El exdefensor pasó de vivir el fútbol desde la cancha a contar anécdotas que reflejan el lado menos visible de la pasión por este deporte en Colombia.

⚽ En su relato, Cadavid habló de la alta demanda de entradas para ese juego decisivo y cómo muchos aficionados estaban dispuestos a pagar precios elevados para estar presentes. Aunque es una práctica común en grandes eventos deportivos, su confesión encendió el debate sobre la reventa y las dificultades de acceso que enfrentan los hinchas, especialmente en finales de alto impacto.

💬 Esta historia no solo llama la atención por el protagonista, sino también por lo que revela sobre la dinámica del fútbol nacional y las experiencias que viven jugadores y seguidores fuera del terreno de juego. Las palabras de Cadavid se convirtieron en tema de conversación entre fanáticos y críticos por igual, mostrando cómo el deporte se entrelaza con aspectos culturales y económicos de la sociedad.",0,02/09/2026 12:41,https://www.instagram.com/reel/DUjQZYZkf6M/,Reel de Instagram,,Total,38471,28795,427,145,9,29,34
18362419855161611,17841401871496039,360radioco,360 Radio Colombia,"🏈 El show de #BadBunny dejó claro que su música va mucho más allá del perreo. En escena, Benito convirtió su presentación en una denuncia directa sobre los problemas estructurales que enfrenta Puerto Rico, desde la gentrificación hasta la pérdida de identidad cultural. Cada canción y cada gesto estuvieron cargados de simbolismo, recordándole al mundo que el arte también es resistencia.

Uno de los momentos más potentes fue la aparición de Ricky Martin, quien interpretó un fragmento de “LO QUE LE PASÓ A HAWAii”. La letra expone la presión que viven muchas comunidades boricuas ante el desplazamiento, el encarecimiento de la vivienda y el desarraigo, trazando un paralelismo con lo ocurrido en Hawái tras convertirse en estado de EE. UU. El mensaje conectó con el histórico debate político sobre el estatus de la isla y su limitada soberanía.

El cierre emocional llegó con “El apagón”, cantado desde un poste de luz, símbolo de los constantes cortes eléctricos y del abandono de la red energética tras el huracán María. La camiseta con el número 64, que muchos vinculan al subregistro inicial de víctimas, reforzó la carga política del momento. Desde allí, Bad Bunny lanzó un mensaje directo y provocador: orgullo latino, memoria colectiva y una crítica frontal a quienes consumen la cultura sin entender su raíz. #superbowl",25,02/09/2026 12:01,https://www.instagram.com/reel/DUjLPMDEU_t/,Reel de Instagram,,Total,854073,641055,50176,425,168,574,1879
18065903102248582,17841401871496039,360radioco,360 Radio Colombia,"🇮🇹 Asalto en #Italia y ataque armado a furgón blindado como de película.

Este asalto en Italia ocurrió en la vía Lecce-Brindisi, donde un comando armado atacó un furgón blindado con explosivos y disparos, generando pánico y cierre total de la carretera.

Horas después del asalto en Italia, las fuerzas de seguridad lograron la detención de dos presuntos responsables, mientras continúa la búsqueda de otros integrantes del comando que lograron escapar por rutas secundarias y zonas rurales cercanas.

La carretera Lecce-Brindisi permaneció cerrada durante varias horas, mientras se adelantaban labores de inspección judicial, recolección de pruebas y retiro de los vehículos calcinados. El caso quedó en manos de las autoridades judiciales, que ahora investigan la estructura criminal detrás del ataque y su posible vínculo con bandas especializadas en robos a portavalores.",32,02/09/2026 11:00,https://www.instagram.com/reel/DUjFEfojjF6/,Reel de Instagram,,Total,9073,5345,134,91,1,1,11
17985273296941723,17841401871496039,360radioco,360 Radio Colombia,"🔴 Atención: la Fiscalía radicará imputación contra el presidente de Ecopetrol, Ricardo Roa, por presunta violación de topes electorales y tráfico de influencias.

Es la primera imputación de cargos que se radica contra Roa, en medio del escándalo por los recursos que ingresaron a la campaña presidencial.

Igualmente, el otro delito por el que responderá es tráfico de influencias, esto por las supuestas irregularidades que se habrían dado en medio de la compra del lujoso apartamento de Roa, en el barrio El Chicó, de Bogotá.",0,02/09/2026 09:54,https://www.instagram.com/reel/DUi9Sbujs7d/,Reel de Instagram,,Total,2373,2043,77,0,1,3,1
17914217130272082,17841401871496039,360radioco,360 Radio Colombia,"📣 El precio del corrientazo en Colombia subió más del 10 % este año, reflejo directo de la inflación que golpea la alimentación y el bolsillo diario de millones de trabajadores y estudiantes.

📊 Este ajuste responde al encarecimiento de ingredientes esenciales como plátano, fríjol y carnes, además de presiones inflacionarias que han disparado el costo de comer fuera de casa, obligando a negocios populares a elevar sus precios para mantenerse a flote.

💸 El resultado es un golpe directo al bolsillo de quienes dependen del almuerzo económico, mostrando cómo la vida cotidiana se enfrenta a una economía con precios al alza y un costo de vida cada vez más desafiante.

📰 Para conocer las razones de este alza, escriba “Historia” en los comentarios, y se la hacemos llegar a su DM.",0,02/09/2026 09:30,https://www.instagram.com/p/DUi61iPDpWS/,Imagen de Instagram,,Total,4132,2434,56,5,1,4,2
18057661994380258,17841401871496039,360radioco,360 Radio Colombia,"En línea con su visión de largo plazo y la actualización de la compañía, @Bavaria_colombia anunció junto a Canpack una inversión industrial de $548.000 millones para la construcción de una planta de latas de aluminio en el Atlántico, que estará operativa en 2027.

La iniciativa fortalece la cadena de suministro cervecera y tiene un impacto directo en empleo y desarrollo productivo. Este proyecto se suma al impacto en el desarrollo local que ya ha generado la nueva Cervecería del Atlántico de Bavaria, un proyecto que se encuentra en fase final de construcción.

Esta noticia se enmarca en la reciente actualización de Bavaria y refuerza el compromiso de la compañía por impulsar la innovación y la inversión local.

Para más información, visite bavaria.co.",0,02/09/2026 09:08,https://www.instagram.com/p/DUi4QS4jTBO/,Secuencia de Instagram,,Total,52728,17447,566,57,12,4,16
18065034788276541,17841401871496039,360radioco,360 Radio Colombia,"📣 El montaje del escenario del show de medio tiempo de Bad Bunny en el Super Bowl LX 2026 fue una operación cinematográfica: en cuestión de minutos y con precisión milimétrica, cientos de piezas y estructuras —incluyendo la icónica “casita”, vegetación y símbolos caribeños— fueron armadas y desmontadas en tiempo récord para que el espectáculo ocurriera sin interrupciones.

🔥 Detrás de esos 13 minutos de magia global hay semanas de planificación y ensayos, donde cada módulo modular y plataforma móvil fue diseñado para entrar y salir del campo mientras millones de espectadores apenas notaban el movimiento.

🌍 Más allá del ritmo y la música, este detrás de cámaras revela el nivel técnico y logístico brutal que convierte una idea artística en un momento histórico, elevando el espectáculo latino a la producción más ambiciosa del entretenimiento mundial.

#BadBunny #superbowl",74,02/09/2026 07:30,https://www.instagram.com/reel/DUitBFpjoKr/,Reel de Instagram,,Total,9309,7798,143,41,1,2,17
18064121990291656,17841401871496039,360radioco,360 Radio Colombia,"📣 La Fiscalía General de la Nación formuló oficialmente imputación de cargos contra Juliana Guerrero por presuntos delitos de fraude procesal y falsedad ideológica en documento público relacionados con la expedición de títulos universitarios irregulares que habría usado para su carrera pública.

⚖️ En la misma solicitud, el ente acusador pidió ante un juez la medida de aseguramiento con detención domiciliaria para Guerrero mientras avanza el proceso, en un hecho que eleva el caso a un nuevo nivel judicial y mediático en Colombia.

🇨🇴 La investigación, que también involucra al secretario general de la Fundación Universitaria San José, ha generado amplio debate público sobre transparencia, meritocracia y control de títulos académicos en cargos de alto perfil.

📰 Para conocer si Guerrero irá a prisión domiciliaria, escriba “Historia” en los comentarios y se la hacemos llegar a su DM.",0,02/09/2026 07:11,https://www.instagram.com/p/DUiq1QrjkPO/,Imagen de Instagram,,Total,6614,4097,572,11,0,183,3
17994918872869389,17841401871496039,360radioco,360 Radio Colombia,"📣 El show de medio tiempo de Bad Bunny en el Super Bowl LX 2026 conmovió hasta las lágrimas a un periodista de ESPN, quien no pudo contener la emoción en plena transmisión tras presenciar el mensaje de unidad y orgullo latino del artista puertorriqueño. Muchos espectadores también capturaron y compartieron este momento que ya recorre las redes con fuerza.

🔥 La presentación de Bad Bunny, completamente en español y cargada de símbolos culturales, trascendió el entretenimiento para convertirse en un emotivo homenaje a la identidad latina frente a millones de televidentes en todo el mundo, evocando reacciones sinceras incluso en quienes no lo esperaban.

🌍 Este instante no solo marcó un hito en la historia del espectáculo más visto del planeta, sino que también reafirma cómo la música puede unir, inspirar y tocar corazones más allá de fronteras, idiomas y géneros.

#superbowl #badbunny",0,02/09/2026 06:28,https://www.instagram.com/reel/DUil0wTDhl1/,Reel de Instagram,,Total,3527,2855,91,12,0,10,4
17884394454444100,17841401871496039,360radioco,360 Radio Colombia,"📣 Karol G se robó el show en el Super Bowl LX 2026 al aparecer en la icónica “casita” del medio tiempo junto a Bad Bunny, bailando al ritmo de Yo Perreo Sola y generando uno de los momentos más virales de la noche.

🔥 La cantante colombiana, vestida de blanco y junto a otras estrellas como Cardi B y Pedro Pascal, encendió las redes sociales y el Levi’s Stadium con una energía que celebró la cultura latina frente a millones de espectadores globales.

🌍 Este instante no solo destacó por la música y el baile, sino porque marcó un momento histórico de presencia latinoamericana en el espectáculo más visto del año.",0,02/09/2026 05:00,https://www.instagram.com/p/DUib7R7jpQR/,Secuencia de Instagram,,Total,15026,6755,192,2,0,13,3
18100936829496968,17841401871496039,360radioco,360 Radio Colombia,"📣 Donald Trump arremetió duramente contra el show de medio tiempo de Bad Bunny en el Super Bowl LX 2026, calificándolo en redes sociales como “uno de los peores de la historia” y una “afrenta a la grandeza de Estados Unidos” tras la presentación del artista puertorriqueño.

🔥 En su publicación, Trump afirmó que la actuación “no tiene sentido”, criticó el uso del español y calificó algunos movimientos de baile como “repugnantes”, asegurando que no representan los estándares de éxito o creatividad del país.

🌎 El comentario del presidente estadounidense ha generado un intenso debate global entre quienes defienden la diversidad cultural del espectáculo y quienes apoyan la visión crítica de Trump sobre eventos masivos y representación artística.",0,02/09/2026 04:00,https://www.instagram.com/p/DUiVEm5Dm6q/,Secuencia de Instagram,,Total,20416,13034,310,28,1,107,9
18047208401502846,17841401871496039,360radioco,360 Radio Colombia,"📣 Bad Bunny hizo historia en el Super Bowl LX 2026 con un show de medio tiempo que rompió todos los esquemas: música en español, ritmos latinos y una puesta en escena que convirtió el evento deportivo más visto del planeta en una celebración cultural sin precedentes. Desde el primer acorde, el artista puertorriqueño dejó claro que no iba a adaptarse al formato tradicional, sino a transformarlo por completo ante más de 100 millones de espectadores en todo el mundo.

🔥 El espectáculo fue una mezcla calculada de impacto visual, narrativa cultural y poder musical. Bad Bunny repasó algunos de sus mayores éxitos mientras el escenario se llenaba de referencias caribeñas, baile, energía urbana y sorpresas que encendieron las redes sociales en segundos. Invitados de talla mundial, coreografías masivas y una producción impecable consolidaron un mensaje claro: la música latina ya no pide permiso, lidera el escenario global.

🌍 Más allá del entretenimiento, la presentación fue un acto simbólico de representación. Un show íntegramente latino en el Super Bowl no solo eleva la carrera de Bad Bunny, sino que marca un antes y un después para la industria musical y cultural. El medio tiempo del Super Bowl LX no fue solo un espectáculo: fue una declaración de poder, identidad y alcance global que ya quedó grabada en la historia.",0,02/09/2026 03:00,https://www.instagram.com/p/DUiONdQDq02/,Secuencia de Instagram,,Total,3855,1808,83,0,0,0,3
17994693842873502,17841401871496039,360radioco,360 Radio Colombia,"📍 Bogotá se despidió de uno de sus símbolos más tradicionales: el histórico Palacio del Colesterol, ubicado junto al estadio El Campín, cerró sus puertas tras décadas siendo punto de encuentro obligado para hinchas, familias y amantes de la comida popular. El lugar no solo representó una oferta gastronómica emblemática, sino también un espacio cargado de memoria colectiva, previo y posterior a partidos y grandes eventos deportivos.

⚽ Durante su despedida, cientos de personas se acercaron para rendir homenaje a un sitio que acompañó generaciones de aficionados del fútbol capitalino. Hamburguesas, chorizos, papas y relatos de goles inolvidables hicieron parte de una jornada marcada por la nostalgia, en medio del avance de las obras de renovación del complejo deportivo de El Campín, que transformarán por completo el sector.

🏗️ Las autoridades confirmaron que los comerciantes del Palacio del Colesterol serán reubicados en otras zonas cercanas, con el objetivo de garantizar la continuidad de sus negocios. Sin embargo, el cierre abre el debate sobre cómo las grandes obras urbanas impactan la tradición, el comercio local y la identidad cultural de la ciudad, en un momento en el que Bogotá avanza hacia una nueva etapa de modernización.

#fpc #notícia",85,02/08/2026 17:00,https://www.instagram.com/reel/DUhJepLEedR/,Reel de Instagram,,Total,2736,2341,49,2,0,0,1
18114245311618704,17841401871496039,360radioco,360 Radio Colombia,"🌎 ¿Estás pensando en mudarte a otra ciudad de América? Según Numbeo, estas son las urbes donde alquilar vivienda Sale más caro al mes: Nueva York, Boston, San Francisco, Chicago y Los Ángeles, todas superando los 4.500 dólares mensuales de arriendo. 

📊 El ranking también incluye a Vancouver, Toronto, Montreal, Ciudad de México y São Paulo, mostrando cómo el costo de vida en las grandes metrópolis puede variar drásticamente entre Estados Unidos, Canadá, México y Brasil.

🧳 Antes de hacer maletas, analiza muy bien tu presupuesto, investiga el mercado de alquiler y compara alternativas para no llevarte sorpresas. Guardar este post puede ayudarte a tomar una decisión más informada sobre tu próximo destino urbano.",0,02/08/2026 14:35,https://www.instagram.com/p/DUg4428jmqG/,Imagen de Instagram,,Total,6658,2155,50,6,1,0,5
17891358843285184,17841401871496039,360radioco,360 Radio Colombia,"📣 Impacto millonario antes del kickoff: En el Super Bowl LX 2026, la diferencia en nóminas entre Seattle Seahawks y New England Patriots es tan marcada como el choque de estilos de juego: el jugador con mayor impacto salarial es el QB de Seattle con casi USD 37 millones, superando a cualquier contrato individual en Nueva Inglaterra, mientras que los Patriots tienen una nómina total más cara gracias a contratos defensivos clave.

💼 Más allá del espectáculo, estas cifras reflejan decisiones empresariales estratégicas que hablan de inversión en talento estelar versus profundidad de plantilla, un debate que cualquier CEO comprende: ¿arriesgar todo en pocas figuras o diversificar para sostener la competitividad?

🏈 Para conocer el listado completo, escriba ""Historia"" en los comentarios y se la hacemos llegar a su DM.",0,02/08/2026 10:00,https://www.instagram.com/p/DUgZbiFjxPa/,Imagen de Instagram,,Total,2612,1355,14,0,0,0,0
17954172393072747,17841401871496039,360radioco,360 Radio Colombia,"🧊❄️ Vivir donde el frío no perdona no es ficción, es rutina diaria. En estas ciudades del planeta, las temperaturas extremas hacen parte del paisaje y de la vida cotidiana: calles congeladas, aire que quema al respirar y termómetros que parecen no tener límite hacia abajo.

Rusia, Canadá, Estados Unidos, Mongolia y China concentran varios de estos puntos donde el invierno es protagonista absoluto. Nombres como Yakutsk, Norilsk o Yellowknife no solo figuran en rankings meteorológicos, sino también en historias de adaptación humana frente a condiciones que desafían cualquier estándar de confort.

Mientras para muchos el frío es una molestia pasajera, en estos lugares es una forma de vida. Infraestructura especial, hábitos distintos y una resistencia admirable definen a quienes habitan las ciudades más frías del mundo. ¿Te atreverías a vivir allí? 🥶🌍",0,02/08/2026 09:27,https://www.instagram.com/p/DUgVnQLDF0m/,Secuencia de Instagram,,Total,4789,2019,62,7,0,0,8
18125589778555552,17841401871496039,360radioco,360 Radio Colombia,"🏈📺 Pocoyó, sí, el personaje que creció con toda una generación, se robó la atención en pleno hype del Super Bowl LX con un video viral celebrando a Bad Bunny antes del gran espectáculo de medio tiempo. El clip, donde baila al ritmo de Muevelou, ha sido compartido miles de veces, conectando nostalgia con cultura pop en pleno evento deportivo global.

🔥 Aunque no es parte oficial de los multimillonarios anuncios del Super Bowl —donde 30 segundos llegan a costar hasta 8-10 millones de dólares— el movimiento de Pocoyó demuestra que las redes pueden transformar un simple gesto en tendencia mundial. El mundo estaba esperando a Bad Bunny… y Pocoyó ya abrió el espectáculo.

🌍 Esta inesperada intervención de un personaje infantil en la conversación del Super Bowl no solo refleja el poder de las redes, sino cómo la cultura latina y global se mezclan en un solo evento. Si un dibujo puede hacer vibrar Internet, imagina lo que pasará cuando comience el partido…",0,02/08/2026 08:10,https://www.instagram.com/p/DUgM3qODnFT/,Secuencia de Instagram,,Total,4629,1990,97,15,0,0,5
17979876095971957,17841401871496039,360radioco,360 Radio Colombia,"📊 La final del Super Bowl 2026 (LX) también se juega en los números. #SeattleSeahawks y #NewEnglandPatriots llegan al partido más importante de la NFL con estructuras salariales muy distintas, especialmente en sus jugadores clave.

🏈 En posiciones como QB y WR se evidencian contrastes marcados: Seattle apuesta fuerte con nombres de alto impacto y contratos más pesados, mientras que New England combina juventud y eficiencia financiera en varias líneas. El análisis del cap hit permite entender no solo quién juega, sino cuánto pesa cada jugador en la planificación deportiva de ambos equipos rumbo al título.

📌 Datos basados en Spotrac, OverTheCap y reportes oficiales de la NFL 2026, ideales para dimensionar cómo se construyen equipos campeones dentro y fuera del campo.

📰 Para conocer más información sobre la final del #SúperBowl 2026, escriba “Historia” en los comentarios y se la enviamos a su DM.",0,02/07/2026 17:00,https://www.instagram.com/p/DUekuPUkYKb/,Secuencia de Instagram,,Total,2755,937,38,5,0,0,1
17931741333191545,17841401871496039,360radioco,360 Radio Colombia,"🛳️ México se consolidó en 2025 como el principal exportador de América Latina, impulsado por el crecimiento sostenido de sus manufacturas de alta tecnología. Sectores como el automotriz, electrónico, aeroespacial y de dispositivos médicos lideraron el desempeño exportador, aprovechando su integración con cadenas globales de valor y su cercanía estratégica con Estados Unidos. Este resultado refleja una transformación productiva que va más allá de las exportaciones tradicionales.

El avance de México está respaldado por inversiones constantes en infraestructura industrial, relocalización de empresas (nearshoring) y una fuerza laboral especializada que ha permitido escalar en complejidad tecnológica. Las manufacturas de alto valor agregado no solo incrementaron el volumen exportado, sino también el peso del país en mercados clave, fortaleciendo su papel como hub industrial de la región.

🌎 Este liderazgo exportador posiciona a México como un actor central en la competitividad latinoamericana, marcando una brecha frente a otras economías de la región. Además de impulsar el crecimiento económico, el desempeño exportador abre el debate sobre cómo América Latina puede avanzar hacia modelos productivos más sofisticados, con mayor innovación, tecnología y encadenamientos industriales de largo plazo.",0,02/07/2026 11:11,https://www.instagram.com/p/DUd6w7WEQk_/,Imagen de Instagram,,Total,33051,16533,284,84,37,42,79
17864034690502561,17841401871496039,360radioco,360 Radio Colombia,"📸 Jhon Arias fue presentado oficialmente como nuevo jugador del Palmeiras para la temporada 2026. El colombiano llega al club brasileño luego de consolidarse como una de las figuras más consistentes del fútbol sudamericano, destacándose por su intensidad, versatilidad ofensiva y liderazgo dentro del campo. Su llegada genera expectativa tanto en la hinchada como en el entorno del club paulista.

⚽ Palmeiras apuesta por Arias como una pieza clave en su proyecto deportivo, pensando en competencias locales e internacionales. El extremo colombiano vestirá una de las camisetas más históricas de Brasil, en un equipo acostumbrado a pelear títulos y con alta exigencia competitiva. Desde su presentación, el club resaltó su experiencia, su capacidad para marcar diferencia en partidos decisivos y su recorrido en torneos continentales.

🇨🇴 Con este fichaje, Jhon Arias no solo fortalece al Palmeiras, sino que también reafirma el buen momento del futbolista colombiano en el exterior. Su llegada a Brasil lo mantiene en el radar internacional y representa una nueva vitrina para seguir creciendo, competir al más alto nivel y consolidarse como uno de los referentes colombianos en el fútbol sudamericano de cara a los próximos años.

📰 Para conocer todos los detalles de la llegada de Arias a Brasil, escriba “Historia” en los comentarios y se la hacemos llegar a su DM",0,02/07/2026 08:08,https://www.instagram.com/p/DUdnz4HjrZn/,Secuencia de Instagram,,Total,4108,1584,40,1,0,1,0
18117923782607825,17841401871496039,360radioco,360 Radio Colombia,"#Deportes l Un anuncio de 30 segundos en el Super Bowl puede costar más que el valor total de varios equipos del fútbol colombiano. 💸🏈 Una sola pauta publicitaria alcanza cifras que superan a clubes completos que compiten cada temporada en la Liga Colombiana.

La comparación deja en evidencia la magnitud del negocio, mientras una marca invierte millones por segundos al aire, equipos enteros no alcanzan ese mismo valor de mercado. Dos mundos distintos, una diferencia abismal. ⚽📊",0,02/06/2026 16:33,https://www.instagram.com/p/DUb83TnjRFG/,Imagen de Instagram,,Total,4869,2060,56,26,2,1,8
17910596724317231,17841401871496039,360radioco,360 Radio Colombia,"🗳️ Ya quedó conformada la Consulta de Precandidatos a la Presidencia de la República.

Las elecciones serán el próximo 8 de marzo y tendrán a la Consulta de las Soluciones, La Gran Consulta por Colombia y El Frente por la Vida.

📰 Para recibir detalles de la elección, escriba “Historia” en los comentarios y reciba la información en su DM.",0,02/06/2026 16:14,https://www.instagram.com/p/DUb6pgjDo5y/,Secuencia de Instagram,,Total,22722,9068,206,25,0,19,14
18109541122597223,17841401871496039,360radioco,360 Radio Colombia,"#ATENCIÓN 

Inflación de Colombia subió en enero y se ubicó en 5,35%, según reveló el Dane. 

http://360radio.com.co",0,02/06/2026 15:03,https://www.instagram.com/p/DUbyjH2DfqX/,Imagen de Instagram,,Total,2573,1049,36,10,0,0,1
18079494938520903,17841401871496039,360radioco,360 Radio Colombia,"🚢 Puerto Antioquia inicia operaciones en Turbo, Urabá antioqueño, consolidándose como una nueva puerta de entrada y salida del comercio exterior colombiano por el Caribe. Con 1.340 metros de muelle, cinco posiciones de atraque y un calado operativo de 16,5 metros, el puerto está diseñado para recibir buques New Panamax y operar sobre una plataforma terrestre de 38 hectáreas, fortaleciendo la infraestructura portuaria del país.

En su fase inicial, Puerto Antioquia tendrá una capacidad cercana a los 7 millones de toneladas anuales y funcionará como un terminal multipropósito. Podrá movilizar contenedores secos y refrigerados, carga general, granel seco, carga sobredimensionada y vehículos, lo que amplía las opciones logísticas para distintos sectores productivos y mejora la eficiencia en las operaciones de exportación e importación.

Su principal ventaja es estratégica: es el puerto del Caribe más cercano a los centros productivos del país. Esto permitirá reducir la distancia terrestre en un 47 % frente a Medellín y en un 36 % frente al Eje Cafetero, generando ahorros logísticos estimados entre el 33 % y el 58 %. Además, el proyecto impulsará la agroindustria, la generación de empleo y el desarrollo social, convirtiendo a Urabá en un nuevo polo logístico para Antioquia y Colombia.",0,02/06/2026 13:30,https://www.instagram.com/p/DUbnvC4kd3L/,Imagen de Instagram,,Total,2372,1071,28,4,0,0,2
18085594127180411,17841401871496039,360radioco,360 Radio Colombia,"📍 San Francisco vibra al ritmo de DtMF

Antes de la gran final del Super Bowl LX, donde Bad Bunny será el protagonista del espectáculo de medio tiempo en el Levi’s Stadium de Santa Clara este 8 de febrero de 2026, las calles de San Francisco se convirtieron en una verdadera fiesta urbana. Los fans tomaron las esquinas y plazas cantando a todo pulmón DtMF, creando una energía increíble que marcó el inicio de los festejos previos al partido. ￼

Una vibra única en el corazón de la ciudad
Entre risas, baile y un ambiente multicultural, la ciudad fue testigo de cómo la música de Bad Bunny une a generaciones y culturas en un solo canto. El tema DtMF se convirtió en el soundtrack espontáneo de este momento, mientras locales y visitantes compartían la emoción del Super Bowl en cada esquina. ￼

Capturando momentos inolvidables
Este video no es solo música en las calles: es la celebración de una comunidad que siente la emoción del deporte y la cultura latina al máximo. Dale play, comparte y siente cómo San Francisco se prepara para una noche histórica con uno de los espectáculos más esperados del año.",0,02/06/2026 12:30,https://www.instagram.com/p/DUbg9p2kcLn/,Secuencia de Instagram,,Total,4508,1595,44,4,0,0,1
18092839970282227,17841401871496039,360radioco,360 Radio Colombia,"⚽️🇨🇴 James Rodríguez ya es nuevo jugador de Minnesota United y en su presentación fue claro sobre una decisión que generó ruido en Colombia. El volante aseguró que, pese a los rumores y acercamientos, no quería llegar al fútbol profesional colombiano en este momento de su carrera.

Las declaraciones de James vuelven a poner el foco sobre el FPC, sus exigencias, su estructura y el reto que tiene para convertirse nuevamente en un destino atractivo para figuras de talla internacional. Un mensaje directo que no pasó desapercibido.",0,02/06/2026 12:16,https://www.instagram.com/p/DUbfavukVYd/,Secuencia de Instagram,,Total,4432,1673,40,11,0,6,0
18083426009334289,17841401871496039,360radioco,360 Radio Colombia,"⚽️🇨🇴 James Rodríguez inicia una nueva etapa en su carrera tras convertirse en nuevo jugador de Minnesota United, club de la Major League Soccer. El volante colombiano llega como una de las apuestas más importantes del equipo y uno de los fichajes de mayor impacto en la liga estadounidense.

Minnesota United es una franquicia joven pero consolidada en la MLS, con un valor cercano a los 240 millones de dólares, estadio propio (Allianz Field) y una identidad marcada dentro del fútbol norteamericano. A lo largo de su historia, el club ya ha tenido presencia colombiana con jugadores como Christian Ramírez y Darwin Quintero.

Con títulos en divisiones inferiores, participaciones en playoffs y una hinchada en crecimiento, el equipo apuesta por la experiencia y jerarquía de James para dar un salto competitivo. Su llegada refuerza el protagonismo de la MLS como destino de figuras internacionales y pone a Minnesota United en el foco del fútbol mundial.",0,02/06/2026 11:35,https://www.instagram.com/p/DUbas18kXHZ/,Secuencia de Instagram,,Total,2458,909,25,4,0,0,0
17971826663989253,17841401871496039,360radioco,360 Radio Colombia,"🇨🇴🇺🇸 El Encargado de Negocios, John McNamara, calificó de espectacular y esperanzadora la reunión entre Gustavo Petro, presidente de Colombia, y Donald Trump, presidente de Estados Unidos. “Tenemos una continua cooperación mutua entre nuestros países y el trabajo que aún queda por hacer”, dijo McNamara.

📰 Para conocer la declaración de McNamara completa, escriba “Historia” en los comentarios y se la hacemos llegar a su DM.",0,02/06/2026 10:11,https://www.instagram.com/p/DUbRGPgDvO9/,Secuencia de Instagram,,Total,4958,1925,63,0,0,1,2
17858943714599394,17841401871496039,360radioco,360 Radio Colombia,"⚽️🇨🇴 James Rodríguez llega al Minnesota United de la MLS

Después de finalizar su contrato con el Club León de México a finales de diciembre de 2025 y quedar como agente libre, James Rodríguez ha llegado a un acuerdo verbal con Minnesota United para unirse a la plantilla rumbo a la temporada 2026 de la Major League Soccer. ￼

Con 34 años, James firma un contrato especial que sería inicialmente de 6 meses, diseñado para que pueda recuperar ritmo competitivo y llegar en forma al Mundial de la FIFA 2026 que se jugará en Estados Unidos, México y Canadá. ￼

Se espera que el ex-Real Madrid, Bayern Múnich y Everton sea parte de la pretemporada y pueda debutar con su nuevo equipo en la MLS desde el inicio de la temporada, programada para finales de febrero. ￼

Aunque su contratación tiene un alto impacto mediático y deportivo para el club, no ocupará un cupo de “Designated Player” (jugadores franquicia que superan el tope salarial), sino que su fichaje fue estructurado mediante mecanismos financieros internos de la MLS (GAM/TAM) para ajustarse al presupuesto de la liga.

📰 Para conocer más sobre la llegada de James Rodríguez a Minessota United, escriba “Historia” en los comentarios y le hacemos llegar la información a su DM.",0,02/06/2026 08:17,https://www.instagram.com/p/DUbEFsrjiPq/,Secuencia de Instagram,,Total,4115,1746,145,33,1,6,4
17995800440739016,17841401871496039,360radioco,360 Radio Colombia,"🗳️ Juan Fernando Cristo (@jcristobustos), pre-candidato presidencial, expuso las razones por las que no participará en la consulta presidencial ‘Frente por la Vida’. 

“Esta no es la consulta que se había planteado inicialmente y por lo tanto, luego de dialogar con la militancia de nuestro partido, no consideramos conveniente participar en una nueva coalición”, agregó Cristo.

En ese sentido rescató que se había avanzado bajo una senda de unidad que llevó a establecer unos acuerdos programáticos y hasta a cambiar el nombre de la consulta, que inició llamándose Frente Amplió, luego pasó a Pacto Amplio y terminó con el actual nombre.

📰 Para conocer las reacciones a la renuncia de Cristo, escriba “Historia” en los comentarios y se la hacemos llegar am DM.",0,02/06/2026 08:00,https://www.instagram.com/p/DUbCFKaDlDr/,Secuencia de Instagram,,Total,3382,1339,20,0,0,7,2
17948139810092123,17841401871496039,360radioco,360 Radio Colombia,"🗳️ Roy Barreras (@roybarreras), pre-candidato presidencial, se refirió a la renuncia de Juan Fernando Cristo a la consulta presidencial ‘Frente por la Vida’.

En un video publicado en sus redes sociales, Barreras expuso: “Me informan que algunos precandidatos exministros del gobierno Petro han decidido irse directo a la Primera Vuelta. Eso si divide a la centro-izquierda porque quiere decir que competirán con Iván o conmigo en la primera! TODO LO CONTRARIO ES LO QUE YO PROPONGO Y REAFIRMO : NOS UNIREMOS EL 9 de Marzo después derrotar a la consulta uribista y elegir nuestros senadores y LLEGAREMOS JUNTOS A LA PRIMERA VUELTA”.

Además, Barreras estaría próximo a una reunión con Gustavo Petro, presidente de Colombia, por el contexto en el cual graba el video.

📰 Para conocer más reacciones a la renuncia de Cristo al ‘Frente por la Vida’ escriba “Historia” en los comentarios y se la hacemos llegar al DM.",0,02/06/2026 07:04,https://www.instagram.com/p/DUa7s32DuQC/,Secuencia de Instagram,,Total,5592,2307,44,6,0,39,1
18100942927876105,17841401871496039,360radioco,360 Radio Colombia,"#Empresas | Luego de que Telefónica anunciara el cierre del proceso de venta de Movistar Colombia a Millicom Colombia, el CEO de la compañía, Fabián Hernández, confirmó que no continuará en su cargo. 

""A todos quienes hicieron parte de este recorrido: gracias. A nuestros clientes gracias por su confianza y a nuestros colaboradores por el compromiso y la pasión que nos permitieron construir una historia que hoy cerramos con la frente en alto. Como es normal en estos procesos, ejerceré mi rol como CEO de Movistar Colombia hasta hoy"".",0,02/06/2026 05:01,https://www.instagram.com/p/DUatqzHDDfl/,Imagen de Instagram,,Total,3010,1591,21,1,0,1,1
18376490794093703,17841401871496039,360radioco,360 Radio Colombia,"🤩🇵🇹 | Critiano Ronaldo, futbolista portugués, está cumpliendo 41 años hoy. Nació el 5 de febrero de 1985 en Funchal, isla de Madeira de Portugal.

A lo largo de su carrera ha impuesto récords que lo convierten, para algunos, en el mejor futbolista del mundo. Por eso, aquí repasamos algunas de sus conquistas y datos curiosos.

📰 Para conocer más información sobre Cristiano Ronaldo, escriba “Historia” en los comentarios y se la haremos llegar a su DM.",0,02/05/2026 12:06,https://www.instagram.com/p/DUY5fFfEWhc/,Secuencia de Instagram,,Total,3787,1414,119,7,0,3,9
18067537556242305,17841401871496039,360radioco,360 Radio Colombia,"🚨🚧 Movilidad afectada en Bogotá: en pleno Día sin Carro y sin Moto, se registran bloqueos en TransMilenio que complican los desplazamientos de miles de usuarios. Las manifestaciones se concentran principalmente sobre la Calle 26 (Av. El Dorado), generando interrupciones en la operación y retrasos en varias estaciones del corredor.

TransMilenio reporta demoras, desvíos y congestión en el servicio, por lo que recomienda planear los viajes con anticipación, usar rutas alternas y seguir los canales oficiales para conocer actualizaciones en tiempo real.

📰 Para conocer la actualidad de los bloqueos en TransMilenio, escriba “Historia” en los comentarios y se la haremos llegar a su DM.",0,02/05/2026 11:30,https://www.instagram.com/p/DUY1YN6EfXf/,Secuencia de Instagram,,Total,11679,6101,96,38,1,3,6
18108565060742773,17841401871496039,360radioco,360 Radio Colombia,"❗️ Ómar Perez sufrió un infarto y se encuentra hospitalizado en Bogotá. 

#Rogotá #Futbol #SantaFe",0,02/05/2026 10:51,https://www.instagram.com/p/DUYw1tVDp2n/,Imagen de Instagram,,Total,3837,1885,56,7,0,5,0
17916176163271153,17841401871496039,360radioco,360 Radio Colombia,"🤩🏠 El Fondo Nacional del Ahorro (@fnaahorro) eliminó la cuota inicial como requisito para acceder a vivienda propia. Ahora, los colombianos podrán financiar hasta el 100% del valor de su vivienda, si cumplen con los criterios establecidos por la entidad.

La presidenta del FNA, Laura Roa Zeidán (@lauraroaz), resaltó que, durante años, reunir el dinero para el pago inicial ha sido el mayor obstáculo para quienes buscan adquirir vivienda. “Con esta iniciativa, esa barrera desaparece y el acceso dependerá ahora de afiliarse al Fondo y empezar a construir un historial de ahorro que respalde el crédito”, señaló.

📰 Para conocer la historia completa escriba “Historia” en los comentarios y se la haremos llegar a su DM.",0,02/05/2026 10:40,https://www.instagram.com/p/DUYvUDujvkx/,Imagen de Instagram,,Total,154938,99539,3697,2952,82,305,771
18284154952304636,17841401871496039,360radioco,360 Radio Colombia,"#Mundo | En un mensaje poco habitual por televisión, el mandatario cubano abrió la puerta a un eventual diálogo con Estados Unidos, siempre que se dé en condiciones de respeto a la soberanía y autodeterminación de la isla, y sin tratar asuntos que el Gobierno de La Habana considere interferencias externas

#notícias #internacional #cuba #ee.uu #Actualidad #Ahora",72,02/05/2026 09:43,https://www.instagram.com/reel/DUYo39jgiBt/,Reel de Instagram,,Total,3604,2487,41,5,0,20,7
18552032668033980,17841401871496039,360radioco,360 Radio Colombia,"🚨 LO ÚLTIMO | El Consejo Nacional Electoral (@cne_colombia) autorizó la participación de Daniel Quintero (@quinterocalle) en la consulta presidencial ‘Frente por la Vida’. La votación quedó 7-1.

📰 Para conocer la historia completa, escriba “Historia” en los comentarios y se la hacemos llegar a su DM.",0,02/05/2026 09:03,https://www.instagram.com/p/DUYkZKUDi-8/,Imagen de Instagram,,Total,3507,1835,17,2,0,9,1
18144234589461369,17841401871496039,360radioco,360 Radio Colombia,"#Atención | “Hay que salvar las listas del Pacto Histórico”

Roy Barreras, precandidato presidencial, sobre el paso a seguir tras la imposibilidad de Iván Cepeda para participar en la consulta del Frente por la Vida.

#Ahora #Elecciones2026 #Noticias #política #actualidad",99,02/05/2026 08:11,https://www.instagram.com/reel/DUYeMr6gu_-/,Reel de Instagram,,Total,2930,1917,35,2,0,62,5
17919104190249801,17841401871496039,360radioco,360 Radio Colombia,"#Atención | Ecopetrol aprueba cambios en su junta directiva: la asamblea extraordinaria avaló el ingreso de Juan Gonzalo Castaño, Carolina Arias Hurtado y César Loza en representación de los trabajadores. Salen Mónica de Greiff, Guillermo García y Álvaro Torres. La plancha fue presentada por el ministro de Hacienda, Germán Ávila.

#ecopetrol #notícias #actualidad #Energía #Trabajo #ultimahora",88,02/05/2026 07:33,https://www.instagram.com/reel/DUYaFiigpXR/,Reel de Instagram,,Total,902,702,9,0,0,1,0
18000641000715030,17841401871496039,360radioco,360 Radio Colombia,"⛽📉 Luego de una revisión inicial, la Superintendencia de Industria y Comercio alertó que no todos los agentes del mercado han aplicado la reducción de $500 en el precio de la gasolina, pese a que ya han pasado cuatro días desde que se anunció la medida.

“Hemos evidenciado que cuatro días después de la decisión de bajar la gasolina $500 pesos, no todos los agentes del mercado la han aplicado”, afirmó la superintendente Cielo Rusinque, quien agregó que desde la entidad se adelantarán verificaciones y acciones de control para garantizar que la reducción se cumpla en todo el país.

#Actulidad #Gasolina #notícias #colombia",71,02/05/2026 06:20,https://www.instagram.com/reel/DUYRtGSAqbI/,Reel de Instagram,,Total,1329,1003,17,1,0,0,0
17902331877365386,17841401871496039,360radioco,360 Radio Colombia,"🚘🏍️ | Continúa la primera jornada del Día Sin Carro y Moto en Bogotá del 2026.

Durante las primeras cuatro horas, la Secretaría de Movilidad Distrital (@sectormovilidad) ha impuesto 200 comparendos por el incumplimiento en la norma y registra 1,253,000 usuarios únicos en TransMilenio. Recuerde que la jornada se extenderá hasta las 09:00 p.m.

➡️ Para conocer más detalles de la jornada escriba “Historia” en los comentarios y se los compartimos por DM.",0,02/05/2026 05:40,https://www.instagram.com/p/DUYNTjmjvS6/,Secuencia de Instagram,,Total,3115,1273,39,0,0,0,0
18150667774445414,17841401871496039,360radioco,360 Radio Colombia,"🚗 La Alcaldía de Bogotá propone un aumento de hasta un 25% en tarifas de parqueaderos en Bogotá. Los valores máximos por minuto para carros y motos estacionados en parqueaderos fuera de vía. Esto significa que parquear en la ciudad podría costar más si el proyecto de decreto se firma y entra en vigencia. El ajuste responde a variables como inflación y costos operativos del servicio.

➡️ Para conocer la historia completa, escriba “Historia” en los comentarios y se la enviamos al DM.",0,02/04/2026 15:07,https://www.instagram.com/p/DUWpWjTjtOU/,Imagen de Instagram,,Total,2567,1232,16,5,0,0,2
18067727999226708,17841401871496039,360radioco,360 Radio Colombia,"#Colombia | La precandidata Paloma Valencia respaldó la decisión del CNE al impedir que Iván Cepeda participe en la consulta del 8 de marzo, por ya haber participado de una consulta el año pasado.

#Noticias #actualidad #política #ahora #palomavalencia",21,02/04/2026 13:41,https://www.instagram.com/reel/DUWfc0NAqaO/,Reel de Instagram,,Total,5717,4299,210,1,0,13,4
18084865396916557,17841401871496039,360radioco,360 Radio Colombia,"🚨 Iván Cepeda, pre-candidato presidencial, no podrá participar en la consulta ‘Frente por la Vida’. Irá directo a primera vuelta.

La votación en el Control Nacional Electoral fue de 6-4 en contra de Cepeda. 

Hollman Ibáñez fue el conjuez del voto decisivo.

📰 Ampliación en 360radio.com.co",0,02/04/2026 12:24,https://www.instagram.com/p/DUWWtKKERBg/,Imagen de Instagram,,Total,5701,2652,192,14,0,38,4
18198573943329933,17841401871496039,360radioco,360 Radio Colombia,"⚽️🇨🇴 Atlético Nacional y América de Cali se enfrentarán hoy, a las 07:30 p.m., en el Atanasio Girardot de Medellín. 

Partido que para algunas personas es el clásico del fútbol profesional colombiano, por eso, aquí están los jugadores de mayor valor económico, según la valorización de @transfermarkt.co, medio especializado en la evaluación del valor económico en el fútbol.

Para conocer más información visite nuestro sitio web: 360radio.com.co",0,02/04/2026 10:20,https://www.instagram.com/p/DUWIlSODupJ/,Secuencia de Instagram,,Total,2858,909,18,1,0,0,0
17851126929668119,17841401871496039,360radioco,360 Radio Colombia,"#Política | Antioquia, Arauca, el sur de Bolívar y otros 167 municipios presentan algún nivel de riesgo de cara a las próximas elecciones, según informó la Misión de Observación Electoral (MOE), por medio de Alejandra Barrios, su directora. 

81 están en riesgo extremo, 51 en riesgo alto y 38 en riesgo medio

#Colombia #actualidad #Elecciones2026 #notícias #ahora",33,02/04/2026 08:04,https://www.instagram.com/reel/DUV43UsAmoO/,Reel de Instagram,,Total,753,601,9,0,0,0,0
18556202350022058,17841401871496039,360radioco,360 Radio Colombia,"🇨🇴🎤 Récord histórico en Colombia

Los conciertos de Bad Bunny en Medellín se convirtieron en los de mayor taquilla en la historia del país, marcando un hito sin precedentes para la industria del entretenimiento en Colombia.

💰 Con cifras récord en ventas, ocupación hotelera y consumo, el evento no solo rompió marcas musicales, sino que consolidó a Medellín como una de las plazas más fuertes para espectáculos internacionales.",0,02/04/2026 07:00,https://www.instagram.com/p/DUVxszCDn9M/,Secuencia de Instagram,,Total,5958,2057,96,1,0,6,1
18096824348500187,17841401871496039,360radioco,360 Radio Colombia,"#Internacional | Cerca de 1.000 viviendas quedaron destruidas tras un voraz incendio en una zona residencial de Baranguay Lamion, Filipinas.

#Noticias #Actualidad #Mundo #Incendiofilipinas #Ahora",63,02/04/2026 06:13,https://www.instagram.com/reel/DUVsJXSAhSg/,Reel de Instagram,,Total,4624,2859,37,3,0,4,3
18111217939631816,17841401871496039,360radioco,360 Radio Colombia,"🤝🇨🇴 Uno de los regalos de Donald Trump, presidente de Estados Unidos, a Gustavo Petro, Jefe de Estado en Colombia, fue un libro autografiado con un mensaje: “You are great”.

Andrés Gaviria, candidato a la Cámara de Representantes; Yolanda Villavicencio, ex Ministra de Relaciones Exteriores; y Ernesto Macías, político colombiano, reaccionaron a este encuentro.

📰 Para conocer más reacciones, visite el sitio web de 360Radio.com.co",0,02/04/2026 05:49,https://www.instagram.com/p/DUVpiHLjieA/,Secuencia de Instagram,,Total,10438,3808,135,6,0,7,6
17989776362920571,17841401871496039,360radioco,360 Radio Colombia,"🐻‍❄️ Marketing que rompe esquemas

Pepsi sorprendió justo antes del Super Bowl 2026 con un video que llevó al icónico Oso Polar de Coca Cola… a elegir Pepsi Zero Sugar 🥤✨

Coca Cola no respondió directamente, pero reforzó su narrativa y mantiene al Oso Polar como protagonista de su marca 🐾

Un ejemplo de cómo las grandes marcas juegan estratégicamente en publicidad y redes sociales 💡📈",0,02/03/2026 16:06,https://www.instagram.com/p/DUULXKmDr5e/,Secuencia de Instagram,,Total,6897,1959,107,4,0,1,9
18105905977776105,17841401871496039,360radioco,360 Radio Colombia,"#Colombia | Donald Trump aseguró que mantiene buena relación con Petro y avanza en diálogo bilateral sobre cooperación, sanciones y otros temas clave entre ambos países. 

#Noticias #Trump #Petro #RelacionesBilaterales #EEUU #Colombia",26,02/03/2026 15:11,https://www.instagram.com/reel/DUUE8EtAh03/,Reel de Instagram,,Total,2740,1641,28,0,2,1,0
18095490601759490,17841401871496039,360radioco,360 Radio Colombia,"#Colombia | El presidente Gustavo Petro informó que entregó a Donald Trump información clave sobre capos del narcotráfico, con miras a coordinar acciones conjuntas entre Colombia y Estados Unidos.

#Ahora #Petro #donaldtrump #Actualidad #notícias",117,02/03/2026 14:47,https://www.instagram.com/reel/DUUCEMtgiVz/,Reel de Instagram,,Total,6066,5243,88,6,17,11,2
18082039988217566,17841401871496039,360radioco,360 Radio Colombia,"#Colombia | Reunión entre mandatarios deja balance optimista, tras declaraciones que destacan avances en el diálogo y expectativas positivas sobre acuerdos bilaterales próximos entre el Gobierno Trump y Petro.

#Ahora #Noticias #Petro #donaldtrump #reuniónpetrotrump #actualidad",106,02/03/2026 14:30,https://www.instagram.com/reel/DUUAO6Cgi2F/,Reel de Instagram,,Total,3554,2843,45,9,4,9,3
18084702167240117,17841401871496039,360radioco,360 Radio Colombia,"#Colombia | Petro aseguró que diálogo con Trump permitirá impulsar la reactivación venezolana tras encuentro en la Casa Blanca en Washington DC.

#Actualidad #Ahora #Petro #donaldtrump #Internacional #Venezuela",114,02/03/2026 14:17,https://www.instagram.com/reel/DUT-sGdAiEM/,Reel de Instagram,,Total,5759,4541,58,11,5,26,4
17873569518514850,17841401871496039,360radioco,360 Radio Colombia,"Gustavo Petro, Presidente de Colombia, sostuvo un diálogo con Donald Trump, máximo mandatario estadounidense en la Casa Blanca. 

El encuentro comenzó a las 11:00 a.m. y se extendió por dos horas, a su salida, expuso algunas conclusiones del encuentro.

🖱️ Para conocer todo lo que dijo visite el sitio web de 360 Radio.",0,02/03/2026 13:25,https://www.instagram.com/p/DUT46vvkfMi/,Secuencia de Instagram,,Total,26037,10184,338,25,1,48,20
17862641457581369,17841401871496039,360radioco,360 Radio Colombia,"#Colombia | La Ola Invernal en Colombia sigue dejando consecuencias. En video quedó registrado el momento en el que animales quedan ahogados y otros arrastrados por fuertes corrientes en el departamento de Córdoba.

#Ahora #Actualidad #Olainvernal #Cordoba #ultimahora🚨",67,02/03/2026 13:07,https://www.instagram.com/reel/DUT2r-AgoAD/,Reel de Instagram,,Total,10293,6695,154,38,1,31,13
18064694849275751,17841401871496039,360radioco,360 Radio Colombia,"🤝🇨🇴 Termina la reunión entre Gustavo Petro, Jefe de Estado colombiano, y Donald Trump, presidente de Estados Unidos. El encuentro se extendió sobre las 2 horas y se esperan conclusiones sobre las 04:00 p.m. en rueda de prensa",0,02/03/2026 11:00,https://www.instagram.com/p/DUToJ9sEd7G/,Imagen de Instagram,,Total,5195,1732,41,1,1,1,1
18073213700122801,17841401871496039,360radioco,360 Radio Colombia,"#Colombia | El Presidente de Colombia, Gustavo Petro, llegó a las 10:53 a la Casa Blanca para reunirse con el máximo mandatario de Estados Unidos, Donald Trump. 

Estas son algunas fotografías del encuentro que comenzó en el Salón Este de la Casa Blanca, y del cual se esperan conclusiones hoy a las 04:00 p.m. en rueda de prensa.

#AHORA #notícias #Trump #Petro",79,02/03/2026 09:44,https://www.instagram.com/reel/DUTfYrTgpQF/,Reel de Instagram,,Total,1377,1178,11,0,1,2,1
18054226649689459,17841401871496039,360radioco,360 Radio Colombia,"Así fue el saludo entre Gustavo Petro, presidente de Colombia, y Donald Trump, presidente de Estados Unidos en el Salón Este de la Casa Blanca.

Las caras de dos líderes del continente que han sido protagonistas de intensos debates se encontraron hoy en la Casa Blanca.

Un paso importante en relaciones bilaterales que marcarán la agenda de ambos países en los próximos meses.",0,02/03/2026 08:56,https://www.instagram.com/p/DUTaGNSjju3/,Secuencia de Instagram,,Total,5896,1935,34,1,0,5,2
17938712187130022,17841401871496039,360radioco,360 Radio Colombia,"#Colombia | “Nosotros hemos sufrido la lucha contra el narcotráfico”, Gustavo Petro, presidente de Colombia, previo al encuentro con Donald Trump, presidente de Estados Unidos

#notícias #Trump #Petro #ahora #actualidad",53,02/03/2026 08:29,https://www.instagram.com/reel/DUTW2TXgtvZ/,Reel de Instagram,,Total,6182,4496,65,12,1,43,2
18053790458691082,17841401871496039,360radioco,360 Radio Colombia,"#Ahora | El presidente Gustavo Petro llegó a la Casa Blanca para reunirse con su homólogo estadounidense y abordar agenda bilateral.

#Noticias #Petro #Donaldtrump #Actualidad #internacional #ultimahora",33,02/03/2026 08:03,https://www.instagram.com/reel/DUTT9_bgnaq/,Reel de Instagram,,Total,5945,4946,81,3,2,7,0
17873085039529862,17841401871496039,360radioco,360 Radio Colombia,"#Antioquia | En Medellín fue desarticulada una empresa que había apropiado de manera ilegal casi 150.000 metros cúbicos de gas natural, con un valor cercano a $450 millones, tras un operativo que además halló un talud desestabilizado con riesgo para la comunidad

#EPM #Antioquia #noticias #Medellín #Actualidad #Colombia",66,02/03/2026 06:49,https://www.instagram.com/reel/DUTLW_TgjkB/,Reel de Instagram,,Total,13492,10929,126,18,2,3,4
17849176173634522,17841401871496039,360radioco,360 Radio Colombia,"📍 Reunión clave entre Colombia y Estados Unidos.

Hoy a las 11:00 a.m., Gustavo Petro, presidente de Colombia, se reunirá con Donald Trump, máximo gobernante de Estados Unidos, en la Oficina Oval.

Un encuentro bilateral que ocurre en un momento tenso de la relación diplomática entre ambos países, marcada por desacuerdos sobre política antidrogas, seguridad y cooperación regional.

Este será el primer cara a cara formal entre los dos mandatarios desde que Trump regresó al poder, y aunque la reunión está programada a puerta cerrada, analistas coinciden en que puede tener implicaciones relevantes para la agenda internacional y la política interna de Colombia.",0,02/03/2026 06:42,https://www.instagram.com/p/DUTKzlBDi1_/,Imagen de Instagram,,Total,4222,1282,22,2,0,0,0
18171421615381804,17841401871496039,360radioco,360 Radio Colombia,"#Colombia | ""El Rey Carlos III recuerda su visita a Cartagena y Chiribiquete"", Laura Sarabia, Embajadora de Colombia ante Reino Unido, después de su encuentro con el monarca.

#Ahora #Noticias #internacional #Actualidad #gobeirnonacional #inglaterra #laurasarabia",59,02/03/2026 06:26,https://www.instagram.com/reel/DUTIx5dAob4/,Reel de Instagram,,Total,4313,2630,50,3,0,16,3
17940861555129352,17841401871496039,360radioco,360 Radio Colombia,"#Colombia | 🌧️⚠️ Así amanece la playa Los Cocos, en Santa Marta, tras las fuertes lluvias que se registran a esta hora.

Debido a las condiciones climáticas, la Dirección Marítima (Dimar) ordenó la restricción del zarpe para embarcaciones turísticas en la ciudad.

📍 Recomendación: seguir las indicaciones de las autoridades marítimas.

#notícias #Actualdiad #estadoclimatico #santamarta #lluviascolombia #atencion",26,02/03/2026 05:15,https://www.instagram.com/reel/DUTAyUhgsR0/,Reel de Instagram,,Total,11123,8174,141,65,2,13,7
18094646978491164,17841401871496039,360radioco,360 Radio Colombia,"#atencion | Cartagena vive su segundo día de fuerte frente frío: mar embravecido, olas de hasta 4 metros y vientos intensos por el sistema que avanza desde Norteamérica. 🌊💨
¡Toma precauciones y mantente informado!

#notícias #cartagenadeindias #frentefrio #ClimaColombia #AlertaMarítima #Oleaje #VientosFuertes #Caribe #Prevención",114,02/02/2026 14:45,https://www.instagram.com/reel/DURc9z1Astf/,Reel de Instagram,,Total,9495,7018,165,117,1,0,7
17988150569930551,17841401871496039,360radioco,360 Radio Colombia,"#Política | A horas del encuentro entre Gustavo Petro y Donald Trump, la canciller Rosa Villavicencio sostuvo una reunión clave con el ministro de Defensa y el embajador en EE. UU. para afinar la agenda bilateral

¿Qué temas llevará el presidente?

#Ahora #Noticias #Gobierno #Petro #Donaldtrump #Actualidad",108,02/02/2026 13:28,https://www.instagram.com/reel/DURUPq8gua9/,Reel de Instagram,,Total,1820,1271,20,1,0,8,2
18034965674772753,17841401871496039,360radioco,360 Radio Colombia,"Apple prepara su gran salto al mundo de los plegables y ya se conocen detalles clave sobre el posible diseño del iPhone plegable que viene dando de qué hablar en la industria tecnológica

Según filtraciones recientes, la compañía estaría apostando por un formato tipo concha, similar al de otros dispositivos premium, pero con el sello característico de Apple: diseño minimalista, innovación y una experiencia de usuario optimizada

Este movimiento marcaría un nuevo capítulo en la estrategia de la marca y podría cambiar el equilibrio del mercado frente a sus principales competidores

¿Será este el iPhone más revolucionario de los últimos años?",0,02/02/2026 13:06,https://www.instagram.com/p/DURR9pmkY1w/,Secuencia de Instagram,,Total,22778,10590,132,107,6,6,9
17860692441527887,17841401871496039,360radioco,360 Radio Colombia,"#Política | Nueva polémica en el CNE: Uno de los denunciantes de Iván Cepeda asegura que Roy Barreras tendría comunicación directa con un magistrado clave en la decisión que habilitó su participación en la consulta. ¿Qué tan independiente fue la votación?

#Noticias #Ahora #Eleccioens2026 #Actualidad #ivancepeda #cne",128,02/02/2026 12:13,https://www.instagram.com/reel/DURLtWXAnV3/,Reel de Instagram,,Total,3286,2041,56,5,1,7,3
18447724315097492,17841401871496039,360radioco,360 Radio Colombia,"Estas son las primeras imágenes de Gustavo Petro, presidente de Colombia, durante su visita a Estados Unidos, en un escenario marcado por el contexto político del país norteamericano y la presencia de Donald Trump en la agenda y el debate público.

La visita incluye encuentros y conversaciones sobre cooperación bilateral, economía y política internacional.

📸 Deslice para ver las imágenes
🌐 360radio.com.co",0,02/02/2026 08:46,https://www.instagram.com/p/DUQ0Oo-Dpbq/,Secuencia de Instagram,,Total,6760,1835,42,4,0,8,3
17939368866076964,17841401871496039,360radioco,360 Radio Colombia,"#Mundo | Donald Trump anunció inicio de diálogo con Cuba para reunificar familias separadas durante décadas por conflictos y restricciones históricas.

#Noticias #Trump #Actualidad #Cuba #Internacional",36,02/02/2026 08:26,https://www.instagram.com/reel/DUQx0PDAoG4/,Reel de Instagram,,Total,3287,2141,41,4,0,0,1
18109003186663506,17841401871496039,360radioco,360 Radio Colombia,"🚗📊 Así arrancó el mercado automotor en 2026

Estas fueron las 10 marcas que más vehículos nuevos vendieron en Colombia durante enero de 2026, según datos de ANDI–FENALCO.
KIA y Renault lideran el ranking, mientras las marcas asiáticas siguen ganando terreno en un mercado que empieza a mostrar señales de reactivación.",0,02/02/2026 08:02,https://www.instagram.com/p/DUQvLN-Ek2_/,Imagen de Instagram,,Total,13900,7453,133,37,9,1,18
18323717125221794,17841401871496039,360radioco,360 Radio Colombia,"#Colombia | Iván Cepeda llamó desde Zipaquirá a movilizaciones este martes en Bogotá para respaldar a Petro durante su visita a EE. UU. y rechazar el bloqueo del CNE a su candidatura.

#Noticias #Actualidad #Cepeda #Marchas #Trump",73,02/02/2026 06:33,https://www.instagram.com/reel/DUQk0eCApTH/,Reel de Instagram,,Total,4926,4082,55,19,2,59,6
18067756151241107,17841401871496039,360radioco,360 Radio Colombia,"🔎 El Índice de Influencia Digital B-FUN 2025, desarrollado por Babel Group y su división especializada B-FUN, analizó millones de interacciones reales en redes sociales para responder una pregunta clave: ¿quién tiene hoy la capacidad real de influir en Colombia? 

El estudio no se basó en votos, encuestas ni número de seguidores, sino en data auditada de plataformas especializadas como HypeAuditor e Influencity, evaluando perfiles en Instagram, TikTok, YouTube y X.

👉 La medición se construyó a partir del B-FUN Score, un índice ponderado que integra variables como engagement real, calidad de la audiencia, impacto (guardados y compartidos), sentiment de los comentarios y comportamiento multiplataforma, descartando métricas de vanidad y cuentas dudosas. 

@karolg @juandam___ @soybans @lagranjadelborrego @jashlem @camilo @carlosferiag @jbalvin @jeisongiraldoo @feid @deiry_vargas @gemelasortegaa @amirodriguezz @amadorat",0,02/02/2026 06:23,https://www.instagram.com/p/DUQj0G7llWj/,Imagen de Instagram,,Total,757243,395741,3530,871,147,524,797
18558303937013202,17841401871496039,360radioco,360 Radio Colombia,"#Mundo l 🌍🪖 El poder militar global no se mide solo en armas, sino en estrategia, tecnología y capacidad de respuesta. El nuevo índice de poder militar muestra cómo se distribuye la fuerza entre las principales potencias del mundo.

Estados Unidos encabeza el listado, seguido de cerca por países como Rusia y China, mientras que potencias europeas como Italia, Francia y el Reino Unido mantienen un peso relevante. Asia también marca presencia con Japón, Corea del Sur e India, en un tablero cada vez más equilibrado y competitivo.

Este ranking deja claro que el orden militar global es dinámico y está en constante ajuste. Más allá de la cifra, el poder también se juega en diplomacia, alianzas y estabilidad regional.",0,02/01/2026 13:15,https://www.instagram.com/p/DUOuIpnlOhq/,Imagen de Instagram,,Total,8962,3319,84,1,0,1,8
18041833694738674,17841401871496039,360radioco,360 Radio Colombia,"#EntreVocesBy360 | Charlamos con Aníbal Gaviria, aspirante a la Presidencia, sobre los desafíos que vienen para el país, las movidas rumbo a la Casa de Nariño y la consulta del 8 de marzo. 👀🔥

Activa el video en YouTube y únete al debate.

#EntreVocesBy360 #AníbalGaviria #Elecciones2026 #Consulta8DeMarzo #PolíticaColombiana #CasaDeNariño #360Radio #colombiadecide",60,02/01/2026 10:42,https://www.instagram.com/reel/DUOceqMAhDe/,Reel de Instagram,,Total,1251,1148,40,2,0,2,0
18089963153079640,17841401871496039,360radioco,360 Radio Colombia,"#Minería | 🥈🌎 La plata sigue siendo un recurso estratégico a nivel global. Perú lidera el ranking mundial de reservas de este metal, consolidándose como un actor clave en el mercado minero internacional.

📊⛏️ Países como Australia y Rusia completan el podio, mientras que otras potencias económicas como China, Estados Unidos y México también figuran en la lista, evidenciando la importancia geopolítica de este recurso natural.

💰🔎 Estas cifras confirman que la plata no solo impulsa industrias como la tecnología y la energía, sino que también juega un papel determinante en la economía y el desarrollo de los países con mayores reservas.",0,02/01/2026 09:30,https://www.instagram.com/p/DUOUY1jmCsl/,Imagen de Instagram,,Total,5905,1995,66,0,1,0,4
18000649277847644,17841401871496039,360radioco,360 Radio Colombia,"#Economía | ⛽ En América Latina, llenar el tanque no cuesta lo mismo para todos. Las diferencias entre países reflejan modelos de subsidios, cargas tributarias, costos de importación y decisiones fiscales que terminan impactando directamente el bolsillo de los ciudadanos 🚗💸.

🌎 Mientras algunas economías enfrentan precios elevados que presionan la inflación y el costo del transporte, otras logran mantener valores relativamente más bajos, aunque no exentos de debate público. En este escenario, Colombia se ubica por debajo del promedio regional, una posición que alivia parcialmente al consumidor, pero que sigue atada a discusiones sobre sostenibilidad fiscal y ajustes futuros ⚖️.

📊 El precio del combustible incide en el costo de vida, la competitividad y la dinámica productiva. Entender cómo se mueve frente a otros países permite dimensionar los retos que vienen y anticipar el impacto de nuevas decisiones de política energética. Porque en la región, el precio de la gasolina no solo mueve vehículos: también marca el pulso de la economía 📈.",0,02/01/2026 06:30,https://www.instagram.com/p/DUN_yT_APay/,Imagen de Instagram,,Total,11540,4399,114,26,2,12,12
18081936995229440,17841401871496039,360radioco,360 Radio Colombia,"#Tecnología | 📊🔌 La tecnología ya es parte esencial de la vida diaria de las personas. El smartphone lidera ampliamente la lista de dispositivos más utilizados, seguido por computadores y Smart TV, que consolidan su presencia en los hogares.

💡⌚ Además, dispositivos como tablets, smartwatches y hogares inteligentes muestran un crecimiento sostenido, reflejando cómo la conectividad y la comodidad influyen cada vez más en las decisiones de consumo tecnológico.

🌐📱 Aunque algunas tecnologías aún tienen menor penetración, como la realidad virtual o los lectores electrónicos, el panorama confirma que la digitalización avanza a pasos firmes y redefine la forma en que las personas trabajan, se informan y se entretienen.",0,01/31/2026 16:30,https://www.instagram.com/p/DUMfp85lcIZ/,Imagen de Instagram,,Total,138017,49975,978,146,170,4,544
18086732744123189,17841401871496039,360radioco,360 Radio Colombia,"#Economía | 💹Más allá del dato puntual, el comportamiento de los precios revela cómo cada economía responde a choques externos, decisiones internas y tensiones estructurales. En este escenario, Colombia se ubica en un punto que exige lectura cuidadosa: ni ajena a las presiones inflacionarias que afectan a la región, ni entre los casos más críticos.

🌎 América Latina muestra realidades económicas profundamente dispares: desde países donde la inflación se convirtió en un factor de inestabilidad permanente, hasta otros que han logrado contenerla con mayor efectividad. Esta comparación permite dimensionar los riesgos, pero también resaltar la importancia de mantener credibilidad macroeconómica y políticas consistentes ⚖️.

📈 La evolución de la inflación incide directamente en el costo de vida, la confianza de los mercados y las decisiones de inversión. Para Colombia, el desafío no es solo sostener el control actual, sino evitar retrocesos en un entorno regional volátil. Entender este contexto es clave para anticipar los debates económicos que marcarán la agenda pública en los próximos meses.",0,01/31/2026 14:30,https://www.instagram.com/p/DUMR7CACcpz/,Imagen de Instagram,,Total,4498,1580,36,1,0,0,4
18104768740770228,17841401871496039,360radioco,360 Radio Colombia,"#Entretenimiento l 🎬🏆 No todas las nominadas al Óscar juegan en la misma liga… al menos en taquilla. Mientras algunas arrasaron en salas de cine alrededor del mundo, otras apenas tuvieron un paso simbólico por cartelera.

“F1” lidera con comodidad el ranking comercial entre las aspirantes a mejor película, superando los 631 millones de dólares, muy por encima de títulos como Sinners y One Battle After Another. En el otro extremo, producciones más autorales y de menor distribución reflejan cifras modestas, e incluso testimoniales.

El contraste vuelve a poner sobre la mesa una vieja pregunta: ¿éxito en taquilla o prestigio artístico? En los Óscar, como siempre, no gana necesariamente la más vista, sino la que logra convencer a la Academia. 🎥✨",0,01/31/2026 12:15,https://www.instagram.com/p/DUMCjZbk5ie/,Imagen de Instagram,,Total,3244,1078,33,0,0,0,5
18056393384377888,17841401871496039,360radioco,360 Radio Colombia,"#Atención | Incendio se registra en el peaje Bicentenario, entre Guaduas y Honda, tras vehículo que prendió fuego; autoridades atienden emergencia y controlan la situación.

#Noticias #Ahora #Incendio #Actualidad #Peajeincendio #Ultimahora",22,01/30/2026 19:31,https://www.instagram.com/reel/DUKPkIagq2t/,Reel de Instagram,,Total,7325,4541,42,6,1,1,1
18108301609661912,17841401871496039,360radioco,360 Radio Colombia,"#Colombia | Juan Fernando Cristo confirmó su participación en la consulta del Frente por la Vida, por el Partido en Marcha, que definirá candidato presidencial el 8 de marzo, de 2026 nacional.

#Noticias #Actualidad #Elecciones2026 #política #ahora",68,01/30/2026 12:05,https://www.instagram.com/reel/DUJcZXMgqQT/,Reel de Instagram,,Total,1561,1216,12,1,0,1,1
18144838186462668,17841401871496039,360radioco,360 Radio Colombia,"#AHORA

Ministro de Hacienda confirmó que precio de la gasolina en febrero bajará $ 500 pesos. Ávila anunció que en los próximos días saldrá el decreto de la reducción.",0,01/30/2026 10:41,https://www.instagram.com/p/DUJTBYElt5e/,Imagen de Instagram,,Total,3033,1227,34,7,0,2,0
18072138995613153,17841401871496039,360radioco,360 Radio Colombia,"#Colombia | La gasolina bajará 500 pesos en febrero, anunció el ministro de Hacienda Germán Ávila, quien confirmó decreto próximo y aseguró que vendrán más reducciones para controlar la inflación en el país durante los próximos meses.

#Gasolina #Noticias #actualidad #Gobierno #ultimahora #Atención",57,01/30/2026 10:33,https://www.instagram.com/reel/DUJR6TNAmkT/,Reel de Instagram,,Total,1873,1416,24,0,1,7,2
18130647481503697,17841401871496039,360radioco,360 Radio Colombia,"#ATENCIÓN 

📊 El Banco de la República subió la tasa de interés en 100 puntos básicos, llevándola al 10,25 %.

El fuerte ajuste refuerza la postura restrictiva del Emisor para frenar la inflación, con impacto directo en créditos, consumo e inversión.

360radio.com.co",0,01/30/2026 10:07,https://www.instagram.com/p/DUJPDf-F8-o/,Imagen de Instagram,,Total,3426,1362,53,9,1,0,4
18070793168529611,17841401871496039,360radioco,360 Radio Colombia,"#Mundo | La presidenta de México, Claudia Sheinbaum, alertó que los aranceles de EE.UU. a países que suministren petróleo a Cuba podrían generar una crisis humanitaria y anunció apoyo al pueblo cubano.

#Noticias #Actualidad #Mexico #internacional #Ahora #Cuba",124,01/30/2026 10:05,https://www.instagram.com/reel/DUJOsigAp9t/,Reel de Instagram,,Total,1854,1253,25,0,0,6,1
17847808239639919,17841401871496039,360radioco,360 Radio Colombia,"#Colombia | DANE reveló que desempleo en Colombia fue de 8,9% en 2025, cifra inferior al 10,2% registrado en 2024.

La crifra en diciembre de 2025 fue 8,0%, lo que representó una disminución de 1,1 puntos porcentuales respecto al mismo mes de 2024.",0,01/30/2026 07:27,https://www.instagram.com/p/DUI8yJIEmz4/,Imagen de Instagram,,Total,1574,534,23,0,0,0,2
17875479465495119,17841401871496039,360radioco,360 Radio Colombia,"#Colombia | María Claudia Lacouture afirmó que la Corte Constitucional actuó correctamente al suspender la emergencia económica, advirtiendo que los problemas son estructurales, previsibles y requieren soluciones permanentes, no medidas extraordinarias por parte del Gobierno nacional actual.

#economía #notícias #Actualidad #gobiernonacional #emergeciaeconomica",35,01/30/2026 06:23,https://www.instagram.com/reel/DUI1UDqAnmg/,Reel de Instagram,,Total,1057,767,18,1,0,0,0
18039747923729706,17841401871496039,360radioco,360 Radio Colombia,"#Mundo | El presidente de Estados Unidos, Donald Trump, anunció este viernes 30 de enero que nominará a Kevin Warsh, para dirigir la Reserva Federal (FED) cuando termine el mandato de Jerome Powell.",0,01/30/2026 05:21,https://www.instagram.com/p/DUIuWBZjCNu/,Imagen de Instagram,,Total,2304,1044,20,0,0,0,0
18109033456681055,17841401871496039,360radioco,360 Radio Colombia,"🎙 Con una inversión superior a $515.000 millones, el Metro de Medellin avanza en el ensamblaje de 13 nuevos trenes que entrarán en operación en 2027 y reducirán los tiempos de espera en horas pico. 

@metrodemedellin @alcaldiademed

#MetrodeMedellin #Medellin",0,01/30/2026 04:02,https://www.instagram.com/p/DUIlTSEjoBT/,Imagen de Instagram,,Total,7506,1833,71,2,0,0,5
17852427816656263,17841401871496039,360radioco,360 Radio Colombia,"❗ Movimiento clave en el sector energético colombiano

🔎 GeoPark anunció la compra de los activos de Frontera Energy en Colombia por USD 375 millones, una operación que la convierte en el mayor operador privado del país y reconfigura el mapa de la industria.",0,01/30/2026 01:34,https://www.instagram.com/p/DUIUaf9DAB0/,Imagen de Instagram,,Total,4801,2398,70,21,8,1,4
18106979098606445,17841401871496039,360radioco,360 Radio Colombia,"#ATENCIÓN 

Corte Constitucional suspendió el decreto de emergencia económica en Colombia: 6 votos en contra y 2 a favor.

http://360radio.com.co",0,01/29/2026 15:04,https://www.instagram.com/p/DUHMUiRgZ9u/,Imagen de Instagram,,Total,8235,5523,162,52,0,7,2
18055215635674758,17841401871496039,360radioco,360 Radio Colombia,"#EntreVocesBy360 | Conversamos con Aníbal Gaviria, precandidato presidencial, sobre los grandes retos del próximo Gobierno, las decisiones clave rumbo a la Casa de Nariño y la consulta del 8 de marzo. 👀🔥

Dale play en YouTube y súmate a la conversación.

#EntreVocesBy360 #aníbalgaviria #Elecciones2026 #Consulta8DeMarzo #PolíticaColombiana #CasaDeNariño #360Radio #colombiadecide",77,01/29/2026 15:00,https://www.instagram.com/reel/DUHLmWjgjAj/,Reel de Instagram,,Total,4326,3324,177,12,4,21,3
17942939397106358,17841401871496039,360radioco,360 Radio Colombia,"#Atención | Hace algunos minutos Dos carros de bomberos llegaron al Palacio de Justicia por una emergencia en salas de computación; olores extraños obligaron a evacuar el Consejo de Estado, sin reportes de personas afectadas.

#Colombia #Emergencia #Noticias #Palaciodejusticia #Ahora #actualidad",26,01/29/2026 12:54,https://www.instagram.com/reel/DUG9QfEgiza/,Reel de Instagram,,Total,4390,3178,39,2,1,0,0
18304091332258798,17841401871496039,360radioco,360 Radio Colombia,"#colombia | El ministro de Defensa, Pedro Sánchez, anunció que el servicio militar obligatorio se extenderá tres meses más de cara a las elecciones nacionales próximas.

#notícias #Defensa #Elecciones #ServicioMilitar #Política #Gobierno #País",79,01/29/2026 10:04,https://www.instagram.com/reel/DUGpphSgqAi/,Reel de Instagram,,Total,2104,1339,22,4,1,5,2
18036232688548521,17841401871496039,360radioco,360 Radio Colombia,"#Atención | El registrador Hernán Penagos precisó que el 8 de marzo solo se entregarán tarjetones de Senado y Cámara, y jurados informarán sobre consultas, tras críticas de Cambio Radical por su entrega automática a votantes previamente.

#notícias #Elecciones2026 #Actualidad #Poilitica #granconsulta",84,01/29/2026 06:57,https://www.instagram.com/reel/DUGUXfzArju/,Reel de Instagram,,Total,4770,2875,97,13,3,1,3
18193612378341962,17841401871496039,360radioco,360 Radio Colombia,"#Mundo | Delcy Rodríguez fue juramentada como comandante en jefe de las Fuerzas Armadas de Venezuela, felicitó al alto mando por no rendirse y ordenó crear una oficina nacional de ciberseguridad estatal.

#Mundo #Venezuela #Maduro #notícias #Actualidad",191,01/29/2026 06:31,https://www.instagram.com/reel/DUGRSiagobZ/,Reel de Instagram,,Total,2476,1396,27,0,0,8,0
18066305192220080,17841401871496039,360radioco,360 Radio Colombia,"#Atención | Las fuertes lluvias provocaron inundaciones en Medellín. El alcalde Federico Guitiérrez confirmó que ""Hay Inundaciones en diferentes puntos de la ciudad por el desbordamiento de la quebrada La Presidenta. Se recomienda transitar por vías alternas"". 

#Medellín #Noticias #Inundaciones #Actualidad #ahora",81,01/28/2026 13:54,https://www.instagram.com/reel/DUEfUtJAtwU/,Reel de Instagram,,Total,9839,7413,206,200,11,13,13
17890357266288265,17841401871496039,360radioco,360 Radio Colombia,"#AHORA | Las autoridades del Puesto de Mando Unificado (PMU) en Cúcuta informaron el hallazgo de la aeronave HK4709 que cubría la ruta Cúcuta - Ocaña, que minutos antes de su aterrizaje perdió conexión con tierra y horas después se confirma el siniestro aéreo que no deja sobrevivientes. 

Más detalles en 360radio.com.co

@aerolineasatena

Foto: Daniel Ríos",0,01/28/2026 13:40,https://www.instagram.com/p/DUEd4_Dkxue/,Imagen de Instagram,,Total,6931,3334,59,7,0,2,3
17874457200489183,17841401871496039,360radioco,360 Radio Colombia,"#Atención | Autoridades del PMU confirmaron que una aeronave de Satena se estrelló en el sector Curasica, zona rural de La Playa de Belén, y no dejó sobrevivientes tras grave accidente aéreo.

#Noticias #AviónSatena #Actualidad #Accidenteaereo #Colombia #urgente🚨",48,01/28/2026 13:33,https://www.instagram.com/reel/DUEc9a0goHN/,Reel de Instagram,,Total,6451,3968,76,42,4,2,5
17938039304996739,17841401871496039,360radioco,360 Radio Colombia,"#Mundo | María Corina Machado criticó al presidente Gustavo Petro por pedir devolver a Nicolás Maduro, tras reunirse en Washington con el secretario de Estado Marco Rubio, durante agenda política internacional estadounidense.

#Noticia #Venezuela #Maduro #Petro #Corina #Actualidad #internacional",68,01/28/2026 13:24,https://www.instagram.com/reel/DUEb6UPgi3Y/,Reel de Instagram,,Total,3796,2871,100,2,3,8,1
17942161559983849,17841401871496039,360radioco,360 Radio Colombia,"#Infraestructura | Colombia no solo conecta regiones: conecta oportunidades ✈️🌎. Estar entre los 15 países con más aeropuertos del mundo habla de una infraestructura aérea que sostiene el turismo, el comercio y la integración territorial, incluso en los rincones más apartados del país.

Esta red aérea es clave para un país con una geografía diversa y retadora. Cada aeropuerto representa desarrollo local, acceso a mercados, atracción de inversión y mayor movilidad para millones de personas 🚀📍. Es una ventaja estratégica que impulsa la competitividad y fortalece la conectividad interna y externa.

En un mundo donde volar es sinónimo de progreso, Colombia demuestra que su ubicación, su capacidad logística y su potencial de crecimiento la posicionan como un actor relevante en la aviación global",0,01/28/2026 12:05,https://www.instagram.com/p/DUES8b2jJ8Q/,Imagen de Instagram,,Total,9324,3961,141,6,0,5,14
18106593475762288,17841401871496039,360radioco,360 Radio Colombia,"#Atencion | Un avión de Satena con 13 pasajeros se encuentra desaparecido desde hace una hora y media cuando cubría la ruta Cúcuta-Ocaña; ya se iniciaron las labores de emergencia pro parte de las autoridades.

#Ahora #Noticias #Avionsatena #Actualdiad #Vuelos #nortesantander #atencion",43,01/28/2026 11:35,https://www.instagram.com/reel/DUEPfj0gmDu/,Reel de Instagram,,Total,6531,4068,72,37,0,3,8
18342051502226464,17841401871496039,360radioco,360 Radio Colombia,"#Economía | 📌 El Comité Federal de Mercado Abierto (FOMC) de la Reserva Federal de EE. UU. decidió mantener sin cambios las tasas de interés en el rango de 3,50% a 3,75%, nivel que se mantiene como el más bajo desde finales de 2022. La medida confirma una pausa en el proceso de relajación monetaria y pone fin a una racha de tres recortes consecutivos realizados en 2025.

👉 Lea la nota completa en 360radio.com.co",0,01/28/2026 11:22,https://www.instagram.com/p/DUEOH8OD-tk/,Imagen de Instagram,,Total,1991,786,17,2,0,0,0
18016896662812390,17841401871496039,360radioco,360 Radio Colombia,"#ATENCIÓN 

Avión de Satena desaparece con 19 pasajeros. Según los primeros reportes, el avión tenía previsto aterrizar en el aeropuerto Aguas Claras de Ocaña a las 12:10 p. m., pero no ha llegado a su destino.",0,01/28/2026 10:53,https://www.instagram.com/p/DUEKyZgkvD0/,Imagen de Instagram,,Total,18540,8737,242,255,1,16,18
18099534430716960,17841401871496039,360radioco,360 Radio Colombia,"#Mundo | Durante el Foro Económico Internacional América Latina y el Caribe, el presidente Gustavo Petro llamó a fortalecer la lucha antidrogas con Ecuador y pidió a Daniel Noboa abrir un diálogo.

#Energía #Actualidad #Petro #Noticias #foroeconómico #ahora",90,01/28/2026 08:43,https://www.instagram.com/reel/DUD7zw2ghAC/,Reel de Instagram,,Total,1203,898,10,0,0,3,0
18066723920559585,17841401871496039,360radioco,360 Radio Colombia,"#política | Vicky Dávila vivió momentos de tensión tras quedar atrapada en un ascensor de Corabastos. La precandidata fue rescatada sin lesiones junto a su equipo. 

#Ahora #VickyDavila #Corabastos #Noticia #Colombia #Política",42,01/28/2026 08:31,https://www.instagram.com/reel/DUD6Xdxggq4/,Reel de Instagram,,Total,14453,8643,114,18,1,36,9
18125204245483025,17841401871496039,360radioco,360 Radio Colombia,"#Energía | La viceministra de Energía, Karen Schutt, advirtió que la suspensión de venta de energía colombiana a Ecuador provoca sobrecostos diarios cercanos a USD 2 millones por generación alternativa más costosa.

#Noticias #Colombia #Ecuador #Energía #Actualidad #Mundo",163,01/28/2026 05:46,https://www.instagram.com/reel/DUDnXLLAtMT/,Reel de Instagram,,Total,7369,4744,91,6,1,7,7
17996855720890587,17841401871496039,360radioco,360 Radio Colombia,"🔴 Así cerró Colombia en materia de homicidos en principales ciudades

Durante 2025, el número de homicidios por ciudad en Colombia volvió a encender las alarmas. Las cifras muestran realidades muy distintas entre las principales capitales del país, con aumentos marcados en algunas ciudades y contenciones parciales en otras.",0,01/28/2026 05:46,https://www.instagram.com/p/DUDnpBEDP5v/,Imagen de Instagram,,Total,38415,16408,316,273,17,43,104
18078131516048546,17841401871496039,360radioco,360 Radio Colombia,"🚧 La Carrera Séptima cambiará en Bogotá 🌳🚲

Desde febrero de 2025 arrancan las obras del Corredor Carrera Séptima (calles 99–200), un proyecto que promete transformar la movilidad y el espacio público en el norte de Bogotá.

📏 11,56 km de intervención

 👥 +2 millones de personas beneficiadas

 🚌 14 estaciones de TransMilenio

 🚲 11,56 km de ciclorruta continua

 🌱 +4.300 árboles nuevos

 ⏱️ Reducción de tiempos de viaje superior al 60 %

Movilidad eléctrica, más espacio para peatones y bicicletas, y un fuerte enfoque ambiental.",0,01/27/2026 15:31,https://www.instagram.com/p/DUCFxOxDoXi/,Imagen de Instagram,,Total,4332,1408,46,4,1,0,4
18005014874835782,17841401871496039,360radioco,360 Radio Colombia,"🔴 Millicom se queda con el 100 % de UNE.

EPM vendió sus acciones por más de 2 billones de pesos y cerró la Segunda Etapa del proceso de enajenación.

#EPM #Telecomunicaciones #Noticia",0,01/27/2026 14:13,https://www.instagram.com/p/DUB81wADTuj/,Imagen de Instagram,,Total,2171,907,19,0,1,1,0
18098767555718600,17841401871496039,360radioco,360 Radio Colombia,"#Colombia | Previo a la reunión en Washington con Donald Trump, el presidente Gustavo Petro pidió primera vez que devuelva a Nicolás Maduro a Venezuela, marcando un giro en su postura diplomática.

#Noticias #Venezuela #Maduro #Petro #Actualidad #donaldtrump",86,01/27/2026 12:11,https://www.instagram.com/reel/DUBuwKhgiby/,Reel de Instagram,,Total,5638,3386,53,30,0,97,5
18517111543069622,17841401871496039,360radioco,360 Radio Colombia,"#Política l La Registraduría Nacional del Estado Civil negó la inscripción de Daniel Quintero como precandidato presidencial en la consulta de la izquierda, prevista para el próximo 8 de marzo, y trasladó el caso al Consejo Nacional Electoral (CNE) para que defina la situación jurídica de los demás aspirantes. 

Según la entidad, aceptar su inscripción sería contrario a la Constitución y a la ley, al considerar que un ciudadano que ya participó en una consulta previa en la que resultó derrotado y no puede volver a aspirar por una agrupación política distinta dentro del mismo proceso electoral.",0,01/27/2026 11:15,https://www.instagram.com/p/DUBofiqk8gH/,Imagen de Instagram,,Total,4370,2240,127,14,0,6,2
18193910179341316,17841401871496039,360radioco,360 Radio Colombia,"#Colombia | La representante a la Cámara Jennifer Pedraza denunció 779 nuevas irregularidades académicas en la Fundación de Educación Superior San José, tras analizar información de 1.276 servidores públicos y egresados de esa institución.

#Sanjose #Noticias #Educación #Ahora #actualidad #academias",43,01/27/2026 07:28,https://www.instagram.com/reel/DUBOV5BAonj/,Reel de Instagram,,Total,4768,3131,216,11,2,15,8
18025595918789969,17841401871496039,360radioco,360 Radio Colombia,"#Mundo | La ministra y portavoz Elma Saiz explicó requisitos para la regularización de extranjeros y afirmó que el Gobierno aprobó el decretazo para garantizar inclusión social, seguridad jurídica, derechos laborales y una migración ordenada en España.

#Colombianos #noticias #internacional #actualidad #España",96,01/27/2026 06:17,https://www.instagram.com/reel/DUBGCm3AmvI/,Reel de Instagram,,Total,2090,1565,46,23,2,2,7
18092465827790027,17841401871496039,360radioco,360 Radio Colombia,"#Deportes l🏟️⚽ De Wembley al Camp Nou, Europa alberga algunos de los estadios más imponentes del planeta. Escenarios que no solo destacan por su enorme capacidad, sino por la historia, las finales inolvidables y las emociones que han marcado al fútbol mundial.

Desde templos modernos como el Santiago Bernabéu hasta íconos históricos como San Siro u Old Trafford, estos colosos reúnen a miles de aficionados cada fin de semana y se han convertido en verdaderos símbolos de sus ciudades.

¿Cuál de estos estadios sueñas con visitar o ya conoces? Déjalo en los comentarios y etiqueta a ese amigo con el que irías a ver un partidazo.",0,01/26/2026 11:21,https://www.instagram.com/p/DT_EVPzEbpr/,Imagen de Instagram,,Total,3478,1280,38,3,0,0,4
17881790325354282,17841401871496039,360radioco,360 Radio Colombia,"📊💼 ¿Por qué los colombianos retiraron cesantías en 2025?
 
💸 $11,7 billones se usaron principalmente para enfrentar terminación de contratos, comprar o mejorar vivienda y pagar educación.

 🏠📚 Trabajo que se fue, casas que se construyeron y estudios que siguieron adelante.

Las cifras muestran algo claro: las cesantías siguen siendo un respaldo real para millones de trabajadores en Colombia.

#Economía #Cesantías #Ahorro",0,01/26/2026 08:37,https://www.instagram.com/p/DT-xjRYjiqP/,Imagen de Instagram,,Total,6028,2357,81,9,1,0,12
17932413096177328,17841401871496039,360radioco,360 Radio Colombia,"#Colombia | El precandidato presidencial Juan Carlos Pinzón cuestionó duramente al presidente Gustavo Petro por la reunión prevista para el próximo 3 de febrero con el expresidente estadounidense Donald Trump, anunciada públicamente.

#Noticias #Actualidad #Pinzón #Petro #donaldtrump #eleccioens2026",68,01/26/2026 08:07,https://www.instagram.com/reel/DT-t9BfgoLa/,Reel de Instagram,,Total,3680,2937,41,4,0,8,0
17918781660095894,17841401871496039,360radioco,360 Radio Colombia,"#Atención | Un gigantesco globo de mecha cayó en una cancha auxiliar del Polideportivo Sur mientras niños jugaban; no hubo lesionados y autoridades investigan desde dónde fue lanzado.

#Medellín #Noticias #Antioquia #actualidad #Seguridad #Colombia",49,01/26/2026 07:07,https://www.instagram.com/reel/DT-nHt3AlSO/,Reel de Instagram,,Total,4446,3019,38,8,0,0,2
18104041699829986,17841401871496039,360radioco,360 Radio Colombia,"#Bogotá | El alcalde Carlos Fernando Galán aseguró que entre 2012 y 2024 los estudiantes de colegios perdieron 185 días de clases por paros y movilizaciones que afectaron gravemente la continuidad académica.

#Ahora #PAROS #Noticias #academico #actualidad #galán",86,01/26/2026 06:08,https://www.instagram.com/reel/DT-gX0hgrJW/,Reel de Instagram,,Total,1426,1000,24,0,0,1,0
18419151703138851,17841401871496039,360radioco,360 Radio Colombia,"#ATENCIÓN La senadora María Fernanda Cabal y el presidente de Fedegán, José Félix Lafaurie, anunciaron mediante una carta enviada a Gabriel Vallejo su salida del Centro Democrático. 

En el documento señalan supuestas irregularidades en el proceso interno que derivó en la designación de Paloma Valencia como candidata presidencial del partido.",0,01/26/2026 04:57,https://www.instagram.com/p/DT-YdSKDBlo/,Imagen de Instagram,,Total,10225,5183,224,96,1,29,6
18092923694069200,17841401871496039,360radioco,360 Radio Colombia,"#Mundo l ✈️🌍 Viajar más de 15 horas seguidas ya no es una rareza. En el mapa de la aviación comercial, los vuelos ultralargos se han convertido en una pieza clave para conectar continentes sin escalas y reducir tiempos totales de viaje.

Rutas como Nueva York–Singapur o Newark–Singapur lideran el ranking mundial, con trayectos que superan los 15.300 kilómetros y pueden extenderse por casi 19 horas en el aire, poniendo a prueba tanto a las aerolíneas como a los pasajeros.

Este tipo de operaciones refleja cómo la industria aérea sigue empujando sus límites, apostando por aeronaves más eficientes y estrategias que priorizan la conectividad global, incluso en los recorridos más extremos del planeta. 🌐✈️",0,01/25/2026 12:09,https://www.instagram.com/p/DT8lF45E1ay/,Imagen de Instagram,,Total,4858,2234,56,2,0,0,7
18090475142511400,17841401871496039,360radioco,360 Radio Colombia,"#Colombia | Antioquia enfrenta grandes retos y decisiones clave 🔍🏗️💼
En #EntreVocesBy360, Andrés Gaviria, candidato a la Cámara por Antioquia, habla de infraestructura, economía local, seguridad y participación ciudadana.

▶️ Dale play y conoce las propuestas que buscan marcar el rumbo del departamento.

#antioquia #entrevocesby360 #andresgaviria #centrodemocrático #infraestructura #economialocal",84,01/25/2026 07:15,https://www.instagram.com/reel/DT8DG6gAqwa/,Reel de Instagram,,Total,3075,2354,42,5,0,7,3
18176243467374610,17841401871496039,360radioco,360 Radio Colombia,"#Mundo | La migración venezolana continúa consolidándose como uno de los fenómenos demográficos más relevantes del continente. Esta pieza visual ofrece una visión comparativa de los principales países de destino, permitiendo dimensionar la magnitud y la distribución geográfica de la población venezolana en el exterior en 2025. 📊🌍

La concentración en América Latina evidencia el peso de los factores regionales, como la proximidad territorial, los vínculos históricos y las oportunidades de inserción laboral. Al mismo tiempo, la presencia significativa en Norteamérica y Europa refleja procesos de movilidad más complejos, asociados a la búsqueda de estabilidad jurídica, mejores condiciones económicas y proyección de largo plazo. 🌐📌

Este tipo de información resulta clave para el análisis de políticas públicas, planificación social y toma de decisiones en sectores económicos, humanitarios e institucionales. 📈🏛️",0,01/24/2026 12:50,https://www.instagram.com/p/DT6E_PnjsEl/,Imagen de Instagram,,Total,25752,12735,233,39,5,23,40
17997362444895282,17841401871496039,360radioco,360 Radio Colombia,"#Colombia | Centrales obreras convocaron movilización nacional este 28 de enero frente a Palacios de Justicia para respaldar el salario mínimo 2026 y pedir a las altas cortes no declarar ilegal el decreto fijado por Gobierno nacional.

#Noticias #manifestacion #CUT #actualidad #gobiernonacional #ahora",0,01/23/2026 13:56,https://www.instagram.com/reel/DT3nmdlAvJa/,Reel de Instagram,,Total,3062,2046,29,9,4,32,6
18080394278191427,17841401871496039,360radioco,360 Radio Colombia,"📈 Los 10 bancos con más depósitos en cuentas de ahorro (de personas naturales) al cierre de 2025. 

Bancolombia, Banco Davivienda y BBVA concentran más del 70 % del total. Más atrás, aunque con participaciones relevantes, se ubican Banco Caja Social y Banco de Bogotá con $6,54 billones (5,88 %), mostrando una competencia más cerrada en este segmento intermedio.

El ranking lo completan Nu Colombia, Davibank con $3,94 billones (3,54 %), Banco Agrario de Colombia, Banco Popular Colombia, y Banco AV Villas.

❗ Estos datos consultados por 360 Radio son resultado de filtros en la página de datos de la Superintendencia Financiera: Tasas de interés para captaciones de establecimientos de crédito, sumado al filtrado de fecha hasta el 31 de diciembre de 2025 y los tipos de cuentas de ahorro filtrado por depósitos de persona natural.

#Economía #Colombia #Bancos",0,01/23/2026 12:24,https://www.instagram.com/p/DT3dJmgkadO/,Imagen de Instagram,,Total,43815,19496,699,131,95,14,153
17995953965895744,17841401871496039,360radioco,360 Radio Colombia,"#entrevocesby360 | Andrés Gaviria, candidato a la Cámara por Antioquia, habló en Entre Voces By 360 sobre las obras de infraestructura que necesita el departamento, el impulso a la economía local, las nuevas políticas de seguridad y la importancia de participar este 8 de marzo en las urnas 🗳️✨

Entrevista completa, canal de YouTube: https://www.youtube.com/channel/UCa5IiwQHHk0Gj8MfC6-XCmg

#Antioquia #AndrésGaviria #podcast #VotaEste8DeMarzo #Seguridad #Infraestructura #EconomíaLocal #360radio",84,01/23/2026 10:33,https://www.instagram.com/reel/DT3QVj5Ar--/,Reel de Instagram,,Total,1367,1078,24,1,0,0,0
17936523567153446,17841401871496039,360radioco,360 Radio Colombia,"#Medellín | La Alcaldía de Medellín confirmó que el próximo 2 de febrero iniciará la nueva rotación del pico y placa en Medellín y el Valle de Aburrá. 

#Noticia",0,01/23/2026 06:17,https://www.instagram.com/p/DT2zMaTjsO1/,Secuencia de Instagram,,Total,5622,2609,48,43,2,1,6
18205568287325104,17841401871496039,360radioco,360 Radio Colombia,"#Colombia | Durante la instalación del radar en el aeropuerto Alfredo Vásquez Cobo, el presidente Gustavo Petro se pronunció sobre la situación en la frontera con Ecuador por seguridad nacional 

#Noticias #Petro #Ecuador #Frontera #Seguridad #actualidad",83,01/23/2026 06:13,https://www.instagram.com/reel/DT2ynGkgk45/,Reel de Instagram,,Total,1283,858,9,0,0,1,0
18025650380793347,17841401871496039,360radioco,360 Radio Colombia,"#Colombia | Desde el 27 de enero, los colombianos podrán consultar en la página de la Registraduría si fueron designados jurados de votación; serán 856 mil, informó Rafael Vargas, director electoral nacional.

#Elecciones2026 #Juradodevotación #Noticias #Actualidad #política",65,01/22/2026 14:11,https://www.instagram.com/reel/DT06lbWgmI_/,Reel de Instagram,,Total,1310,943,15,2,0,0,0
17938572243132407,17841401871496039,360radioco,360 Radio Colombia,"#Politica | Abelardo de La Espriella, en diálogo con Noticias Caracol, se refirió a varias de sus propuestas con las que busca llegar a la Presidencia de Colombia. 

¿Está de acuerdo con sus afirmaciones? 

#Colombia",0,01/22/2026 13:54,https://www.instagram.com/p/DT1Cs2xjn0w/,Secuencia de Instagram,,Total,16525,7810,767,24,3,323,5
17968820442006293,17841401871496039,360radioco,360 Radio Colombia,"#AHORA |  Nhora Mondragón fue designada como nueva directora DAPRE, entidad encargada de la coordinación estratégica y administrativa de la Casa de Nariño.",0,01/22/2026 13:34,https://www.instagram.com/p/DT1AbAPgHVq/,Imagen de Instagram,,Total,3018,1353,15,0,0,0,2
18427837462112507,17841401871496039,360radioco,360 Radio Colombia,"#entrevocesby360 | 🎙️ Entre Voces By 360 conversó con Juan Carlos Pinzón sobre su camino para llegar a la Casa de Nariño en agosto, sobre la seguridad, alianzas internacionales y cómo devolver a Colombia al mapa global. 👀🔥

#EntreVocesBy360 #juancarlospinzón #Colombia #elecciones2026 #Seguridad #RelacionesInternacionales #360radio",66,01/22/2026 09:57,https://www.instagram.com/reel/DT0nXWlggWG/,Reel de Instagram,,Total,970,779,36,3,0,1,0
18442960234098776,17841401871496039,360radioco,360 Radio Colombia,"#Colombia | El Ministro de Energía, Edwin Palma aseguró que a partir del 1 de febrero se hará efectiva la disminución del precio de la gasolina, una medida que busca aliviar el bolsillo de los ciudadanos y reducir costos de transporte en el país.

#notícias #actualidad #ahora #gasolina #actualidad #energía",0,01/22/2026 08:10,https://www.instagram.com/reel/DT0bPo1AuLe/,Reel de Instagram,,Total,1308,926,9,0,0,4,0
18357080311206879,17841401871496039,360radioco,360 Radio Colombia,"#Colombia | En redes sociales se viralizó un video de 2012 donde Alfredo Acosta Zapata, nuevo ministro de Igualdad, arrastra a un soldado en Cerro Berlín, Toribío, Cauca, durante operativo militar pasado.

#Noticias #cauca #Ministroigualdad #Actualidad #Gobiernonacional #ahora",45,01/22/2026 06:48,https://www.instagram.com/reel/DT0R1vUgvcF/,Reel de Instagram,,Total,6419,3934,179,51,0,38,15
18080145740193183,17841401871496039,360radioco,360 Radio Colombia,"✈️ Bucaramanga sigue ganando conectividad aérea

📅 Desde marzo, la ciudad suma nuevas rutas directas con Wingo hacia Medellín, Cartagena y Barranquilla, y desde junio se abrirá una conexión internacional estacional a Aruba, única sin escalas entre ambas ciudades.

👏 Con este anuncio, Bucaramanga se consolida como la tercera ciudad de operación de la aerolínea en Colombia, ampliando opciones para el turismo, los viajes de negocio y la movilidad regional. 

@vuelawingo",0,01/22/2026 06:10,https://www.instagram.com/p/DT0Noy9Dprb/,Imagen de Instagram,,Total,5182,2768,50,27,1,0,4
17931703203184514,17841401871496039,360radioco,360 Radio Colombia,"🎤 Bad Bunny llega a Medellín, pero dormir se volvió un lujo.

Precios que superan los $25 y $90 millones, reservas canceladas y usuarios denunciando abusos en plataformas de hospedaje. 

👉 Lee la nota completa en 360 Radio.",0,01/22/2026 05:21,https://www.instagram.com/p/DT0ICFVjMWU/,Imagen de Instagram,,Total,6590,3319,88,37,0,9,0
18099093658862141,17841401871496039,360radioco,360 Radio Colombia,"#EntreVoces ya disponible en @spotifycolombia 

🎙🎙🎙 Entrevistas, conversaciones y grandes invitados en nuestro #Podcast. 

Visítanos, Escúchanos y Síguenos. Link en nuestra #bio. 

#Entrevistas #Periodismo #Colombia",0,01/21/2026 12:53,https://www.instagram.com/p/DTyW472Efsm/,Imagen de Instagram,,Total,1033,381,6,1,0,0,0
18066643136229749,17841401871496039,360radioco,360 Radio Colombia,"#Economía | El presidente de Ecuador, Daniel Noboa, anunció el miércoles que impondrá un arancel de 30% a las importaciones de Colombia. 

Confirmaron que se da ante falta de apoyo en su lucha contra la violencia del narcotráfico en la frontera.",0,01/21/2026 09:47,https://www.instagram.com/p/DTyBqzmjhJy/,Imagen de Instagram,,Total,4168,1915,46,9,0,2,4
18066032915220052,17841401871496039,360radioco,360 Radio Colombia,"#Economía | En el marco de la entrega de resultados de la Bolsa de Valores de Colombia, la entidad destacó que NU y NVIDIA fueron las dos compañías con mayor representación de valores negociados durante el 2025 en la Bolsa.",0,01/21/2026 08:00,https://www.instagram.com/p/DTx1btAkkjQ/,Imagen de Instagram,,Total,2091,925,34,0,0,0,1
17904730146182312,17841401871496039,360radioco,360 Radio Colombia,"#Mundo | En su intervención en Davos, el presidente de los Estados Unidos, Donald Trump, reafirmó la necesidad de contar con Groenlandia para la seguridad mundial y, además, se refirió al poder económico que representa el país norteamericano en el mercado mundial.  

#donaldtrump #groelandia #Davos2026 #notícias #actualidad #ahora",121,01/21/2026 07:58,https://www.instagram.com/reel/DTx0-EygrG-/,Reel de Instagram,,Total,1709,1245,47,11,2,1,5
18068408183178345,17841401871496039,360radioco,360 Radio Colombia,"#Mundo | El presidente Trump aseguró que, gracias a su “aplastante victoria electoral”, Estados Unidos evitó un colapso energético similar al europeo y calificó el Nuevo Pacto Verde como “el mayor engaño de la historia”, según dijo.

#notícias #Energía #Internacional #donaldtrump #davos2026 #actualidad",96,01/21/2026 07:42,https://www.instagram.com/reel/DTxzGjTgqeL/,Reel de Instagram,,Total,2802,1716,39,0,0,0,4
17893015848402170,17841401871496039,360radioco,360 Radio Colombia,"#Colombia Gustavo Petro nombrará a Alfredo Acosta como nuevo ministro de la Igualdad. En su hoja de vida no aparecen títulos universitarios ni experiencia en sector público. 

¿Qué opina de este nombramiento?",0,01/21/2026 05:53,https://www.instagram.com/p/DTxm2HvDmqe/,Imagen de Instagram,,Total,4720,2332,34,14,0,75,2
18181597732364794,17841401871496039,360radioco,360 Radio Colombia,"#Colombia | El Gobierno Nacional presentó al Congreso el Proyecto de Ley 347 de 2026, que busca modernizar la supervisión del transporte, fortalecer el régimen sancionatorio y combatir la ilegalidad, priorizando la protección de los usuarios.

#notícias #transporteseguro #Proyecto347 #GobiernoNacional #Congreso2026 #movilidadlegal #protecciónalusuario",76,01/21/2026 05:49,https://www.instagram.com/reel/DTxmMThAkCi/,Reel de Instagram,,Total,1396,1018,18,1,2,3,0
17847762249634702,17841401871496039,360radioco,360 Radio Colombia,"#entrevocesby360 | En 360 Radio hablamos con Juan Carlos Pinzón, candidato a la presidencia, sobre seguridad, desarrollo local, el rumbo de nuestras relaciones exteriores y su desempeño al llegar a la presidencia en agosto. 

¿Qué cambiaría si llega a la Casa de Nariño en agosto? 

Aquí lo cuenta sin filtros. 🎙️🔥

👉 Mira la entrevista completa y súmate al debate sobre el futuro del país.

#Podcast #juancarlospinzón #eleccionescolombia2026 #casadenariño #RelacionesExteriores #colombiadecide",84,01/20/2026 13:23,https://www.instagram.com/reel/DTv1S9GAkZq/,Reel de Instagram,,Total,5508,4068,375,60,1,28,4
17938889820134762,17841401871496039,360radioco,360 Radio Colombia,"#Economía | Este martes, el metal precioso alcanzó un nuevo máximo histórico al superar, por primera vez, la barrera de los 4.700 dólares por onza, impulsado por el recrudecimiento de las tensiones arancelarias y geopolíticas a nivel internacional.

🔗De acuerdo con los mercados, el precio del oro tocó a las 7:06 de la mañana (6:06 GMT) los 4.717,16 dólares por onza, registrando una subida del 0,95 % frente a la jornada anterior. La tendencia alcista también se reflejó en la plata, que alcanzó un récord de 94,72 dólares, en un contexto de mayor volatilidad financiera y búsqueda de activos seguros por parte de los inversionistas.

👉El repunte se produce tras nuevos anuncios de política comercial que han incrementado la cautela en los mercados, reforzando el atractivo del oro como refugio ante escenarios de riesgo económico.",0,01/20/2026 12:00,https://www.instagram.com/p/DTvsEIvD7vo/,Imagen de Instagram,,Total,4568,2011,51,8,2,0,2
17994870491907037,17841401871496039,360radioco,360 Radio Colombia,"#Colombia | Colombia da un paso clave en el futuro tecnológico del país. 🚀🤖

La ministra de Ciencia, Tecnología e Innovación, Yesenia Olaya Requene, hizo un llamado a avanzar en la regulación de la Inteligencia Artificial, una iniciativa que busca proteger los derechos, impulsar la innovación y fortalecer el desarrollo científico nacional.

El proyecto de ley propone reglas claras, una gobernanza sólida y un enfoque ético para que la IA beneficie a toda la población, desde la educación y la salud hasta la transición energética y la bioeconomía. 📚⚖️🌱

Con esta apuesta, el país se proyecta como líder regional en gobernanza tecnológica con enfoque social. 🌎✨

#InteligenciaArtificial #Ciencia #Innovación #TecnologíaConPropósito #Colombia #IAResponsable",0,01/20/2026 11:10,https://www.instagram.com/p/DTvmS5hCVEJ/,Imagen de Instagram,,Total,2485,1227,23,10,0,1,2
18198343918328353,17841401871496039,360radioco,360 Radio Colombia,"#Mundo | Polémica causó una imagen publicada por Donald Trump en su red social. La foto enviada desde el Despacho Oval alterada con IA aparece mostrando un mapa que muestra a Groenlandia, Venezuela y Canadá como parte de los Estados Unidos.",0,01/20/2026 08:49,https://www.instagram.com/p/DTvWL9JDexv/,Imagen de Instagram,,Total,10687,4315,117,42,0,2,12
18069967640156734,17841401871496039,360radioco,360 Radio Colombia,"#Colombia | El director de la UNGRD, Carlos Carrillo, afirmó que los faltantes del presupuesto nacional no son responsabilidad del Gobierno, sino de un Congreso que, según dijo, desatiende la suerte y necesidades de los colombianos.

#Noticias #UNGRD #carloscarrillo #actualidad #gobierno #economía",57,01/20/2026 05:36,https://www.instagram.com/reel/DTu_6trguIf/,Reel de Instagram,,Total,1674,1114,13,0,0,13,0
18069757202426032,17841401871496039,360radioco,360 Radio Colombia,"#Ahora | La secretaria de Salud e Inclusión Social de Antioquia, Marta Cecilia Ramírez Orrego, alertó sobre la crisis humanitaria en los hospitales del país y calificó como indignante la intimidación que, según ella, ejerce el Gobierno Nacional.

#Noticias #Salud #gobiernonacional #actualidad #petro #hospitales",93,01/19/2026 15:42,https://www.instagram.com/reel/DTtgSV-gm2k/,Reel de Instagram,,Total,1797,1316,60,6,0,7,1
18089772407007439,17841401871496039,360radioco,360 Radio Colombia,"✈️ Estados Unidos, México y Brasil lideran la venta de tiquetes hacia Colombia

Durante el cuarto trimestre de 2025 se vendieron 328.406 tiquetes aéreos hacia Colombia, lo que representa un crecimiento del 5,4% frente al mismo periodo de 2024.

🇺🇸 Estados Unidos se consolidó como el principal país emisor, seguido por México y Brasil, que en conjunto representaron el 52% del total de los tiquetes internacionales vendidos hacia el país.

#Turismo #Aviación #Colombia #TiquetesAéreos #Viajes #Conectividad #360Radio",0,01/19/2026 15:05,https://www.instagram.com/p/DTtcZfiFjhS/,Imagen de Instagram,,Total,5226,1499,54,4,0,1,4
18086732474033460,17841401871496039,360radioco,360 Radio Colombia,"#Colombia El Gobierno colombiano aseguró que a partir de febrero el precio de la gasolina bajaría cerca de $300 pesos. 

Esta decisión ha generado varios comentarios en la opinión pública. ¿Qué opinión le genera a usted? 

#Gasolina",0,01/19/2026 13:06,https://www.instagram.com/p/DTtO1nHkUYM/,Secuencia de Instagram,,Total,3490,1043,47,5,0,5,1
17850836004620900,17841401871496039,360radioco,360 Radio Colombia,"#Ahora | La Guardia Civil confirma que asciende a 41 el número de fallecidos tras el grave accidente ferroviario entre Madrid y Andalucía. Autoridades mantienen la investigación abierta. 

#notícias #internacional #espaňa #accidenteespaña #últimahora",57,01/19/2026 09:33,https://www.instagram.com/reel/DTs2U5wgi_y/,Reel de Instagram,,Total,4900,3274,36,1,0,1,3
18056260598371240,17841401871496039,360radioco,360 Radio Colombia,"#Bogotá | El alcalde Galán señaló que en Bogotá se registran tres homicidios diarios, pero destacó que la capital sigue siendo, entre las principales ciudades del país, la segunda con menor tasa de homicidios.

#Seguridad #notícias #actualidad #galan #alcaldiabogota",98,01/19/2026 09:25,https://www.instagram.com/reel/DTs1R4vgvMB/,Reel de Instagram,,Total,855,661,6,0,0,0,0
17850088176655631,17841401871496039,360radioco,360 Radio Colombia,"#Colombia | La Gran Consulta por Colombia del 8 de marzo empieza a definir a sus candidatos más fuertes.

Una reciente encuesta muestra quiénes lideran la intención de voto y cuánto pesa aún el “ninguno” entre los electores. 📊🗳️

#Elecciones #Noticia",0,01/19/2026 08:10,https://www.instagram.com/p/DTss_mkD53T/,Secuencia de Instagram,,Total,43325,20024,560,79,12,79,26
18435632683106609,17841401871496039,360radioco,360 Radio Colombia,"⛽📉 Bajará el precio de la gasolina en febrero
El Gobierno anunció una reducción cercana a los $300 por galón, tras evaluar la situación fiscal, el comportamiento del petróleo y los avances en el equilibrio del Fondo de Estabilización de Precios de los Combustibles.

Según el Ejecutivo, el ajuste es posible luego de cubrir compromisos pendientes del FEPC y busca mantener la sostenibilidad del sistema de precios sin afectar las finanzas públicas.

#Economía #Colombia",0,01/19/2026 06:04,https://www.instagram.com/p/DTsegdqjLxs/,Imagen de Instagram,,Total,1689,803,10,0,0,0,0
18054461825694165,17841401871496039,360radioco,360 Radio Colombia,"#Colombia | El precandidato presidencial Abelardo de la Espriella afirmó que, si Gustavo Petro se reúne con Donald Trump, el mandatario estadounidense debería exigir plenas garantías democráticas, sin interferencias en las elecciones ni uso de recursos públicos o presiones armadas para influir en el voto.

#notícias #Colombia #elecciones2026 #abelardodelaespriella #GustavoPetro #donaldtrump",122,01/19/2026 05:47,https://www.instagram.com/reel/DTscWSGAlIe/,Reel de Instagram,,Total,4568,2696,134,6,0,26,6
18354720928204443,17841401871496039,360radioco,360 Radio Colombia,"#Mundo l Tener pasaporte no solo abre fronteras, también puede pesar en el bolsillo. Un reciente ranking reveló cuáles son los países con los pasaportes más caros del mundo, con valores que superan los 200 dólares solo por el trámite.

Australia encabeza la lista con un costo de 268 dólares, seguida por México con 203 y Estados Unidos con 165. En el top 10 también aparecen países europeos como Suecia, Italia, Reino Unido y Francia, donde el precio varía según la vigencia y el tipo de documento.

Aunque el costo no determina la fuerza del pasaporte, sí marca una diferencia para quienes desean viajar o renovar su documento. ¿Sabías que algunos países pagan hasta el triple por este trámite? ✈️📘",0,01/18/2026 12:45,https://www.instagram.com/p/DTqnkrfjMf8/,Imagen de Instagram,,Total,10316,4532,88,11,0,4,14
17890623378408763,17841401871496039,360radioco,360 Radio Colombia,"#Economía | Detrás del número hay realidades muy distintas: costos de vida, inflación, acceso a bienes básicos y calidad de los servicios. Por eso, comparar salarios en la región exige mirar más allá del tipo de cambio y preguntarse qué tan lejos alcanza realmente ese ingreso en cada país 🌎.

Esta gráfica pone en perspectiva una verdad clave: un salario más alto no siempre se traduce en mayor bienestar 📊. En algunos casos, el dinero rinde menos por el precio de la vivienda, los alimentos o el transporte; en otros, ingresos más bajos pueden sostener mejor el día a día. El poder adquisitivo es el verdadero termómetro del bolsillo y revela brechas que no siempre son evidentes a primera vista.

Entender estas diferencias es fundamental para el debate público, las decisiones económicas y la planeación personal 🤝.",0,01/17/2026 09:15,https://www.instagram.com/p/DTnqvqBDB9y/,Imagen de Instagram,,Total,44861,20538,505,60,6,15,68
18052649762429960,17841401871496039,360radioco,360 Radio Colombia,"Estados Unidos eleva la presión sobre Europa: la Casa Blanca advirtió que ocho países europeos podrían enfrentar nuevos aranceles si no respaldan la compra de Groenlandia. 

Desde el 1 de febrero, las exportaciones pagarían un 10 %, y a partir del 1 de junio de 2026 el impuesto subiría al 25 %. Una jugada geopolítica que promete sacudir el comercio transatlántico. 🌍📉",0,01/17/2026 09:11,https://www.instagram.com/p/DTnqYCcjIZd/,Imagen de Instagram,,Total,5293,2656,44,4,0,2,3
18075603977596676,17841401871496039,360radioco,360 Radio Colombia,"#Mundo | Delcy Rodríguez respondió a la reunión de Machado y Trump, defendió resolver tensiones con EE. UU. vía diplomática y presentó al Parlamento una reforma parcial de la Ley de Hidrocarburos con enfoque antibloqueo.

#notícias #Venezuela #delcyrodríguez #mariacorinamachado #donaldtrump #políticainternacional",74,01/15/2026 13:06,https://www.instagram.com/reel/DTi7jI-gs3u/,Reel de Instagram,,Total,6366,3466,60,0,0,11,5
18078555389211250,17841401871496039,360radioco,360 Radio Colombia,"#Colombia | Gobernadores de 17 departamentos se sumarán a la ‘rebelión’ de Antioquia y no aplicarán el decreto tributario de emergencia, anunció Dilian Francisca Toro, afirmando que la medida afecta el impoconsumo de licores.

#notícias #RebeliónDepartamental #Antioquia #ImpuestoALicores #Impoconsumo #actualidad",128,01/15/2026 12:09,https://www.instagram.com/reel/DTi01njAlkv/,Reel de Instagram,,Total,5356,3504,219,21,2,23,4
18090903448825359,17841401871496039,360radioco,360 Radio Colombia,"#Ahora | Venezolanos se congregan en las afueras de la Casa Blanca, a la espera del encuentro entre la líder opositora María Corina Machado y el presidente de Estados Unidos, Donald Trump, en medio de alta expectativa política.

#mariacorinamachado #Venezuela #CasaBlanca #donaldtrump #notícias",26,01/15/2026 10:13,https://www.instagram.com/reel/DTinwO6gts5/,Reel de Instagram,,Total,989,706,10,0,1,1,0
17930536119034594,17841401871496039,360radioco,360 Radio Colombia,"El presidente Gustavo Petro dijo este jueves que el Gobierno comenzará a bajar el precio de la gasolina. 

Petro señaló que ya se pagó completamente la deuda del Fondo de Estabilización de Precios de los Combustibles, que ascendía a cerca de $70 billones y fue heredada de la administración anterior. 

#Economía #Colombia",0,01/15/2026 09:58,https://www.instagram.com/p/DTimJihjmV2/,Secuencia de Instagram,,Total,8896,3334,84,21,0,45,1
17934841713141352,17841401871496039,360radioco,360 Radio Colombia,"#Ahora | Este jueves 15 de enero, la Guardia Costera de Estados Unidos incautó el petrolero Veronica en aguas del Caribe. El video difundido muestra el momento exacto de la operación, realizada en medio de un creciente despliegue de seguridad marítima.

#notícias #Mundo #actualidad #petroleo #Venezuela #Trump",43,01/15/2026 07:34,https://www.instagram.com/reel/DTiVitVgq1L/,Reel de Instagram,,Total,3621,2132,74,1,0,1,0
18089677016002762,17841401871496039,360radioco,360 Radio Colombia,"#Mundo | Fuerzas militares danesas aterrizaron en Groenlandia en medio de la creciente tensión generada por las recientes amenazas del presidente Donald Trump de anexar el territorio a Estados Unidos, intensificando la preocupación regional.

#Noticias #Internacional #Groelandia #Actualdiad #EE.UU. #ahora",0,01/15/2026 05:59,https://www.instagram.com/reel/DTiKqmFAiwb/,Reel de Instagram,,Total,4875,2765,53,20,0,2,1
18052619921418744,17841401871496039,360radioco,360 Radio Colombia,"#Colombia | El turismo en Colombia creció más del 56% entre enero y septiembre de 2025, consolidando al país como primer destino en Suramérica y tercero en Latinoamérica, según la ministra de Comercio, Diana Marcela Morales.

#Actualidad #Turismo #Noticias #Economía #gobiernonacional #minturismo",37,01/15/2026 05:39,https://www.instagram.com/reel/DTiIcPUgn_2/,Reel de Instagram,,Total,1968,1420,29,1,0,4,0
18055288058372534,17841401871496039,360radioco,360 Radio Colombia,"#Vivienda | En su presentación, el presidente de @camacolcolombia, explicó los riesgos para el sector de construcción de vivienda en Colombia, tras el aumento del 23% en el salario mínimo, donde fue contundente en señalar que los más afectados van a ser las mismas políticas de vida, promovidas desde el Gobierno Nacional.",0,01/15/2026 05:11,https://www.instagram.com/p/DTiFTFMDIKT/,Imagen de Instagram,,Total,3345,1818,33,1,1,0,1
17870983860511788,17841401871496039,360radioco,360 Radio Colombia,"#Ahora | Miles de personas llenan el Movistar Arena para despedir a Yeison Jiménez. Entre aplausos, lágrimas y música, seguidores, familiares y colegas acompañan el homenaje póstumo al cantautor colombiano, cuya partida ha generado profundo impacto en la industria.

#notícias #yeisonjimenez #actualidad #Colombia #Musica",23,01/14/2026 12:58,https://www.instagram.com/reel/DTgV4KhAoVO/,Reel de Instagram,,Total,2170,1448,47,1,0,1,0
18126178705534144,17841401871496039,360radioco,360 Radio Colombia,"#Mundo | La presidenta encargada de Venezuela, Delcy Rodríguez, afirmó que el proceso de excarcelaciones avanza, con 406 personas beneficiadas, y señaló que buscan abrir un espacio político basado en el reconocimiento mutuo.

#Venezuela #noticias #actualidad #internacional #mundo",112,01/14/2026 11:58,https://www.instagram.com/reel/DTgO20jAkiU/,Reel de Instagram,,Total,4724,2917,41,4,0,6,2
18076728377593094,17841401871496039,360radioco,360 Radio Colombia,"#Colombia | En Washington DC, el ministro de Defensa Pedro Sánchez arremetió contra el ELN y anunció que Colombia y Estados Unidos fortalecerán su cooperación militar y de inteligencia para enfrentar a esa organización terrorista, enfatizando acciones conjuntas y resultados inmediatos.

#Seguridad #notícias #información #Pedrosanchez #ahora #ee.uu",74,01/14/2026 09:22,https://www.instagram.com/reel/DTf9E0gguko/,Reel de Instagram,,Total,1693,1138,21,3,0,16,0
17958164802013638,17841401871496039,360radioco,360 Radio Colombia,"#Mundo | Estados Unidos suspenderá la tramitación de visas de inmigrantes de 75 países, entre ellos Colombia, en lo que se enmarca como la medida más reciente del presidente Donald Trump contra los extranjeros que desean entrar en el país. 

#Colombia #Visas",0,01/14/2026 08:59,https://www.instagram.com/p/DTf6oBcjOvO/,Imagen de Instagram,,Total,13964,5370,141,178,3,9,18
18118250413573931,17841401871496039,360radioco,360 Radio Colombia,"#Colombia | El general Hugo Alejandro López confirmó que once integrantes de las disidencias de alias ‘Calarcá’ se sometieron en Carmen de Atrato, entre ellos tres cabecillas identificados como alias ‘Andrés’, ‘Jair’ y ‘David’.

#seguridad #notícias #actualidad #ahora #Ejercito #informacion",78,01/14/2026 08:23,https://www.instagram.com/reel/DTf2W1Egt4F/,Reel de Instagram,,Total,1736,1171,18,0,1,0,3
18088923440005718,17841401871496039,360radioco,360 Radio Colombia,"#Economía | Fenalco presentó ante el Consejo de Estado una demanda contra el aumento del salario mínimo para 2026 y solicitó suspenderlo de inmediato, advirtiendo que, de mantenerse, podrían perderse cerca de 770.000 empleos en el país.

#notícias #actualidad #salariominimo #fenalco #ahora #gobierno",82,01/14/2026 06:29,https://www.instagram.com/reel/DTfpU1vAqzk/,Reel de Instagram,,Total,1677,1202,51,7,0,8,1
18114777706721218,17841401871496039,360radioco,360 Radio Colombia,#Economía Así abrió el dólar hoy en Colombia. Precios mínimos que no se presentaban desde 2021.,0,01/14/2026 06:19,https://www.instagram.com/p/DTfoOiZjLam/,Imagen de Instagram,,Total,2725,1212,27,8,0,0,1
17958332159898349,17841401871496039,360radioco,360 Radio Colombia,"#Bogotá | TransMilenio rechazó el actuar del conductor del SITP que atropelló en dos ocasiones una moto en Suba. La entidad anunció que solicitará al ente gestor adoptar medidas disciplinarias pertinentes.

#transito #notícias #actualidad #sitp #información",44,01/14/2026 05:43,https://www.instagram.com/reel/DTfkCvHApS-/,Reel de Instagram,,Total,5557,3450,53,4,0,4,0
18049387958701468,17841401871496039,360radioco,360 Radio Colombia,"#Mundo | El ministro de Interior venezolano, Diosdado Cabello, cuestionó al presidente Gustavo Petro por la versión que entregó sobre un presunto primer ataque de Estados Unidos en el estado Zulia en noviembre.

#notícias #actualidad #Venezuela #internacional #información #petro",63,01/13/2026 13:32,https://www.instagram.com/reel/DTd0y6RghNm/,Reel de Instagram,,Total,8011,4496,104,7,0,8,9
17929876233039027,17841401871496039,360radioco,360 Radio Colombia,"#Bogotá| El alcalde de Bogotá, Carlos Fernando Galán, aseguró que está dispuesto a dialogar con el Gobierno Nacional sobre el incremento del pasaje de TransMilenio, pero pidió que la Nación asuma su responsabilidad frente a los efectos del aumento del salario mínimo.

#Bogotá #ahora #Colombia #notícias #trasnmilenio",61,01/13/2026 11:59,https://www.instagram.com/reel/DTdqQpGAnHw/,Reel de Instagram,,Total,1652,1136,15,0,0,0,0
18375936688083058,17841401871496039,360radioco,360 Radio Colombia,"#Colombia | El candidato Juan Carlos Pinzón resaltó en #LaGranConsulta su experiencia en la lucha contra el terrorismo y la criminalidad, reiterando su compromiso firme de recuperar la seguridad y fortalecer la protección ciudadana en Colombia.

#Elecciones2026 #lagranconsultaporcolombia #notícias #actualidad #internacional #pinzon",121,01/13/2026 08:33,https://www.instagram.com/reel/DTdSlgbgpaT/,Reel de Instagram,,Total,3877,3168,56,6,1,10,1
18116547928602451,17841401871496039,360radioco,360 Radio Colombia,"#Colombia | Vicky Dávila respaldó a Paloma Valencia al criticar al caricaturista Matador por burlas a su apariencia. Además, los ocho candidatos de la Gran Consulta por Colombia definirán esta semana si aceptan la entrada de Enrique Peñalosa, avalado por Oxígeno.

#Politica #Elecciones2026 #Noticias #Actualidad #Matador #palomavalencia",61,01/13/2026 07:09,https://www.instagram.com/reel/DTdJAZvAjbe/,Reel de Instagram,,Total,6981,4082,203,5,1,18,2
18041511431714045,17841401871496039,360radioco,360 Radio Colombia,"#Mundo | Diosdado Cabello, ministro del Interior y Justicia de Venezuela, aseguró que reactivar las embajadas entre Venezuela y Estados Unidos busca proteger a Nicolás Maduro y fortalecer los canales diplomáticos entre ambos gobiernos.

#Noticias #internacional #Ahora #Actualidad #Maduro #Venezuela",55,01/13/2026 05:01,https://www.instagram.com/reel/DTc6aIxApPM/,Reel de Instagram,,Total,3254,1993,35,0,1,10,2
18139286254465400,17841401871496039,360radioco,360 Radio Colombia,"#Empresas | América Latina no solo exporta talento y recursos: también alberga gigantes empresariales que compiten de tú a tú en el escenario global 🌎💼. Desde energía y minería hasta banca, consumo masivo y telecomunicaciones, la región demuestra que su valor va mucho más allá de las cifras.

Detrás de cada compañía hay historias de expansión, resiliencia y liderazgo, en mercados que han sabido adaptarse a la volatilidad económica y a los cambios tecnológicos 📈⚙️. Estas empresas no solo mueven capital: generan empleo, impulsan innovación y marcan el rumbo de sectores estratégicos para millones de personas.

Esta radiografía del poder corporativo regional es también una invitación a mirar a América Latina con otros ojos 👀✨. Invertir, emprender o analizar la economía latinoamericana hoy implica entender el peso de estos actores y su impacto en el futuro del desarrollo regional. Porque cuando las empresas crecen con visión, toda la región avanza 🚀💚.

@petrobras @itau @gmexico_oficial @walmart @cocacolafemsa_col @nutresaoficial",0,01/12/2026 12:15,https://www.instagram.com/p/DTbHXsniKOF/,Imagen de Instagram,,Total,121079,67566,1415,285,97,89,325
17953494399049809,17841401871496039,360radioco,360 Radio Colombia,"#Colombia | El ministro de Defensa Pedro Sánchez inició hoy en Estados Unidos una agenda diplomática con altos funcionarios estadounidenses para consolidar la cooperación bilateral en la lucha contra el narcotráfico y fortalecer las estrategias conjuntas de seguridad entre ambos países.

#Mundo #Noticias #internacional #EE.UU. #actualidad #ahora",146,01/12/2026 07:50,https://www.instagram.com/reel/DTao1OiAgcH/,Reel de Instagram,,Total,2089,1516,29,6,0,12,1
17883549723330841,17841401871496039,360radioco,360 Radio Colombia,"#Viajes | ⏱️✈️ La puntualidad sigue siendo uno de los factores clave al momento de elegir aerolínea. En 2025, varias compañías se destacan a nivel mundial por cumplir sus horarios y mantener altos niveles de operación.

🌍📊 Aeroméxico, Saudia y SAS lideran el ranking de las aerolíneas más puntuales del mundo, seguidas por compañías como Azul, Qatar Airways e Iberia, según datos del proveedor internacional Cirium.

🚀🧳 Este listado refleja el esfuerzo de las aerolíneas por mejorar la experiencia del pasajero, reducir retrasos y fortalecer la confianza de los viajeros. ¿Cuál ha sido tu experiencia volando con alguna de estas aerolíneas? 👇

@aeromexico @saudi_airlines @flysas @qatarairways @iberia @latamairlines @avianca @turkishairlines @delta",0,01/12/2026 07:30,https://www.instagram.com/p/DTamwURDKwN/,Imagen de Instagram,,Total,19666,8855,181,30,2,6,23
17887816659420741,17841401871496039,360radioco,360 Radio Colombia,"#Mundo l Vivir bien no es solo una idea: es una realidad en ciudades que hoy marcan el estándar mundial de calidad de vida. Desde la eficiencia escandinava de Copenhague hasta la elegancia urbana de Viena y la precisión suiza de Zúrich, estas urbes encabezan el Índice Global de Habitabilidad 2025 por su equilibrio entre bienestar, seguridad y oportunidades.

🌿🏙️ El ranking también refleja cómo la sostenibilidad, el acceso a espacios verdes y los servicios públicos de calidad hacen la diferencia. Melbourne, Ginebra, Sídney, Osaka y Auckland demuestran que una ciudad puede ser vibrante sin sacrificar calidad ambiental ni cohesión social.

🌎📊 Y en este mapa del buen vivir, Adelaida y Vancouver completan el top de las ciudades más habitables del planeta. Un recordatorio de que invertir en planificación urbana, movilidad y calidad de vida no solo mejora las cifras… mejora la forma en que millones de personas viven cada día.",0,01/11/2026 14:45,https://www.instagram.com/p/DTYzvaBDxK2/,Imagen de Instagram,,Total,2179,963,21,0,0,0,0
18037673738734196,17841401871496039,360radioco,360 Radio Colombia,"#Educación | 🎓En un mundo cada vez más competitivo, el nivel educativo se consolida como uno de los principales motores del desarrollo económico, la innovación y la calidad de vida. Los países que apuestan por la formación avanzada no solo fortalecen su talento humano, sino que también atraen inversión, tecnología y oportunidades de crecimiento sostenible.

📝Detrás de estas cifras hay décadas de políticas públicas, sistemas universitarios sólidos y una fuerte conexión entre academia, empresa y Estado. El resultado es una población altamente calificada, capaz de adaptarse a los cambios del mercado laboral y liderar sectores clave como la tecnología, las finanzas, la ciencia y la investigación.

👉🏼Lea la nota completa en 360radio.com.co",0,01/11/2026 11:30,https://www.instagram.com/p/DTYdbpEAk5I/,Imagen de Instagram,,Total,13442,7556,115,15,3,0,27
18118388776569555,17841401871496039,360radioco,360 Radio Colombia,"#Ahora | El alcalde de Marinilla confirmó la muerte de Yeison Jiménez, quien tenía prevista una presentación hoy en el municipio antioqueño.

#yeisonjimenez #ahora #noticas #actualidad #accidenteaereo",178,01/10/2026 16:37,https://www.instagram.com/reel/DTWbj45AgGF/,Reel de Instagram,,Total,18079,13330,491,123,3,17,46
17845997643637118,17841401871496039,360radioco,360 Radio Colombia,"#Atención | La Aeronáutica Civil confirmó el fallecimiento del cantante Yeison Jiménez tras un siniestro aéreo en Boyacá. En la aeronave viajaban cinco personas más, cuyas identidades aún no han sido establecidas mientras avanzan las labores de verificación oficial.

#Yeisonjimenez #Ahora #noticas #actualidad #accidenteaéreo",71,01/10/2026 15:50,https://www.instagram.com/reel/DTWWT4nAmcR/,Reel de Instagram,,Total,20179,13633,290,141,10,11,28
17995539392889965,17841401871496039,360radioco,360 Radio Colombia,"#Atención | 📌Un accidente aéreo ocurrido en la tarde de este sábado 10 de enero en el departamento de Boyacá dejó como saldo cuatro personas muertas, luego de que una avioneta asociada al equipo de trabajo del cantante de música popular Yeison Jiménez se precipitara a tierra en zona rural del municipio de Paipa.

🔗La aeronave cayó en el sector de la vereda Romita, una zona de difícil acceso, lo que complicó inicialmente las labores de atención y verificación por parte de las autoridades. 

👉Lea la nota completa en 360radio.com.co",0,01/10/2026 15:43,https://www.instagram.com/p/DTWVn9Nj_cq/,Imagen de Instagram,,Total,8852,4569,137,7,0,6,0
18337216558240248,17841401871496039,360radioco,360 Radio Colombia,"#Entretenimiento l En los últimos 25 años, pocos videojuegos han logrado trascender generaciones como Minecraft, que con más de 300 millones de copias vendidas se consolida como el título más exitoso de la era moderna. Su mundo abierto, su creatividad infinita y su comunidad global lo convirtieron en mucho más que un juego: en un fenómeno cultural.
🕹️🔥 Detrás aparecen gigantes como Grand Theft Auto, Wii Sports y PUBG, franquicias que redefinieron la forma de jugar y de consumir entretenimiento digital. Desde mundos criminales hiperrealistas hasta competencias deportivas y batallas online, el top refleja cómo han evolucionado los gustos de los jugadores a nivel mundial.
🌍✨ Y la lista la completan clásicos contemporáneos como Mario Kart 8 Deluxe, Red Dead Redemption 2, Terraria, Overwatch y The Witcher 3, demostrando que el éxito no depende de un solo estilo, sino de experiencias que logran enganchar a millones de personas en todo el planeta. ¿Cuál de estos marcó tu historia gamer?",0,01/10/2026 12:01,https://www.instagram.com/p/DTV8LsCD68e/,Imagen de Instagram,,Total,5485,2681,86,5,0,1,6
18113106487541012,17841401871496039,360radioco,360 Radio Colombia,"#Atención | Donald Trump volvió a amenazar con “hacer algo en Groenlandia, a las buenas o a las malas”, al advertir que Rusia o China podrían apoderarse del territorio. Aun así, afirmó que buscará primero un acuerdo para comprarlo.

#Mundo #Noticia #Donaldtrump #Groelandia #actualidad",31,01/09/2026 13:37,https://www.instagram.com/reel/DTTiVEIAhyT/,Reel de Instagram,,Total,5574,3412,68,1,0,6,2
18055537208354886,17841401871496039,360radioco,360 Radio Colombia,"#Revista360 | 📌Nuestra matriz energética se caracteriza por una alta participación de fuentes renovables, con más del 90 % proveniente de generación hidroeléctrica y solar, lo que nos ubica como referentes en generación limpia y baja en emisiones de dióxido de carbono. 

🔗La transición energética es una realidad que exige soluciones responsables y sostenibles. EPM es líder de generación de energía en Colombia. Con una capacidad efectiva instalada de 4.455 MW, la Compañía representa el mayor agente generador del Sistema Interconectado Nacional (SIN). 

👉Lea la nota completa en 360radio.com.co",0,01/09/2026 13:13,https://www.instagram.com/p/DTTfnzkD4KJ/,Imagen de Instagram,,Total,1556,654,5,0,0,0,0
18088451333487930,17841401871496039,360radioco,360 Radio Colombia,"#Colombia | Una Comisión Humanitaria en el Catatumbo, integrada por la ONU, la Iglesia Católica y la Defensoría, advirtió que persiste el confinamiento y no existen garantías mínimas para que las comunidades vivan de manera digna y segura.

#Catatumbo #Noticas #Seguridad #Actualidad #petro #informacion",129,01/09/2026 12:55,https://www.instagram.com/reel/DTTdbSVAn6Z/,Reel de Instagram,,Total,1303,1039,14,1,0,0,0
18104250904689048,17841401871496039,360radioco,360 Radio Colombia,"#Mundo | 📌El presidente de Estados Unidos, Donald Trump, confirmó que sostendrá un encuentro bilateral con el presidente de Colombia, Gustavo Petro, durante la primera semana de febrero, en una reunión que se llevará a cabo en la Casa Blanca y que marcará un nuevo capítulo en la relación entre ambos países.

🔗“Todo saldrá muy bien para Colombia y Estados Unidos, pero el flujo de cocaína y otras drogas deben dejar de llegar a Estados Unidos”, afirmó el mandatario estadounidense, subrayando que la lucha contra el narcotráfico será un eje central de la conversación.

👉Lea la nota completa en 360radio.com.co",0,01/09/2026 11:53,https://www.instagram.com/p/DTTWjVsD2Uh/,Imagen de Instagram,,Total,3170,1677,27,0,0,1,0
17858593254589434,17841401871496039,360radioco,360 Radio Colombia,"#Mundo | El presidente de Estados Unidos, Donald Trump, confirmó que la próxima semana sostendrá una reunión con la opositora venezolana María Corina Machado, quien viajará en los próximos días a territorio estadounidense para discutir la situación política y la crisis en Venezuela.

#Trump #corinamachado #Noticias #Internacional #actualidad #ahora",16,01/09/2026 10:13,https://www.instagram.com/reel/DTTK8zBAr60/,Reel de Instagram,,Total,2259,1702,28,0,0,0,2
17940934914106515,17841401871496039,360radioco,360 Radio Colombia,"#Colombia | Alias ‘Iván Mordisco’, cabecilla de las disidencias de las Farc, llamó al ELN, la Segunda Marquetalia y la Coordinadora Nacional a conformar una alianza criminal en respuesta a la reciente incursión militar realizada por Estados Unidos en territorio venezolano.

#Seguridad #Noticias #Actualidad #EE.UU #política #farc #informacion",102,01/09/2026 06:22,https://www.instagram.com/reel/DTSwcHLgtKJ/,Reel de Instagram,,Total,4202,2577,32,15,0,19,4
18053654300678733,17841401871496039,360radioco,360 Radio Colombia,"#Mundo | El presidente Donald Trump anunció que Estados Unidos lanzará ataques terrestres contra los cárteles del narcotráfico y responsabilizó a México, generando preocupación internacional por la posible escalada militar y el impacto en la relación bilateral.

#EE.UU #notícias #Mexico #actualidad #donaldtrump #información #ahora",34,01/09/2026 06:05,https://www.instagram.com/reel/DTSuo7rgmAZ/,Reel de Instagram,,Total,4530,3412,94,3,1,1,3
18108180199580299,17841401871496039,360radioco,360 Radio Colombia,"📍 #Bogotá | 🚍💳 La Alcaldía Mayor de Bogotá anunció que a partir del miércoles 14 de enero el servicio troncal y zonal de TransMilenio tendrá un aumento de $350 pesos en la tarifa.

💬 Esta cifra ya había sido anticipada hace unos días por el alcalde Carlos Fernando Galán y fue cuestionada por el presidente Gustavo Petro, quien se había comprometido con la financiación del sistema. Sin embargo, dicho apoyo no se habría concretado, lo que llevaría a que desde el próximo miércoles los capitalinos vean reflejado este incremento en el valor del pasaje.

👵♿ La administración distrital recordó que se mantienen los beneficios para personas mayores, ciudadanos en condición de discapacidad y para quienes hacen uso de TransMiPass, que permite acceder a descuentos en el costo del viaje.

🔎📰 Más información en 👉 360radio.com.co",0,01/09/2026 05:40,https://www.instagram.com/p/DTSr04vkgyP/,Imagen de Instagram,,Total,2336,1211,15,0,0,1,0
17850899493587271,17841401871496039,360radioco,360 Radio Colombia,"#Atención | La inflación durante diciembre de 2025 fue de 5,10%; bajó con respecto a la cifra reportada en el mismo mes del año anterior, cuando fue de 5,20%. 

Más detalles en 360radio.com.com",0,01/08/2026 15:04,https://www.instagram.com/p/DTRHmKtE_Dz/,Imagen de Instagram,,Total,1803,892,20,6,0,0,1
18049445624701664,17841401871496039,360radioco,360 Radio Colombia,"#Revista360 | 📌Jorge Enrique Bedoya, presidente de la Sociedad de Agricultores de Colombia (SAC), alerta sobre el riesgo a la seguridad alimentaria por bloqueos e inseguridad y cuestiona la reforma laboral, el salario mínimo y la jurisdicción agraria

🔗""Indiscutiblemente, hay un enorme riesgo. Cuando usted tiene extorsiones por todo el país, más de 1.300 bloqueos en las carreteras en menos de dos años y crecimiento de los cultivos ilícitos, la seguridad alimentaria se resiente. Sin seguridad alimentaria no hay vida y, sin seguridad física, no hay seguridad alimentaria.""

👉Lea la nota completa en 360radio.com.co",0,01/08/2026 13:25,https://www.instagram.com/p/DTQ8OEkj5aS/,Imagen de Instagram,,Total,1171,553,11,0,0,0,0
18098347951894875,17841401871496039,360radioco,360 Radio Colombia,"#Internacional | El vicepresidente estadounidense J.D. Vance pidió a Europa tomar “en serio” a Donald Trump, luego de que Washington planteara comprar Groenlandia a Dinamarca o incluso considerar una acción militar para obtener el territorio.

#Mundo #Noticias #groelandia #Actualidad #Trump",66,01/08/2026 13:20,https://www.instagram.com/reel/DTQ7hW-AqX5/,Reel de Instagram,,Total,5543,4180,59,23,1,2,2
18088678943043698,17841401871496039,360radioco,360 Radio Colombia,"#Actualidad| La Administración Trump reafirmó que la mujer abatida por un agente del ICE en Mineápolis intentó embestirlo con su vehículo, y que el oficial respondió en defensa propia, según el vicepresidente JD Vance.

#Mundo #internacional #política #Noticias #actualidad",140,01/08/2026 12:02,https://www.instagram.com/reel/DTQybLtgogp/,Reel de Instagram,,Total,4417,2745,46,2,2,4,1
17925291411056074,17841401871496039,360radioco,360 Radio Colombia,"#Colombia | David Luna obtuvo el aval oficial de la Registraduría Nacional, convirtiéndose en el primer aspirante presidencial por firmas en ser reconocido formalmente. Con esta validación, inicia oficialmente su campaña rumbo a las elecciones de 2026.

#política #notícias #actualidad #Elecciones2026 #informacion #davidluna",56,01/08/2026 11:19,https://www.instagram.com/reel/DTQtqTMgvLB/,Reel de Instagram,,Total,10690,8897,603,16,3,20,0
17909077752145362,17841401871496039,360radioco,360 Radio Colombia,"#mundo | El presidente de la Asamblea Venezolana anunció la liberación inmediata de un grupo significativo de presos venezolanos y extranjeros, una medida que marca avances en acuerdos humanitarios y genera expectativas sobre nuevos gestos políticos.

#Noticias #Actualidad #Internacional #Venezuela",45,01/08/2026 09:24,https://www.instagram.com/reel/DTQgixugihW/,Reel de Instagram,,Total,3390,2085,79,11,1,8,3
18346337884228964,17841401871496039,360radioco,360 Radio Colombia,"#Colombia | La canciller Rosa Villavicencio detalló la conversación entre Gustavo Petro y Donald Trump sobre las condiciones para mantener el diálogo bilateral, evaluar la cooperación antidrogas y tratar la seguridad fronteriza, destacando que la normalización plena sigue siendo compleja pero avanza con voluntad política.

#Política #Internacional #Noticias #Actualidad #EE.UU #gobierno",32,01/08/2026 07:27,https://www.instagram.com/reel/DTQS6n9gv_0/,Reel de Instagram,,Total,1635,1145,14,0,0,3,1
18119871937561523,17841401871496039,360radioco,360 Radio Colombia,"#Mundo | El fotografo Doug Mills, del New York Times reveló el momento en que la secretaria de la Casa Blanca le notifico al mandatario norteamericano @realdonaldtrump  sobre la llamada del presidente @gustavopetrourrego un diálogo que permitirá un encuentro entre ambos presidentes en los Estados Unidos. 

360radio.com.co",0,01/08/2026 07:20,https://www.instagram.com/p/DTQSbHTEjDU/,Imagen de Instagram,,Total,7609,3324,118,4,0,2,10
17905332651337918,17841401871496039,360radioco,360 Radio Colombia,"#Mundo | Diosdado Cabello afirmó que la operación militar de Estados Unidos en Venezuela, dirigida a capturar a Nicolás Maduro y Cilia Flores, dejó al menos 100 muertos y un número similar de heridos.

#Venezuela #EE.UU #notícias #actualidad #internacional",66,01/08/2026 05:59,https://www.instagram.com/reel/DTQJC8kAoUo/,Reel de Instagram,,Total,3902,2411,30,0,1,11,2
18153662494426535,17841401871496039,360radioco,360 Radio Colombia,"#Política | Colombia, el precandidato @pinzonbueno anunció su participación en la Gran Consulta por Colombia, para el próximo 8 de marzo, donde agradeció a los 7 candidatos más, por la apuesta a la unidad y en lo que han denominado la recuperación del país.",74,01/07/2026 18:48,https://www.instagram.com/reel/DTO8YN3lWBM/,Reel de Instagram,,Total,5189,4173,60,3,0,5,1
18095342671736925,17841401871496039,360radioco,360 Radio Colombia,"#Atención | Un agente del ICE en Minnesota mató a tiros a una mujer que intentó atropellar a oficiales. La Policía de Mineápolis confirmó que era ciudadana estadounidense y no era objetivo de ningún operativo.

#ahora #EE.UU #Noticias #internacional #actualidad #migrantes",29,01/07/2026 12:30,https://www.instagram.com/reel/DTORDs_gvab/,Reel de Instagram,,Total,12698,6539,114,40,2,7,11
18053112878403135,17841401871496039,360radioco,360 Radio Colombia,"#Mundo | Estados Unidos anunció un levantamiento selectivo de sanciones a Venezuela y afirmó que mantiene la máxima influencia sobre el gobierno de Delcy Rodríguez, según la secretaria de prensa Karoline Leavitt.

#Casablanca #Noticias #Internacional #Venezuela #Noticias",60,01/07/2026 11:33,https://www.instagram.com/reel/DTOKlLkAlEn/,Reel de Instagram,,Total,2538,1677,37,0,0,0,2
17910604392274206,17841401871496039,360radioco,360 Radio Colombia,"#Política l Juan Carlos Pinzón confirmó que participará en la Gran Consulta por Colombia, el mecanismo interpartidista con el que la centro-derecha definirá a su candidato único para las elecciones presidenciales de 2026, una decisión que lo pone a competir directamente con otros aspirantes por el aval de la coalición y reconfigura el mapa político de cara a la primera vuelta.",0,01/07/2026 10:54,https://www.instagram.com/p/DTOGIbnk97d/,Imagen de Instagram,,Total,4778,2566,127,4,0,2,2
17847845553655907,17841401871496039,360radioco,360 Radio Colombia,"#Ahora | Marco Rubio afirmó que el plan de Estados Unidos con Venezuela contempla estabilización, recuperación y transición, y que Washington controlará los recursos obtenidos por venta de 57 millones de barriles para beneficiar al pueblo venezolano.

#Venezuela #Internacional #Noticias #EE.UU. #actualidad",93,01/07/2026 09:13,https://www.instagram.com/reel/DTN6fy5gkl2/,Reel de Instagram,,Total,5480,4188,114,5,1,0,5
18446355274101195,17841401871496039,360radioco,360 Radio Colombia,"#Colombia | La Registraduría recordó que hasta el 10 de enero vence el plazo para cargar listas de jurados de votación para elecciones de Congreso 2026; los sorteos se harán del 21 al 23 de enero.

#Elecciones2026 #Actualidad #Congreso #Noticias #Juradovotación",103,01/07/2026 07:49,https://www.instagram.com/reel/DTNw7EtAonK/,Reel de Instagram,,Total,1291,988,14,0,0,0,0
18004820849685118,17841401871496039,360radioco,360 Radio Colombia,"#Mundo | La Administración Trump no descartó acciones militares en otros países tras ataques en Venezuela, luego de una reunión clasificada en la que Marco Rubio y Pete Hegseth evitaron negar el envío de tropas estadounidenses posible.

#Trump #Noticias #internacional #Actualidad #Colombia",22,01/07/2026 06:36,https://www.instagram.com/reel/DTNoja1grEb/,Reel de Instagram,,Total,4678,3081,54,3,0,0,0
17858601729529665,17841401871496039,360radioco,360 Radio Colombia,"#Mundo | Zelenski, Macron y Starmer firmaron una declaración de intenciones para desplegar una fuerza de seguridad internacional tras un alto al fuego en Ucrania, exigencia de Kiev, con supervisión de Estados Unidos ante incumplimientos rusos previos.

#Ucrania #EE.UU #Internacional #Noticias #actualidad",79,01/06/2026 14:04,https://www.instagram.com/reel/DTL28G4AvUb/,Reel de Instagram,,Total,3511,2178,55,4,0,1,2
18092039089771307,17841401871496039,360radioco,360 Radio Colombia,"#Mundo | Donald Trump se refirió a la situación en Venezuela, calificó a Nicolás Maduro como un tipo violento y aseguró que las personas que marchan a su favor representan un desastre para el país, según afirmó.

#Venezuela #Trump #Noticias #Internacional #actualidad",37,01/06/2026 13:02,https://www.instagram.com/reel/DTLwAkoAoro/,Reel de Instagram,,Total,5490,4010,155,49,2,4,11
18096913258918639,17841401871496039,360radioco,360 Radio Colombia,"#Colombia | El presidente de la CUT, Fabio Arias, confirmó que la Central Unitaria de Trabajadores participará en las marchas convocadas por el presidente Gustavo Petro el próximo miércoles 7 de enero en todo el país nacional.

#EE.UU #TRUMP #notícias #internacionales #actualidad #CUT #Venezuela",52,01/06/2026 12:53,https://www.instagram.com/reel/DTLu2jmgnEH/,Reel de Instagram,,Total,2337,1700,18,3,0,56,0
18558047425036124,17841401871496039,360radioco,360 Radio Colombia,"#Revista360 | 📌 Su crecimiento responde a expectativas cambiantes de los usuarios, a estructuras de costos más eficientes y a la capacidad de la tecnología para ofrecer servicios simples, personalizados y accesibles. 

🔗A diferencia de la banca tradicional, diseñada alrededor de productos y procesos, los neobancos nacen desde la experiencia: eliminan trámites extensos, esperas y tarifas confusas, ofreciendo inmediatez, transparencia y acceso digital.

👉Este contenido hace parte de la Revista 360 – Edición 10: El año de las Decisiones. Producto periodístico anual y exclusivo elaborado por 360 Radio.",0,01/06/2026 11:56,https://www.instagram.com/p/DTLocOAj3rk/,Imagen de Instagram,,Total,1690,717,13,0,0,0,0
18101729635841104,17841401871496039,360radioco,360 Radio Colombia,"#Mundo | El embajador estadounidense ante la OEA negó una invasión a Venezuela, defendió un arresto puntual y fue interrumpido por una asistente que acusó a Estados Unidos de operar por intereses petroleros durante la sesión oficial.

#notícias #actualidad #internacional #venezuela #ahora",107,01/06/2026 09:23,https://www.instagram.com/reel/DTLWuiugiR2/,Reel de Instagram,,Total,4788,2892,78,0,0,5,6
18031459643569326,17841401871496039,360radioco,360 Radio Colombia,"#Mundo | La canciller Rosa Villavicencio afirmó que se mantendrán canales diplomáticos, pero no descartó una confrontación militar con Estados Unidos ante una eventual agresión al país, destacando la capacidad del Ejército

#Colombia #noticias #venezuela #actualidad #maduro",60,01/06/2026 07:16,https://www.instagram.com/reel/DTLIRPmgjlc/,Reel de Instagram,,Total,9910,5959,114,34,1,145,12
17874903306469877,17841401871496039,360radioco,360 Radio Colombia,"#Colombia | El Ejército volvió a ubicar vehículos blindados para reforzar la seguridad y custodia del puente Simón Bolívar, como parte del plan frontera del Gobierno nacional.

#Venezuela #Maduro #notícias #Actualidad #internacional",31,01/06/2026 06:17,https://www.instagram.com/reel/DTLBpXdguRa/,Reel de Instagram,,Total,4854,2921,49,1,0,2,5
18094965217936422,17841401871496039,360radioco,360 Radio Colombia,"#Venezuela | A esta hora en Caracas se reportan disparos a lo que serían drones que sobrevuelan cerca al Palacio de Miraflores ¿Estados Unidos intervendrá de nuevo en el vecino país o se trata de una estrategia de la nueva presidente encargada? 

Más información en 360radio.com.co",34,01/05/2026 17:43,https://www.instagram.com/reel/DTJrYGaAHcJ/,Reel de Instagram,,Total,11367,7076,154,25,3,3,10
18123007273535759,17841401871496039,360radioco,360 Radio Colombia,"#Colombia | El ministro de Defensa, Pedro Sánchez, afirmó que Colombia vive un momento histórico para fortalecer cooperación internacional y combatir estructuras ilegales y la economía ilícita del narcotráfico transnacional en región.

#Noticais #Seguridad #Pedrosanchez #actualidad #nacionales #información",171,01/05/2026 13:41,https://www.instagram.com/reel/DTJPWI7gozj/,Reel de Instagram,,Total,1558,1145,12,0,0,11,0
17931192867188271,17841401871496039,360radioco,360 Radio Colombia,"#Mundo | Delcy Rodríguez fue investida como presidenta encargada de Venezuela, tras decisiones institucionales anunciadas este lunes, asumiendo temporalmente el Ejecutivo mientras se define el nuevo escenario político nacional del país hoy.

#Venezuela #Maduro #Trump #Notiicas #Internacionales",104,01/05/2026 11:55,https://www.instagram.com/reel/DTJDa_ygtku/,Reel de Instagram,,Total,2060,1370,15,0,1,1,0
18074509727582456,17841401871496039,360radioco,360 Radio Colombia,"#Mundo l Nicolás Maduro compareció por primera vez ante un tribunal federal de Estados Unidos para enfrentar los cargos que la justicia de ese país les imputa por narcotráfico y otros delitos de carácter transnacional. La audiencia se llevó a cabo en una corte del Bajo Manhattan y estuvo presidida por el juez Alvin K. Hellerstein.

Durante la diligencia, Maduro se declaró no culpable de todas las acusaciones en su contra. A través de un intérprete, aseguró que es inocente y afirmó que sigue considerándose el presidente de Venezuela, además de señalar que fue llevado a Estados Unidos contra su voluntad.",0,01/05/2026 10:24,https://www.instagram.com/p/DTI5MQBE37O/,Imagen de Instagram,,Total,4173,2135,31,0,0,0,2
18109761292628380,17841401871496039,360radioco,360 Radio Colombia,"#Mundo | Nicolás Maduro llegó al tribunal, donde autoridades leerán cargos en su contra por destruir el país, exportar narcotráfico y enfrentar consecuencias judiciales internacionales por graves delitos, según fuentes oficiales judiciales.

#Maduro #Noticias #Juiciomaduro #actualidad #internacional",61,01/05/2026 08:46,https://www.instagram.com/reel/DTIt0YyAn7W/,Reel de Instagram,,Total,3066,1882,59,0,0,0,2
18079096844613112,17841401871496039,360radioco,360 Radio Colombia,"#Mundo | El ministro venezolano Vladimir Padrino pidió liberar a Nicolás Maduro, denunció secuestro, reconoció a Delcy Rodríguez como presidenta y afirmó que Estados Unidos asesinó al anillo de seguridad oficial presidencial.

#notícias #actualidad #Venezuela #Maduro #donaldtrump",94,01/05/2026 06:47,https://www.instagram.com/reel/DTIgPcVAh4C/,Reel de Instagram,,Total,6039,3340,40,4,0,11,4
17909135340294001,17841401871496039,360radioco,360 Radio Colombia,"#Mundo | Se inició el traslado de Nicolás Maduro y su esposa Cilia Flores a Manhattan, custodiados por agentes de la DEA y de la policía de Nueva York. El juicio, que se espera sea al mediodía, buscará la culpabilidad de Maduro en delitos como narcotráfico.

#Maduro #Venezuela #Trump #notícias #Actualdiad #internacional",59,01/05/2026 05:30,https://www.instagram.com/reel/DTIXYuWglff/,Reel de Instagram,,Total,3975,2497,95,0,0,2,3
18085331672028530,17841401871496039,360radioco,360 Radio Colombia,"#Mundo | 🌍🏙️ Las grandes ciudades del mundo no solo se miden por su tamaño, sino por su influencia global. De acuerdo con el Global Power City Index, urbes como Londres, Nueva York y Tokio lideran el ranking de las ciudades más poderosas del planeta.

💼📊 Factores como la economía, innovación, conectividad, cultura y calidad de vida influyen en estas puntuaciones, donde también destacan ciudades como París, Singapur y Seúl, consolidándose como centros estratégicos a nivel internacional.

🚀🌐 Este ranking refleja cómo las ciudades se convierten en motores de desarrollo global, atracción de talento e inversión. ¿Cuál de estas ciudades te gustaría visitar o vivir? 👇✨",0,01/04/2026 15:20,https://www.instagram.com/p/DTG2LmLDfFx/,Imagen de Instagram,,Total,13351,6317,121,12,2,1,37
17986487618930661,17841401871496039,360radioco,360 Radio Colombia,"#Colombia | 📊🔍 ¿Qué buscó Colombia en Google durante 2025?
Realitys, personajes y noticias marcaron el interés del país.
Altafulla lideró las búsquedas gracias a La Casa de los Famosos, seguido por figuras como el Papa León XIV y Nicolás Maduro.
⚽🌍 El Mundial de Clubes, las Eliminatorias 2026 y hechos que sacudieron al país también estuvieron en el top.
#notícias #cultural #actualidad #GOOGLE #informacion #tecnología",78,01/04/2026 14:44,https://www.instagram.com/reel/DTGx9jBAvNn/,Reel de Instagram,,Total,957,788,8,0,0,0,0
18344354737229100,17841401871496039,360radioco,360 Radio Colombia,"#Revista360 | ⚡🇨🇴 La seguridad energética no es opcional, es estratégica.

Colombia necesita autosuficiencia energética, inversión y reglas claras para proteger su soberanía, el empleo y los ingresos del país. El sector aporta cerca del 30% de las exportaciones, 16% de la IED y billones en regalías que sostienen a las regiones.

🛢️📊 En Revista 360, @frank_pearl,  presidente de la ACP, advierte sobre los riesgos de no garantizar nuevas inversiones y explica por qué la energía sigue siendo clave para el desarrollo económico y la estabilidad nacional.

📖 Disponible en la Revista 360 – Edición 10: El año de las Decisiones.",0,01/04/2026 12:10,https://www.instagram.com/p/DTGgcC1iSN5/,Imagen de Instagram,,Total,1645,832,9,0,0,0,0
18028734143782403,17841401871496039,360radioco,360 Radio Colombia,"#Mundo | 🚲🌎 La movilidad urbana en América Latina está cambiando de rumbo y la bicicleta se consolida como una de las grandes protagonistas. Cada kilómetro de ciclovía representa una apuesta por ciudades más limpias, saludables y humanas, donde el espacio público deja de girar solo alrededor del automóvil.

📊✨ Este ranking muestra cómo distintas capitales y grandes urbes han convertido la infraestructura ciclista en una política estratégica. No se trata solo de sumar tramos, sino de integrar la bicicleta al día a día: ir al trabajo, estudiar o moverse por la ciudad de forma más eficiente, económica y sostenible.

🌱🏙️ Detrás de estas cifras hay decisiones de planeación urbana, inversión pública y presión ciudadana por un transporte más justo. Las ciclovías no solo reducen emisiones y congestionamientos; también transforman la forma en que habitamos la ciudad y nos relacionamos con ella.

🚦💚 El reto ahora es claro: conectar mejor las redes, garantizar seguridad vial y lograr que más personas se suban a la bicicleta. Porque cada pedalazo cuenta en la construcción de ciudades más equitativas, resilientes y pensadas para las personas.",0,01/04/2026 07:30,https://www.instagram.com/p/DTGAZNpAVED/,Imagen de Instagram,,Total,8002,2867,73,4,0,3,4
18341131273230330,17841401871496039,360radioco,360 Radio Colombia,"#Mundo | 🎄✨ La Navidad también se mide en decisiones de consumo. En América Latina, las fiestas de fin de año reflejan mucho más que tradición: muestran cómo los hogares equilibran ilusión, presupuesto y contexto económico. Cada compra, grande o pequeña, habla de prioridades, expectativas y realidades distintas en la región.

💳📊 Aunque el espíritu navideño es compartido, el esfuerzo financiero no es el mismo para todos. Mientras algunos países destinan más recursos a regalos, cenas y celebraciones, en otros el gasto se ajusta con creatividad y planificación. La Navidad se convierte así en un termómetro del poder adquisitivo, la inflación y la confianza de los consumidores.

🌎🎁 Este panorama revela una Latinoamérica diversa, donde celebrar no siempre significa gastar más, sino elegir mejor. Entender estas diferencias ayuda a leer el pulso económico de la región y a comprender cómo las familias reinventan la Navidad sin perder su esencia: compartir, reunirse y mantener vivas las tradiciones.",0,01/03/2026 16:30,https://www.instagram.com/p/DTEZZtAiHg2/,Imagen de Instagram,,Total,9738,4694,114,1,0,0,7
18137988037475425,17841401871496039,360radioco,360 Radio Colombia,"#colombia | La inteligencia artificial, la ciencia de datos, la ciberseguridad y la ingeniería de software ya están transformando la salud, las finanzas, la industria y el empleo. Universidades y empresas buscan perfiles capaces de crear, analizar y proteger en entornos digitales cada vez más complejos.

#actualidad #academias #universidad #notícias #2026 #aňonuevo",118,01/03/2026 09:07,https://www.instagram.com/reel/DTDmiBKAsRx/,Reel de Instagram,,Total,1024,881,17,3,0,0,0
18086848322024909,17841401871496039,360radioco,360 Radio Colombia,"#AHORA | El presidente de Estados Unidos, Donald Trump, ha revelado a través de su cuenta de X la primera imagen de Nicolás Maduro capturado y siendo trasladado hacia el barco estadounidense en aguas del Caribe, para de ahí ser llevado al país norteamericano.",0,01/03/2026 08:41,https://www.instagram.com/p/DTDjzLQlpCA/,Imagen de Instagram,,Total,4172,2022,130,3,0,0,1
18078081326211138,17841401871496039,360radioco,360 Radio Colombia,"#Ahora | Luego del ataque llevado a cabo por los Estados Unidos en territorio venezolano, los líderes del régimen de Nicolás Maduro piden pruebas de vida y solicitan a organizaciones internacionales intervenir, ante lo que consideraron como una violación a la soberanía.
Aún se desconoce la  ubicación de Nicolás Maduro y su esposa. 

#Venezuela #Maduro #Noticias #Actualidad #internacional",140,01/03/2026 06:34,https://www.instagram.com/reel/DTDVBNwAu8o/,Reel de Instagram,,Total,2256,1493,50,2,0,3,1
17933489124140695,17841401871496039,360radioco,360 Radio Colombia,"#AHORA 

Este es el momento en que varias aeronaves de Estados Unidos bombardean una base militar en Venezuela.",70,01/03/2026 02:58,https://www.instagram.com/reel/DTC8i75jhy-/,Reel de Instagram,,Total,8321,5873,429,86,9,7,23
18062589548265034,17841401871496039,360radioco,360 Radio Colombia,"#Mundo | Se conocieron primeras imágenes de Nicolás Maduro Capturado. 

Se espera mayor información por parte de autoridades de Estados Unidos en las próximas horas. 

#Venezuela #NicolasMaduro",0,01/03/2026 02:53,https://www.instagram.com/p/DTC76uqDpbr/,Imagen de Instagram,,Total,33829,21881,585,156,2,9,23
17888061741284547,17841401871496039,360radioco,360 Radio Colombia,"#URGENTE 

Tras los ataques a Caracas, Donald Trump confirma captura de Nicolás Maduro y su esposa.",0,01/03/2026 02:40,https://www.instagram.com/p/DTC6asXjhf0/,Imagen de Instagram,,Total,5342,2863,128,7,0,2,0
17879683137350438,17841401871496039,360radioco,360 Radio Colombia,"#Colombia |💻El Estudio Fundación Educa Edtech 2025 revela que el país tuvo la mayor participación del análisis, con 759 encuestados, superando a México y Perú. Además, el 87,6 % recomienda la formación virtual y el 66,7 % la considera clave para su trabajo.

#academias #colombia #notícias #actualidad #internacional",82,12/31/2025 11:40,https://www.instagram.com/reel/DS8JBTngqnU/,Reel de Instagram,,Total,1310,1054,22,1,0,0,0
17982321257783692,17841401871496039,360radioco,360 Radio Colombia,"✨📰 Gracias por acompañarnos este año
Cerramos un ciclo con gratitud y compromiso. Gracias por leernos, escucharnos y confiar en nuestro trabajo periodístico. El nuevo año nos reta a seguir informando con contexto, análisis y mirada crítica.

Que venga un año con más historias que importan y conversaciones que construyen.

#FelizAño #Periodismo #360Radio",0,12/31/2025 07:05,https://www.instagram.com/p/DS7qWUwjubE/,Imagen de Instagram,,Total,1839,522,20,0,0,0,0
18010937285658049,17841401871496039,360radioco,360 Radio Colombia,"#Revista360 | El bien común o el eterno retorno de lo mismo

Por: Andrés Gaviria - Candidato Cámara por Antioquia

📌""Ese es nuestro patrón. Nos hemos acostumbrado a hablar de Colombia como si fuera un problema sin solución, y la verdad más incómoda es que hemos llegado a cierta comodidad con esa narrativa.""",0,12/31/2025 06:17,https://www.instagram.com/p/DS7k60yD_xA/,Imagen de Instagram,,Total,2874,1107,32,1,0,1,0
18073099901611420,17841401871496039,360radioco,360 Radio Colombia,"¿Salario mínimo de $2 millones en 2026?
El aumento del 23 % ya es oficial y promete recuperar el poder adquisitivo… pero también prende las alarmas económicas.
📈 Inflación, empleo, Mipymes y tasas de interés: ¿quién gana y quién pierde con este incremento histórico decretado por el Gobierno Petro?

▶️ Dale play y entiende las implicaciones reales del nuevo salario mínimo en Colombia.

#economía #colombia #gobierno #actualidad #notícias",115,12/30/2025 14:30,https://www.instagram.com/reel/DS54Cd2AnAj/,Reel de Instagram,,Total,1867,1493,28,2,0,0,0
18064661393213116,17841401871496039,360radioco,360 Radio Colombia,"#Mundo | El presidente estadounidense Donald Trump afirmó que Hamás tendrá poco tiempo para desarmarse y advirtió que, de no hacerlo, el grupo enfrentará severas consecuencias por parte de Estados Unidos según declaraciones oficiales difundidas este martes.

#Venezuela #Actualidad #Internacional #Noticias #Donaldtrump",37,12/30/2025 09:09,https://www.instagram.com/reel/DS5TqcHgiAn/,Reel de Instagram,,Total,3638,2427,65,0,0,2,1
18091600108763046,17841401871496039,360radioco,360 Radio Colombia,"#Economía | Colombia amaneció con nuevo salario mínimo para 2026 fijado en $1.750.095. 

Empresarios, analistas y políticos han mostrado su preocupación por este decreto. 

#Colombia #SalarioMinimo",0,12/30/2025 08:38,https://www.instagram.com/p/DS5QO_ojgpD/,Secuencia de Instagram,,Total,9597,2656,108,4,0,5,9
18074473085346440,17841401871496039,360radioco,360 Radio Colombia,"#ATENCIÓN 

DANE infromó que la tasa de desempleo para Colombia en noviembre fue del 7%, cifra inferior a la registrada durante el mismo mes de 2024 cuando se ubicó en 8,2%.",0,12/30/2025 07:13,https://www.instagram.com/p/DS5GfLcja_9/,Imagen de Instagram,,Total,4644,1664,24,1,0,3,1
18052044575399781,17841401871496039,360radioco,360 Radio Colombia,"#Deportes l 🏈💰 La NFL también se juega en la taquilla
Más allá de los touchdowns y los títulos, hay otro campeonato que mueve millones: el del dinero que generan los estadios. En 2025, algunos equipos lograron convertir cada asiento vendido en una verdadera mina de oro, marcando una enorme diferencia frente al resto de la liga.

📊 San Francisco lidera, pero la pelea es cerrada
Los 49ers encabezan el ranking de ganancias por taquilla, seguidos por franquicias históricas como Cowboys, Eagles y Broncos. La combinación de hinchadas fieles, estadios modernos y espectáculos cada fin de semana explica por qué estas organizaciones dominan también fuera del campo.

🔥 La NFL es un negocio tan grande como el deporte
Este ranking confirma que el fútbol americano es una de las industrias más poderosas del entretenimiento global. Cada partido no solo define posiciones en la tabla, también mueve cifras que superan el presupuesto de muchos países. Y esto apenas es una parte de todo lo que factura la liga.",0,12/30/2025 06:45,https://www.instagram.com/p/DS5DRXzAi5B/,Imagen de Instagram,,Total,3904,1221,29,1,1,0,0
17849112405612887,17841401871496039,360radioco,360 Radio Colombia,"#Colombia | El precandidato Daniel Palacios criticó al presidente Gustavo Petro por el aumento del salario mínimo, cuestionó la emergencia económica y afirmó que el anuncio responde a intereses electorales ante fracasos del Gobierno

#Noticias #salariominimo #Petro #Actualidad #Economía",92,12/30/2025 06:37,https://www.instagram.com/reel/DS5CPJiAmgd/,Reel de Instagram,,Total,3394,2670,81,7,2,17,3
18090274543789419,17841401871496039,360radioco,360 Radio Colombia,"❗ El salario mínimo sube 23 % en 2026, pero la pregunta sigue siendo la misma: ¿alcanzará?

La comparación con un producto cotidiano lo explica mejor:

👉 En 2016, un salario mínimo permitía comprar 626 Chocorramos.

👉 En 2026, pese al aumento de 23%, solo alcanzaría para 564 (proyectando precio del mercado) 

📊 Mientras el salario mínimo creció 153,8 % en una década, el precio del Chocorramo aumenta cerca de 181,8 %.

El debate no es solo cuánto sube el salario, sino qué tanto alcanza frente al costo real de vida y aún no se conoce el dato oficial de inflación final de 2025.

#SalarioMínimo #Inflación #Economía",0,12/30/2025 05:47,https://www.instagram.com/p/DS48uw5FZ9c/,Imagen de Instagram,,Total,422222,211916,3925,1667,221,170,549
18041271371718200,17841401871496039,360radioco,360 Radio Colombia,"#Colombia | El aumento del salario mínimo del 23,2% no vino gratis: JP Morgan elevó su proyección de inflación para 2026 a 6,1%, prevé más alzas de tasas y alerta sobre riesgos fiscales, laborales y cambiarios.

La decisión del Gobierno podría convertirse en una bomba macroeconómica.",0,12/30/2025 05:01,https://www.instagram.com/p/DS43dz4jjld/,Imagen de Instagram,,Total,22737,12712,682,63,4,25,30
18251302405292227,17841401871496039,360radioco,360 Radio Colombia,"#Mundo | Estados Unidos realizó otra operación letal contra el narcotráfico en aguas internacionales del Pacífico; el Comando Sur confirmó la destrucción de una embarcación sospechosa, acción que dejó dos personas muertas, según informó oficialmente este miércoles.

#Venezuela #notícias #EE.UU #actualidad #donaldtrump",29,12/30/2025 04:35,https://www.instagram.com/reel/DS40ZSEAqyB/,Reel de Instagram,,Total,3575,2298,68,0,0,3,0
18310136083266981,17841401871496039,360radioco,360 Radio Colombia,"🚨 #ATENCIÓN EMPRESAS

Con el salario mínimo 2026 en $2.000.000 (incluido subsidio de transporte), tener un trabajador le cuesta a una empresa cerca de $3 millones mensuales, al sumar seguridad social y prestaciones sociales. 

📊 Un dato clave para el debate sobre costos laborales y sostenibilidad empresarial en Colombia.

#SalarioMinimo #Colombia #Economía",0,12/29/2025 17:01,https://www.instagram.com/p/DS3lDrIjlMk/,Imagen de Instagram,,Total,117976,60709,1301,983,184,130,700
18545531377001828,17841401871496039,360radioco,360 Radio Colombia,"#Colombia | El presidente Gustavo Petro anunció por decreto el salario mínimo legal vigente para el año 2026, ubicándolo en $ 2.000.000 de pesos, contando el auxilio de transporte, definiendo el salario como vital para los colombianos.

#salariominimo #notícias #actualidad #Petro #economía",52,12/29/2025 16:24,https://www.instagram.com/reel/DS3gtCCgj9e/,Reel de Instagram,,Total,9873,7382,102,38,2,65,6
18368711725095410,17841401871496039,360radioco,360 Radio Colombia,"🚨 #ATENCIÓN 🇨🇴

Colombia ya tiene salario mínimo para 2026.

El Gobierno confirmó que el nuevo salario será de $1.746.882 pesos, mientras que el auxilio de transporte quedó sobre los $253.000 pesos, y regirá desde el 1° de enero.

360radio.com.co",0,12/29/2025 16:16,https://www.instagram.com/p/DS3f2Yrje1h/,Imagen de Instagram,,Total,68073,40954,453,248,24,81,75
18108664276569804,17841401871496039,360radioco,360 Radio Colombia,"#Revista360 | 📌Envigado avanza en la formulación del POT, el instrumento que definirá el modelo de ocupación y las normas urbanísticas para su desarrollo urbano y rural en los próximos 12 años.

🔗Tras culminar la etapa de diagnóstico, hoy avanza la etapa de formulación, en la cual se construyen las normas urbanísticas y el modelo de ocupación que orientará el desarrollo del municipio durante los próximos doce años. 

👉Lea la nota completa en 360radio.com.co",0,12/29/2025 12:30,https://www.instagram.com/p/DS3F9LdDx72/,Imagen de Instagram,,Total,3866,903,7,0,0,0,1
17850163935585379,17841401871496039,360radioco,360 Radio Colombia,"#Colombia | Desde el Congreso, el ministro de Defensa Pedro Sánchez defendió los cambios en la cúpula militar y destacó la labor de comandantes salientes, incluido el almirante Francisco Hernando Cubides, generales.

#actualidad #notícias #fuerzasmilitares #mindefensa #información",112,12/29/2025 11:05,https://www.instagram.com/reel/DS28FkoAkIA/,Reel de Instagram,,Total,2220,1621,16,0,0,5,0
18080278793267504,17841401871496039,360radioco,360 Radio Colombia,"#Revista360 | En Comfama, más de 71 años de trabajo demuestran que el capitalismo consciente sí es posible cuando se pone a las personas en el centro 🤝🌱.
Con los recursos de las empresas, se construye bienestar, progreso social y oportunidades reales para trabajadores, familias y comunidades.

En entrevista con Revista 360, David Escobar Arango, director de Comfama, hace un balance de 2025 y traza una visión de largo plazo basada en confianza, diálogo y transformación social 📈🏡🎓.

📖 _Disponible en la Revista 360 – Edición 10: El año de las Decisiones_.

@comfama",0,12/29/2025 10:31,https://www.instagram.com/p/DS24XQ-jiHb/,Imagen de Instagram,,Total,3936,1083,24,0,1,0,0
18073311119364251,17841401871496039,360radioco,360 Radio Colombia,"#Empresas Con 90 años de historia, @cementos_argos  se reafirma como líder del sector y referente internacional, impulsada por una arquitectura de marca sólida, hitos estratégicos y un compromiso creciente con la sostenibilidad.

#Revista360",0,12/29/2025 10:12,https://www.instagram.com/p/DS22OdyjhpU/,Secuencia de Instagram,,Total,3485,953,30,0,0,0,0
18064195427231695,17841401871496039,360radioco,360 Radio Colombia,"#bogotà | Fue entregada la glorieta de la Avenida Ciudad de Cali con Américas al tránsito mixto; el alcalde Carlos Fernando Galán anunció la habilitación de 7,4 kilómetros de carriles mixtos nuevos viales.

#infraestrutura #trafico #bogota🇨🇴 #galán #notícias",93,12/29/2025 07:51,https://www.instagram.com/reel/DS2l4gWAiey/,Reel de Instagram,,Total,1749,1337,21,2,1,1,0
17979318947953968,17841401871496039,360radioco,360 Radio Colombia,"#Revista360 | Tomas González, director de CREE, analiza los riesgos en gas y electricidad, las deudas del sector y cómo reconstruir la confianza público-privada para lograr una transición energética realista en Colombia. 

El contenido completo puede encontrarlo en Revista 360 o 360radio.com.co 

#Energía #Colombia",0,12/29/2025 05:41,https://www.instagram.com/p/DS2XNUuDlLJ/,Imagen de Instagram,,Total,2285,638,6,0,0,0,0
18049303850461908,17841401871496039,360radioco,360 Radio Colombia,"#Mundo | El presidente ucraniano Volodímir Zelenski llegó a Florida para reunirse con Donald Trump y buscar respaldo a su plan de paz para poner fin a la guerra con Rusia actual.

#actualidad #internacional #Ucrania #EE.UU #notícias",33,12/28/2025 10:12,https://www.instagram.com/reel/DS0RWK3AjYI/,Reel de Instagram,,Total,2680,1830,35,0,0,0,0
18300417427261607,17841401871496039,360radioco,360 Radio Colombia,"#Cultura | ¿Ropa interior amarilla, uvas o maletas? 💛🍇🧳
Cada 31 de diciembre, millones de colombianos repiten estos agüeros para atraer amor, viajes, prosperidad y buena energía. ¿Cuál no puede faltar en tu Año Nuevo?

#Colombia #findeaño #Agueros #notícias #actualidad",61,12/28/2025 07:29,https://www.instagram.com/reel/DSz-hNEAoyr/,Reel de Instagram,,Total,1180,1033,16,3,0,0,0
18109197502734870,17841401871496039,360radioco,360 Radio Colombia,"#Colombia | El Gobierno de Gustavo Petro inscribió ante la Registraduría el comité promotor de la Asamblea Constituyente, que deberá recolectar cerca de tres millones de firmas para radicar el proyecto nacional.

#Trabajo #notícias #actualidad #Gobierno #asambleaconstituyente",99,12/26/2025 12:03,https://www.instagram.com/reel/DSvUVK0Aku2/,Reel de Instagram,,Total,6743,4399,50,26,0,64,4
18001023140696465,17841401871496039,360radioco,360 Radio Colombia,"#Colombia | El Ministro de Defensa, Pedro Sánchez, anunció la captura de Jean Pool Sánchez Gómez, presunto autor material del homicidio del teniente coronel Rafael Granados, ocurrido en Popayán, Cauca, en noviembre de 2025, pasado martes.

#seguridad #Mindefensa #notícias #actualidad #judicial",49,12/26/2025 11:20,https://www.instagram.com/reel/DSvPjY2AtCq/,Reel de Instagram,,Total,1774,1303,19,0,0,0,1
18410261860191658,17841401871496039,360radioco,360 Radio Colombia,"#Bogotá | Avanzan las primeras pruebas dinámicas de rieles del Metro de Bogotá, con movimiento del tren totalmente autónomo, eléctrico y sin apoyos externos operativos iniciales.

#metrobogota #movilidad #actualidad #trasnporte #notícias",48,12/26/2025 09:29,https://www.instagram.com/reel/DSvC2tSAssx/,Reel de Instagram,,Total,1735,1277,36,0,0,0,0
17843349876663451,17841401871496039,360radioco,360 Radio Colombia,"#Mundo | El presidente de Estados Unidos, Donald Trump, anunció que ordenó un ataque poderoso y mortal contra campamentos del grupo terrorista ISIS en Nigeria, como parte de operaciones antiterroristas recientes.

#Isis #internacional #notícias #actualidad #EE.UU",17,12/26/2025 06:44,https://www.instagram.com/reel/DSuwBs4AlDs/,Reel de Instagram,,Total,3571,2363,63,0,0,0,2
18032814911762469,17841401871496039,360radioco,360 Radio Colombia,"#Colombia | La capital de Córdoba se convierte en la primera ciudad del país en implementar un sistema de transporte público fluvial.
Con la llegada de las embarcaciones Yapel y Betancí, el proyecto Businú integra el río Sinú a la movilidad urbana y marca un precedente nacional. 

 #montería #Businú #transportefluvial #RíoSinú #movilidad #notícias #Colombia",75,12/25/2025 05:04,https://www.instagram.com/reel/DSr_cZhgvcx/,Reel de Instagram,,Total,7312,5513,256,46,7,7,6
17915431755101547,17841401871496039,360radioco,360 Radio Colombia,"🎄✨ Feliz Navidad para toda la audiencia de 360 Radio Colombia ✨🎄 

Gracias por acompañarnos, escucharnos y creer en un periodismo que informa, cuestiona y conecta. Que esta Navidad llegue con calma, esperanza y conversaciones que valgan la pena. Que el 2026 nos encuentre juntos, con más historias, más análisis y más voces al aire.
¡Felices fiestas! 

#FelizNavidad #Colombia",0,12/24/2025 13:39,https://www.instagram.com/p/DSqV-GnDhrw/,Imagen de Instagram,,Total,1358,550,14,1,0,0,0
18093934406312022,17841401871496039,360radioco,360 Radio Colombia,"#Antioquia | Afluencia de pasajeros en la Terminal del Norte de Medellín.
Para esta Navidad se movilizarán 159.000 viajeros desde y hacia la capital antioqueña, según la Alcaldía.

#Noticias #trafico #Navidad #actualidad",38,12/24/2025 07:36,https://www.instagram.com/reel/DSpsVSXgj9P/,Reel de Instagram,,Total,2229,1597,20,1,0,0,0
17982210344780413,17841401871496039,360radioco,360 Radio Colombia,"#Colombia | Durante una alocución, el presidente Gustavo Petro anunció que Colombia contará, por primera vez, con un salario mínimo vital, orientado a garantizar ingresos dignos y condiciones para trabajadores del país.

#saláriominimo #notícias #economía #actualidad",125,12/24/2025 05:37,https://www.instagram.com/reel/DSpekZ9goNF/,Reel de Instagram,,Total,5678,3708,56,5,1,37,2
17973422789976610,17841401871496039,360radioco,360 Radio Colombia,"#Salud | 🦠⚠️ Las autoridades sanitarias refuerzan la vigilancia epidemiológica en el país. El Ministerio de Salud y Protección Social, junto al Instituto Nacional de Salud (INS), confirmó la detección en Colombia del virus Influenza A(H3N2), subclado K (J.2.4.1), en un caso importado asociado a viaje internacional desde Estados Unidos.

✈️🩺 El caso corresponde a una persona que presentó síntomas respiratorios leves, como fiebre, rinorrea y tos, tras un reciente viaje en crucero con salida desde Miami. La identificación inicial fue realizada por el Grupo de Genómica de Antioquia y posteriormente confirmada por el INS mediante prueba molecular.

🔬🧼 Las autoridades reiteran el llamado a mantener las medidas de prevención, fortalecer la vigilancia en salud pública y acudir oportunamente a los servicios médicos ante la presencia de síntomas respiratorios, especialmente en poblaciones de riesgo.",0,12/23/2025 11:45,https://www.instagram.com/p/DSnkGj1jzl3/,Imagen de Instagram,,Total,7132,3355,56,62,0,1,4
18030618884749032,17841401871496039,360radioco,360 Radio Colombia,"#Economía | Jonathan Malagón, presidente de Asobancaria, expresó preocupación por el decreto de emergencia económica del Gobierno, al advertir que la medida carece de fundamentos jurídicos y técnicos suficientes para el país.

#Colombia #notícias #asobancaria #actualidad #gobiernonacional",84,12/23/2025 11:09,https://www.instagram.com/reel/DSnfwg-gkRa/,Reel de Instagram,,Total,1862,1247,31,0,0,3,1
18115172326575624,17841401871496039,360radioco,360 Radio Colombia,"#Colombia | El registrador nacional Hernán Penagos habló sobre el proceso de revisión de firmas, garantías y plazos para los aspirantes que buscan participar en las elecciones presidenciales de 2026 en Colombia.

#elecciones2026 #actualidad #política #notícias",112,12/23/2025 10:22,https://www.instagram.com/reel/DSnadxJgpDK/,Reel de Instagram,,Total,1512,1168,19,0,0,1,2
18086498075102436,17841401871496039,360radioco,360 Radio Colombia,"❗ Presentamos la portada de la Revista 360 – Edición N.º 10: “El año de las decisiones”.

🔎 Una edición especial y anual que mira a Colombia con lupa: sus empresas, sus líderes y los grandes retos que marcarán el 2026. En estas páginas recorremos el país desde los sectores minero–energético e hidrocarburos, agro y medio ambiente, infraestructura, tecnología y telecomunicaciones, entre otros. 

🌏 Son 10 secciones y más de 60 invitados entre empresarios, expertos y actores clave, que ayudan a entender hacia dónde va la economía y qué decisiones estratégicas no pueden esperar.

Esta edición reúne un compendio de lo que fue 2025, logros, lecciones y alertas, y al mismo tiempo traza proyecciones para 2026 en los distintos sectores productivos: oportunidades de inversión, cambios regulatorios, innovación, talento y competitividad.

A nuestros aliados comerciales, gracias por creer en este proyecto y hacer posible otra edición de #Revista360. 

Muy pronto podrán leerla completa en su versión digital e impresa.📘

#Revista360 #ElAñoDeLasDecisiones #Colombia2026 #Empresas",0,12/23/2025 05:51,https://www.instagram.com/p/DSm7kpfjqPq/,Imagen de Instagram,,Total,12330,2917,93,8,2,0,7
17870154627484522,17841401871496039,360radioco,360 Radio Colombia,"#Mundo | El Comando Sur de EEUU informó que fuerzas de la Operación Lanza del Sur atacaron un semisumergible del narcotráfico en el Pacífico Oriental, dejando un narcoterrorista neutralizado durante operación militar.

#EE.UU #Internacional #Caribe #actualidad #donaldtrump #notícias",34,12/23/2025 05:38,https://www.instagram.com/reel/DSm6EwFAk-k/,Reel de Instagram,,Total,5691,3264,123,0,0,13,2
17885308827421576,17841401871496039,360radioco,360 Radio Colombia,"#Política | 🇨🇴🗳️ El tablero político rumbo a 2026 se mueve

Paloma Valencia se suma a #LaGranConsultaPorColombia, un bloque que busca unificar a la oposición y definir un candidato presidencial único 📊🤝.

La cita será el 8 de marzo de 2026, en un proceso que ya convoca a varios líderes y promete marcar el rumbo de la campaña 🔍🔥.

👉 ¿Unidad o fragmentación? El debate ya comenzó.

#Elecciones2026 #PolíticaColombiana #ConsultaInterpartidista #PalomaValencia #Oposición #colombiana 

@palomavalencial",0,12/22/2025 14:12,https://www.instagram.com/p/DSlQFhfkX3B/,Imagen de Instagram,,Total,5071,2988,102,2,0,13,0
18104052322676224,17841401871496039,360radioco,360 Radio Colombia,"#Envigado | 🏆🧡💚 ¡Envigado escribió una página histórica en los Juegos Departamentales! 💚🧡🏆
Con una delegación de más de 400 personas, nuestro municipio brilló en Copacabana y Girardota, logrando un resultado que no se alcanzaba desde hace 35 años. Fueron 355 medallas en total las que llevaron a Envigado al podio, demostrando que el trabajo en equipo, la disciplina y la pasión dan frutos extraordinarios. 🙌🔥

🥇🥈🥉 El talento envigadeño se hizo sentir en cada competencia. En los deportes convencionales, nuestros atletas conquistaron 202 medallas, entre ellas 76 de oro, un récord histórico para el municipio. Cada prueba, cada punto y cada llegada a la meta reflejaron el esfuerzo incansable de deportistas, entrenadores y todo un equipo comprometido con la excelencia. 💪🏽🏃‍♀️🏊‍♂️

🧡💚 El deporte adaptado nos llenó de orgullo. Envigado se coronó campeón con 153 medallas, gracias a 56 de oro, 59 de plata y 38 de bronce, confirmando que no existen barreras cuando se sueña en grande y se compite con el corazón. Gracias por su resiliencia, su amor por la bandera y por inspirarnos a creer que todo es posible. 🌟🏅

✨ Como reconocimiento a este enorme logro, nuestros deportistas recibirán incentivos económicos que seguirán fortaleciendo su desarrollo deportivo. Gracias por enaltecer a Envigado y recordarnos que siempre… ¡vale la pena soñar! 🏆🧡💚",0,12/22/2025 13:47,https://www.instagram.com/p/DSlNPrjjq1H/,Imagen de Instagram,,Total,1356,611,7,1,0,0,0
18198353419335291,17841401871496039,360radioco,360 Radio Colombia,"#Envigado l La comunidad envigadeña participó activamente en la rendición de cuentas del Índer Envigado 2025, un espacio de transparencia y diálogo en el que se socializaron los principales logros, avances y retos del instituto en materia de deporte, recreación y actividad física. Durante el encuentro, se destacaron los impactos alcanzados en programas de actividad física, desarrollo deportivo, infraestructura y apoyo a clubes y deportistas del municipio. 🏃‍♂️🏅

Este ejercicio reafirma el compromiso del Índer Envigado con la participación ciudadana y la gestión pública transparente, garantizando que la comunidad siga siendo protagonista en la construcción de una ciudad que promueve el deporte, la educación física y la recreación como pilares del bienestar y la calidad de vida en la Ciudad Señorial. 💚",0,12/22/2025 12:30,https://www.instagram.com/p/DSlEYm8E7i_/,Imagen de Instagram,,Total,1476,682,6,0,0,0,0
17973988952814717,17841401871496039,360radioco,360 Radio Colombia,"#Antioquia | Un grave accidente en Santa Elena, Antioquia, ocurrió tras la colisión entre un furgón y un bus, que volcó y cayó a un abismo, dejando 25 personas heridas, según autoridades.

#accidente #movilidad #notícias #Colombia #actualidad",32,12/22/2025 11:41,https://www.instagram.com/reel/DSk-yWPgnjg/,Reel de Instagram,,Total,7697,4127,52,14,0,5,4
18401473537125549,17841401871496039,360radioco,360 Radio Colombia,"#Envigado | 🏆🧡💚 ¡Vale la pena soñar! 💚🧡🏆
Envigado campeón en deporte adaptado de los Juegos Departamentales.

🔥 Nuestros Triunfadores de Vida lograron un total de 153 medallas:

🥇56 de oro
🥈59 de plata 
🥉38 de bronce

Este importante logro nos demuestra que no hay barreras para soñar en grande y competir con el alma.

Gracias por su disciplina, talento, resiliencia y amor por nuestra bandera.🧡💚

@inderenvigado",0,12/22/2025 10:09,https://www.instagram.com/p/DSk0R8DD29F/,Imagen de Instagram,,Total,1504,717,4,0,0,0,0
17960895374881981,17841401871496039,360radioco,360 Radio Colombia,"#Envigado | 🏆🧡💚 ¡Vale la pena soñar! 💚🧡🏆

Envigado hizo historia en los Juegos Deportamentales 2025: somos subcampeones en deportes convencionales 💥

🔥 Con 202 medallas, nuestra delegación brilló como nunca y alcanzó un logro que no vivíamos hace 35 años.

✨ Por primera vez en la historia conseguimos 76 medallas de oro en unos Juegos Departamentales. Un resultado soñado, trabajado y ganado con disciplina.

Durante dos semanas en Copacabana y Girardota, 400 deportistas, entrenadores, personal de apoyo y profesionales de la salud dejaron el alma en cada competencia para poner nuestra bandera en lo más alto.

🏅 26 disciplinas convencionales
👩‍⚕️ Un equipo humano extraordinario que convirtió sueños en victorias

🙌 Gracias por el esfuerzo, la entrega y el amor por nuestra bandera. 🧡💚

@inderenvigado",0,12/22/2025 10:06,https://www.instagram.com/p/DSk0BAzEU8w/,Imagen de Instagram,,Total,1617,834,6,0,0,0,1
18089661245055717,17841401871496039,360radioco,360 Radio Colombia,"#Colombia | La Supertransporte encontró graves irregularidades en la revisión técnico-mecánica del bus accidentado en Antioquia y suspendió por seis meses a la empresa Precoltur tras la muerte de 16 estudiantes jóvenes.

#actualidad #transito #notícias #accidente #notícias",114,12/22/2025 08:21,https://www.instagram.com/reel/DSknoSTgrfl/,Reel de Instagram,,Total,4946,3259,90,21,0,10,9
17849489034588276,17841401871496039,360radioco,360 Radio Colombia,"#Bogotá | La Autopista Norte está totalmente colapsada desde la calle 120 hacia el sur por protestas de recicladores. .
La UAESP asegura que hay voluntad de diálogo, pero rechaza las vías de hecho.

#movilidad #autopistanorte #actualidad #notícias #plantortuga",93,12/22/2025 05:46,https://www.instagram.com/reel/DSkWAe1AnDZ/,Reel de Instagram,,Total,3595,2538,39,7,0,1,0
18056251094334103,17841401871496039,360radioco,360 Radio Colombia,"#Mundo | La vicepresidenta Delcy Rodríguez confirmó el zarpe de un buque de Chevron con petróleo venezolano, evidenciando exportaciones en medio de crecientes tensiones políticas y energéticas entre Venezuela y Estados Unidos.

#petroleo #venezuela #internacional #energía #notícias #actualidad",36,12/22/2025 05:18,https://www.instagram.com/reel/DSkS5TOAhzt/,Reel de Instagram,,Total,7588,4307,48,3,0,8,3
18087977113997217,17841401871496039,360radioco,360 Radio Colombia,"#infraestrutura | 🚧✈️ Después de 50 años de espera, el Aeropuerto del Café por fin despega.

Aerocafé entra en un punto de no retorno: ya fue adjudicada su primera etapa y las obras arrancarán en 2026.
Serán $634.000 millones para una pista de 1.460 metros que impulsará el agro, el turismo y la conectividad del Eje Cafetero.

☕🌱 Más oportunidades, menos aislamiento y desarrollo para Caldas.
📅 Los primeros vuelos están previstos entre 2028 y 2029.

🔎 Conoce el avance de esta obra clave en 👉 www.360radio.con.co

#Colombia #Noticias #actualidad #Aerocafe #aeropuerto",73,12/20/2025 10:37,https://www.instagram.com/reel/DSftuezgn5B/,Reel de Instagram,,Total,1771,1357,20,0,1,1,1
18105527311734670,17841401871496039,360radioco,360 Radio Colombia,"#Mundo | Marco Rubio afirmó que terroristas y narcotraficantes representan la mayor amenaza regional, y destacó la alianza de Estados Unidos con países como Colombia para fortalecer cooperación, seguridad y estrategias conjuntas de combate contra estas redes.

#Colombia #política #actualidad #notícias #internacional",207,12/19/2025 11:24,https://www.instagram.com/reel/DSdOMGKAn5G/,Reel de Instagram,,Total,2105,1347,53,3,0,1,3
18099634120831448,17841401871496039,360radioco,360 Radio Colombia,"ATENCIÓN: Ministro de Hacienda confirma que están concretando una alternativa de declaración de emergencia económica tras hundimiento de la Ley de Financiamiento.

#Colombia #Economia",0,12/19/2025 10:52,https://www.instagram.com/p/DSdK5MzEkeq/,Imagen de Instagram,,Total,4088,1928,30,4,0,25,0
18158110498370524,17841401871496039,360radioco,360 Radio Colombia,"#ATENCIÓN 

Banco de La República mantuvo inalterada las tasas de interés en 9,25%, tras la reunión de diciembre. 

360radio.com.co",0,12/19/2025 10:09,https://www.instagram.com/p/DSdF8g7CR0f/,Imagen de Instagram,,Total,2248,1141,24,0,0,0,0
17890952682390979,17841401871496039,360radioco,360 Radio Colombia,"#Colombia | Esposado salió del Tribunal Superior de Bogotá el exministro de Hacienda Ricardo Bonilla, capturado por su presunta participación en el saqueo a la UNGRD y al Invías, según autoridades judiciales. Hoy se espera legalizar su captura. 

#notícias #actualidad #RicardoBonilla #judicial #política",31,12/19/2025 07:01,https://www.instagram.com/reel/DScwXWLgty9/,Reel de Instagram,,Total,6391,4578,114,8,1,14,0
18106535725646770,17841401871496039,360radioco,360 Radio Colombia,"#Mundo | Donald Trump afirmó que no necesita autorización del Congreso para atacar cárteles en Venezuela, dijo que informaría a legisladores, pero teme filtraciones sobre planes militares durante operativos antidrogas en el Caribe, en aguas internacionales cercanas.

#notícias #internacional #EE.UU #venezuela #Caribe #actualidad",35,12/18/2025 13:46,https://www.instagram.com/reel/DSa53Y8grtB/,Reel de Instagram,,Total,2665,1599,47,0,0,0,0
18188987329343014,17841401871496039,360radioco,360 Radio Colombia,"#Colombia | El registrador Hernán Penagos anunció que inició la revisión de las firmas entregadas por ciudadanos y movimientos que buscan avalar candidaturas presidenciales mediante el mecanismo de recolección ciudadana en curso.

#Elecciones2026 #política #actualidad #notícias",118,12/18/2025 11:13,https://www.instagram.com/reel/DSaoRKMAida/,Reel de Instagram,,Total,1674,1205,21,0,0,0,0
17842673562658418,17841401871496039,360radioco,360 Radio Colombia,"#Mundo | El presidente de Brasil, Luiz Inácio Lula da Silva, anunció que vetará una ley del Congreso que reduciría la condena por golpismo del expresidente Jair Bolsonaro de prisión actualmente vigente.

#Brasil #Noticias #actualidad #internacional",41,12/18/2025 08:47,https://www.instagram.com/reel/DSaXrILAs7d/,Reel de Instagram,,Total,3923,2335,41,1,0,8,2
18038438393715933,17841401871496039,360radioco,360 Radio Colombia,"#Bogotá | El fin de semana inicia el plan éxodo en Bogotá y la Secretaría de Movilidad estima que más de 900 mil vehículos saldrán de la ciudad este fin de semana para iniciar los viajes de fin de año en el país.

#Movilidad #Noticias #Findeaño #actualidad #seguridadvial",49,12/18/2025 06:42,https://www.instagram.com/reel/DSaJTlqgtxD/,Reel de Instagram,,Total,1004,727,4,0,0,0,0
18083919557143638,17841401871496039,360radioco,360 Radio Colombia,"#Mundo | En discurso de cierre de año, el presidente de Estados Unidos, Donald Trump, aseguró fortaleció poder militar, resolvió ocho guerras, eliminó amenaza nuclear iraní y terminó la guerra Gaza mundial.

#Noticias #actualidad #internacional #Donaldtrump #Seguridad",53,12/18/2025 05:23,https://www.instagram.com/reel/DSaAXQcAjFg/,Reel de Instagram,,Total,4772,2723,77,0,0,4,5
18157471480411706,17841401871496039,360radioco,360 Radio Colombia,"#Colombia | La precandidata Vicky Dávila invitó a Paloma Valencia, Juan Carlos Pinzón y otros aspirantes a sumarse a una gran coalición durante el lanzamiento de la Gran Consulta por Colombia presidencial.

#Elecciones2026 #actualidad #Política #notícias #coalición",41,12/17/2025 12:16,https://www.instagram.com/reel/DSYK0Gsgn0D/,Reel de Instagram,,Total,1447,1051,15,0,0,0,0
18111152767615056,17841401871496039,360radioco,360 Radio Colombia,"#Política | El precandidato presidencial Mauricio Cárdenas anunció que no participará en encuestas e invitó a votar el 8 de marzo por la coalición conformada con otros aspirantes a la presidencia.

#elecciones2026 #actualidad #coalición #notícias #Colombia",67,12/17/2025 08:17,https://www.instagram.com/reel/DSXvVwdAjzQ/,Reel de Instagram,,Total,2906,1828,53,0,0,12,0
18063737663450533,17841401871496039,360radioco,360 Radio Colombia,"#Colombia | Ola de violencia armada por parte de disidencias de Iván Mordisco en Buenos Aires Cauca, dejó cinco policías heridos y causó destrucción en la Alcaldía, estación de Policía y sede del Banco Agrario local.

#ahora #seguridad #notícias #suarescauca #actualidad #ministeriodefensa",36,12/17/2025 06:41,https://www.instagram.com/reel/DSXkcN0Ao_N/,Reel de Instagram,,Total,2212,1556,19,3,0,1,1
18076513223218424,17841401871496039,360radioco,360 Radio Colombia,"#Empresas | La Junta Directiva de Grupo Argos informa que ha designado a Juan Esteban Calle como próximo Presidente de Grupo Argos, decisión que será efectiva a partir del 1 de abril de 2026. 

Calle sucederá a Jorge Mario Velásquez.",0,12/16/2025 15:59,https://www.instagram.com/p/DSV_miEjlAm/,Imagen de Instagram,,Total,7098,3081,129,8,1,1,2
18065319671428179,17841401871496039,360radioco,360 Radio Colombia,"#Colombia | Juan Daniel Oviedo confirmó la coalición con David Luna, Juan Manuel Galán, Aníbal Gaviria, Mauricio Cárdenas y Vicky Dávila para participar en la consulta interpartidista del 8 de marzo presidencial.

#política #actualidad #Elecciones2026 #notícias",61,12/16/2025 13:10,https://www.instagram.com/reel/DSVsHwbAkKg/,Reel de Instagram,,Total,4694,2917,116,2,1,17,1
18053582471354922,17841401871496039,360radioco,360 Radio Colombia,"#Bogotá | Momentos de tensión se viven en San Andresito San José debido a operativos que adelantan las autoridades en varios locales comerciales, donde realizan inspecciones y controles para verificar cumplimiento de normas y legalidad vigentes actuales.

#Seguridad #notícias #sanandresito #Comercio #actualidad #ahora",41,12/16/2025 12:50,https://www.instagram.com/reel/DSVp6fWgmmt/,Reel de Instagram,,Total,10418,7663,123,25,3,4,6
17869671579418198,17841401871496039,360radioco,360 Radio Colombia,"#Colombia | Efraín Cepeda, elegido presidente del Partido Conservador, anunció reuniones con otros partidos para evaluar una encuesta como mecanismo electoral, en lugar de participar en las consultas interpartidistas previstas para marzo próximo año.

#política #actualidad #partidoconservador #notícias #elecciones2026",60,12/16/2025 12:23,https://www.instagram.com/reel/DSVmvdEAmf6/,Reel de Instagram,,Total,1931,1301,30,0,0,3,1
18024148949785167,17841401871496039,360radioco,360 Radio Colombia,"#Colombia | El ministro del Interior, Armando Benedetti, arremetió contra la Comisión Séptima del Senado, calificando de “baja, cochina y rastrera” su actuación para garantizar el hundimiento de la reforma a la Salud en debate legislativo nacional.

#Comisiónseptima #notícias #política #Salud #actualidad #Benedetti",56,12/16/2025 10:12,https://www.instagram.com/reel/DSVX1FnAuJA/,Reel de Instagram,,Total,1942,1360,21,0,0,54,0
18441821398099996,17841401871496039,360radioco,360 Radio Colombia,"#Colombia | Ante el aumento del virus influenza AH3N2 en Europa y otros continentes, Salud del Valle activó vigilancia epidemiológica y llamó al autocuidado y vacunación, informó la secretaria María Cristina Lesmes.

#Salud #H1N3 #notícias #Actualidad #360radio",55,12/16/2025 08:32,https://www.instagram.com/reel/DSVMU7ggmxi/,Reel de Instagram,,Total,2019,1539,22,15,0,1,0
18137527672463631,17841401871496039,360radioco,360 Radio Colombia,"#Colombia | El ministro Guillermo Alfonso Jaramillo reiteró que el Gobierno ha aumentado los recursos asignados al sistema de salud, destacando mayores inversiones para fortalecer la atención y los servicios médicos nacionales.

#actualidad #Salud #notícias #presidencia #informacion",114,12/16/2025 08:13,https://www.instagram.com/reel/DSVKJFugo5_/,Reel de Instagram,,Total,1371,1046,8,0,0,7,0
18114541897603767,17841401871496039,360radioco,360 Radio Colombia,"#Colombia | Se registra fuerte hostigamiento contra la Fuerza Pública en Buenos Aires, norte del Cauca, donde un grupo armado atacó con explosivos y ráfagas de fusil la estación de Policía, sin heridos.

#Seguridad #hostigamiento #notícias #Cauca #fuerzapublica #actualidad #ahora",59,12/16/2025 06:39,https://www.instagram.com/reel/DSU_csjAv6T/,Reel de Instagram,,Total,1633,1086,21,6,0,2,0
18082575974150696,17841401871496039,360radioco,360 Radio Colombia,"#Medellín | ""Por temporada de Navidad y vacaciones, levantamos la medida de pico y placa desde el martes 23 de Diciembre de 2025 hasta el viernes 16 de Enero de 2026. Ambas fechas incluidas"", dijo Fico Gutiérrez. 

Se reinicia el pico y placa el lunes 19 de Enero de 2026 con los mismos números de placas que hoy aplica.",0,12/16/2025 06:28,https://www.instagram.com/p/DSU-OSNDJ0t/,Imagen de Instagram,,Total,5179,2815,67,50,0,0,2
17915521206098556,17841401871496039,360radioco,360 Radio Colombia,"#Colombia | Tras la elección de Paloma Valencia como candidata presidencial del Centro Democrático, el expresidente Álvaro Uribe destacó su liderazgo y aseguró públicamente: “Vamos a ganar con Paloma” en las elecciones.

#político #actualidad #centrodemocratico #elecciones2025 #notícias",111,12/16/2025 05:41,https://www.instagram.com/reel/DSU4u32AhZl/,Reel de Instagram,,Total,1849,1260,54,0,0,9,2
18081607451144614,17841401871496039,360radioco,360 Radio Colombia,"#AHORA | Luego de un proceso largo y complejo, el Centro Democrático resolvió su contienda interna y eligió a Paloma Valencia como su candidata para las elecciones 2026.",0,12/15/2025 14:28,https://www.instagram.com/p/DSTQZH1DvnO/,Imagen de Instagram,,Total,6275,2997,255,43,1,16,2
18073416911590483,17841401871496039,360radioco,360 Radio Colombia,"#Mundo | Chile enviará una nota de protesta al presidente Gustavo Petro por sus “dichos inaceptables” tras el triunfo de José Antonio Kast. Petro afirmó: “jamás le daré la mano a un nazi”

#Chile #Colombia #notícias #actualidad #internacional",118,12/15/2025 11:38,https://www.instagram.com/reel/DSS8tbTgnvn/,Reel de Instagram,,Total,6854,4848,283,12,2,36,6
18080982617330994,17841401871496039,360radioco,360 Radio Colombia,"#bogotá | El alcalde Carlos Fernando Galán criticó negociaciones del Gobierno con el ELN tras amenazas de ingresar a capitales del país.

#Colombia #Noticias #paroarmado #actualidad #Seguridad",76,12/15/2025 05:26,https://www.instagram.com/reel/DSSSOUXguwm/,Reel de Instagram,,Total,2015,1333,56,5,2,2,3
18065836856629321,17841401871496039,360radioco,360 Radio Colombia,"#Mundo | Gabriel Boric llamó a José Antonio Kast tras ganar la segunda vuelta, y ambos manifestaron disposición a trabajar conjuntamente para garantizar una transición ordenada y responsable del nuevo gobierno chileno.
Ambos gobiernos son de ultra derecha, representando a los chilenos.

#eleccioneschile #notícias #actualidad #Chile #internacional",112,12/14/2025 16:07,https://www.instagram.com/reel/DSQ2yNVAuCO/,Reel de Instagram,,Total,3841,2765,129,4,1,7,2
18109511314620417,17841401871496039,360radioco,360 Radio Colombia,"#Mundo | Atentado terrorista sacudió celebración de Janucá en Bondi Beach, Sídney: dos atacantes dispararon contra asistentes y fueron abatidos por la Policía; autoridades investigan y refuerzan seguridad tras el ataque reciente.

#Atentadosidney #atentadoterrorista #Australia #notícias #actualidad",99,12/14/2025 08:04,https://www.instagram.com/reel/DSP_bDbgmnR/,Reel de Instagram,,Total,7980,4913,117,100,3,7,12
18083119324884734,17841401871496039,360radioco,360 Radio Colombia,"#Colombia | La plataforma que revolucionó el turismo podría operar solo hasta el 18 de diciembre, según reveló el periodista José Carlos García.

Un borrador de decreto del MinComercio endurecería las reglas, exigiendo a Airbnb operar prácticamente como un hotel. 🏨📄

Aunque no hay confirmación oficial, el panorama genera incertidumbre para miles de anfitriones que dependen de esta plataforma.

¿Crees que Airbnb se quedará o se irá del país? 💬

#Airbnb #turismocolombia #EconomíaDigital #Regulación #noticiascolombia",84,12/13/2025 10:58,https://www.instagram.com/reel/DSNumaiAhxP/,Reel de Instagram,,Total,1053,829,15,5,0,1,0
18075666644259403,17841401871496039,360radioco,360 Radio Colombia,"#Mundo | Donald Trump advirtió que ataques por tierra comenzarán pronto y no se limitarán a Venezuela; mencionó a Colombia, expresó inconformidad por narcotráfico y afirmó existencia de tres fábricas de cocaína.

#internacional #actualidad #notícias #EE.UU #maduro #Venezuela",71,12/13/2025 06:07,https://www.instagram.com/reel/DSNNXgWgqpY/,Reel de Instagram,,Total,3713,2118,85,5,0,1,3
18084405515510397,17841401871496039,360radioco,360 Radio Colombia,"#Ahora | ✈️ Caos aéreo en Barranquilla: 

Tras más de seis horas de suspensión en el Ernesto Cortissoz por un avión de Aerosucre varado, Aerolíneas activan transporte especial para movilizar a pasajeros de vuelos cancelados. Ahora podrán salir desde Santa Marta y Cartagena.

#Cartagena #aeropuertoernestocortissoz #notícias #actualidad #atencion",56,12/12/2025 06:40,https://www.instagram.com/reel/DSKsYMjgpJC/,Reel de Instagram,,Total,2752,1648,23,3,0,2,1
18159667465404524,17841401871496039,360radioco,360 Radio Colombia,"#Mundo | Maduro denunció que EE. UU. actuó como “piratas del Caribe” al incautar un buque petrolero y afirmó que su tripulación está “desaparecida”, mientras Washington confirmó interrogatorios.

#Venezuela #EE.UU #actualidad #notícias #internacional",101,12/12/2025 05:53,https://www.instagram.com/reel/DSKm8dDAj_j/,Reel de Instagram,,Total,2361,1402,16,1,0,6,0
18131944222441592,17841401871496039,360radioco,360 Radio Colombia,"#Mundo | Karoline Levitt, portavoz de la Casa Blanca, aseguró que esperarán que el presidente Trump responda personalmente a la invitación a Cartagena realizada por el mandatario colombiano Gustavo Petro.

#notícias #internacional #EE.UU #Petro #Donaldtrump #actualidad",27,12/11/2025 11:56,https://www.instagram.com/reel/DSIrvIpghhl/,Reel de Instagram,,Total,4881,2670,47,0,0,7,5
18097735720859657,17841401871496039,360radioco,360 Radio Colombia,"#Mundo | Tropas militares de Estados Unidos incautaron un gran barco petrolero frente a la costa de Venezuela, en un operativo que refleja la tensión regional y la presión de EE.UU en su lucha contra el tráfico ilegal. 

#venezuela #notícias #EE.UU #actualidad #seguridad",49,12/11/2025 10:06,https://www.instagram.com/reel/DSIfDugggcc/,Reel de Instagram,,Total,4760,2741,91,5,0,6,2
17898117318205188,17841401871496039,360radioco,360 Radio Colombia,"#Política | El expresidente @alvarouribevelez  alertó sobre la critica situación que vive el país a raíz de las decisiones que se han tomado en los últimos años, fue enfático en comparar el actual gobierno con ideales 'castristas' que gobernaron a Cuba.",0,12/11/2025 08:35,https://www.instagram.com/p/DSIU08ujmtX/,Imagen de Instagram,,Total,5730,3050,178,0,0,97,3
17891217189253817,17841401871496039,360radioco,360 Radio Colombia,"#Colombia | Fabio Arias, presidente de la CUT, reiteró que mantienen la exigencia de un incremento salarial de dos dígitos en las negociaciones actuales.

#Empresas #economía #notícias #salariominimo #actualidad",43,12/11/2025 08:28,https://www.instagram.com/reel/DSIT7r4AiJI/,Reel de Instagram,,Total,3029,2170,28,2,0,16,1
18166742278376903,17841401871496039,360radioco,360 Radio Colombia,"#Mundo | La nobel de paz aseguró que su tarea ahora es fortalecer la voluntad de los venezolanos, destacando que han logrado “lo imposible” en medio de la crisis política. Aunque no descartó aspirar a la presidencia de Venezuela en el futuro.

#Noticias #maduro #corina #actualidad",54,12/11/2025 06:30,https://www.instagram.com/reel/DSIGavbAplS/,Reel de Instagram,,Total,1046,693,26,0,0,2,1
18049840307416766,17841401871496039,360radioco,360 Radio Colombia,"#Empresas | El Consejo Gremial eligió a Natalia Gutiérrez como su nueva presidenta para 2026. Su principal desafío será liderar el diálogo entre la transición del gobierno Petro y la nueva administración, con el propósito de impulsar el desarrollo y la estabilidad de las empresas del país.

@natalia_gutierrezj",0,12/10/2025 15:40,https://www.instagram.com/p/DSGgrMak4UU/,Imagen de Instagram,,Total,4148,2216,38,1,0,0,0
17926892964035776,17841401871496039,360radioco,360 Radio Colombia,"#Colombia | Trump lanzó una nueva advertencia a Petro, afirmando que Colombia “produce mucha droga” y podría ser el “siguiente objetivo” tras el despliegue militar estadounidense en el Caribe.

#Mundo #EE.UU #Caribe #Donaltrump #Noticias #actualidad",67,12/10/2025 13:39,https://www.instagram.com/reel/DSGSluXgmB8/,Reel de Instagram,,Total,2004,1236,67,1,1,8,2
17931674961114321,17841401871496039,360radioco,360 Radio Colombia,"#Economía | 📌El órgano encabezado por Jerome Powell redujo nuevamente el costo del dinero en 25 puntos base, ubicándolo ahora en un rango de entre 3.50 % y 3.75 %, el nivel más bajo del año.

⛓️‍💥 La decisión contó con tres votos disconformes: el vicepresidente Stephen Miran, el caballo de Troya de Trump en la Fed, apostó por rebajar los tipos en 0,5 puntos. Por el contrario, el presidente de la Reserva Federal de Chicago, Austan Goolsbee; y el gobernador de la Fed regional de Kansas, Jeffrey Schmid, votaron por detener la reducción del precio del dinero.

👉🏼Lea la nota completa en 360radio.com.co",0,12/10/2025 11:17,https://www.instagram.com/p/DSGCiFFkyHD/,Imagen de Instagram,,Total,1731,849,15,3,0,0,1
17862413442469170,17841401871496039,360radioco,360 Radio Colombia,"#Colombia | Sergio Fajardo confirmó que no irá a las consultas de marzo y llamó a construir una nueva mayoría mediante encuestas calificadas que reúnan a quienes deseen unirse.

#Politíca #notícias #elecciones2025 #actualidad #fajardo",117,12/10/2025 10:04,https://www.instagram.com/reel/DSF56eBghC8/,Reel de Instagram,,Total,2517,1675,42,0,0,55,2
17886794502404394,17841401871496039,360radioco,360 Radio Colombia,"#Bogotá | Indígenas identificados como Emberá ingresaron al Portal 80 de TransMilenio sin pagar. Las comunidades permanecen desde la madrugada cerca del puente de Guadua, generando preocupación.

#transporte #transmilenio #Calle80 #Noticias #bloqueos",46,12/10/2025 07:52,https://www.instagram.com/reel/DSFq7R4gjtY/,Reel de Instagram,,Total,4514,3284,48,17,0,11,1
18116373178583861,17841401871496039,360radioco,360 Radio Colombia,"Bavaria anunció que Michelob Ultra será patrocinador oficial de la FIFA World Cup 2026™️, un movimiento que refuerza la presencia de la marca en los grandes escenarios del fútbol mundial. El anuncio se realizó durante el sorteo del torneo y estuvo acompañado de una apuesta clave: el lanzamiento de una nueva plataforma pensada para invitar a los hinchas a ser parte activa de la conversación global alrededor del Mundial.

📍Se trata de Grupo M, el espacio simbólico desde el cual los fans vivirán el torneo desde una perspectiva superior gracias a Superior Access. Esta propuesta brindará a los consumidores beneficios exclusivos, activaciones especiales y experiencias únicas diseñadas para acercarlos como nunca antes a la emoción del campeonato, incluyendo invitaciones a partidos, hospitalidad especial y espacios privilegiados para vivir el Mundial.",0,12/10/2025 06:55,https://www.instagram.com/p/DSFkl1yjpJW/,Imagen de Instagram,,Total,111096,16465,198,6,4,4,4
18080072557909620,17841401871496039,360radioco,360 Radio Colombia,"#Mundo | María Corina Machado cerró su discurso, en voz de su hija Ana Corina Sosa, agradeciendo a los venezolanos anónimos que arriesgan sus vidas para defender la democracia.

#Paz #Nobel #Noticias #actualidad",59,12/10/2025 06:38,https://www.instagram.com/reel/DSFigIwgusm/,Reel de Instagram,,Total,3622,2172,152,4,0,2,0
17903238108325437,17841401871496039,360radioco,360 Radio Colombia,"#Mundo | Nicolás Maduro, anunció una decisión que podría marcar un nuevo capítulo en la relación energética entre su país y Colombia: el inicio de exportaciones de gas hacia territorio colombiano. Durante su declaración, Maduro afirmó que el primer envío no será una transacción comercial, sino una donación destinada a beneficiar directamente a las comunidades que habitan en la zona fronteriza

#notícias #Energía #Actualidad #Colombia",128,12/10/2025 05:43,https://www.instagram.com/reel/DSFcGVGAgoN/,Reel de Instagram,,Total,5415,3054,48,2,0,21,5
18114377884584486,17841401871496039,360radioco,360 Radio Colombia,"#Colombia | El ministro de Trabajo, Antonio Sanguino, reveló las propuestas para el aumento del salario mínimo en 2026: las centrales obreras piden un 16% y los empresarios un 7.21%. Ahora el Gobierno, junto al presidente Gustavo Petro, evaluará ambas cifras para avanzar hacia un acuerdo equilibrado para el país.

#Trabajo #Salariominimo #notícias #actualidad",99,12/09/2025 12:58,https://www.instagram.com/reel/DSDpI_Igp97/,Reel de Instagram,,Total,2823,1749,22,2,1,2,0
18543370306061113,17841401871496039,360radioco,360 Radio Colombia,"#Colombia | El senador Efraín Cepeda celebró el hundimiento de la Reforma Tributaria y afirmó que el país necesita una propuesta fiscal seria, consensuada y enfocada en reactivar la economía.

#política #notícias #Reformatributaria #actualidad",113,12/09/2025 12:30,https://www.instagram.com/reel/DSDlyx2gjQD/,Reel de Instagram,,Total,2276,1867,183,1,1,6,2
18329813707214294,17841401871496039,360radioco,360 Radio Colombia,"#AHORA 

El proyecto de Ley de Financiamiento o Reforma Tributaria presentado por el Gobierno nacional al Congreso, con el objetivo de recaudar $16.3 billones, fue rechazado en las Comisiones económicas.",0,12/09/2025 10:16,https://www.instagram.com/p/DSDW0mTEQWq/,Imagen de Instagram,,Total,5207,2993,203,6,0,28,1
18087232373079554,17841401871496039,360radioco,360 Radio Colombia,"#Antioquia | Un atentado terrorista se registró en el peaje Palocabildo, en la vía vieja entre Copacabana y Barbosa, Antioquia. Testigos afirmaron que varios hombres, identificándose como miembros del ELN, evacuaron a los trabajadores y luego detonaron un artefacto explosivo. 

Las autoridades investigan el hecho y refuerzan la seguridad en la zona.

#Colombia #notícias #ELN #actualidad #pejaes",19,12/09/2025 09:30,https://www.instagram.com/reel/DSDRerRAqnL/,Reel de Instagram,,Total,5114,3355,33,10,0,0,1
17895325902221015,17841401871496039,360radioco,360 Radio Colombia,"#Mundo | Diosdado Cabello cuestionó la propuesta de Panamá para mediar entre Venezuela y EE. UU., asegurando que es un asunto que debe resolverse sin intervenciones externas ni presiones.

#Venezuela #Noticias #Panama #actualidad #EE.UU",98,12/09/2025 07:13,https://www.instagram.com/reel/DSDBh4DgnfB/,Reel de Instagram,,Total,3277,2003,19,0,0,0,0
18087583702957396,17841401871496039,360radioco,360 Radio Colombia,"#Colombia | Sergio Fajardo confirmó en las últimas horas que no irá a consultas de marzo. 

¿Está de acuerdo con esta decisión?",0,12/09/2025 06:36,https://www.instagram.com/p/DSC9mwojOJg/,Imagen de Instagram,,Total,2900,1428,35,0,0,19,1
18324826111301323,17841401871496039,360radioco,360 Radio Colombia,"#Ahora | Un tractocamión chocó contra un poste y su carga cayó sobre la Av. Centenario con Av. Boyacá, sentido oriente-occidente. El incidente genera fuerte afectación vial en la zona. Las autoridades recomiendan tomar rutas alternas como la Av. Guayacanes y la Av. Esperanza mientras avanzan las labores de atención.

#Bogota #transito #movilidad #notícias #actualidad",26,12/09/2025 06:29,https://www.instagram.com/reel/DSC8sDRgkLQ/,Reel de Instagram,,Total,4898,3058,27,3,0,0,1
18079787680897882,17841401871496039,360radioco,360 Radio Colombia,"#Antioquia | El departamento apuesta en grande.
El gobernador Andrés Julián Rendón busca asegurar $2,6 billones en vigencias futuras por 30 años para reactivar el Ferrocarril de Antioquia, con dos posibles rutas entre Bello–Barbosa o Puerto Berrío–Caldas.
La meta: garantizar un proyecto férreo que trascienda gobiernos y conecte al departamento.

Más en www.360Radio.com.co

#Medellin #movilidad #Infraestructura #notícias #actualidad #gobernaciónantioquia",92,12/08/2025 16:38,https://www.instagram.com/reel/DSBddy1AgVP/,Reel de Instagram,,Total,1002,762,17,3,0,0,1
18102890290672677,17841401871496039,360radioco,360 Radio Colombia,"#Empresa | 🌎💼 La competencia por atraer inversión y talento en Latinoamérica no solo se juega en la innovación: también en el precio del metro cuadrado. Las oficinas premium se han convertido en un termómetro del dinamismo económico, la demanda corporativa y la capacidad de cada ciudad para posicionarse como centro de negocios.

📈✨ Este ranking revela cuáles urbes están liderando la región con los espacios corporativos más costosos, reflejando su consolidación como polos de crecimiento, modernización y proyección internacional. En este listado conviven ciudades que llevan años como referentes financieros con otras que sorprenden por su rápido ascenso.

🏙️🚀 Para empresas, inversionistas y profesionales, entender estas tendencias es clave: no solo muestran dónde se está moviendo el mercado, sino también hacia dónde se dirige el futuro laboral y corporativo en América Latina. La región sigue transformándose… y sus ciudades también.",0,12/08/2025 10:30,https://www.instagram.com/p/DSAzicKgP_x/,Imagen de Instagram,,Total,5016,2147,40,1,0,0,4
17869127871490718,17841401871496039,360radioco,360 Radio Colombia,"#colombia | Jeffrey Fajardo, líder ejecutivo de Porkcolombia, contó en 360 Radio cómo la porcicultura impulsa el desarrollo económico del país, resaltó las regiones que marcan la diferencia; además, indicó que, de seguir así el sector porcicultor, será el más importante del agro en la próxima década.

#Agro #economía #notícias #360Radio #Pocicultura #porkcolombia #atualidad",82,12/07/2025 09:14,https://www.instagram.com/reel/DR-F3sBAu8g/,Reel de Instagram,,Total,4126,2954,51,3,2,0,3
18303399319283498,17841401871496039,360radioco,360 Radio Colombia,"#Economía l 🌍 En un mundo que avanza hacia pagos digitales, aún hay territorios donde el efectivo sigue marcando el ritmo diario. Desde mercados tradicionales hasta zonas con baja penetración tecnológica, el billete físico continúa siendo el puente principal para realizar compras y transacciones cotidianas.

📊 Nuevas cifras muestran que en varios países el uso del efectivo supera el 90% de la población, ya sea por falta de acceso a servicios financieros, desconfianza en los sistemas electrónicos o simplemente por costumbre cultural. Mientras tanto, otros territorios avanzan más rápido hacia modelos digitales, creando un contraste evidente en la región.

🇨🇴 Colombia aparece en la posición 25, con un 70% de uso de dinero físico, una cifra que refleja la transición gradual hacia la digitalización, pero también la necesidad de fortalecer infraestructura y confianza en los medios virtuales.",0,12/07/2025 08:30,https://www.instagram.com/p/DR-BAG7jWPa/,Imagen de Instagram,,Total,9335,2950,91,4,1,0,12
18086066489087232,17841401871496039,360radioco,360 Radio Colombia,"#medellín | ✨ ¿Planeando tu ruta de alumbrados en Medellín? ✨
Parques del Río, el paseo por el río Medellín, Parque Norte, El Poblado, Envigado y los bulevares de Laureles te esperan con miles de figuras y millones de luces. Todo creado por más de 440 artesanos, incluidos 150 madres cabeza de familia.

#navidad#alumbradosmedellin #findeaño #EPM#notícias",89,12/06/2025 10:02,https://www.instagram.com/reel/DR7mYZygp_H/,Reel de Instagram,,Total,1142,753,29,7,6,0,1
18088071542292813,17841401871496039,360radioco,360 Radio Colombia,"#ATENCIÓN 

Inflación de Colombia se ubicó en 5,30% durante noviembre. 

Cifra que será clave para la discusión del salario mínimo de 2026. 

360radio.com.co",0,12/05/2025 15:03,https://www.instagram.com/p/DR5kd9JGNf3/,Imagen de Instagram,,Total,2764,1229,24,0,0,2,0
18070361027602978,17841401871496039,360radioco,360 Radio Colombia,"#Colombia | Luego de conocerse los rivales de @fcfseleccioncol ¿cómo cree que le irá al combinado colombiano en el Mundial 2026? 

La selección enfrentará a la Portugal de Cristiano Ronaldo y se medirá también a Uzbekistán y el ganador del repechaje de la CONCACAF. Déjanos tu comentario acerca de cómo crees que le irá a Colombia en el Mundial.",0,12/05/2025 14:29,https://www.instagram.com/p/DR5gkAPloyj/,Imagen de Instagram,,Total,7177,2437,60,1,0,6,1
18095371849854119,17841401871496039,360radioco,360 Radio Colombia,"#Colombia | Jeffrey Fajardo, presidente de Porkcolombia, habló con 360 Radio sobre el papel clave de la porcicultura en la economía nacional, el liderazgo regional y las expectativas del gremio frente al próximo presidente en 2026. Un análisis imprescindible para entender el futuro del sector porcicultor en Colombia.

#Agro #porcicultura #actualidad #economía #desarrolloregional",145,12/05/2025 12:35,https://www.instagram.com/reel/DR5TMpvAizF/,Reel de Instagram,,Total,3386,2598,109,10,6,3,2
18071508431068719,17841401871496039,360radioco,360 Radio Colombia,"#Colombia | El Partido Conservador sí estará en la consulta interpartidista. Así lo confirmó la senadora Nadia Blel, destacando el compromiso con el proceso electoral. 🗳️

#Elecciones2026 #política #notícias #actualidad #partidocoservador",97,12/05/2025 12:22,https://www.instagram.com/reel/DR5RtQEglKC/,Reel de Instagram,,Total,2379,1470,30,2,1,4,0
18021815996789368,17841401871496039,360radioco,360 Radio Colombia,"#Colombia Juan Carlos Pinzón oficializó su intención de participar en la consulta interpartidista del 8 de marzo de 2026, en busca de liderar una coalición amplia con respaldo ciudadano.",0,12/05/2025 07:23,https://www.instagram.com/p/DR4v2LPgc8T/,Imagen de Instagram,,Total,4394,2267,94,43,0,32,1
18097240987834050,17841401871496039,360radioco,360 Radio Colombia,"#Bogotá | El alcalde Galán anunció que Pico y Placa NO aplicará el 26 de diciembre ni el 2 de enero en Bogotá. El resto del mes sigue vigente; además, añadió que habrá pico y placa regional los puentes festivos del 8 de diciembre y el 12 de enero. 🚗

#trafico #Actualidad #noticiasdemovildiad #bogotamovilidad #Noticias #picoyplacabogotá",50,12/05/2025 07:05,https://www.instagram.com/reel/DR4thsMgrTq/,Reel de Instagram,,Total,1156,723,15,5,0,0,3
18081676466129151,17841401871496039,360radioco,360 Radio Colombia,"#Mundo | El Comando Sur de EE. UU. confirmó que una narcolancha fue atacada en el Pacífico, dejando un cargamento de droga incautado en ruta del narcotráfico. 

#luchacontraelnarcotráfico #notícias #actualidad #donaldtrump #Colombia",28,12/05/2025 05:29,https://www.instagram.com/reel/DR4ilK-gpJT/,Reel de Instagram,,Total,2862,1593,59,0,0,10,0
18110475064545564,17841401871496039,360radioco,360 Radio Colombia,"#Política | 📌El precandidato presidencial aseguró que su decisión responde a un compromiso adquirido con los ciudadanos que respaldaron su aspiración con casi cinco millones de firmas, un capital político que, según dijo, debe honrar sin someterlo a negociaciones internas.

🔗De la Espriella insistió en que su aspiración apunta a la primera vuelta presidencial, prevista para mayo de 2026, y que su campaña continuará bajo esa premisa. 

👉Lea la nota completa en 360Radio.com.co",0,12/04/2025 13:33,https://www.instagram.com/p/DR21V6ND8e4/,Imagen de Instagram,,Total,4222,2115,159,0,0,46,3
18215073055309307,17841401871496039,360radioco,360 Radio Colombia,"#Colombia | En la tarde de este jueves 4 de diciembre, el presidente Gustavo Petro respondió a las advertencias de Trump y pidió a las Fuerzas Militares estar listas para proteger a Colombia. El diálogo, dijo, nunca será bajo amenazas.

#política #actualidad #notícias #donaldtrump #gustavopetro #Información",85,12/04/2025 12:30,https://www.instagram.com/reel/DR2t5YNAikA/,Reel de Instagram,,Total,7433,4307,58,4,0,121,6
17888166777401162,17841401871496039,360radioco,360 Radio Colombia,"#Colombia | El precandidato presidencial afirmó que su decisión obedece al compromiso asumido con los ciudadanos que respaldaron su aspiración con casi cinco millones de firmas.

#Elecciones2026 #Centrodemocratico #Noticias #actualidad",41,12/04/2025 11:34,https://www.instagram.com/reel/DR2nlZdAuQJ/,Reel de Instagram,,Total,8834,5319,373,14,2,64,9
17870907885396256,17841401871496039,360radioco,360 Radio Colombia,"#Empresas l La Cámara Colombiana de la Infraestructura (CCI) anunció que su Junta Directiva Nacional eligió por unanimidad a María Consuelo Araújo Castro como nueva presidenta ejecutiva del gremio. El relevo se hará efectivo el 25 de febrero de 2026, durante la Asamblea Estatutaria, y marcará el cierre del ciclo de más de dos décadas de Juan Martín Caicedo Ferrer al frente de la entidad. @camaradelainfra",0,12/04/2025 08:36,https://www.instagram.com/p/DR2TWsPk6nF/,Imagen de Instagram,,Total,2955,1442,51,0,0,1,1
18086740552989270,17841401871496039,360radioco,360 Radio Colombia,"#Colombia | Continúa la actividad sísmica en el volcán Puracé: dos emisiones de ceniza alcanzaron 700 metros. Organismos de emergencia mantienen el monitoreo y avanza la evacuación preventiva en la zona.

#Volcánpuracaé #notícias #sismo #actualidad #volcan",89,12/04/2025 06:59,https://www.instagram.com/reel/DR2H-jmAu2f/,Reel de Instagram,,Total,1463,1164,21,0,1,0,0
18101230003776126,17841401871496039,360radioco,360 Radio Colombia,"#Mundo | Nicolas Maduro confirmó que habló por teléfono con Donald Trump y calificó la conversación como “cordial” y “respetuosa”, incluso en medio de las tensiones por el despliegue militar de EE. UU. en el Caribe.

El mandatario venezolano aseguró que la llamada llegó desde la Casa Blanca y expresó que podría ser un primer paso hacia un diálogo entre ambos países, sin relaciones diplomáticas desde 2019

#Venezuela #Mundo #Donaldtrump ##Caribe #Noticias #actualidad",70,12/04/2025 06:35,https://www.instagram.com/reel/DR2FVH0Apv1/,Reel de Instagram,,Total,2643,1704,24,3,0,8,0
18011770604807624,17841401871496039,360radioco,360 Radio Colombia,"#Colombia | Senadores Iván Cepeda y Paloma Valencia protagonizaron un tenso cruce en debate. Cepeda pidió calma y Valencia respondió: “Iván Cepeda, no me vaya a mandar a matar”, generando polémica.

#política #noticas #actualidad #centrodemocrático #ivancepeda",59,12/03/2025 12:09,https://www.instagram.com/reel/DR0G0YGgs_6/,Reel de Instagram,,Total,12807,8523,378,28,4,102,25
18194180080332502,17841401871496039,360radioco,360 Radio Colombia,"#Empresas | La compañía de telecomunicaciones WOM Colombia ha anunciado a  Gyorgy Zsembery como su nuevo CEO, uno de los retos que tendrá será la consolidación de la compañía en el país, luego del proceso de reorganización y retornar a la empresa a la competitividad en el sector. @womcolombia",0,12/03/2025 09:10,https://www.instagram.com/p/DRzyeFFk6Ai/,Imagen de Instagram,,Total,2552,1227,14,1,0,0,0
18186375928343545,17841401871496039,360radioco,360 Radio Colombia,"#Bogotá | Inició el trasbordo de carga del tractocamión con material de INDUMIL, varado en la Autopista Norte con calle 233, sentido norte-sur. Autoridades acompañan la operación.

#trafico #notícias #actualidad #autopistanorte #viralvídeos",13,12/03/2025 08:19,https://www.instagram.com/reel/DRzskUdAiSl/,Reel de Instagram,,Total,1496,979,13,0,0,0,0
17868344544496977,17841401871496039,360radioco,360 Radio Colombia,"#Mundo | El papa León XIV indicó que la tensión que se vive en el Caribe, muy cerca de territorio venezolano, no debe pasar al campo de la batalla, debido a que los que resultarían afectados serían los pueblos. También añadió que desde la Iglesia católica se buscan opciones para evitar una escalada.  

#Venezuela #Caribe #luchanarcotráfico #notícias #actualidad",75,12/03/2025 06:31,https://www.instagram.com/reel/DRzgJf5gglM/,Reel de Instagram,,Total,1062,753,10,1,0,0,0
18004792727674321,17841401871496039,360radioco,360 Radio Colombia,"#Colombia | Bavaria anunció la llegada de James Rodríguez como nuevo embajador de Cerveza Aguila en un momento clave para el fútbol colombiano. La Selección Colombia regresa al Mundial de Fútbol 2026 tras un recorrido en el que el liderazgo de James ha sido decisivo para cohesionar, inspirar y guiar al equipo hacia el torneo deportivo más importante del mundo.",0,12/02/2025 18:53,https://www.instagram.com/p/DRyQaM1DOQy/,Imagen de Instagram,,Total,12130,6281,95,16,1,1,4
18356035456167390,17841401871496039,360radioco,360 Radio Colombia,"#Colombia | Miguel Uribe Londoño afirma que tanto Abelardo de la Espriella como él desconocen las fuentes del desentendido que provocó su salida del partido. Así mismo Miguel indicó que había integrantes del partido que se sentían incómodos con su presencia en el Centro Democrático. 

#política #actualidad #migueluribelondoño #elecciones2026 #centrodemocratico",97,12/02/2025 13:59,https://www.instagram.com/reel/DRxuhUcAgat/,Reel de Instagram,,Total,1267,878,17,3,0,1,0
18542864419001680,17841401871496039,360radioco,360 Radio Colombia,"#Colombia | Miguel Uribe Londoño indicó que hay precandidatos que llevan 12 años en el congreso y que hoy no llegan ni al 1% en las encuestas, haciendo alusión a su alto porcentaje e intención de voto frente a sus ex compañeros del Centro Democrático. 

#política #actualidad #Elecciones20026 #migueluribelondoño",76,12/02/2025 13:33,https://www.instagram.com/reel/DRxrjAQAjky/,Reel de Instagram,,Total,3015,1857,62,5,2,2,1
18129273619494382,17841401871496039,360radioco,360 Radio Colombia,"#Colombia | Miguel Uribe Londoño se refirió a la decisión del partido Centro Democrático que da por terminado su apoyo como precandidato, indicó que cometieron un error, agradeció al expresidente Álvaro Uribe. 

#política #elecciones2026 #notícias #actualidad #migueluribelondoño",0,12/02/2025 12:52,https://www.instagram.com/reel/DRxm2LDgmWC/,Reel de Instagram,,Total,3759,2167,47,5,0,4,1
18067934303121754,17841401871496039,360radioco,360 Radio Colombia,"""El presidente Petro es el responsable político de la muerte de Miguel Uribe""

Miguel Uribe Londoño lanzó una fuerte acusación en medio de una rueda de prensa en la que se prounciaba sobre su futuro político y su relación con el Centro Democrático. 

@petrogustavo",0,12/02/2025 12:44,https://www.instagram.com/p/DRxmJjzlZrG/,Imagen de Instagram,,Total,30923,21463,673,6,1,445,12
18074586536210685,17841401871496039,360radioco,360 Radio Colombia,"#Empresas | 📌La Fábrica de Licores de Antioquia (FLA) ha marcado un precedente histórico para la industria de bebidas alcohólicas al convertirse en la primera licorera de Colombia en certificar sus aguardientes insignia como carbono neutro.

🔗El gerente de la FLA, Esteban Ramos, destacó que este logro es fruto del trabajo conjunto entre el talento humano y la cadena de proveedores. “Es un gran hito y, por supuesto, el reconocimiento a todos los empleados de la fábrica que hacen esto realidad y también a los proveedores que han surtido un gran trabajo para poder aportar que esta huella de carbono sea cero para la fábrica de licores”, afirmó.

👉Lea la nota completa en 360radio.com.co",0,12/02/2025 12:00,https://www.instagram.com/p/DRxhD52jxQ3/,Imagen de Instagram,,Total,10741,6369,261,8,4,2,4
18143492851402450,17841401871496039,360radioco,360 Radio Colombia,"#Mundo | En medio de la tensión por un posible ataque terrestre a carteles de droga en Venezuela, el presidente de los Estados Unidos, Donald Trump, indicó que Colombia puede ser sujeto de ataques debido a su alta producción de cocaína; las afirmaciones han elevado las alarmas en la región. 

#caribe #notícias #actualidad #Donaldtrump #luchaantidrogas",60,12/02/2025 11:45,https://www.instagram.com/reel/DRxfMmwgoZC/,Reel de Instagram,,Total,4116,2484,110,37,1,16,4
17885519856287539,17841401871496039,360radioco,360 Radio Colombia,"#Bogotá | Habitantes del Chocó bloquean la Av. El Dorado con carrera 94, sentido oriente-occidente, para exigir atención del Ministerio del Interior.
La Policía ya hace presencia en el lugar.

⚠️ Evita la zona y toma rutas alternas.
#noticiasbogota #actualidad #Bloqueosavdorado #trafico #notícias",23,12/02/2025 07:10,https://www.instagram.com/reel/DRw_5a4Ak-5/,Reel de Instagram,,Total,6101,4324,60,26,0,6,4
18095978464894898,17841401871496039,360radioco,360 Radio Colombia,"#Colombia | El expresidente Álvaro Uribe confirmó que avanza la elección del candidato presidencial del Centro Democrático.
“Reiteramos la voluntad de aportar a un gran acuerdo por la democracia, desde el Dr. Abelardo hasta el Dr. Fajardo”, señaló.

#ultimominuto🚨 #elecciones2026 #política #notícias #centrodemocrático",103,12/02/2025 06:50,https://www.instagram.com/reel/DRw9Qb8giuX/,Reel de Instagram,,Total,2485,1591,64,6,0,11,2
17862188391541559,17841401871496039,360radioco,360 Radio Colombia,"#Colombia | El presidente de Fenalco, Jaime Alberto Cabal, explicó por qué el gremio no participó en la mesa de concertación.
En respuesta, Fabio Arias, presidente de la CUT, cuestionó duramente la ausencia y calificó de “irracionales” a los empresarios.

📌 El debate por el aumento del salario mínimo sigue encendido en el país.

#saláriomínimo #Elecciones2026 #fenalco #Cut #notícias #actualidad",142,12/02/2025 05:54,https://www.instagram.com/reel/DRw26vFgoo7/,Reel de Instagram,,Total,1092,795,19,0,0,3,0
17882760927306572,17841401871496039,360radioco,360 Radio Colombia,"#Minería | ¡Tras tres décadas de historia@drummondltdco sigue trabajando comprometida con el país! Desde su llegada a Colombia y tras su primera exportación de carbón en 1995 en #PuertoDrummond, la compañía aporta constantemente a las comunidades y construye un futuro sostenible, apuntándole al desarrollo de una minería económicamente viable, ambientalmente responsable y socialmente sostenible.",91,12/01/2025 14:08,https://www.instagram.com/reel/DRvK3OMEehN/,Reel de Instagram,,Total,1122,828,11,1,0,0,0
18087920008792266,17841401871496039,360radioco,360 Radio Colombia,"#Economía | 📌El precio de la camiseta oficial de la Selección Colombia vuelve a poner sobre la mesa la discusión sobre el poder adquisitivo del salario mínimo en el país. 

🔗En un contexto de inflación persistente y aumento del costo de vida, analizar cuántos días de trabajo requiere la compra de artículos populares ofrece una mirada concreta a la realidad económica de millones de trabajadores. 📊🔍 Estas mediciones funcionan como termómetro para entender el alcance real del salario mínimo.

👉Más allá del fútbol, este dato ilustra la relación entre ingresos, precios y capacidad de compra. ⚙️📈",0,12/01/2025 13:11,https://www.instagram.com/p/DRvEfPWD2D0/,Imagen de Instagram,,Total,17329,4180,99,34,0,1,6
18083611397020328,17841401871496039,360radioco,360 Radio Colombia,"#Colombia | María Fernanda Cabal celebró la decisión del Centro Democrático de mantener en firme el proceso para elegir su candidatura presidencial, en el que también participan Paloma Valencia y Paola Holguín. Un pulso clave para definir el rumbo del partido de cara a 2026.

#Elecciones2026 #Noticias #política #actualidad #centrodemocrático",36,12/01/2025 12:34,https://www.instagram.com/reel/DRvABqWguVG/,Reel de Instagram,,Total,2988,1837,52,2,1,6,3
17917934013213384,17841401871496039,360radioco,360 Radio Colombia,"#Colombia | Tensión en el Centro Democrático: el partido expulsó a Miguel Uribe de la contienda electoral, pero el candidato confirmó a 360 Radio que no renunció a su candidatura y pide al partido rectificar.",0,12/01/2025 11:35,https://www.instagram.com/p/DRu5aZjjpQ9/,Imagen de Instagram,,Total,3530,1784,35,2,0,2,0
18025417520786256,17841401871496039,360radioco,360 Radio Colombia,"#Atención | El precandidato del Centro Democrático Miguel Uribe Londoño, desmintió la información sobre una supuesta renuncia de su parte a la contienda electoral de 2026, pidió al partido aclarar la situación. 

#Noticias #actualidad #política #notícias",48,12/01/2025 10:12,https://www.instagram.com/reel/DRuvt9GAqYG/,Reel de Instagram,,Total,3444,2240,68,6,2,11,2
18493951498073842,17841401871496039,360radioco,360 Radio Colombia,"#Colombia | El Centro Democrático definió el mecanismo con el que escogerá a quienes buscarán la candidatura presidencial de la colectividad para 2026. 

La decisión marca un giro dentro del partido orientado por el expresidente Álvaro Uribe Vélez, pues ya no se seleccionará un único aspirante para competir en las elecciones internas, sino que serán dos los nombres que pasarán a la consulta interpartidista programada para el 8 de marzo del próximo año, junto con sectores de derecha y centroderecha.",0,12/01/2025 06:53,https://www.instagram.com/p/DRuZMMkDx34/,Imagen de Instagram,,Total,8185,3493,81,9,0,2,3
18089664769755531,17841401871496039,360radioco,360 Radio Colombia,"#Colombia | La ministra de Transporte, María Fernanda Rojas, confirmó que ya vienen desde Europa las cajas con el software que permitirá actualizar cinco de los 19 aviones que faltan. La instalación se realizará en Medellín, fortaleciendo la operación aérea del país.

#transporte #avianca #actualidad #Colombia #notícias",99,12/01/2025 05:48,https://www.instagram.com/reel/DRuRf1rAlp_/,Reel de Instagram,,Total,4000,2531,38,0,0,1,2
17868959466412485,17841401871496039,360radioco,360 Radio Colombia,"#Mundo| Este sábado el presidente Donald Trump anunció que el espacio aéreo ""sobre"" y ""alrededor"" de Venezuela será cerrado ""por completo""
El mandatario indicó que es una maniobra más en la lucha contra el narcotráfico en el Caribe. 

#Venezuela #Donaldtrump #Noticias #Actualidad",30,12/01/2025 05:37,https://www.instagram.com/reel/DRuQZO8gsb3/,Reel de Instagram,,Total,3028,1811,56,0,0,2,1
17868177177491145,17841401871496039,360radioco,360 Radio Colombia,"#Mundo l 📊 ¿Sabías que en algunos países se trabaja más de 50 horas a la semana? Las diferencias laborales alrededor del mundo siguen siendo enormes, y este ranking lo demuestra. Según datos de World Population Review, naciones como Bután, Sudán y Lesoto lideran la lista con jornadas que superan ampliamente la media internacional.

🌍 Mientras en algunos territorios se debate la reducción de la jornada laboral y el equilibrio entre trabajo y vida personal, en otros las extensas horas de actividad siguen siendo parte de la rutina. Factores como menor protección laboral, alta demanda de mano de obra y escasez de empleo influyen en que millones de personas deban pasar más tiempo trabajando para sostenerse.

⏳ Este mapa es un recordatorio de que la productividad no siempre significa bienestar. Países con menos horas laborales suelen mostrar mejores niveles de satisfacción y calidad de vida. El desafío, entonces, está en encontrar ese punto donde el trabajo permita avanzar, pero también vivir.",0,12/01/2025 02:07,https://www.instagram.com/p/DRt4fL7DhGg/,Imagen de Instagram,,Total,3297,1507,26,1,0,0,1
18035921447519569,17841401871496039,360radioco,360 Radio Colombia,"#Mundo | Dormir bien ya no es un lujo… es una necesidad que muchos países están dejando de lado 😴🌙. La falta de descanso se convierte en un desafío global que afecta la productividad, la salud mental y el bienestar general. Mientras algunos ajustan sus rutinas, otros viven atrapados en jornadas interminables que apenas dejan espacio para recuperar energía.

Esta gráfica revela una tendencia que preocupa: millones de personas duermen menos de lo recomendado. Y aunque cada país tiene sus propias dinámicas laborales, culturales y sociales, el impacto es el mismo: menos sueño significa más estrés, menor concentración y un mayor riesgo para la salud ❤️‍🩹📉. ¿Qué tanto influye el ritmo acelerado de vida en esta realidad?

Es momento de poner el descanso en la agenda personal y colectiva 🕰️✨. Priorizar el sueño no solo mejora el rendimiento, también transforma la calidad de vida. Dormir no es perder tiempo… es invertirlo en bienestar. ¿Tú cómo estás durmiendo últimamente? 🌏💤",0,11/30/2025 18:13,https://www.instagram.com/p/DRtCOEzDlFD/,Imagen de Instagram,,Total,8411,4039,97,8,1,0,18
18088040077781543,17841401871496039,360radioco,360 Radio Colombia,"#Colombia | Se registra alto flujo vehicular en la entrada al Aeropuerto El Dorado por manifestaciones en la Av. El Dorado con Cra. 96A, a pocos metros de la terminal aérea. Planea tu llegada con anticipación. ✈️🛣️

#Aeropuerto #Bogotá #noticias #Actualidad #Trafico",30,11/28/2025 14:11,https://www.instagram.com/reel/DRnYCQRgjjT/,Reel de Instagram,,Total,3064,1946,18,3,0,0,2
18075697229226316,17841401871496039,360radioco,360 Radio Colombia,"#AHORA 

""Hoy, Airbus notificó que una parte significativa de la flota de  aviones de la familia A320 a nivel global requiere una actualización urgente de software. Por esta  razón, los aviones involucrados deberán permanecer en tierra cuando lleguen a sus bases de  mantenimiento hasta que se hayan realizado los trabajos. Esta orden afecta a más del 70% de la  flota de Avianca"", dijeron.",0,11/28/2025 11:53,https://www.instagram.com/p/DRnNKx5kd1K/,Imagen de Instagram,,Total,12044,5158,129,95,0,5,13
18099387106783384,17841401871496039,360radioco,360 Radio Colombia,"#Colombia | El Departamento Administrativo Nacional de Estadística de Colombia, confirmó que el desempleo en octubre fue de 8,2%, la cifra más baja desde 2017, reflejando una recuperación sostenida del mercado laboral en el país.

#Economía #dane #Noticias #actualidad #Empleocolombia",0,11/28/2025 08:13,https://www.instagram.com/reel/DRmzzWYgrHp/,Reel de Instagram,,Total,892,661,10,1,0,1,0
17874389808452375,17841401871496039,360radioco,360 Radio Colombia,"#Colombia | 📌Según el más reciente informe de la Gran Encuesta Integrada de Hogares (GEIH), la tasa de desocupación nacional se ubicó en 8,2%, una reducción de 0,9 puntos porcentuales frente al mismo mes de 2024 y uno de los niveles más bajos registrados desde 2017, excluyendo las distorsiones derivadas de la pandemia.

🔗 El boletín del DANE muestra además un aumento en la participación laboral: la tasa global de participación llegó a 65,0%, 1,1 puntos por encima de la registrada un año atrás. 

👉La tasa de ocupación también repuntó con fuerza y alcanzó 59,7%, lo que refleja que más colombianos encontraron empleo en medio del repunte de la actividad económica.",0,11/28/2025 07:26,https://www.instagram.com/p/DRmujsZD5iI/,Imagen de Instagram,,Total,2350,1086,19,1,0,3,0
17985142634917395,17841401871496039,360radioco,360 Radio Colombia,"#Mundo | l presidente de EE. UU. anunció que las Fuerzas Armadas, desplegadas frente a Venezuela, “muy pronto” actuarán por tierra para detener a presuntos narcotraficantes. 
Según Trump, las operaciones en el mar han sido “un éxito”, con más de 20 narcolanchas neutralizadas, desde el inicio de su operación. 

#Caribe #Venezuela #Trump #notícias #actualidad",0,11/28/2025 06:18,https://www.instagram.com/reel/DRmmw5MArdC/,Reel de Instagram,,Total,2618,1580,58,0,0,2,0
17924413938081774,17841401871496039,360radioco,360 Radio Colombia,"#Colombia | Juan Fernando Cristo celebró la decisión de la Corte Constitucional que ordena al CNE inscribir de inmediato a En Marcha. Aseguró que el fallo impulsa la participación del movimiento en coaliciones para el Congreso y habilita su presencia en la contienda presidencial.

#enmarcha #juanfernandocristo #corteconstitucional #política #elecciones2026",84,11/28/2025 05:55,https://www.instagram.com/reel/DRmj2HMAoMM/,Reel de Instagram,,Total,2408,1599,20,1,2,2,0
18128150938502393,17841401871496039,360radioco,360 Radio Colombia,"La Cámara Colombiana de la Infraestructura (CCI) otorgó a Jorge Mario Velásquez, presidente de Grupo Argos, el Premio Nacional a la Excelencia en Infraestructura, categoría Empresario Distinguido, un reconocimiento que exalta más de cuatro décadas de trayectoria dedicadas a fortalecer la competitividad del país a través del desarrollo responsable de infraestructura. 

@camaradelainfra @grupoargos",0,11/28/2025 05:25,https://www.instagram.com/p/DRmgx-xjjFa/,Imagen de Instagram,,Total,2903,1476,41,0,0,0,1
18104202568725843,17841401871496039,360radioco,360 Radio Colombia,"#Bogotá| El alcalde Carlos Fernando Galán habló sobre las obras que serán entregadas en 2026 en la ciudad de Bogotá; indicó que en mayo se comenzarán las pruebas del metro y también que llegarán los vagones restantes al patio taller al sur de la ciudad. 

#Noticias #actualidad #infraestrutura #bogotà #metrobogota",0,11/27/2025 14:07,https://www.instagram.com/reel/DRk3gQoAurO/,Reel de Instagram,,Total,864,700,22,0,0,0,1
18086724697996884,17841401871496039,360radioco,360 Radio Colombia,"#Colombia | El candidato Sergio Fajardo destacó el papel de los inversores extranjeros en el sector de la infraestructura, señaló la importancia de brindar garantías y confianza que propicien la inversión en el país. Así mismo se refirió a la valorización por obra en los diferentes proyectos de infraestructura en el país. 

#elecciones2026 #actualidad #notícias #infraestructura",98,11/27/2025 12:47,https://www.instagram.com/reel/DRkuSHcgjTX/,Reel de Instagram,,Total,1097,852,20,0,0,2,0
18067785611452930,17841401871496039,360radioco,360 Radio Colombia,"🙋🏻‍♂️🙋🏽‍♀️Acompáñanos en la Audiencia Pública de Rendición de Cuentas 2025🧡💚🧡

📊Este será un espacio orientado a la transparencia y al diálogo con la comunidad, en el que podrás conocer nuestros avances en deporte, actividad física, educación física y recreación.

🗓️ Miércoles 10 de diciembre
🕓 4:00 p. m.
📍 Auditorio del Bloque 14 de la IUE (carrera 27B # 39A sur - 57)

🫱🏼‍🫲🏾¡Te esperamos!🫶🏻
 
📲 Más información: https://www.inderenvigado.gov.co/noticias/participa-en-la-audiencia-publica-de-rendicion-de-cuentas

#EnvigadoVamosAdelante
#AmorPorNuestraBandera",0,11/27/2025 10:17,https://www.instagram.com/p/DRkdWEakXo3/,Imagen de Instagram,,Total,789,230,6,0,0,0,0
17906275623274026,17841401871496039,360radioco,360 Radio Colombia,"#Colombia | El ministro de Justicia, Andrés Idárraga, detalló las sustancias sobre las cuales se tendrá mayor control, para evitar que Colombia se convierta en una fuente de fentanilo; así lo indicó el funcionario. 

#Ahora #Seguridad #Noticias #Actualidad #Fentanilo #politicaantidrogas",113,11/27/2025 10:06,https://www.instagram.com/reel/DRkb1SFAnUP/,Reel de Instagram,,Total,1752,1242,11,1,0,4,0
18103519198708951,17841401871496039,360radioco,360 Radio Colombia,"#Colombia | En la mañana de este jueves, El ministro del Interior, Armando Benedetti, cuestionó al CNE por una “animadversión” contra el presidente Petro y tildó de sospechosa la sanción a la campaña, a meses de las elecciones de 2026.

#notícias #actualidad #política #petro",0,11/27/2025 08:06,https://www.instagram.com/reel/DRkOO6YgvAp/,Reel de Instagram,,Total,2046,1303,17,1,0,13,0
17890389711384342,17841401871496039,360radioco,360 Radio Colombia,"#Colombia | 📌El Consejo Nacional Electoral (CNE) finalmente logró avanzar en la decisión sobre el proceso que investigaba la financiación de la campaña Petro Presidente 2022. 

🔗La votación, que permanecía bloqueada, se destrabó luego de que el conjuez Majer Nayib Abushihab emitiera su voto, permitiendo que el organismo adoptara una determinación de fondo. 

👉Con su participación, el CNE aprobó sanciones tras concluir que hubo financiación irregular y violación de topes electorales por un monto superior a 3.500 millones de pesos.",0,11/27/2025 06:35,https://www.instagram.com/p/DRkD5SRDxyZ/,Imagen de Instagram,,Total,2487,1284,54,3,0,3,0
17863140051532916,17841401871496039,360radioco,360 Radio Colombia,"#Mundo | Donald Trump ordena reevaluar el estatus migratorio de todos los afganos admitidos bajo Biden, tras señalar que el sospechoso del ataque a dos guardias llegó en 2021 desde Afganistán.

#Trump #notícias #actualidad #EE.UU #información",51,11/27/2025 06:26,https://www.instagram.com/reel/DRkC1UPAnIJ/,Reel de Instagram,,Total,2836,1709,40,0,0,0,0
17929654995016308,17841401871496039,360radioco,360 Radio Colombia,"#Colombia |  Juan Carlos Pinzón, candidato presidencial, conversó con 360 Radio sobre sus propuestas para llegar a la Casa de Nariño en 2026, los retos a los que se enfrenta el próximo mandatario, la importancia de mantener una sana relación entre el sector privado y público y realizar una coalición que pese en las elecciones presidenciales.

#política #noticas #actualidad #elecciones2026",310,11/26/2025 16:24,https://www.instagram.com/reel/DRiiBaUgge3/,Reel de Instagram,,Total,2629,2132,42,4,1,2,0
18065043248527496,17841401871496039,360radioco,360 Radio Colombia,"#Colombia l El país requiere $19 billones anuales entre 2023 y 2035 para completar el plan carretero priorizado y no priorizado, y $5,6 billones adicionales para atender la malla vial terciaria. Para el periodo 2036-2045, la demanda estimada es de $11,9 billones anuales para obras en vías primarias y secundarias, y $6,7 billones para las terciarias. En suma, una necesidad sostenida de inversión que los mecanismos actuales no logran cubrir.",0,11/26/2025 14:01,https://www.instagram.com/p/DRiSIfvE2Hc/,Imagen de Instagram,,Total,3511,1221,30,3,0,0,2
17858101284557547,17841401871496039,360radioco,360 Radio Colombia,"#Colombia | El presidente Gustavo Petro decidió no conciliar y seguirá adelante con su denuncia contra Miguel Polo Polo por presunta injuria, calumnia y hostigamiento agravado.

#política #polopolo #gustavopetro #actualidad #notícias",150,11/25/2025 13:39,https://www.instagram.com/reel/DRfqjLyAtNO/,Reel de Instagram,,Total,6681,3941,81,6,2,64,1
17954537652031917,17841401871496039,360radioco,360 Radio Colombia,"#Judicial | 📌La Sala Penal de Decisión, en fallo fechado el 25 de noviembre de 2025, determinó que el hermano del expresidente Álvaro Uribe deberá cumplir 28 años y 4 meses de prisión por su participación en hechos que el tribunal calificó como homicidio agravado y concierto para delinquir agravado.

🔗Según el fallo, el Tribunal declaró a Uribe responsable de un homicidio agravado en los términos de los artículos 103 y 104 del Código Penal, así como del delito de concierto para delinquir agravado conforme al artículo 340 de la misma normativa.

👉Lea la nota completa en 360Radio.com.co",0,11/25/2025 08:37,https://www.instagram.com/p/DRfIUZ3D7PY/,Imagen de Instagram,,Total,3706,1634,35,1,0,5,1
18307459063248611,17841401871496039,360radioco,360 Radio Colombia,"#Colombia | l precandidato exige al presidente Petro retirar de inmediato al general Juan Miguel Huertas, tras las graves denuncias que lo vinculan con disidencias de las FARC.

#notícias #actualidad #Seguridad #gustavopetro",72,11/25/2025 08:29,https://www.instagram.com/reel/DRfHTGtguZM/,Reel de Instagram,,Total,1009,733,20,0,0,2,0
18399017311127852,17841401871496039,360radioco,360 Radio Colombia,"#Colombia | El alcalde de Medellín, Federico Gutiérrez, se refirió a las últimas noticias que presuntamente vinculan a miembros del gobierno con alias Calarcá.
Así mismo, indicó que en su época de candidato a la presidencia fue testigo de varias irregularidades y acosos por parte de grupos al margen de la ley.

#notícias #política #aliascalarcá #actualidad #antioquia #Seguridad",133,11/25/2025 07:49,https://www.instagram.com/reel/DRfCnJEgkOz/,Reel de Instagram,,Total,1275,928,53,1,0,0,0
17927298804157914,17841401871496039,360radioco,360 Radio Colombia,"#Política | 📌El plazo para la inscripción de las listas al Congreso de la República a punto de vencer y teniendo en cuenta que el 8 de diciembre es festivo, convirtiendo así al viernes previo en el último día hábil para formalizar los registros.

⛓️El ambiente al interior del Centro Democrático no es simple, las discusiones técnicas sobre el modelo de listas se suma la incertidumbre por varias figuras que aún no han decidido si van a aspirar al Congreso de la República.

👉🏼Hasta el momento, el Centro Democrático ha decidido que la lista al Senado será cerrada.",0,11/25/2025 06:53,https://www.instagram.com/p/DRe8dWUD9mB/,Imagen de Instagram,,Total,2989,1292,43,3,0,0,1
18114299632604889,17841401871496039,360radioco,360 Radio Colombia,"#Bogotá | La Policía confirmó que se encuentran en la búsqueda del sujeto que disparó al aire frente a Panoramia Park, en Suba. Autoridades indican que el hombre se refugio y no se recibió mayor información sobre el lugar de residencia.

#seguridad #policia #noticiasbogotá #actualidad #intolerancia",51,11/24/2025 13:20,https://www.instagram.com/reel/DRdDtbNguco/,Reel de Instagram,,Total,8272,4560,48,10,1,10,7
18096481372865829,17841401871496039,360radioco,360 Radio Colombia,"#Colombia | El procurador Gregorio Eljach abrió indagación preliminar contra varios funcionarios del Gobierno por un presunto entramado de corrupción con jefes de las disidencias de alias Calarcá. 

#política #actualidad #notícias #seguridad",168,11/24/2025 08:34,https://www.instagram.com/reel/DRcixuXgk47/,Reel de Instagram,,Total,2034,1309,64,5,0,14,1
17857480389560039,17841401871496039,360radioco,360 Radio Colombia,"#AHORA

Capturaron al General (r) Rodolfo Palomino, quien habría intervenido de manera irregular para solicitar la suspensión de la orden de captura que pesaba sobre Luis Gonzalo Gallo Restrepo, empresario. 

#Colombia",0,11/24/2025 07:28,https://www.instagram.com/p/DRcbksrjsGu/,Imagen de Instagram,,Total,6885,2623,63,18,0,3,2
17944535196079591,17841401871496039,360radioco,360 Radio Colombia,"#Colombia | El precandidato presidencia Juan Carlos Pinzón, afirmó que existen pruebas claras de vínculos entre el Presidente Gustavo Petro y grupos armados.

 ""Las pruebas son claras! Es evidente la relación entre Petro, las FARC, el ELN y el crimen"". Indicó el precandidato.

#Politíca #notícias #elecciones2026 #gustavopetro #actualidad",93,11/24/2025 06:36,https://www.instagram.com/reel/DRcVVA_gotA/,Reel de Instagram,,Total,1720,1129,62,1,0,3,0
18192322072328152,17841401871496039,360radioco,360 Radio Colombia,"#Ahora | Tras la alerta de la FAA por el aumento de movimientos militares en Venezuela, varias aerolíneas tomaron decisiones autónomas que generaron cancelaciones y afectando viajeros en Bogotá y Caracas.
El coronel Álvaro Mujica, de la Aerocivil, aseguró que el espacio aéreo colombiano opera con normalidad. A las 9:00 a.m. habrá reunión entre la Aeronáutica y las aerolíneas para definir medidas y reducir el impacto en los usuarios

#Colombia #vuelos #notícias #actualidad #información",118,11/24/2025 05:15,https://www.instagram.com/reel/DRcMC35goq0/,Reel de Instagram,,Total,1671,1122,22,0,0,0,1
18065568803614856,17841401871496039,360radioco,360 Radio Colombia,"#Mundo l La industria de la plata sigue moviéndose con fuerza en 2025, y México vuelve a liderar el ranking global con más de 202 millones de onzas producidas. Detrás aparecen China y Perú, que completan el podio y mantienen una participación clave en el mercado internacional.

⛏️ América Latina continúa siendo protagonista: Chile, Bolivia, Perú, México y Argentina consolidan a la región como una de las más relevantes en la extracción de este metal estratégico, fundamental para sectores como la tecnología, la medicina y la energía.

📈 Mientras tanto, países como Polonia, Rusia, Australia y Estados Unidos también aportan a un escenario global cada vez más competitivo. El comportamiento de la plata muestra cómo los recursos naturales siguen definiendo dinámicas económicas y geopolíticas en todo el mundo.",0,11/23/2025 11:15,https://www.instagram.com/p/DRaQwjTjFa8/,Imagen de Instagram,,Total,44174,4764,102,5,1,0,18
17899565283337187,17841401871496039,360radioco,360 Radio Colombia,"#Mundo | 🌍✨ El mundo está lleno de lugares que roban el aliento, pero solo unos pocos logran quedarse grabados en la memoria colectiva. Cada país de este ranking no solo destaca por su belleza natural o su riqueza cultural, sino por la capacidad de enamorar a quienes lo visitan. Un recordatorio de que viajar es una de las formas más poderosas de reconectar con lo que realmente importa.

✈️🌅 Desde paisajes que parecen sacados de una película hasta ciudades vibrantes llenas de historia, esta selección refleja lo mejor que nuestro planeta tiene para ofrecer. Inspiración pura para los amantes de la aventura, la fotografía, la gastronomía y la diversidad. Cada destino es una invitación a explorar, aprender y dejarse sorprender.

🇨🇴💛 Y sí, Latinoamérica vuelve a brillar: la belleza, la calidez y la autenticidad de nuestra región siguen conquistando corazones en el mundo. Que esta lista sea un impulso para soñar, planear y descubrir los lugares que nos recuerdan por qué viajar transforma vidas. ¿Cuál visitarías primero? 🌎✨",0,11/22/2025 14:00,https://www.instagram.com/p/DRX-3SsjUZG/,Imagen de Instagram,,Total,3142,1105,41,4,0,1,2
18327213109243924,17841401871496039,360radioco,360 Radio Colombia,"#Colombia | Innovación, sostenibilidad y el futuro energético de Colombia 

Así cerró la VIII Cumbre de Petróleo, Gas y Energía, un encuentro que reunió a más de 2.400 asistentes y decenas de empresas para construir consensos y fortalecer la seguridad energética del país. ⚡🌱

🚀 Inteligencia artificial, nuevos modelos de energía y análisis técnico marcaron una jornada que reafirma a la Cumbre como el escenario más influyente del sector.

#Energía #transiciónenergética #acp #notícias #actualidad",171,11/21/2025 18:53,https://www.instagram.com/reel/DRV7SUvgjUe/,Reel de Instagram,,Total,1102,879,14,3,0,0,0
18065685071144384,17841401871496039,360radioco,360 Radio Colombia,"📊 En conjunto con la IA, evaluamos a quienes quieren llegar a la Casa de Nariño.

Presentamos un compacto de 19 candidatos analizado con cuatro IAs para entender, sin pasiones ni sesgos, cómo se desempeñan en formación, experiencia y conocimiento.

🤖 ChatGPT, Gemini, Copilot y Perplexity revisaron sus hojas de vida verificadas y cruzaron datos en cinco rondas independientes para darle solidez a los puntajes.

🔍 ¿Qué se midió?

Formación académica y estudios

Idiomas

Experiencia en sector público, privado y gremial

Seguridad, economía y finanzas

Gobernabilidad, alianzas y proyección internacional

🔎 No es una encuesta ni una preferencia. Es una radiografía comparativa que permite ver en qué áreas destaca cada candidato y dónde tienen vacíos.

#Colombia #Elecciones #IA",0,11/20/2025 12:56,https://www.instagram.com/p/DRSt8iojnLM/,Imagen de Instagram,,Total,70759,35792,666,422,45,116,130
18082101374118984,17841401871496039,360radioco,360 Radio Colombia,"#Colombia | La Corte Suprema de Justicia eligió a Francisco Ternera como su nuevo presidente. Magistrado de la Sala Civil, académico destacado y con 28 años de trayectoria, asumirá el periodo dejado por Octavio Tejeiro.",0,11/20/2025 09:47,https://www.instagram.com/p/DRSYY9wjG1I/,Imagen de Instagram,,Total,3698,1468,39,0,0,0,0
18107187343549829,17841401871496039,360radioco,360 Radio Colombia,"✈️ Wingo ajusta su tarifa en ruta Bogotá–Caracas

La aerolínea anunció que la maleta de 23 kg dejará de estar incluida en la Tarifa Basic. Con el cambio, el valor del tiquete baja hasta 20% y el equipaje podrá agregarse desde USD 20 por trayecto.

Los viajeros ahora elegirán si viajan solo con artículo personal o si suman equipaje de bodega, según sus necesidades.",0,11/20/2025 08:26,https://www.instagram.com/p/DRSPH9yD2_K/,Imagen de Instagram,,Total,5718,1666,31,4,0,0,1
18095329291868189,17841401871496039,360radioco,360 Radio Colombia,"❗ El Barómetro Petrolero 2025, dejó una fotografía contundente:

 ➡️ Las empresas petroleras mejoran su imagen a nivel nacional.
 ➡️ Pero en las regiones productoras, el respaldo cae por menor inversión social y menos presencia territorial.

@arteaga_latam",0,11/20/2025 07:45,https://www.instagram.com/p/DRSKWKkjAcm/,Imagen de Instagram,,Total,2212,671,22,2,0,0,2
17953748169004806,17841401871496039,360radioco,360 Radio Colombia,"#Colombia | El registrador Nacional, Hernán Penagos se refirió a las declaraciones de Iván Mordisco sobre la interrupción de las próximas elecciones presidenciales 2026, Afirmo que ninguna situación impedirá que se lleven a cabo las elecciones que buscan al sucesor de Gustavo Petro. 

#Eleciones2026 #notícias #Actualidad
#política #seguridadelectoral",99,11/20/2025 06:15,https://www.instagram.com/reel/DRR_w6CgnN8/,Reel de Instagram,,Total,1060,764,13,0,0,1,0
18182873038348024,17841401871496039,360radioco,360 Radio Colombia,"#ATENCIÓN 

Juan Carlos Cárdenas renunció a su candidatura en pleno debate, por lo que Aníbal Gaviria queda como candidato oficial de La Fuerza de las Regiones para la Presidencia de Colombia. 

Ampliación en 360radio.com.co",0,11/19/2025 15:17,https://www.instagram.com/p/DRQZXDBABpJ/,Imagen de Instagram,,Total,7736,3696,117,17,2,8,0
17988198551899532,17841401871496039,360radioco,360 Radio Colombia,"🚨 #ATENCIÓN | Un atentado terrorista en la vía Medellín–Costa Atlántica, a la altura de Yarumal. La explosión dejó un enorme cráter que bloquea el paso y pone en alerta a la región.

#antioquia #medellín #notícias #actualidad #ultimominuto",24,11/19/2025 12:51,https://www.instagram.com/reel/DRQIaYJgvL7/,Reel de Instagram,,Total,5689,3423,74,31,0,9,6
18066976304123690,17841401871496039,360radioco,360 Radio Colombia,"#Colombia | 📌La operación, presentada como un paso estratégico en la modernización de la defensa aérea del país, ahora será objeto de escrutinio por parte del órgano de control.

🔗El contralor Carlos Hernán Rodríguez envió un oficio al ministro de Defensa, Pedro Sánchez, solicitándole información completa sobre la contratación que respaldó la compra. En particular, pidió copia del acuerdo firmado con la empresa que asesoró al Ministerio durante todo el proceso de selección y negociación de las aeronaves, con el fin de verificar el alcance de esa consultoría y su incidencia en la decisión final.

👉Lea la nota en 360Radio.com.co",0,11/19/2025 12:19,https://www.instagram.com/p/DRQE7CCD1TG/,Imagen de Instagram,,Total,7241,2093,70,3,0,3,5
18096196720836104,17841401871496039,360radioco,360 Radio Colombia,"#Colombia | Tres menores murieron en Guaviare y el ministro Pedro Sánchez aclaró la verdad: fue un combate, no un bombardeo. La polémica crece y las preguntas también.

#notícias #actualidad #defensa #información",62,11/19/2025 12:12,https://www.instagram.com/reel/DRQDYwyAijL/,Reel de Instagram,,Total,1586,1011,13,0,0,0,1
18050754608347449,17841401871496039,360radioco,360 Radio Colombia,"#CumbrePetróleoGasYEnergía | Nelson Castañeda, Presidente Ejecutivo de Campetrol indicó que los bloqueos provocan cerca de $1 billones de pesos menos al año. Asimismo, invito a los actores del sector a tener unión para enfrentar los retos económicos y políticos que enfrenta el sector energético. 

#Economía #política #notícias #petróleo #actualidad",81,11/19/2025 11:43,https://www.instagram.com/reel/DRQAHemgjx-/,Reel de Instagram,,Total,1045,770,3,0,0,0,0
17866240080426897,17841401871496039,360radioco,360 Radio Colombia,"🔎 En el marco de la #CumbrePetroleoGasyEnergía que se desarrolla en Cartagena, el presidente de Ecopetrol, Ricardo Roa, anunció inversión por más de US$170 millones en proyectos de transporte, de los cuales US$100 millones aproximadamente, serán para el proyecto de regasificación en Coveñas. 

También, aseguró que el plan de ahorros que ha desarrollado Ecopetrol en los últimos tres años llega a $15 billones",0,11/19/2025 08:55,https://www.instagram.com/p/DRPtm57khLX/,Imagen de Instagram,,Total,3598,1136,16,2,0,0,1
18076681195953084,17841401871496039,360radioco,360 Radio Colombia,"#Colombia | En la ruta hacia la descarbonización, Ecopetrol acelera el cambio. Su presidente, Ricardo Roa, destacó que la compañía lidera la transición energética en Latinoamérica, superando a sus pares en la región.

#Energía #notícias #actualidad #transicionenergrtica",94,11/19/2025 07:17,https://www.instagram.com/reel/DRPgVI1AvlC/,Reel de Instagram,,Total,1064,783,4,0,0,2,0
18075975953247700,17841401871496039,360radioco,360 Radio Colombia,"#Colombia | El exministro Juan Fernando Cristo destacó la necesidad del frente amplio, sin embargo, aseguró que aún hacen falta conversaciones con algunas de las partes que conformarían este frente amplio en el país.

#política #notícias #actualidad #elecciones2026",78,11/19/2025 06:53,https://www.instagram.com/reel/DRPeuGugoqb/,Reel de Instagram,,Total,1431,996,8,1,0,4,0
17863597086523777,17841401871496039,360radioco,360 Radio Colombia,"Mineros inicia una nueva etapa con el nombramiento de Daniel Henao como CEO.

Un liderazgo con experiencia en exploración, operaciones, adquisiciones y sostenibilidad llega en un momento clave para la compañía, que avanza en una reconfiguración estratégica de su dirección y su gobierno corporativo.

Henao asume el reto de guiar a Mineros en un entorno donde la innovación, la disciplina financiera y la responsabilidad ambiental son determinantes para competir y crecer en la región.

#Mineros #Empresas",0,11/19/2025 06:10,https://www.instagram.com/p/DRPauTsjHaH/,Imagen de Instagram,,Total,5885,2696,63,10,2,0,8
