post_id,post_title,post_date,post_modified,post_status,post_author_name,categories,tags,url,post_author
219225,Salario diferencial: la llave para promover desarrollo y equidad,2026-05-06 10:04:52,2026-05-06 10:04:52,publish,,Editorial,Acceso a educación y empleo|Ajuste salario mínimo|Desarrollo económico|Descentralización,https://360radio.com.co/salario-diferencial-la-llave-para-promover-desarrollo-y-equidad/219225/,María Emma Jiménez Esguerra
219346,Colfuturo habría administrado de forma irregular $540.000 millones en programa de crédito beca,2026-05-06 09:13:13,2026-05-06 09:16:46,publish,,Noticias de Colombia,Caso de corrupción Colfuturo|Colfuturo|Colfuturo habría administrado de forma irregular $540.000 millones|Crédito Beca|destacada|MinCiencias|programa Crédito Beca,https://360radio.com.co/colfuturo-habria-administrado-de-forma-irregular-540-000-millones-en-programa-de-credito-beca/219346/,Juan Camilo Ocampo
219341,Utilidades de EPM crecen 68% en el primer trimestre impulsadas por venta de UNE,2026-05-06 08:53:01,2026-05-06 09:15:29,publish,,Empresas|Noticias de Medellín,Empresas|EPM|Grupo EPM|Grupo EPM aumentó por la venta de UNE|medellin|Une|Utilidades de EPM,https://360radio.com.co/medellin/utilidades-de-epm-crecen-68-en-el-primer-trimestre-impulsadas-por-venta-de-une/,Juan Camilo Ocampo
219336,"Lotería de la Cruz Roja resultado hoy 05 de mayo: número ganador, secos y último sorteo",2026-05-05 20:07:54,2026-05-05 20:07:54,publish,,Territorio,Julieth B|Loteria Cruz Roja|Loterías 05 de mayo|Premio mayor Cruz Roja 05 de mayo|Resultado Cruz Roja hoy|Varios,https://360radio.com.co/loteria-de-la-cruz-roja-resultado-hoy-05-de-mayo-numero-ganador-secos-y-ultimo-sorteo/219336/,360 Radio
219329,"El Nuevo Campín: una inversión de $2,4 billones que transformará la economía de Bogotá",2026-05-05 19:58:30,2026-05-05 19:58:30,publish,,Infraestructura|Noticias de Bogotá,Alianza Público-Privada estadio Bogotá|Auditorio filarmónico El Campín|Capacidad nuevo Campín 50.000 espectadores|Corficolombiana inversión El Campín|Mauricio Hoyos Sencia infraestructura|Metro de Bogotá y renovación urbana|Nuevo Estadio El Campín Bogotá 2026|Proyecto Sencia El Campín,https://360radio.com.co/bogota/el-nuevo-campin-una-inversion-de-24-billones-que-transformara-la-economia-de-bogota/,Julieth Barbosa
219324,En peligro tregua entre EE. UU. e Irán: una paz irrespetada,2026-05-05 19:32:24,2026-05-05 19:32:24,publish,,Noticias del mundo,Bombardeos Irán a Emiratos Árabes|Conflicto Irán Estados Unidos mayo 2026|Eyal Zamir alerta máxima Israel|Julieth B|Libertad de navegación Estrecho de Ormuz|Marco Rubio declaraciones Irán Epic Fury|Operación Proyecto Libertad Ormuz|Tregua Washington Teherán violaciones|Veto Rusia y China resolución ONU Ormuz,https://360radio.com.co/en-peligro-tregua-entre-ee-uu-e-iran-una-paz-irrespetada/219324/,Juliano Prieto Sandoval
219320,"Donald Trump tensa relaciones con Cuba y amenaza con invadirla ""casi inmediatamente""",2026-05-05 19:10:42,2026-05-05 19:10:42,publish,,Noticias del mundo,Amenaza de Trump a Cuba 2026|Donald Trump invasión Cuba SS Lincoln|Embargo energético Cuba 2026|Guerra en Irán y conflicto con Cuba|Julieth B|Miguel Díaz-Canel respuesta a Trump|Relaciones EE. UU. Cuba tensiones militares|Sanciones económicas Estados Unidos Cuba mayo 2026|Seguridad nacional Estados Unidos amenaza Cuba,https://360radio.com.co/donald-trump-tensa-relaciones-con-cuba-y-amenaza-con-invadirla-casi-inmediatamente/219320/,Juliano Prieto Sandoval
219309,Luis Gilberto Murillo retiraría su candidatura presidencial y se uniría a la campaña de Iván Cepeda,2026-05-05 18:44:11,2026-05-05 20:01:56,publish,,Elecciones 2026|Política,Alianza Luis Gilberto Murillo e Iván Cepeda|destacada|elecciones presidenciales Colombia 31 de mayo|Encuestas presidenciales Colombia mayo 2026|Iván Cepeda campaña 2026|Juan Fernando Cristo articulador político|Modificación tarjetón electoral 2026|Murillo renuncia candidatura presidencial|Votos por Luis Gilberto Murillo validez,https://360radio.com.co/luis-gilberto-murillo-retiraria-su-candidatura-presidencial-y-se-uniria-a-la-campana-de-ivan-cepeda/219309/,Julieth Barbosa
219300,Paloma Valencia y Oviedo retan a De La Espriella y Restrepo a un debate público,2026-05-05 18:19:05,2026-05-05 18:22:30,publish,,Elecciones 2026|Política,Abelardo De La Espriella candidato presidente|Centro Democrático elecciones 2026|Debate Paloma Valencia vs Abelardo De La Espriella|destacada|Elecciones presidenciales Colombia 2026 debates|Encuestas presidenciales Colombia mayo 2026|Juan Daniel Oviedo fórmula vicepresidencial|Paloma Valencia candidata presidencial 2026|Propuestas candidatos presidenciales Colombia,https://360radio.com.co/paloma-valencia-y-oviedo-retan-a-de-la-espriella-y-restrepo-a-un-debate-publico/219300/,Julieth Barbosa
219296,Del profesor Snape a ALF: El maestro Carlos Segundo aterrizará en la Comic Con Bogotá,2026-05-05 17:57:29,2026-05-05 18:31:17,publish,,Cultura|Noticias de Bogotá,,https://360radio.com.co/bogota/del-profesor-snape-a-alf-el-maestro-carlos-segundo-aterrizara-en-la-comic-con-bogota/,Julieth Barbosa
219290,El mensaje oculto tras la vejez de Bad Bunny: Una crítica al miedo a la mortalidad,2026-05-05 17:23:57,2026-05-05 17:38:38,publish,,Entretenimiento,"Alfombra roja Met Gala mejores vestidos|Bad Bunny caracterización vejez|Bad Bunny Met Gala 2026 anciano|Bad Bunny vestido Charles James inspiración|Costume Institute exposición cuerpo envejecido|Look Bad Bunny Met Gala Zara|Maquillaje Mike Marino Bad Bunny|Temática Met Gala 2026 ""La moda es arte""",https://360radio.com.co/entretenimiento/el-mensaje-oculto-tras-la-vejez-de-bad-bunny-una-critica-al-miedo-a-la-mortalidad/,Julieth Barbosa
219276,Cómo inscribirse en AvanzaTEC de forma gratuita para conseguir certificaciones internacionales y mejores salarios,2026-05-05 17:06:25,2026-05-05 17:06:25,publish,,Educación|Observatorio TIC,AvanzaTEC Hewlett Packard Enterprise|Becas ciberseguridad MinTIC|Certificaciones internacionales gratuitas Colombia|Cursos de programación MinTIC inscripciones|Cursos gratis MinTIC 2026|Formación en Inteligencia Artificial Colombia|Inscripciones AvanzaTEC 2026 MinTIC|Revolución digital Gustavo Petro,https://360radio.com.co/como-inscribirse-en-avanzatec-de-forma-gratuita-para-conseguir-certificaciones-internacionales-y-mejores-salarios/219276/,Julieth Barbosa
219269,¿Es viable dar dinero a pacientes por falta de medicamentos? Críticas a la propuesta de Quintero,2026-05-05 16:52:13,2026-05-05 16:55:06,publish,,Noticias de Medellín,Crisis de medicamentos|Desabastecimiento en farmacias|Escasez de fármacos|Gremio médico Colombia|Presupuestos máximos salud|Propuesta Daniel Quintero|Sistema de salud colombiano,https://360radio.com.co/medellin/es-viable-dar-dinero-a-pacientes-por-falta-de-medicamentos-criticas-a-la-propuesta-de-quintero/,Juan Turriago
219275,Wilmer Carrillo queda inhabilitado por 104 meses tras fallo de la Corte Suprema de Justicia,2026-05-05 16:38:15,2026-05-05 16:38:15,publish,,Judicial,Condena Wilmer Carrillo Corte Suprema|Contrato sin cumplimiento de requisitos legales|Corte Suprema de Justicia sentencias 2026|Irregularidades contratación pública Colombia|Pena de prisión congresista Carrillo|Puente Puerto León Norte de Santander|Representante a la Cámara condenado|Wilmer Ramiro Carrillo Mendoza cárcel,https://360radio.com.co/wilmer-carrillo-queda-inhabilitado-por-104-meses-tras-fallo-de-la-corte-suprema-de-justicia/219275/,Julieth Barbosa
219277,Cómo cambia el negocio de internet más allá de la publicidad,2026-05-05 16:36:42,2026-05-05 16:36:42,publish,,Territorio,Comercial|Cómo cambia el negocio de internet|Internet|negocio de internet,https://360radio.com.co/como-cambia-el-negocio-de-internet-mas-alla-de-la-publicidad/219277/,Juan Camilo Ocampo
219256,Lili Pink responde a acusaciones de contrabando: qué dijo,2026-05-05 15:51:21,2026-05-05 15:51:21,publish,,Empresas,contrabando Colombia|debido proceso Colombia|investigación empresarial|Iván Cancino abogado|lavado de activos Colombia|presunción de inocencia|sector empresarial Colombia,https://360radio.com.co/lili-pink-responde-a-acusaciones-de-contrabando-que-dijo/219256/,Julieth Barbosa
219252,Muerte de joven en operativo policial en Medellín,2026-05-05 15:47:24,2026-05-05 15:47:24,publish,,Noticias de Medellín,​Abuso policial en Medellín|​Derechos humanos Antioquia|Federico Gutiérrez seguridad Medellín|​Investigación Fiscalía barrio Caribe|​Justicia para Marlon Rivas|​Marlon Rivas Rojas Medellín|Procedimiento policial Medellín hoy,https://360radio.com.co/medellin/muerte-de-joven-en-operativo-policial-en-medellin/,Juan Turriago
219237,"Medios, fútbol argentino y apuestas: eventos que capturan público",2026-05-05 15:17:50,2026-05-05 15:17:50,publish,,Territorio,Apuestas|Argentina|Comercial|Deportes en los medios|Fútbol argentino|fútbol argentino y apuestas|Medios,https://360radio.com.co/medios-futbol-argentino-y-apuestas-eventos-que-capturan-publico/219237/,Juan Camilo Ocampo
219253,Seguridad y longevidad: Samsung Galaxy A57 5G y A37 ofrecen hasta seis años de actualizaciones,2026-05-05 15:03:23,2026-05-05 16:00:10,publish,,Tecnología,batería 5000 mAh|cámaras 50 MP|celulares gama media|la serie Galaxy A|One UI Samsung|Samsung Colombia|Samsung Galaxy A57 5G y A37|smartphones con inteligencia artificial|teléfonos 5G Colombia,https://360radio.com.co/tecnologia/seguridad-y-longevidad-samsung-galaxy-a57-5g-y-a37-ofrecen-hasta-seis-anos-de-actualizaciones/,Julieth Barbosa
219244,El millonario costo de oportunidad para Ecopetrol: El negocio que hoy valdría $30 billones más,2026-05-05 14:44:38,2026-05-05 14:45:48,publish,,Noticias|Noticias de Colombia,Acciones Ecopetrol|Economia colombiana|ECOPETROL|Fracking en Colombia|Gustavo Petro|Permian|Sector energético,https://360radio.com.co/el-millonario-costo-de-oportunidad-para-ecopetrol-el-negocio-que-hoy-valdria-30-billones-mas/219244/,Juan Turriago
219243,Regiotram del Norte avanza: Gobierno asegura cierre financiero y licitación en 2026,2026-05-05 14:30:56,2026-05-05 17:47:04,publish,,Infraestructura|Noticias de Colombia,CONPES 4190|destacada|infraestructura ferroviaria|licitación Regiotram|Ministerio de Transporte Colombia|movilidad Bogotá Cundinamarca|Regiotram Colombia|tren eléctrico Colombia,https://360radio.com.co/regiotram-del-norte-avanza-gobierno-asegura-cierre-financiero-y-licitacion-en-2026/219243/,Julieth Barbosa
219238,"GAD3 mantiene operaciones en Colombia, pero frena medición electoral por falta de garantías técnicas",2026-05-05 13:43:13,2026-05-05 13:56:26,publish,,Noticias de Colombia,CNE Colombia|destacada|encuestas electorales en Colombia|GAD3 Colombia|Intención de voto|ley electoral Colombia|metodologías de encuestas|regulación encuestas|telefonía móvil encuestas,https://360radio.com.co/gad3-mantiene-operaciones-en-colombia-pero-frena-medicion-electoral-por-falta-de-garantias-tecnicas/219238/,Julieth Barbosa
219221,Nu Colombia cuestiona demora en aplicar la exención del 4x1000,2026-05-05 12:03:06,2026-05-05 12:04:06,publish,,"Economía, finanzas y negocios|Noticias de Colombia",4X1000|COLOMBIA|ECONOMIA|nu|Nu Colombia,https://360radio.com.co/nu-colombia-cuestiona-demora-en-aplicar-la-exencion-del-4x1000/219221/,Juan Camilo Ocampo
219223,"Lizcano cuestiona a Petro: ""No es justo que esta venganza con EPS se traduzca en muertes""",2026-05-05 12:01:23,2026-05-05 12:24:22,publish,,Noticias de Colombia,Crisis EPS|gobierno Petro|Jorge g|Mauricio Lizcano|Ministro Jaramillo|Noticias salud|Salud Colombia,https://360radio.com.co/mauricio-lizcano-cuestiona-al-gobierno-por-deterioro-del-sistema-de-salud-en-colombia/219223/,Jorge González
219213,Confirmados primeros jurados de votación: Link de consulta para el 31 de mayo,2026-05-05 11:29:38,2026-05-05 11:30:32,publish,,Noticias de Colombia|Política,COLOMBIA|Elecciones 2026|Jurados de votación|POLITICA,https://360radio.com.co/confirmados-primeros-jurados-de-votacion-link-de-consulta-para-el-31-de-mayo/219213/,Juan Camilo Ocampo
219209,Clínica Medical cierra cuatro de sus sedes en Bogotá: conozca cuáles dejan de operar hoy,2026-05-05 11:19:47,2026-05-05 11:19:47,publish,,Noticias de Bogotá,Atención médica urgencias|Cierre de clínicas 2026|Clínica Medical sedes|Crisis de las EPS Colombia|Salud en Bogotá|Sede Kennedy servicios|Sistema de salud colombiano,https://360radio.com.co/bogota/clinica-medical-cierra-cuatro-de-sus-sedes-en-bogota-conozca-cuales-dejan-de-operar-hoy/,Juan Turriago
219206,"Brote de Hantavirus en Colombia: qué es, contagio, riesgos y dónde están los primeros casos",2026-05-05 11:11:28,2026-05-05 11:13:06,publish,,Noticias de Colombia|Salud,COLOMBIA|Hantavirus|SALUD,https://360radio.com.co/brote-de-hantavirus-en-colombia-que-es-contagio-riesgos-y-donde-estan-los-primeros-casos/219206/,Juan Camilo Ocampo
219197,Qué pasa si no asisto a la capacitación de jurados de votación 2026: Multas y consecuencias,2026-05-05 10:17:05,2026-05-05 10:29:32,publish,,Noticias de Colombia|Política,COLOMBIA|Elecciones2026|Jurados de votación|Qué pasa si no asisto a la capacitación de jurados de votación|Registraduría,https://360radio.com.co/que-pasa-si-no-asisto-a-la-capacitacion-de-jurados-de-votacion-2026-multas-y-consecuencias/219197/,Juan Camilo Ocampo
219191,Contraloría lanza advertencia al Ministerio de Agricultura por vacíos en las áreas de protección alimentaria,2026-05-05 09:57:07,2026-05-05 09:58:10,publish,,Judicial|Noticias de Colombia,Contraloría General de la República|Derecho agrario y tierras|Ministerio de Agricultura APPA|Ordenamiento territorial rural|Producción de alimentos 2026|Protección de suelos agrícolas|Seguridad alimentaria Colombia,https://360radio.com.co/contraloria-lanza-advertencia-al-ministerio-de-agricultura-por-vacios-en-las-areas-de-proteccion-alimentaria/219191/,Juan Turriago
219186,Fecha de la segunda vuelta en las elecciones de Colombia 2026,2026-05-05 09:43:54,2026-05-05 09:43:54,publish,,Noticias de Colombia|Política,calendario electoral|COLOMBIA|destacada|Elecciones de Colombia 2026|Elecciones presidenciales 2026|Fecha de la segunda vuelta|Fecha de la segunda vuelta en Colombia|POLITICA|Registraduría,https://360radio.com.co/fecha-de-la-segunda-vuelta-en-las-elecciones-de-colombia-2026/219186/,Juan Camilo Ocampo
219187,RNDC establece nuevas reglas para garantizar pagos transparentes en el transporte de carga,2026-05-05 09:28:56,2026-05-05 09:57:53,publish,,Movilidad|Noticias de Colombia,destacada|FletesColombia|FormalizaciónLaboral|LogísticaColombia|MinisterioDeTransporte|PagosTransparentes|RNDC|TransporteDeCarga,https://360radio.com.co/rndc-establece-nuevas-reglas-para-garantizar-pagos-transparentes-en-el-transporte-de-carga/219187/,Juan Turriago
219183,¿El 18 de mayo es festivo en Colombia? Lo que debe saber y cómo se paga si trabaja,2026-05-05 08:35:09,2026-05-05 08:47:15,publish,,Noticias de Colombia,¿El 18 de mayo es festivo en Colombia?|COLOMBIA|destacada|Puente Festivo,https://360radio.com.co/el-18-de-mayo-es-festivo-en-colombia-lo-que-debe-saber-y-como-se-paga-si-trabaja/219183/,Juan Camilo Ocampo
219172,"Impuesto al patrimonio del gobierno se queda corto: Hueco fiscal de $1,72 billones",2026-05-04 17:11:32,2026-05-04 17:11:32,publish,,"Economía, finanzas y negocios",Crisis invernal Córdoba y Sucre|Déficit fiscal 2026|Emergencia Económica Colombia|Exequibilidad decretos emergencia|Finanzas públicas Colombia|Metas de recaudo DIAN|Recaudo impuesto al patrimonio,https://360radio.com.co/impuesto-al-patrimonio-se-queda-corto-hueco-fiscal-de-172-billones/219172/,Juan Turriago
219177,Voto de Confianza: cómo funciona el proceso electoral colombiano y por qué existen garantías para todos,2026-05-04 17:06:18,2026-05-04 17:07:10,publish,,Noticias de Colombia,COLOMBIA|Elecciones 2026|Registraduría|Voto|Voto de Confianza:,https://360radio.com.co/voto-de-confianza-como-funciona-el-proceso-electoral-colombiano-y-por-que-existen-garantias-para-todos/219177/,Juan Camilo Ocampo
219173,Paramount+ va a transmitir los partidos de la Champions League junto con ESPN,2026-05-04 16:56:43,2026-05-04 16:56:43,publish,,Deportes,CHAMPIONS LEAGUE|DEPORTES|ESPN y Paramount+|Paramount+ va a transmitir los partidos de la Champions League,https://360radio.com.co/deportes/paramount-va-a-transmitir-los-partidos-de-la-champions-league-junto-con-espn/,Juan Camilo Ocampo
219168,Colombia alcanza niveles históricos de deuda: El análisis de ANIF que sacude al mercado,2026-05-04 16:40:42,2026-05-04 16:40:42,publish,,Noticias,Crisis económica histórica|Déficit fiscal colombiano|Deuda pública Colombia|Gasto público Colombia|Informe ANIF 2026|Regla fiscal|Sostenibilidad macroeconómica,https://360radio.com.co/colombia-alcanza-niveles-historicos-de-deuda-el-analisis-de-anif-que-sacude-al-mercado/219168/,Juan Turriago
219164,El Día de la Madre impulsa las exportaciones de flores: US$430 millones en ventas internacionales,2026-05-04 16:09:54,2026-05-04 16:09:54,publish,,"Economía, finanzas y negocios",Economía 2026|éxito comercial|Flores de corte|Potencia exportadora|Proyecciones agro|Segundo exportador mundial|sostenibilidad económica,https://360radio.com.co/el-dia-de-la-madre-impulsa-las-exportaciones-de-flores-us430-millones-en-ventas-internacionales/219164/,Juan Turriago
219156,¿Está sacrificando el Banco de la República el crecimiento económico?,2026-05-04 15:45:31,2026-05-04 15:45:31,publish,,"Economía, finanzas y negocios",Autonomía del banco central|Banco de la República|Crecimiento económico PIB|Inflación mayo 2026|Junta Directiva Emisor|Política Monetaria|Tasas de interés Colombia,https://360radio.com.co/esta-sacrificando-el-banco-de-la-republica-el-crecimiento-economico/219156/,Juan Turriago
219157,Paloma Valencia advierte sobre reforma de Petro que cambiaría elección del rector en la Universidad Nacional,2026-05-04 13:12:58,2026-05-04 13:36:32,publish,,Noticias de Colombia|Política,COLOMBIA|destacada|elección del rector en la Universidad Nacional|Paloma Valencia|Paloma Valencia advierte sobre reforma de Petro|POLITICA|Universidad Nacional,https://360radio.com.co/paloma-valencia-advierte-sobre-reforma-de-petro-que-cambiaria-eleccion-del-rector-en-la-universidad-nacional/219157/,Juan Camilo Ocampo
219150,Precios de alimentos en Colombia: ¿Qué productos subieron más en el último mes?,2026-05-04 12:41:14,2026-05-04 12:44:10,publish,,Noticias,Canasta básica Colombia 2026|Centrales de abasto precios|Costo de vida Colombia|destacada|Inflación de alimentos abril|Precio de la papa criolla|Precios mayoristas de alimentos|Reporte SIPSA alimentos,https://360radio.com.co/precios-de-alimentos-en-colombia-que-productos-subieron-mas-en-el-ultimo-mes/219150/,Juan Turriago
219146,"Regalos y planes para el día de la madre 2026 en Bogotá, Cali y Medellín",2026-05-04 12:05:50,2026-05-04 12:05:50,publish,,Noticias de Colombia,COLOMBIA|Día de la Madre|Día de la Madre en Colombia|Día de la madre en colombia 2026|Planes para el día de la madre|Regalos para el día de la madre,https://360radio.com.co/regalos-y-planes-para-el-dia-de-la-madre-2026-en-bogota-cali-y-medellin/219146/,Juan Camilo Ocampo
219135,¿Quién va ganando las elecciones 2026 en Colombia? Así están las encuestas hoy,2026-05-04 11:45:10,2026-05-04 11:47:07,publish,,Uncategorized,Candidatos presidenciales Colombia|destacada|Elecciones Colombia 2026|Encuestas Invamer 2026|Intención de voto presidencial|Iván Cepeda presidente|Paloma Valencia candidata|Segunda vuelta electoral,https://360radio.com.co/quien-va-ganando-las-elecciones-2026-en-colombia-asi-estan-las-encuestas-hoy/219135/,Juan Turriago
219141,Fechas de pago para Adulto Mayor y Renta Ciudadana en mayo 2026,2026-05-04 11:28:04,2026-05-04 11:28:04,publish,,Noticias de Colombia,Adulto Mayor|Adulto Mayor y Renta Ciudadana en mayo 2026|COLOMBIA|Colombia Mayor|Fechas de pago para Adulto Mayor 2026|Prosperidad Social,https://360radio.com.co/fechas-de-pago-para-adulto-mayor-y-renta-ciudadana-en-mayo-2026/219141/,Juan Camilo Ocampo
219137,Cuándo es y cómo ver la Met Gala 2026 desde Colombia,2026-05-04 10:58:17,2026-05-04 10:58:17,publish,,Entretenimiento,cómo ver la Met Gala 2026 desde Colombia|Costume Art|Entretenimiento|Met Gala|Met Gala 2026|Met Gala 2026 se realizará este 4 de mayo|Nueva York,https://360radio.com.co/entretenimiento/cuando-es-y-como-ver-la-met-gala-2026-desde-colombia/,Juan Camilo Ocampo
219122,Confirmado: Sube a tres los muertos por accidente con Monster Truck en Popayán,2026-05-04 10:18:43,2026-05-04 10:18:43,publish,,Noticias,Accidente Monster Truck Popayán|Fallo mecánico Monster Truck|Heridos exhibición de motor Cauca|Hospital Universitario San José Popayán|Seguridad en eventos masivos Colombia|Tragedia en Popayán 2026|Víctimas accidente Popayán hoy,https://360radio.com.co/tragedia-en-popayan-tres-muertos-y-38-heridos-tras-accidente-en-exhibicion-de-monster-truck/219122/,Juan Turriago
219120,Sebastián López se retira del Concejo y se proyecta hacia la Alcaldía de Medellín,2026-05-04 09:43:33,2026-05-04 11:40:13,publish,,Noticias de Medellín,Alcaldia de medellin|Concejal Sebastián López|concejo de medellìn|destacada|medellin|POLITICA|Sebastián López se retira del Concejo,https://360radio.com.co/medellin/sebastian-lopez-se-retira-del-concejo-y-se-proyecta-hacia-la-alcaldia-de-medellin/,Juan Camilo Ocampo
219114,LATAM Cargo Colombia inaugura ruta regular a Caracas para fortalecer el comercio regional,2026-05-04 09:20:06,2026-05-04 09:20:06,publish,,Noticias,Comercio exterior Caracas|Conectividad aérea Norteamérica|Crisis logística en Colombia|Exportaciones a Venezuela|LATAM Cargo Colombia|Logística en Colombia|Transporte de carga aérea,https://360radio.com.co/latam-cargo-colombia-inaugura-ruta-regular-a-caracas-para-fortalecer-el-comercio-regional/219114/,Juan Turriago
219111,"Quién es la ""La Dragona"" conductora de la ‘Monster Truck’ involucrada en el fatal accidente en Popayán",2026-05-04 08:52:07,2026-05-04 10:24:44,publish,,Noticias de Colombia,Colombia Popayán|conductora de la ‘Monster Truck’|destacada|fatal accidente en Popayán|Monster Truck,https://360radio.com.co/quien-es-la-conductora-de-la-monster-truck-involucrada-en-el-fatal-accidente-en-popayan/219111/,Juan Camilo Ocampo
218939,Encuesta CNC elecciones 2026: Iván Cepeda se mantiene a la cabeza mientras De la Espriella desplaza a Paloma Valencia,2026-05-03 14:09:42,2026-05-03 14:09:42,publish,,Elecciones 2026,​Abelardo de la Espriella 2026|Candidato Iván Cepeda|destacada|Paloma Valencia,https://360radio.com.co/encuesta-cnc-elecciones-2026-ivan-cepeda-se-mantiene-a-la-cabeza-mientras-de-la-espriella-desplaza-a-paloma-valencia/218939/,María Emma Jiménez Esguerra
218824,"Lotería de Boyacá resultado hoy 2 de mayo: número ganador, secos y último sorteo",2026-05-02 18:35:30,2026-04-29 15:41:50,publish,,Territorio,Julieth B|Loteria de Boyaca|Loteria de Boyaca 2 de mayo|Loteria de Boyaca ayer|Loteria de Boyaca hoy|Loteria de Boyaca numero ganador|Loteria de Boyaca secos|Loteria de Boyaca ultimo sorteo|Loterías|Loterias hoy|Ultimo resultado Loteria de Boyaca|Varios,https://360radio.com.co/loteria-de-boyaca-resultado-hoy-2-de-mayo-numero-ganador-secos-y-ultimo-sorteo/218824/,360 Radio
219099,CNE abre indagación preliminar a Iván Cepeda por presuntas fallas en financiación de campaña,2026-05-02 16:41:33,2026-05-02 16:41:33,publish,,Política,CNE|Consulta interpartidista|Cuentas Claras|Derecho Electoral Colombia|Financiación de campañas|Iván Cepeda|Topes de campaña,https://360radio.com.co/cne-abre-indagacion-preliminar-a-ivan-cepeda-por-presuntas-fallas-en-financiacion-de-campana/219099/,Juan Turriago
219092,"Hallan sin vida a ciudadano egipcio en un hotel de El Poblado, Medellín",2026-05-02 16:18:40,2026-05-02 16:18:40,publish,,Noticias de Medellín,Extranjero muerto en Medellín|Investigación CTI Medellín|Medicina Legal Antioquia|Noticias Medellín hoy|Seguridad en hoteles Medellín|Turismo en El Poblado,https://360radio.com.co/medellin/hallan-sin-vida-a-ciudadano-egipcio-en-un-hotel-de-el-poblado-medellin/,Juan Turriago
219086,"Paloma Valencia rechaza la Constituyente de Petro: ""No es la solución a los problemas del país""",2026-05-02 15:37:27,2026-05-02 16:26:02,publish,,Política,Asamblea Nacional Constituyente|centro democrático|Constitución de 1991|Gustavo Petro Constituyente|Paloma Valencia 2026|Seguridad en Colombia,https://360radio.com.co/paloma-valencia-rechaza-la-constituyente-de-petro-no-es-la-solucion-a-los-problemas-del-pais/219086/,Juan Turriago
219082,¿Qué hacer si tienes vuelos con Spirit Airlines? Aerocivil activa plan de emergencia,2026-05-02 14:45:33,2026-05-02 14:45:33,publish,,Noticias,conectividad aérea Colombia|Crisis de aerolíneas 2026|Derechos del pasajero aéreo|Plan de contingencia Aerocivil|Spirit Airlines Colombia|Superintendencia de Transporte|Vuelos cancelados Spirit,https://360radio.com.co/que-hacer-si-tienes-vuelos-con-spirit-airlines-aerocivil-activa-plan-de-emergencia/219082/,Juan Turriago
219076,La IA autónoma toma el control de la estrategia global de las Big Tech,2026-05-02 13:02:09,2026-05-02 13:02:09,publish,,Tecnología,Automatización inteligente|automatizará el 80% de los productos tecnológicos para 2027|economía digital|Ingeniería de prompts|Redes neuronales|Reskilling tecnológico|Silicon Valley,https://360radio.com.co/tecnologia/la-ia-autonoma-toma-el-control-de-la-estrategia-global-de-las-big-tech/,Juan Turriago
219069,Donald Trump vincula el fin del conflicto con Irán a una posible intervención en Cuba,2026-05-02 12:02:34,2026-05-02 12:02:34,publish,,Mundo,caribe|Cuba|DonaldTrump|Geopolítica|Irán|Sanciones|SeguridadNacional,https://360radio.com.co/donald-trump-vincula-el-fin-del-conflicto-con-iran-a-una-posible-intervencion-en-cuba/219069/,Juan Turriago
219062,Constituyente de Petro necesitará 5 millones de firmas: Cuánto tiempo tiene el Gobierno para presentarla,2026-05-02 11:33:43,2026-05-02 11:33:43,publish,,Noticias de Colombia|Política,asamblea constituyente Colombia|COLOMBIA|constituyente de Petro|Gobierno Petro impulsa constituyente con recolección de firmas|Petro|POLITICA,https://360radio.com.co/constituyente-de-petro-necesitara-5-millones-de-firmas-cuanto-tiempo-tiene-el-gobierno-para-presentarla/219062/,Juan Camilo Ocampo
219063,"El teletrabajo reduce un 7% los viajes en el Valle de Aburrá, pero los trancones no ceden",2026-05-02 10:53:54,2026-05-02 10:53:54,publish,,Noticias de Medellín,Congestión vial Antioquia|Infraestructura vial Colombia|Movilidad Valle de Aburrá|Teletrabajo en Medellín|Tiempos de viaje Aburrá|Tránsito área metropolitana|Transporte público y privado,https://360radio.com.co/medellin/el-teletrabajo-reduce-un-7-los-viajes-en-el-valle-de-aburra-pero-los-trancones-no-ceden/,Juan Turriago
219058,"Supersalud interviene tres de las EPS más grandes de Colombia: Nueva EPS, Sanitas y Servicios Occidentales de Salud (SOS)",2026-05-02 10:31:45,2026-05-02 11:19:26,publish,,Noticias,CrisisSanitaria|DerechoALaSalud|IntervenciónEPS|SaludColombia|SistemaDeSalud|SostenibilidadFinanciera|Supersalud,https://360radio.com.co/supersalud-interviene-tres-de-las-eps-mas-grandes-de-colombia-nueva-eps-sanitas-y-servicios-occidentales-de-salud-sos/219058/,Juan Turriago
219053,Paloma Valencia advierte a trabajadores sobre promesas socialistas y plantea ruta de formalización,2026-05-02 10:24:56,2026-05-02 10:24:56,publish,,Noticias de Colombia|Política,COLOMBIA|Elecciones 2026|Iván Cepeda|Paloma Valencia|Paloma Valencia advierte a trabajadores sobre promesas socialistas|Políticas|promesas socialistas|Soialismo|trabajadores,https://360radio.com.co/paloma-valencia-advierte-a-trabajadores-sobre-promesas-socialistas-y-plantea-ruta-de-formalizacion/219053/,Juan Camilo Ocampo
219049,Spirit Airlines suspende operaciones y cancela todos sus vuelos: qué hacer si tenía tiquetes,2026-05-02 08:48:28,2026-05-02 10:02:34,publish,,Noticias del mundo,aerolíneas de bajo costo|Avianca|Cierre de Spirit Airlines|destacada|MUNDO|Spirit Airlines|Spirit Airlines suspende operaciones,https://360radio.com.co/crisis-total-spirit-airlines-suspende-operaciones-y-cancela-todos-sus-vuelos/219049/,Juan Camilo Ocampo
218348,"Resultado Lotería de Santander hoy 1 de mayo: secos, número ganador y último sorteo",2026-05-01 18:28:27,2026-04-27 12:41:35,publish,,Territorio,Julieth B|Lotería 1 de mayo|Loteria de Santander|Mayo|Premio mayor 1 de mayo|Resultado loteria|Santander 1 de mayo|Varios,https://360radio.com.co/resultado-loteria-de-santander-hoy-1-de-mayo-secos-numero-ganador-y-ultimo-sorteo/218348/,360 Radio
219043,Colombia registra un repunte histórico en la venta de motocicletas durante abril de 2026,2026-05-01 16:30:43,2026-05-01 16:30:43,publish,,Ciudades,Matrículas de motocicletas abril|Mejores marcas de motos 2026|mercado automotor colombiano|Motos económicas Colombia|Movilidad urbana Colombia|Seguridad vial motociclistas|Ventas de motos Colombia 2026,https://360radio.com.co/colombia-registra-un-repunte-historico-en-la-venta-de-motocicletas-durante-abril-de-2026/219043/,Juan Turriago
219039,Gasolina en Colombia sube $400: estas son las ciudades con el galón más caro en mayo,2026-05-01 15:59:49,2026-05-01 15:59:49,publish,,"Minería, energía e hidrocarburos",Aumento combustible Colombia|Fondo de Estabilización de Precios de Combustibles|Galón de gasolina Villavicencio|Gasolina más cara en Cali y Bogotá|Inflación y transporte Colombia|Ministerio de Hacienda precios gasolina|Precio de la gasolina mayo 2026,https://360radio.com.co/gasolina-en-colombia-sube-400-estas-son-las-ciudades-con-el-galon-mas-caro-en-mayo/219039/,Juan Turriago
219035,¿Cuáles serán los productos provenientes de Ecuador con aranceles de hasta el 75%?,2026-05-01 15:38:28,2026-05-01 15:38:28,publish,,Noticias,Aranceles Colombia Ecuador|Decreto 0455 de 2026|Guerra comercial regional|Importaciones ecuatorianas|Ministerio de Comercio Colombia|Precios canasta básica|Reciprocidad comercial,https://360radio.com.co/cuales-seran-los-productos-provenientes-de-ecuador-con-aranceles-de-hasta-el-75/219035/,Juan Turriago
219030,¿Qué lugar ocupa Colombia en el ranking de América Latina en corrupción?,2026-05-01 15:09:41,2026-05-01 15:09:41,publish,,Noticias|Uncategorized,Corrupción en el sector público|Gestión de recursos públicos Colombia|Índice de Percepción de la Corrupción 2025|Países menos corruptos de América Latina|Ranking global de corrupción|Transparencia Internacional Colombia|Transparencia por Colombia,https://360radio.com.co/que-lugar-ocupa-colombia-en-el-ranking-de-america-latina-en-corrupcion/219030/,Juan Turriago
219026,Colombia firmará decreto histórico: Estado reconoce oficialmente la violencia antisindical,2026-05-01 14:43:31,2026-05-01 14:53:23,publish,,Colombia,Decreto histórico Colombia|Derechos laborales|destacada|Justicia social|Movimiento sindical Colombia|Paz y democracia|Reparación colectiva|Violencia antisindical,https://360radio.com.co/colombia-firmara-decreto-historico-estado-reconoce-oficialmente-la-violencia-antisindical/219026/,Juan Turriago
219022,El mercado automotor en Colombia rompe récords: las ventas crecen un 54% en abril,2026-05-01 11:58:10,2026-05-01 11:58:10,publish,,Noticias,Carros eléctricos más vendidos|Crecimiento sector automotriz|Informe Andi Fenalco abril|Matrículas de vehículos nuevos|mercado automotor colombiano|Tesla Model Y Colombia|Ventas de vehículos Colombia 2026,https://360radio.com.co/el-mercado-automotor-en-colombia-rompe-records-las-ventas-crecen-un-54-en-abril/219022/,Juan Turriago
219018,Petro lanza la Política Nacional de Trabajo Digno: claves del nuevo Conpes 4189,2026-05-01 11:27:47,2026-05-01 11:27:47,publish,,Colombia,Conpes 4189 Colombia|Derechos laborales Petro 1 de mayo|destacada|Empleos verdes SENA|Mercado laboral colombiano 2035|Política Nacional de Trabajo Digno|Protección al cesante informalidad|Reconversión laboral minería,https://360radio.com.co/petro-lanza-la-politica-nacional-de-trabajo-digno-claves-del-nuevo-conpes-4189/219018/,Juan Turriago
219013,Más de 26.000 empresas en el Cauca en alerta máxima por crisis de seguridad y nuevos aranceles,2026-05-01 10:58:47,2026-05-01 10:58:47,publish,,"Economía, finanzas y negocios",Aranceles inteligentes Colombia 2026|Cámara de Comercio de Popayán|Comercio binacional Colombia-Ecuador|Crisis económica Cauca|Empresas en riesgo Cauca|Terrorismo suroccidente colombiano|Vía Panamericana seguridad,https://360radio.com.co/mas-de-26-000-empresas-en-el-cauca-en-alerta-maxima-por-crisis-de-seguridad-y-nuevos-aranceles/219013/,Juan Turriago
218966,"Lotería de Bogotá resultado hoy 30 abril: número ganador, secos y último sorteo",2026-04-30 20:51:45,2026-04-30 15:52:24,publish,,Territorio,Julieth B|Loteria de Bogota|Loteria de Bogota 30 abril|Loteria de Bogota ayer|Loteria de Bogota hoy|Loteria de Bogota numero ganador|Loteria de Bogota resultado|Loteria de Bogota Secos|Loteria de Bogota ultimo sorteo|Loterias Colombia|Loterias hoy|Varios,https://360radio.com.co/loteria-de-bogota-resultado-hoy-30-abril-numero-ganador-secos-y-ultimo-sorteo/218966/,360 Radio
218999,"Crédito más caro: usura en Colombia sube a 28,17% en mayo",2026-04-30 20:27:24,2026-04-30 20:27:24,publish,,"Economía, finanzas y negocios|Noticias de Colombia",17% en mayo|aumento de la tasa de usura|COLOMBIA|Crédito más caro:|ECONOMIA|Superfinanciera|Tasa de usura|usura en Colombia sube a 28,https://360radio.com.co/credito-mas-caro-usura-en-colombia-sube-a-2817-en-mayo/218999/,Juan Camilo Ocampo
219002,"Lotería del Quindío resultado hoy 30 de abril: número ganador, secos y último sorteo",2026-04-30 19:57:43,2026-05-02 10:22:33,publish,,Territorio,Juan O|Lorería del Quindío|Loteria de Colombia|Lotería del Quindía 30 de abril|Loteria del Quindio hoy|Loteria del Quindio numero ganador|Lotería del Quindío resultado hoy 30 de abril|Secos de la Lotería del Quindío|Varios,https://360radio.com.co/loteria-del-quindio-resultado-hoy-30-de-abril-numero-ganador-secos-y-ultimo-sorteo/219002/,360 Radio
218996,Gobierno intenta destrabar crisis de vivienda con nuevas herramientas financieras,2026-04-30 19:15:22,2026-04-30 19:15:22,publish,,Noticias de Colombia,COLOMBIA|Gobierno intenta destrabar crisis de vivienda|gobierno Petro|MinVivienda|Vivienda,https://360radio.com.co/gobierno-intenta-destrabar-crisis-de-vivienda-con-nuevas-herramientas-financieras/218996/,Juan Camilo Ocampo
218992,La SIC impone millonaria sanción a Movistar por incumplimientos en portabilidad,2026-04-30 17:47:37,2026-04-30 17:56:44,publish,,Noticias de Colombia,COLOMBIA|Empresas|La SIC sanciona a Movistar|Movistar|SIC,https://360radio.com.co/la-sic-impone-millonaria-sancion-a-movistar-por-incumplimientos-en-portabilidad/218992/,Juan Camilo Ocampo
218987,MinTrabajo aumenta presión a la Corte y espera luz verde para la reforma pensional,2026-04-30 17:11:39,2026-04-30 20:18:13,publish,,Noticias de Colombia,COLOMBIA|corte|destacada|Mintrabajo|MinTrabajo aumenta presión a la Corte|Reforma pensional,https://360radio.com.co/mintrabajo-aumenta-presion-a-la-corte-y-espera-luz-verde-para-la-reforma-pensional/218987/,Juan Camilo Ocampo
218971,ANDI advierte estancamiento en formalización por rigidez del mercado laboral,2026-04-30 16:50:51,2026-04-30 16:51:48,publish,,"Economía, finanzas y negocios|Noticias de Colombia",ANDI|ANDI advierte estancamiento laboral|ANDI advierte señales de alerta en informalidad y calidad del empleo|Calidad de empleo|COLOMBIA|ECONOMIA,https://360radio.com.co/andi-advierte-estancamiento-en-formalizacion-por-rigidez-del-mercado-laboral/218971/,Juan Camilo Ocampo
218953,Petro en el centro de la controversia por llamado a financiar la constituyente,2026-04-30 15:46:08,2026-04-30 15:46:08,publish,,Noticias de Colombia|Política,COLOMBIA|CONSTITUYENTE|Gustavo Petro|Petro|propuesta de financiar una constituyente,https://360radio.com.co/petro-en-el-centro-de-la-controversia-por-llamado-a-financiar-la-constituyente/218953/,Juan Camilo Ocampo
218961,"En tres años MinTic ha llevado internet a 3,5 millones de hogares rurales",2026-04-30 15:16:26,2026-04-30 15:16:42,publish,,Noticias de Colombia|Tecnología,Acceso a internet en Colombia 2026|Apropiación digital en Colombia|Brecha digital en Colombia DANE|Conectividad rural Colombia 2025|Encuesta de Calidad de Vida 2025 resultados|Estadísticas uso de celular Colombia|Internet en San Andrés y Providencia|Programa Juntas de Internet MinTIC,https://360radio.com.co/tecnologia/en-tres-anos-mintic-ha-llevado-internet-a-35-millones-de-hogares-rurales/,Julieth Barbosa
218938,"Marchas del 1 de mayo en Bogotá, Cali y Medellín: Rutas y puntos de concentración",2026-04-30 14:38:46,2026-04-30 14:38:46,publish,,Noticias de Colombia,Cierres viales 1 de mayo Bogotá|Día del Trabajo Colombia movilizaciones|Gustavo Petro marcha Medellín|Horarios marchas Cali 2026|Marchas 1 de mayo 2026 Colombia|Puntos de concentración marchas Bogotá|Recorrido marcha 1 de mayo Medellín|Reformas sociales Petro marchas,https://360radio.com.co/marchas-del-1-de-mayo-en-bogota-cali-y-medellin-rutas-y-puntos-de-concentracion/218938/,Julieth Barbosa
218937,Medellín celebra 20 años de su Feria Popular del Libro con homenaje a libreros y libreras,2026-04-30 14:08:19,2026-04-30 14:08:19,publish,,Noticias de Medellín,cultura|Feria Popular del Libro|Feria Popular Días del Libro celebra sus 20 años|medellin|Medellín celebra 20 años de su Feria Popular del Libro,https://360radio.com.co/medellin/medellin-celebra-20-anos-de-su-feria-popular-del-libro-con-homenaje-a-libreros-y-libreras/,Juan Camilo Ocampo
218946,"Banco de la República mantiene tasa de interés en 11,25% para lograr acuerdos con el Gobierno Nacional",2026-04-30 14:00:33,2026-04-30 14:29:18,publish,,"Economía, finanzas y negocios|Noticias de Colombia",25 %|Banco de la República|COLOMBIA|Costo de vida en Colombia marzo|ECONOMIA|Economía colombiana crecimiento 2026|Inflación en Colombia 2026|Política monetaria Emisor|Próxima reunión Banco de la República|tasa de interes|Tasas de interés para créditos|Tipo de referencia 11,https://360radio.com.co/banco-de-la-republica-mantiene-tasa-de-interes-en-1125-para-lograr-acuerdos-con-el-gobierno-nacional/218946/,Julieth Barbosa
218942,Gobierno anuncia incremento de 400 pesos en el galón de gasolina desde el 1 de mayo,2026-04-30 13:52:39,2026-04-30 13:55:43,publish,,Noticias de Colombia,COLOMBIA|Combustibles|destacada|Gobierno anuncia incremento de 400 pesos en el galón|Precio de la gasolina,https://360radio.com.co/gobierno-anuncia-incremento-de-400-pesos-en-el-galon-de-gasolina-desde-el-1-de-mayo/218942/,Juan Camilo Ocampo
218932,"¿Abren Davivienda, Bancolombia y otros bancos este 1 de mayo de 2026? horarios y más",2026-04-30 13:42:25,2026-04-30 13:42:25,publish,,"Colombia|Economía, finanzas y negocios",,https://360radio.com.co/abren-davivienda-bancolombia-y-otros-bancos-este-1-de-mayo-de-2026-horarios-y-mas/218932/,Julieth Barbosa
218926,Así respondió Avianca por pasajero que encontró papel con heces fecales en un asiento,2026-04-30 13:12:52,2026-04-30 13:12:52,publish,,Movilidad,Aeronáutica Civil quejas 2026|Auditoría interna Avianca|Avianca incidente limpieza vuelo Bogotá Chicago|Denuncia pasajeros Avianca redes sociales|Derechos del pasajero Colombia|Problemas de salubridad aerolíneas|Protocolos de bioseguridad Avianca|Resolución 1054 de 2020 aviación,https://360radio.com.co/asi-respondio-avianca-por-pasajero-que-encontro-papel-con-heces-fecales-en-un-asiento/218926/,Julieth Barbosa
218920,"Capturan a suegra de Carolina Flores, exreina asesinado: ¿por qué estaba en Venezuela?",2026-04-30 12:26:48,2026-04-30 12:26:48,publish,,Judicial|Noticias del mundo,"Asesinato Carolina Flores exreina de belleza|Captura de Erika ""N"" feminicidio Polanco|Crimen en Polanco 15 de abril|Extradición Erika ""N"" Venezuela|FGJCDMX caso Carolina Flores|Ficha Roja Interpol México|Justicia para Carolina Flores|Prófuga en Caracas detenida",https://360radio.com.co/capturan-a-suegra-de-carolina-flores-exreina-asesinado-por-que-estaba-en-venezuela/218920/,Julieth Barbosa
218909,"El Diablo Viste a la Moda 2: cuánto dura, críticas y más",2026-04-30 12:01:56,2026-04-30 12:01:56,publish,,Entretenimiento,Anne Hathaway y Meryl Streep secuela|Cine 2026 estrenos abril|El Diablo Viste a la Moda 2 estreno|Emily Blunt Emily Charlton 2026|Escenas postcréditos El Diablo Viste a la Moda 2|Miranda Priestly 2026|Sinopsis El Diablo Viste a la Moda 2|The Devil Wears Prada 2 reparto,https://360radio.com.co/entretenimiento/el-diablo-viste-a-la-moda-2-cuanto-dura-criticas-y-mas/,Julieth Barbosa
218910,"Sergio Fajardo reta a Abelardo de la Espriella a un debate presidencial luego de llamarlo ""fantoche""",2026-04-30 11:37:56,2026-04-30 13:16:47,publish,,Elecciones 2026,Aberlardo de la Espriella|Debate presidencial|elecciones|Sergio Fajardo,https://360radio.com.co/sergio-fajardo-reta-a-abelardo-de-la-espriella-a-un-debate-presidencial-luego-de-llamarlo-fantoche/218910/,María Emma Jiménez Esguerra
218905,Maria José Martinez denunció acoso presuntamente en Masterchef: Claudia Bahomon reaccionó,2026-04-30 11:26:11,2026-04-30 11:26:11,publish,,Noticias de Colombia,Acoso en realities de televisión|Actrices colombianas denuncia acoso|Claudia Bahamón apoyo María José Martínez|Escándalo en la televisión colombiana|María José Martínez denuncia acoso|María José Martínez MasterChef Celebrity|Podcast Vos podés entrevista|Seguridad en sets de grabación Colombia,https://360radio.com.co/maria-jose-martinez-denuncio-acoso-presuntamente-en-masterchef-claudia-bahomon-reacciono/218905/,Julieth Barbosa
218898,DANE revela descenso de la informalidad: ¿Cómo cerró el mercado laboral en marzo de 2026?,2026-04-30 11:05:51,2026-04-30 11:06:39,publish,,"Colombia|Economía, finanzas y negocios",Administración pública y servicios salud empleo|Brecha de empleo regional|Cifras de empleo marzo|Ciudades con más desempleo en Colombia|Desempleo en Colombia marzo 2026|Mercado laboral colombiano 2026|Población ocupada en Colombia|Tasa de desocupación DANE,https://360radio.com.co/dane-revela-descenso-de-la-informalidad-como-cerro-el-mercado-laboral-en-marzo-de-2026/218898/,Julieth Barbosa
218893,Inversionistas de Globant demandan a la compañía por supuesto fraude,2026-04-30 10:21:32,2026-04-30 10:21:32,publish,,Empresas,Acciones de Globant caída|Crisis financiera Globant|Demanda colectiva contra Globant|Fraude de valores Globant|Inversores Wall Street Globant|Pomerantz LLP demanda|Resultados financieros Globant 2025|Unicornios tecnológicos Latinoamérica,https://360radio.com.co/inversionistas-de-globant-demandan-a-la-compania-por-supuesto-fraude/218893/,Julieth Barbosa
218887,"Iván Cepeda: ""necesitamos un acuerdo nacional que puede terminar en una Constituyente”",2026-04-30 09:50:31,2026-04-30 09:50:31,publish,,Política,Acuerdo Nacional Colombia|Candidato presidencial Iván Cepeda|Elecciones presidenciales 2026|Estabilidad democrática Colombia|Iván Cepeda Asamblea Nacional Constituyente|Pacto Nacional Cepeda|Propuestas presidenciales 2026|Reforma de la Constitución,https://360radio.com.co/ivan-cepeda-necesitamos-un-acuerdo-nacional-que-puede-terminar-en-una-constituyente/218887/,Julieth Barbosa
218877,Alerta por gas en Colombia: Canacol Energy busca cancelar contratos de suministro ante insolvencia,2026-04-30 08:52:46,2026-04-30 08:52:46,publish,,Empresas|Noticias de Colombia,Canacol Energy crisis gas Colombia|Contratos de suministro de gas|Desabastecimiento de gas en Colombia|destacada|Ecopetrol compra activos Canacol|Insolvencia Canacol Energy|Mercado spot de energía|Seguridad energética Colombia|Tarifas de gas natural 2026,https://360radio.com.co/alerta-por-gas-en-colombia-canacol-energy-busca-cancelar-contratos-de-suministro-ante-insolvencia/218877/,Julieth Barbosa
218872,Nueva reglamentación permitirá renovar vehículos de carga: ¿A quiénes impacta?,2026-04-29 20:56:33,2026-04-29 20:58:03,publish,,Noticias de Colombia,carga liviana|COLOMBIA|MinTransporte|Nueva reglamentación permitirá renovar vehículos de carga|vehículos de carga livian,https://360radio.com.co/nueva-reglamentacion-permitira-renovar-vehiculos-de-carga-a-quienes-impacta/218872/,Juan Camilo Ocampo
218862,FIFA rompe el mercado: premios del Mundial 2026 serán históricos,2026-04-29 20:30:56,2026-04-29 20:30:56,publish,,Deportes,DEPORTES|FIFA|FIFA aprueba bolsa récord|Mundial 2026|Premios del Mundial 2026,https://360radio.com.co/deportes/fifa-rompe-el-mercado-premios-del-mundial-2026-seran-historicos/,Juan Camilo Ocampo
218868,"Resultado Lotería del Valle hoy 29 de abril: número ganador, secos y último sorteo",2026-04-29 20:23:43,2026-04-29 20:23:43,publish,,Territorio,Loteria del valle|Lotería del Valle 29 de abril|loteria del valle hoy|Loteria del Valle numero ganador|Loteria del Valle ultimo resultado|loterias de Colombia|Resultado Lotería del Valle hoy 29 de abril|Secos de la Lotería del Valle|Varios,https://360radio.com.co/resultado-loteria-del-valle-hoy-29-de-abril-numero-ganador-secos-y-ultimo-sorteo/218868/,Juan Camilo Ocampo
218802,"Lotería del Meta resultado hoy 29 abril: secos, número ganador y último sorteo",2026-04-29 19:20:21,2026-04-29 14:44:16,publish,,Territorio,Julieth B|Loteria del meta 29 de abril|Loteria del Meta ayer|Loteria del Meta hoy|Loteria del Meta numero ganador|Loteria del Meta resultado|Loteria del Meta secos|Loteria del Meta ultimo sorteo|Loterías|Loterias Colombia|Loterias hoy|Varios,https://360radio.com.co/loteria-del-meta-resultado-hoy-29-abril-secos-numero-ganador-y-ultimo-sorteo/218802/,360 Radio
218857,Visa introduce programa para impulsar pagos autónomos en América Latina,2026-04-29 19:12:17,2026-04-29 19:12:17,publish,,Empresas|Noticias de Colombia,América Latina y el Caribe|COLOMBIA|Empresas|Inteligencia artifical|Visa|Visa lanza Agentic Ready,https://360radio.com.co/visa-introduce-programa-para-impulsar-pagos-autonomos-en-america-latina/218857/,Juan Camilo Ocampo
218851,Atlas Intel pone a Abelardo de la Espriella como ganador frente a Cepeda en segunda vuelta,2026-04-29 17:48:42,2026-04-29 18:41:41,publish,,Noticias de Colombia|Política,ABELARDO DE LA ESPRIELLA|COLOMBIA|destacada|Elecciones 2026|Iván Cepeda|POLITICA|Segunda Vuelta,https://360radio.com.co/atlas-intel-pone-a-abelardo-de-la-espriella-como-ganador-frente-a-cepeda-en-segunda-vuelta/218851/,Juan Camilo Ocampo
218847,Carbón se fortalece globalmente mientras en Colombia pierde producción,2026-04-29 17:08:05,2026-04-29 17:08:05,publish,,"Minería, energía e hidrocarburos|Noticias de Colombia",Carbon|Carbón en Colombia|Carbón se consolida como respaldo energético|COLOMBIA|Fedecarbón|Minería|Producción de carbón en Colombia,https://360radio.com.co/carbon-se-fortalece-globalmente-mientras-en-colombia-pierde-produccion/218847/,Juan Camilo Ocampo
218840,Medellín recibe distinción global por innovación pública y gestión de movilidad,2026-04-29 16:28:35,2026-04-29 16:28:35,publish,,Noticias de Medellín,Alcaldia de medellin|Bloomberg CityLab 2026|Fico Gutiérrez|Innovación pública|medellin|Medellín Cero Hambre|Medellín fue reconocida en Bloomberg CityLab 2026|Medellín recibe distinción global por innovación,https://360radio.com.co/medellin/medellin-recibe-distincion-global-por-innovacion-publica-y-gestion-de-movilidad/,Juan Camilo Ocampo
218823,Jugabet y la nueva forma de vivir el deporte en internet,2026-04-29 15:59:29,2026-04-29 15:59:29,publish,,Territorio,Apuestas|Comercial|deporte en internet|Jugabet,https://360radio.com.co/jugabet-y-la-nueva-forma-de-vivir-el-deporte-en-internet/218823/,Juan Camilo Ocampo
218828,Super Astro Sol resultado hoy 29 de abril: último sorteo y número ganador,2026-04-29 15:48:15,2026-04-29 15:48:15,publish,,Territorio,Astro Sol|Juan Ocampo|loterias de Colombia|super astro sol|Super Astro Sol hoy|Super Astro Sol número ganador|Super Astro Sol resultado hoy 29 de abril|último resultado Super Astro Sol|Varios,https://360radio.com.co/super-astro-sol-resultado-hoy-29-abril-ultimo-sorteo-y-numero-ganador/218828/,360 Radio
218817,Cómo elegir el formato adecuado para la comunicación en línea,2026-04-29 15:13:02,2026-04-29 15:13:02,publish,,Territorio,¿Qué formato de comunicación debes elegir?|Comercial|comunicación en línea|Formato de comunicación en línea,https://360radio.com.co/como-elegir-el-formato-adecuado-para-la-comunicacion-en-linea/218817/,Juan Camilo Ocampo
218810,Corte Constitucional suspende provisionalmente cobro del impuesto al patrimonio para entidades sin ánimo de lucro,2026-04-29 14:52:40,2026-04-29 15:33:10,publish,,"Colombia|Economía, finanzas y negocios",Calendario tributario DIAN 2026|Corte Constitucional fallo tributario|Decreto 173 de 2026|destacada|Entidades sin ánimo de lucro ESAL impuestos|Impuesto al patrimonio emergencia económica|Segunda cuota impuesto al patrimonio mayo|Sociedades en liquidación Colombia|Suspensión impuesto al patrimonio 2026,https://360radio.com.co/corte-constitucional-suspende-provisionalmente-cobro-del-impuesto-al-patrimonio-para-entidades-sin-animo-de-lucro/218810/,Julieth Barbosa
218808,"CNSC reactiva inscripciones para más de 1.000 vacantes en entidades públicas, así puede aplica",2026-04-29 14:50:50,2026-04-29 15:02:58,publish,,Noticias de Colombia,1.000 vacantes en entidades públicas|CNSC hoy|COLOMBIA|Comisión Nacional del Servicio Civil|EMPLEO|Empleo público|Entidades públicas|Vacantes|Vacantes en CNSC,https://360radio.com.co/cnsc-reactiva-inscripciones-para-mas-de-1-000-vacantes-en-entidades-publicas-asi-puede-aplica/218808/,Juan Camilo Ocampo
218805,“Los vamos a cazar”: Paloma Valencia lanza dura advertencia contra estructuras de la ‘paz total’,2026-04-29 14:13:39,2026-04-29 14:13:39,publish,,Noticias de Colombia|Política,COLOMBIA|Elecciones 2026|Paloma Valencia|Paloma Valencia hoy|POLITICA|Porpuesta de seguridad de Paloma Valencia|Porpuestas de Paloma Valencia,https://360radio.com.co/los-vamos-a-cazar-paloma-valencia-lanza-dura-advertencia-contra-estructuras-de-la-paz-total/218805/,Juan Camilo Ocampo
218797,Festivos en mayo en Colombia: ¿Qué se celebra el 15 de mayo y en qué países?,2026-04-29 13:14:39,2026-04-29 13:14:39,publish,,Noticias del mundo,15 de mayo festivo en Colombia|Calendario de festivos mayo 2026|Día de la Ascensión 2026 fecha|Día del Maestro Colombia 2026|Festivos obligatorios Colombia|Ley Emiliani puentes festivos|próximo festivo en Colombia|San Juan Bautista de La Salle patrono,https://360radio.com.co/festivos-en-mayo-en-colombia-que-se-celebra-el-15-de-mayo-y-en-que-paises/218797/,Julieth Barbosa
218782,Calendario de pagos de Prosperidad Social para el resto del año: ¿Cuándo pagan cada subsidio?,2026-04-29 12:15:25,2026-04-29 12:15:25,publish,,"Colombia|Economía, finanzas y negocios",Bancarización digital Nequi Daviplata|Calendario pagos Prosperidad Social 2026|Consultar beneficiarios Renta Ciudadana|Cronograma Colombia Mayor mayo diciembre|Departamento para la Prosperidad Social trámites|Devolución del IVA fechas de cobro|Fechas de pago Renta Ciudadana 2026|Renta Joven pagos 2026,https://360radio.com.co/calendario-de-pagos-de-prosperidad-social-para-el-resto-del-ano-cuando-pagan-cada-subsidio/218782/,Julieth Barbosa
218783,Marchas 1 de mayo: Estos son los puntos de las manifestaciones del Día del Trabajo,2026-04-29 11:48:26,2026-04-29 12:00:42,publish,,Ciudades,Día del Trabajo Colombia|Manifestaciones|marchas 1 de mayo,https://360radio.com.co/marchas-1-de-mayo-estos-son-los-puntos-de-las-manifestaciones-del-dia-del-trabajo/218783/,María Emma Jiménez Esguerra
218775,Corte Suprema recurre a Corte Constitucional por fallo que anuló condena en caso Agro Ingreso Seguro,2026-04-29 11:21:39,2026-04-29 11:31:02,publish,,Judicial,Agro Ingreso Seguro condena Dávila Abondano|Alfonso y Juan Carlos Dávila Abondano|Corte Constitucional revisión|Corte Suprema de Justicia|Fallo de tutela hermanos Dávila|Peculado por apropiación|Preacuerdos Fiscalía corrupción|Sala de Casación Penal,https://360radio.com.co/corte-suprema-recurre-a-corte-constitucional-por-fallo-que-anulo-condena-en-caso-agro-ingreso-seguro/218775/,Julieth Barbosa
218771,¿Quién es Anant Ambani el multimillonario indio que quiere recibir los hipopótamos de Colombia?,2026-04-29 11:07:20,2026-04-29 11:08:57,publish,,Noticias de Colombia,Anant Ambani hipopótamos Colombia|Conservación animal India|Hipopótamos de Pablo Escobar|Mukesh Ambani fortuna|Susana Muhamad Ministerio de Ambiente|Traslado de hipopótamos a la India|Vantara centro de rescate,https://360radio.com.co/quien-es-anant-ambani-el-multimillonario-indio-que-quiere-recibir-los-hipopotamos-de-colombia/218771/,Julieth Barbosa
218757,"Precios del concierto de Karol G vs. Shakira, J Balvin y más: ¿Muy caros?",2026-04-29 10:29:45,2026-04-29 10:29:45,publish,,"Cultura|Economía, finanzas y negocios",Boletas Shakira Colombia|Concierto Karol G Bogotá 2026|Costo entradas conciertos VIP|Estadio El Campín eventos|Gira J Balvin 2026 Medellín|Inflación en entretenimiento Colombia|Las mujeres ya no lloran tour precios|Precio boletas conciertos Colombia 2026,https://360radio.com.co/precios-del-concierto-de-karol-g-vs-shakira-j-balvin-y-mas-muy-caros/218757/,Julieth Barbosa
218759,Colombia Mayor mayo 2026: Esta es la fecha límite en la que puede reclamar el subsidio,2026-04-29 10:00:18,2026-04-29 10:15:34,publish,,"Colombia|Economía, finanzas y negocios",Colombia Mayor mayo 2026|Consultar beneficiarios Colombia Mayor|Fecha límite Colombia Mayor|Mauricio Rodríguez Amaya|Prosperidad Social pagos|Puntos de pago SuperGIROS|Retirar incentivo SuRed|Subsidio adulto mayor 2026,https://360radio.com.co/colombia-mayor-mayo-2026-esta-es-la-fecha-limite-en-la-que-puede-reclamar-el-subsidio/218759/,Julieth Barbosa
218798,¿Ahorro sagrado o caja menor? El riesgo de convertir las pensiones en el botín de la Presidencia,2026-04-29 09:04:57,2026-04-30 09:20:53,publish,,Editorial,Ahorro pensional|Ahorros pensiones|Colpensiones|Fondo de pensiones|Presidente Gustavo Petro,https://360radio.com.co/ahorro-sagrado-o-caja-menor-el-riesgo-de-convertir-las-pensiones-en-el-botin-de-la-presidencia/218798/,360 Radio
218751,Corte Suprema acusa a senador Didier Lobo Chinchilla por presuntos contratos irregulares por 1.492 millones de pesos,2026-04-29 08:57:09,2026-04-29 08:57:09,publish,,Judicial|Política,Cambio Radical|Contrato sin cumplimiento de requisitos legales|Corrupción en el Cesar|Corte Suprema de Justicia|destacada|Didier Lobo Chinchilla|La Jagua de Ibirico|Peculado por apropiación|Sala Especial de Instrucción,https://360radio.com.co/corte-suprema-acusa-a-senador-didier-lobo-chinchilla-por-presuntos-contratos-irregulares-por-1-492-millones-de-pesos/218751/,Julieth Barbosa
218734,Nuevo atentado en la vía Panamericana: Vehículo bomba explota en Santander de Quilichao,2026-04-28 20:25:36,2026-04-28 23:33:22,publish,,Noticias de Colombia,Atentado peaje de Mondomo|Atentado vía Panamericana Santander de Quilichao|destacada|Explosión en La Agustina hoy|Orden público suroccidente colombiano|Seguridad en el Cauca 2026|Vehículo bomba Santander de Quilichao|Vía Panamericana bloqueada hoy,https://360radio.com.co/nuevo-atentado-en-la-via-panamericana-vehiculo-bomba-explota-en-santander-de-quilichao/218734/,María Emma Jiménez Esguerra
218728,Cinco aviones quedaron atrapados en pista por sobrevuelo de dron en El Dorado,2026-04-28 20:10:54,2026-04-28 20:10:54,publish,,Noticias de Bogotá,Aeronáutica Civil drones|Cierre Aeropuerto El Dorado por dron 2026|Estado de vuelos Bogotá|Operaciones aéreas Bogotá|Reglamento drones aeropuertos|Retrasos vuelos El Dorado hoy|​Seguridad aérea Colombia|Suspensión de vuelos El Dorado,https://360radio.com.co/bogota/cinco-aviones-quedaron-atrapados-en-pista-por-sobrevuelo-de-dron-en-el-dorado/,Julieth Barbosa
218722,Gobierno presenta ante el Congreso el inventario de activos de Ecopetrol para la venta,2026-04-28 19:13:31,2026-04-28 19:13:31,publish,,"Colombia|Economía, finanzas y negocios|Empresas",Activos de Ecopetrol en venta|economía colombiana 2026|Grupo Ecopetrol desinversión|Ministerio de Hacienda Colombia|Plan de Enajenación 2026 Colombia|Privatización de empresas públicas|Venta de activos del Estado,https://360radio.com.co/gobierno-presenta-ante-el-congreso-el-inventario-de-activos-de-ecopetrol-para-la-venta/218722/,Julieth Barbosa
218710,Empleo y ejecución de obras en riesgo por atentados en el suroccidente del país,2026-04-28 18:14:19,2026-04-28 18:14:19,publish,,Infraestructura|Noticias de Colombia,Cámara Colombiana de la Infraestructura|CCI rechazo atentados suroccidente 2026|Crisis de seguridad comunidades locales|Desarrollo regional y orden público|Gremio infraestructura Colombia|Impacto de la violencia en infraestructura|María Consuelo Araújo CCI|Seguridad en el suroccidente colombiano,https://360radio.com.co/empleo-y-ejecucion-de-obras-en-riesgo-por-atentados-en-el-suroccidente-del-pais/218710/,Julieth Barbosa
218695,ACOPI Antioquia renueva su Junta Directiva para fortalecer la defensa de las mipymes en 2026,2026-04-28 17:21:31,2026-04-28 17:21:31,publish,,Empresas|Noticias de Antioquia,ACOPI Antioquia Junta Directiva 2026|Defensa empresarial|desarrollo económico regional|empleo formal en Colombia|Gremio empresarial Antioquia|Líderes gremiales 2026|MIPYMES en Antioquia|Sector productivo antioqueño,https://360radio.com.co/acopi-antioquia-renueva-su-junta-directiva-para-fortalecer-la-defensa-de-las-mipymes-en-2026/218695/,Julieth Barbosa
218686,MinEnergía pide vigilancia a comercializadoras por cumplimiento de energías limpias,2026-04-28 16:50:19,2026-04-28 16:50:19,publish,,Noticias de Colombia,COLOMBIA|Energías Limpias|MinEnergía|MinEnergía pide vigilancia a comercializadoras por cumplimiento de energías limpias|MinMinas,https://360radio.com.co/minenergia-pide-vigilancia-a-comercializadoras-por-cumplimiento-de-energias-limpias/218686/,Juan Camilo Ocampo
218692,"El enigma del ""voto oculto"": Por qué las encuestas no siempre predicen al ganador",2026-04-28 16:48:38,2026-04-28 16:48:38,publish,,Política,AnálisisElectora|Elecciones2026|EncuestasPresidenciales|IntenciónDeVoto|MetodologíaElectoral|MuestreoEstadístico|SondeosPolíticos,https://360radio.com.co/el-enigma-del-voto-oculto-por-que-las-encuestas-no-siempre-predicen-al-ganador/218692/,Juan Turriago
218693,Gobierno ejercerá acciones jurídicas tras decisión del Consejo de Estado sobre suspensión del traslado de ahorros pensionales,2026-04-28 16:41:48,2026-04-28 18:28:18,publish,,"Economía, finanzas y negocios",Ahorros pensiones|Colpensiones|destacada,https://360radio.com.co/gobierno-ejercera-acciones-juridicas-tras-decision-del-consejo-de-estado-sobre-suspension-del-traslado-de-ahorros-pensionales/218693/,María Emma Jiménez Esguerra
218685,Licencia de conducción en Colombia: El drástico cambio que llega en 2026 con los centros CALE,2026-04-28 16:31:21,2026-04-28 16:31:21,publish,,Movilidad|Noticias de Colombia,Centros de Apoyo Logístico de Evaluación (CALE)|Cómo sacar la licencia por primera vez 2026|Diferencia entre CEA y CALE|Examen teórico conducir CALE|Multas y sanciones tránsito Colombia 2026|Nueva licencia de conducción Colombia 2026|Prueba práctica en pista cerrada y tráfico|Requisitos licencia de conducción 2026,https://360radio.com.co/licencia-de-conduccion-en-colombia-el-drastico-cambio-que-llega-en-2026-con-los-centros-cale/218685/,Julieth Barbosa
218678,‘Iván Mordisco’ ordena 31 ataques terroristas tras la muerte de su pareja sentimental,2026-04-28 16:26:39,2026-04-28 16:26:39,publish,,Noticias,Atentados terroristas Colombia|Disidencias de las Farc|Estado Mayor Central|Inteligencia militar|Iván Mordisco|Orden público hoy|Seguridad en el Cauca,https://360radio.com.co/ivan-mordisco-ordena-31-ataques-terroristas-tras-la-muerte-de-su-pareja-sentimental/218678/,Juan Turriago
218677,Video: Mágico gol de Lucho Díaz pone el 5-4 en el resultado de Bayern Múnich vs PSG,2026-04-28 15:53:10,2026-04-28 15:53:10,publish,,Deportes,Bayern Múnich vs PSG|CHAMPIONS LEAGUE|DEPORTES|Gol de Luis Díaz|Lucho Diaz|Luis Diaz|Mágico gol de Lucho Díaz,https://360radio.com.co/deportes/video-magico-gol-de-lucho-diaz-pone-el-5-4-en-el-resultado-de-bayern-munich-vs-psg/,Juan Camilo Ocampo
218671,¿Cuándo salen los jurados de votación para las elecciones presidenciales?,2026-04-28 15:37:55,2026-04-28 15:37:55,publish,,Noticias de Colombia,APP de la Registraduría elecciones 2026|Calendario electoral primera vuelta Colombia|Consultar jurado de votación Registraduría|Fechas capacitaciones jurados Bogotá|Formulario E-14 paso a paso|Multas inasistencia jurados particulares|Sanciones por no ser jurado de votación 2026|Sorteo jurados de votación Colombia 2026,https://360radio.com.co/cuando-salen-los-jurados-de-votacion-para-las-elecciones-presidenciales/218671/,Julieth Barbosa
218648,Colombia rinde tributo a las 21 víctimas del brutal atentado en la Vía Panamericana,2026-04-28 15:05:41,2026-04-28 15:19:11,publish,,Colombia,Atentado vía Panamericana|Crisis en el Cauca|Homenaje 21 víctimas|Justicia víctimas atentado|Orden público Colombia|Seguridad vial suroccidente|Víctimas Cauca,https://360radio.com.co/colombia-rinde-tributo-a-las-21-victimas-del-brutal-atentado-en-la-via-panamericana/218648/,Juan Turriago
218657,"Habrá cortes de agua en Kenedy, Engativá, Usaquén y Cota por más de ⁠34 horas: ¿Por qué y cuándo vuelve?",2026-04-28 15:03:42,2026-04-28 15:03:42,publish,,Noticias de Bogotá,Acueducto de Bogotá reparaciones Chingaza|Agua de color amarillo tras cortes Bogotá|Barrios sin agua en Bogotá miércoles y jueves|Corte de agua Bogotá 29 de abril 2026|Corte de agua en Cota hoy|Restablecimiento servicio de agua viernes 1 de mayo|Suspensión servicio de agua Kennedy Usaquén Engativá|Válvula antisísmica tanque Santa Ana,https://360radio.com.co/bogota/habra-cortes-de-agua-en-kenedy-engativa-usaquen-y-cota-por-mas-de-%e2%81%a034-horas-por-que-y-cuando-vuelve/,Julieth Barbosa
218658,Video: Así fue el penal a Lucho Díaz con el que Bayern se fue arriba del PSG,2026-04-28 14:42:20,2026-04-28 14:46:53,publish,,Deportes,Bayern Múnich|CHAMPIONS LEAGUE|Deprotes|Luis Diaz|PSG,https://360radio.com.co/deportes/video-asi-fue-el-penal-a-lucho-diaz-con-el-que-bayern-se-fue-arriba-del-psg/,Juan Camilo Ocampo
218643,⁠Resultados de la Contraloría: con cuánto se pasa el examen y cómo leer los puntajes,2026-04-28 14:21:20,2026-04-28 14:21:20,publish,,Noticias de Colombia,Consultar resultados Universidad de Antioquia Contraloría|Convocatoria 3144 vacantes Contraloría|Empleos Contraloría salarios 12 millones|Lista de elegibles Contraloría 2026|Pruebas funcionales y comportamentales Contraloría|Puntajes mínimos Contraloría General|Reclamaciones concurso Contraloría fechas|Resultados concurso Contraloría 2026,https://360radio.com.co/%e2%81%a0resultados-de-la-contraloria-con-cuanto-se-pasa-el-examen-y-como-leer-los-puntajes/218643/,Julieth Barbosa
218649,Acuerdo laboral destraba huelga y permite a Goodyear reactivar operaciones,2026-04-28 14:14:47,2026-04-28 14:14:47,publish,,Empresas|Noticias de Colombia,COLOMBIA|Empresas|Goodyear Colombia|Goodyear retomará actividades|Goodyer|Huelga en Goodyear,https://360radio.com.co/acuerdo-laboral-destraba-huelga-y-permite-a-goodyear-reactivar-operaciones/218649/,Juan Camilo Ocampo
218631,Fiscalía confirma lavado de dinero de Lili Pink por $730.000 millones,2026-04-28 14:07:19,2026-04-28 15:18:18,publish,,Noticias,Caso Fastmoda S.A.S.|Contrabando de textiles|Delitos financieros minoristas|Extinción de dominio Lili Pink|Fiscalía General de la Nación|Lavado de activos en Colombia|Sociedad de Activos Especiales (SAE),https://360radio.com.co/fiscalia-confirma-lavado-de-dinero-de-lili-pink-por-730-000-millones/218631/,Juan Turriago
218632,"Contraloría detecta ""hueco"" de $18.600 millones en el PAE por sobrecostos y fallas laborales",2026-04-28 13:47:52,2026-04-28 13:47:52,publish,,Judicial,Corrupción PAE Colombia 2026 Contraloría|Denuncias manipuladoras de alimentos PAE|Fallas Programa de Alimentación Escolar|Hallazgos fiscales PAE 2026|Ley 2466 de 2025 condiciones laborales|Ministerio del Trabajo inspección PAE|Sobrecostos alimentación escolar regiones|Unidad de Alimentos para Aprender (UAPA),https://360radio.com.co/contraloria-detecta-hueco-de-18-600-millones-en-el-pae-por-sobrecostos-y-fallas-laborales/218632/,Julieth Barbosa
218633,"Capturado alias 'Pez', máximo cabecilla de la estructura ‘Dagoberto Ramos’, relacionado con atentados",2026-04-28 13:38:10,2026-04-28 14:05:26,publish,,Uncategorized,Atentados|Atentados Cauca y Valle del Cauca hoy|cauca|destacado|Polícia,https://360radio.com.co/capturado-alias-pez-maximo-cabecilla-de-la-estructura-dagoberto-ramos-relacionado-con-atentados/218633/,María Emma Jiménez Esguerra
218625,El dinero que se llevará Luis Díaz si Bayern Múnich le gana al PSG,2026-04-28 13:02:00,2026-04-28 13:02:00,publish,,"Economía, finanzas y negocios",Bayern vs PSG|Bonos por rendimiento fútbol|Fichajes colombianos Europa|Ingresos deportistas colombianos|Luis Diaz Bayern Munich|Premios Champions League|Salario Luis Díaz 2026,https://360radio.com.co/el-dinero-que-se-llevara-luis-diaz-si-bayern-munich-le-gana-al-psg/218625/,Juan Turriago
218615,A qué hora ver a Lucho Díaz hoy en semifinal del Bayern vs PSG,2026-04-28 11:49:10,2026-04-28 11:49:10,publish,,Deportes,Alineaciones Bayern Múnich vs PSG|Dónde ver Champions League Colombia|Fútbol europeo en vivo|Horario Luis Díaz hoy|Luis Díaz Champions League|Semifinal Champions League 2026|Ver Bayern vs PSG en vivo,https://360radio.com.co/deportes/a-que-hora-ver-a-lucho-diaz-hoy-en-semifinal-del-bayern-vs-psg/,Juan Turriago
218616,Traslado de ahorro pensional a Colpensiones por 25 millones de pesos fue suspendido por Consejo de Estado,2026-04-28 11:38:26,2026-04-28 12:03:48,publish,,"Economía, finanzas y negocios",Administradoras de Fondos de Pensiones y de Cesantías|Ahorro pensional|Ahorros pensiones|Colpensiones|destacada,https://360radio.com.co/traslado-de-ahorro-pensional-a-colpensiones-por-25-millones-de-pesos-fue-suspendido-por-consejo-de-estado/218616/,María Emma Jiménez Esguerra
218609,¿Quién era el judío que fue hallado desmembrado en Bogotá?,2026-04-28 10:14:29,2026-04-28 10:14:29,publish,,Noticias de Bogotá,Boro Park Brooklyn|Comunidad judía Belz|Crimen rabino Bogotá|Inseguridad en Bogotá|Justicia para Nachum Eber|Medicina Legal Colombia|Nachum Yisrael Eber,https://360radio.com.co/bogota/quien-era-el-judio-que-fue-hallado-desmembrado-en-bogota/,Juan Turriago
218607,Para los hijos o los hermanos: Quiénes se lleva el dinero de la película de Michael Jackson,2026-04-28 09:56:56,2026-04-28 09:58:00,publish,,Entretenimiento|Noticias del mundo,Entretenimiento|la película de Michael Jackson|Michael Jackson|MUNDO|Quiénes se lleva el dinero de la película de Michael Jackson,https://360radio.com.co/entretenimiento/para-los-hijos-o-los-hermanos-quienes-se-lleva-el-dinero-de-la-pelicula-de-michael-jackson/,Juan Camilo Ocampo
218598,Petro ordena rastrear el origen de los explosivos usados en recientes ataques,2026-04-28 09:43:35,2026-04-28 09:49:10,publish,,Colombia,Atentados terroristas Colombia|destacada|Gustavo Petro|Inteligencia militar|Investigación de explosivos|Paz Total|Seguridad Nacional|Trazabilidad de armas,https://360radio.com.co/petro-ordena-rastrear-el-origen-de-los-explosivos-usados-en-recientes-ataques/218598/,Juan Turriago
218599,La mega fortuna que acumulan los dueños de Lili Pink,2026-04-28 09:32:31,2026-04-28 09:32:31,publish,,Noticias de Colombia,COLOMBIA|Dueños de Lili Pink|Fortuna de los dueños de Lili Pink|Lili Pink|Max Abadi y David Abadi,https://360radio.com.co/la-mega-fortuna-que-acumulan-los-duenos-de-lili-pink/218599/,Juan Camilo Ocampo
218592,Coosalud en la cuerda floja: sería la primera EPS sin licencia de operación tras anuncio de Petro,2026-04-28 08:32:31,2026-04-28 08:35:21,publish,,Noticias de Colombia,COLOMBIA|Coosalud|destacada|EPS|Licencia de EPS|Petro|Sistema de Salud,https://360radio.com.co/coosalud-en-la-cuerda-floja-seria-la-primera-eps-sin-licencia-de-operacion-tras-anuncio-de-petro/218592/,Juan Camilo Ocampo
218742,Minería ilegal en Antioquia: El desastre ambiental que el Estado no quiso ver,2026-04-28 07:37:58,2026-04-29 08:09:06,publish,,Editorial,Abandono Estatal|Antioquía|Criminalidad|Desastre ambiental|Minería ilegal,https://360radio.com.co/mineria-ilegal-en-antioquia-el-desastre-ambiental-que-el-estado-no-quiso-ver/218742/,360 Radio
218582,Petro compara su gobierno con el de Duque en sustitución de cultivos: Esto dijo,2026-04-27 20:59:32,2026-04-27 22:07:19,publish,,Noticias de Colombia,COLOMBIA|destacada|Petro|POLITICA,https://360radio.com.co/petro-compara-su-gobierno-con-el-de-duque-en-sustitucion-de-cultivos/218582/,Juan Camilo Ocampo
218381,"Lotería de Cundinamarca resultado hoy 27 abril: número ganador, secos y último sorteo",2026-04-27 20:52:56,2026-04-27 15:57:19,publish,,Territorio,Julieth B|Lotería 27 de abril|Loteria de Cundianamarca|Premio mayor cundinamarca|Resultado loteria|Resultados cundinamarca|Varios,https://360radio.com.co/loteria-de-cundinamarca-resultado-hoy-27-abril-numero-ganador-secos-y-ultimo-sorteo/218381/,360 Radio
218574,Medellín avanza en la revisión del POT con diálogo entre sectores clave,2026-04-27 20:19:46,2026-04-27 20:20:43,publish,,Noticias de Medellín,Alcaldia de medellin|La Alcaldía de Medellín socializa ajustes del POT|medellin|Medellín avanza en la revisión del POT|Medellín socializa ajustes del POT con gremios|POT,https://360radio.com.co/medellin/medellin-avanza-en-la-revision-del-pot-con-dialogo-entre-sectores-clave/,Juan Camilo Ocampo
218572,Policía del Valle del Cauca desmiente presencia de cilindro explosivo en vía Panamericana,2026-04-27 20:17:56,2026-04-27 20:24:07,publish,,Movilidad|Noticias de Cali|Noticias de Colombia,,https://360radio.com.co/cali/policia-del-valle-del-cauca-desmiente-presencia-de-cilindro-explosivo-en-via/,María Emma Jiménez Esguerra
218567,"Paloma Valencia denuncia nuevo plan para atentar contra su vida, “Le pusieron precio a mi cabeza”",2026-04-27 19:37:23,2026-04-27 19:51:53,publish,,Noticias de Colombia|Política,Amenazan a Paloma Valencia|destacada|Elecciones 2026|Paloma Valencia|POLITICA,https://360radio.com.co/paloma-valencia-denuncia-nuevo-plan-para-atentar-contra-su-vida-le-pusieron-precio-a-mi-cabeza/218567/,Juan Camilo Ocampo
218563,El Gran Premio de Turquía regresa a la Fórmula 1 tras anuncio oficial,2026-04-27 19:13:42,2026-04-27 19:13:42,publish,,Deportes,DEPORTES|F1|Fórmula 1|Gran Premio de Turquía regresa a la Fórmula 1|Lewis Hamilton,https://360radio.com.co/deportes/el-gran-premio-de-turquia-regresa-a-la-formula-1-tras-anuncio-oficial/,Juan Camilo Ocampo
218388,"Fenómeno de El Niño llegaría con temperaturas récord, según nueva proyección",2026-04-27 17:35:19,2026-04-27 17:35:19,publish,,Noticias de Colombia,COLOMBIA|Fenómeno de El Niño|Fenómeno de El Niño llegaría con temperaturas récord|Fenómeno del Niño en Colombia|NOAA,https://360radio.com.co/fenomeno-de-el-nino-llegaria-con-temperaturas-record-segun-nueva-proyeccion/218388/,Juan Camilo Ocampo
218477,"Tasas de interés en Colombia subirían al 11,75% tras nueva decisión del Banco de la República",2026-04-27 17:08:45,2026-04-27 17:08:45,publish,,"Economía, finanzas y negocios",Costo del endeudamiento|Desaceleración Económica|Inflación en Colombia|Junta Directiva del Banco de la República|MINISTERIO DE HACIENDA|Política Monetaria|Servicio de la deuda,https://360radio.com.co/colombia-subirian-al-1175-tras-nueva-decision-del-banco-de-la-republica/218477/,Juan Turriago
218401,El arquitecto del terror,2026-04-27 16:51:10,2026-04-27 16:51:10,publish,,Columnas|Opinión,Aldumar Forero Orjuela analista|Atentados Cauca y Valle del Cauca hoy|candidatos presidenciales Colombia 2026|Críticas a la Paz Total Petro|Encuesta Invamer abril 2026|Impacto político atentados Panamericana|Opinión Iván Cepeda presidencia 2026|Seguridad democrática vs Paz Total,https://360radio.com.co/el-arquitecto-del-terror/218401/,360 Radio
218400,Alcaldía de Duitama y líderes comunales acuerdan plan para cerrar pasos irregulares en la ciudad,2026-04-27 16:50:56,2026-04-27 16:50:56,publish,,Ciudades,Espacio Público|Líderes comunales|Movilidad en Duitama|Pasos peatonales ilegales|planeación urbana|Prevención de accidentes|Seguridad vial Boyacá,https://360radio.com.co/alcaldia-de-duitama-y-lideres-comunales-acuerdan-plan-para-cerrar-pasos-irregulares-en-la-ciudad/218400/,Juan Turriago
218390,Fiscalía General interviene más de 300 tiendas de Lili Pink en operativo nacional,2026-04-27 16:34:38,2026-04-27 16:34:38,publish,,Noticias,Contrabando de textiles|CTI|Escándalo textil Colombia|Extinción de Dominio|Lavado de activos|Sociedad de Activos Especiales|Tiendas Lili Pink,https://360radio.com.co/fiscalia-general-interviene-mas-de-300-tiendas-de-lili-pink-en-operativo-nacional/218390/,Juan Turriago
218379,¿Qué leen los jóvenes hoy? Las cifras que revelan los hábitos de lectura de la Generación Z,2026-04-27 16:21:01,2026-04-27 16:21:01,publish,,Cultura,Comunidades virtuales de lectura|Estudio lectura OEI jóvenes|Fenómeno BookTok TikTok|Hábitos de lectura Generación Z 2026|Libros Romantasy qué son|Literatura Young Adult y New Adult|Nielsen Bookscan Latam cifras|Preferencia libro físico vs digital,https://360radio.com.co/que-leen-los-jovenes-hoy-las-cifras-que-revelan-los-habitos-de-lectura-de-la-generacion-z/218379/,Julieth Barbosa
218365,Alerta por costo de energía: El kilovatio hora podría llegar a los $1.000 por El Niño,2026-04-27 15:57:08,2026-04-27 16:13:51,publish,,Noticias,Cambio Climatico|Eficiencia energética|Embalses|Energía en bolsa|Facturación mensual|generación térmica|Seguridad energética,https://360radio.com.co/alerta-por-costo-de-energia-el-kilovatio-hora-podria-llegar-a-los-1-000-por-el-nino/218365/,Juan Turriago
218341,Imprenta Nacional aclara: Primeros 1.500 pasaportes son pruebas técnicas y no para el público,2026-04-27 15:44:00,2026-04-27 15:44:00,publish,,Noticias de Colombia,Convenio pasaportes Imprenta Nacional|Expedición de pasaportes trámite 2026|Imprenta Nacional de Colombia pasaportes|Nuevo modelo de pasaportes Colombia 2026|Producción masiva de pasaportes Estado|Seguridad de datos pasaportes Colombia|Soberanía tecnológica documentos de identidad|Transferencia tecnológica INC,https://360radio.com.co/imprenta-nacional-aclara-primeros-1-500-pasaportes-son-pruebas-tecnicas-y-no-para-el-publico/218341/,Julieth Barbosa
218371,Medellín estrena modelo educativo domiciliario único en Colombia: ¿De qué se trata?,2026-04-27 15:29:46,2026-04-27 15:34:39,publish,,Noticias de Medellín,Alcaldia de medellin|medellin|Medellín estrena modelo educativo domiciliario|Nuevo modelo educativo en Medellín,https://360radio.com.co/medellin/medellin-estrena-modelo-educativo-domiciliario-unico-en-colombia-de-que-se-trata/,Juan Camilo Ocampo
218366,Emergencia en Itagüí: incendio de gran escala en bodega de Coltejer,2026-04-27 15:00:19,2026-04-27 15:33:14,publish,,Noticias de Antioquia,Antioquía|destacada|Emergencia en Itagüí|incendio de gran escala en bodega de Coltejer|Indencio en Itagüí,https://360radio.com.co/emergencia-en-itagui-incendio-de-gran-escala-en-bodega-de-coltejer/218366/,Juan Camilo Ocampo
218340,Nutresa renueva 30 millones de empaques para impulsar su estrategia de sostenibilidad,2026-04-27 12:59:16,2026-04-27 12:59:16,publish,,Empresas,Consumo Responsable|Economía circular|Empaques monomateriales|huella de carbono|Impacto Ambiental|Industria de alimentos|Plásticos reciclables,https://360radio.com.co/nutresa-renueva-30-millones-de-empaques-para-impulsar-su-estrategia-de-sostenibilidad/218340/,Juan Turriago
218330,CDT vs. Cuentas de ahorro: ¿Cuál ofrece la mejor tasa de interés?,2026-04-27 11:28:57,2026-04-27 11:28:57,publish,,"Economía, finanzas y negocios",ahorro programado|fondos de inversión|Inflación|libertad financiera|Neobancos|perfil de riesgo.|Tasas de Interés,https://360radio.com.co/cdt-vs-cuentas-de-ahorro-cual-ofrece-la-mejor-tasa-de-interes/218330/,Juan Turriago
218332,Imaginen que Ecopetrol no supiera el precio del barril,2026-04-27 11:13:55,2026-04-27 11:13:55,publish,,Columnas|Opinión,,https://360radio.com.co/imaginen-que-ecopetrol-no-supiera-el-precio-del-barril/218332/,360 Radio
218588,Colombia normalizó la violencia ante la ausencia del Estado,2026-04-27 10:58:45,2026-04-28 08:43:02,publish,,Editorial,COLOMBIA|conflicto armado Colombia|Violencia|Violencia Colombiana,https://360radio.com.co/colombia-normalizo-la-violencia-ante-la-ausencia-del-estado/218588/,360 Radio
218325,Cepeda crece y Paloma Valencia duplica su intención de voto,2026-04-27 10:55:20,2026-04-27 10:55:20,publish,,Política,candidatos Congreso|carrera por la Casa de Nariño|derecha colombiana|Encuestas presidenciales Colombia|Intención de voto|Segunda Vuelta|tendencias políticas.,https://360radio.com.co/cepeda-crece-y-paloma-valencia-duplica-su-intencion-de-voto/218325/,Juan Turriago
218309,"Mercado aéreo en Colombia: El tráfico internacional crece un 10,6% y lidera la demanda",2026-04-27 10:28:22,2026-04-27 10:28:22,publish,,Movilidad,Carga aérea y comercio electrónico|Cifras pasajeros Aeronáutica Civil Colombia 2026|Crecimiento sector aéreo marzo 2026|Estadísticas transporte aéreo Aerocivil|Movilización de pasajeros Semana Santa Colombia|Pasajeros internacionales Colombia|Rutas aéreas más dinámicas Latinoamérica|Turismo en Popayán 2026,https://360radio.com.co/mercado-aereo-en-colombia-el-trafico-internacional-crece-un-106-y-lidera-la-demanda/218309/,Julieth Barbosa
218318,Consejo Gremial rechaza los atentados y pide al Gobierno fortalecer a las Fuerzas Armadas,2026-04-27 10:17:52,2026-04-27 10:17:52,publish,,Noticias de Colombia,Atentados Cali y Palmira 2026|CGN rechazo violencia Colombia|Consejo Gremial Nacional atentados suroccidente|Fortalecimiento de la Fuerza Pública|Gremios económicos Colombia seguridad|Ola de terrorismo en el Valle y Cauca|Seguridad en la vía Panamericana hoy,https://360radio.com.co/consejo-gremial-rechaza-los-atentados-y-pide-al-gobierno-fortalecer-a-las-fuerzas-armadas/218318/,Julieth Barbosa
218313,Camioneros denuncian presencia de cilindros bomba en vía Panamericana,2026-04-27 09:48:23,2026-04-27 09:48:23,publish,,Noticias de Colombia,Asociación Colombiana de Camioneros (ACC)|Ataques con cilindros bomba Cauca|Derecho Internacional Humanitario transporte|Desabastecimiento sur de Colombia|destacada|Estado de la vía Panamericana hoy|Ministra de Transporte María Fernanda Rojas|Paro de transportadores vía Panamericana 2026|Seguridad en carreteras Valle y Huila,https://360radio.com.co/camioneros-denuncian-presencia-de-cilindros-bomba-en-via-panamericana/218313/,Julieth Barbosa
218295,Jerónimo Uribe le respondió a Carlos Suárez y le recordó reuniones con De La Espriella,2026-04-26 22:06:45,2026-04-26 22:59:48,publish,,Política,ABELARDO DE LA ESPRIELLA|álvaro Uribe|Jerónimo Uribe,https://360radio.com.co/jeronimo-uribe-le-respondio-a-carlos-suarez-y-le-recordo-reuniones-con-de-la-espriella/218295/,María Emma Jiménez Esguerra
218289,Encuestas presidenciales Colombia 2026: Iván Cepeda aventaja a De la Espriella y Paloma Valencia repunta,2026-04-26 21:01:43,2026-04-26 21:32:59,publish,,Elecciones 2026|Política,Abelardo De La Espriella campaña presidencial|Campaña de Iván Cepeda|destacada|Iván Cepeda|Paloma Valencia candidata,https://360radio.com.co/encuestas-presidenciales-colombia-2026-ivan-cepeda-aventaja-a-de-la-espriella-y-paloma-valencia-repunta/218289/,María Emma Jiménez Esguerra
218284,Nairo Quintana conquista la Vuelta a Asturias en su año de retiro,2026-04-26 16:44:07,2026-04-26 16:44:07,publish,,Deportes,Ciclismo Colombiano|DEPORTE|Diego Pescador|Movistar Team|Nairo Quintana campeón|resultados ciclismo hoy.|Vuelta a Asturias 2026,https://360radio.com.co/deportes/nairo-quintana-conquista-la-vuelta-a-asturias-en-su-ano-de-retiro/,Juan Turriago
218280,Disidencias de las FARC atribuyen al Gobierno Petro la responsabilidad por recientes ataques,2026-04-26 16:23:23,2026-04-26 18:37:24,publish,,Colombia,Atentados terroristas disidencias|Cese al fuego bilateral|Conflicto armado Cauca|destacada|Estatutos de negociación|Orden público en Colombia|Paz Total Gustavo Petro|Seguridad nacional Colombia,https://360radio.com.co/disidencias-de-las-farc-atribuyen-al-gobierno-petro-la-responsabilidad-por-recientes-ataques/218280/,Juan Turriago
218233,"El dólar cae al umbral de los $3.550 y abarata los gastos hormiga un 16,9%",2026-04-26 15:00:11,2026-04-25 17:52:09,publish,,"Economía, finanzas y negocios|Mundo",economía digital|Finanzas personales 2026|Gastos hormiga ahorro|Inflación en Colombia|Inversión y ahorro|Precio del dólar hoy|TRM $3.550,https://360radio.com.co/el-dolar-cae-al-umbral-de-los-3-550-y-abarata-los-gastos-hormiga-un-169/218233/,Juan Turriago
218276,Antioquia registra su déficit habitacional más bajo desde 2019: hito en política social,2026-04-26 13:59:26,2026-04-26 13:59:26,publish,,Noticias de Antioquia,Déficit cualitativo y cuantitativo|Derecho a la vivienda digna|Desarrollo territorial antioqueño|Empresa de Vivienda de Antioquia (VIVA)|Mejoramiento de vivienda|Subsidios de vivienda en Colombia|Vivienda de interés social (VIS),https://360radio.com.co/antioquia-registra-su-deficit-habitacional-mas-bajo-desde-2019-hito-en-politica-social/218276/,Juan Turriago
218268,Tragedia en el Cauca: Aumenta a 19 la cifra de muertos por atentado en la vía Panamericana,2026-04-26 13:27:32,2026-04-26 13:36:44,publish,,Colombia,Atentado vía Panamericana|destacada|Disidencias de las Farc|Explosión Cajibío hoy|Identificación Medicina Legal|Orden público suroccidente colombiano|Seguridad vial Colombia|Víctimas Cauca,https://360radio.com.co/tragedia-en-el-cauca-aumenta-a-19-la-cifra-de-muertos-por-atentado-en-la-via-panamericana/218268/,Juan Turriago
218264,"Colombia se desangra: El Tigre lanza ultimátum para poner fin a la ""paz total""",2026-04-26 13:07:20,2026-04-26 13:07:20,publish,,Noticias,ABELARDO DE LA ESPRIELLA|cauca|Colombia se desangra|El tigre|Paz Total|ultimátum|Violencia en Colombia,https://360radio.com.co/colombia-se-desangra-el-tigre-lanza-ultimatum-para-poner-fin-a-la-paz-total/218264/,Juan Turriago
218260,Iván Cepeda ratifica su gira por el Cauca pese al deterioro del orden público,2026-04-26 12:45:32,2026-04-26 12:45:32,publish,,Noticias,Cauca bajo fuego|comunidades locales|Crisis humanitaria|Derechos Humanos|Lideres sociales|Solidaridad política|Visita presidencial.,https://360radio.com.co/ivan-cepeda-ratifica-su-gira-por-el-cauca-pese-al-deterioro-del-orden-publico/218260/,Juan Turriago
218225,Moody’s rebaja la calificación de Ecopetrol a Ba2 citando riesgos en su gobierno corporativo,2026-04-26 11:00:23,2026-04-25 17:38:13,publish,,Empresas,Calificación Ecopetrol|Crisis petrolera|​Gobierno corporativo|inversión extranjera|Mercado de Valores|Moody’s Ratings|riesgo país Colombia,https://360radio.com.co/moodys-rebaja-la-calificacion-de-ecopetrol-a-ba2-citando-riesgos-en-su-gobierno-corporativo/218225/,Juan Turriago
218101,Así se distribuyen las ojivas nucleares activas en el mundo,2026-04-26 10:56:17,2026-04-24 16:57:15,publish,,Noticias del mundo,China|Estados Unidos|MUNDO|Ojuvas nucleares|Países con más ojivas nucleares en 2026|Rusia|SIPRI Yearbook,https://360radio.com.co/asi-se-distribuyen-las-ojivas-nucleares-activas-en-el-mundo/218101/,Juan Camilo Ocampo
218239,Atentado en Valle del Cauca: Paloma Valencia fue la única candidata que visitó el lugar,2026-04-25 20:00:12,2026-04-25 22:08:57,publish,,Elecciones 2026|Política|Uncategorized,,https://360radio.com.co/atentado-en-valle-del-cauca-paloma-valencia-fue-la-unica-candidata-que-visito-el-lugar/218239/,María Emma Jiménez Esguerra
218169,"Lotería de Boyacá resultado hoy 25 de abril: número ganador, secos y último sorteo",2026-04-25 18:00:08,2026-04-25 09:23:59,publish,,Territorio,Julieth B|Loteria de Boyaca|Loteria de Boyaca 25 de abril|Loteria de Boyaca ayer|Loteria de Boyaca hoy|Loteria de Boyaca numero ganador|Loteria de Boyaca secos|Loteria de Boyaca ultimo sorteo|Loterías|Loterias hoy|Ultimo resultado Loteria de Boyaca|Varios,https://360radio.com.co/loteria-de-boyaca-resultado-hoy-25-de-abril-numero-ganador-secos-y-ultimo-sorteo/218169/,360 Radio
218220,"Air-e confirma déficit de $2,5 billones: ¿Qué pasará con el servicio de energía en el Caribe?",2026-04-25 17:19:25,2026-04-25 17:19:25,publish,,Noticias,Crisis energética Caribe|Finanzas de servicios públicos|Mercado de Energía Mayorista|Opción tarifaria Colombia|Suministro eléctrico Atlántico|Superservicios intervención|Tarifas de energía eléctrica,https://360radio.com.co/air-e-confirma-deficit-de-25-billones-que-pasara-con-el-servicio-de-energia-en-el-caribe/218220/,Juan Turriago
218216,Alianza Verde ratifica apoyo a Iván Cepeda para la presidencia del Senado,2026-04-25 16:00:54,2026-04-25 16:00:54,publish,,Política,alianza verde|Asamblea Nacional Constituyente|Congreso de Colombia|Iván Cepeda|Pacto Histórico|Presidencia del Senado|Reforma constitucional,https://360radio.com.co/alianza-verde-ratifica-apoyo-a-ivan-cepeda-para-la-presidencia-del-senado/218216/,Juan Turriago
218076,De lo clásico a lo moderno: así han sido los logos del Mundial,2026-04-25 14:58:01,2026-04-24 16:51:49,publish,,Deportes,Así han sido los logos del Mundial|DEPORTES|Logos de los Mundiales|Mundial 2026|Mundial de Suiza 54,https://360radio.com.co/deportes/de-lo-clasico-a-lo-moderno-asi-han-sido-los-logos-del-mundial/,Juan Camilo Ocampo
218208,Atentado 2026 Valle del Cauca: Cuánto ha destinado el Gobierno Petro a la Fuerzas Armadas,2026-04-25 14:25:44,2026-04-25 19:50:09,publish,,Colombia,CONPES defensa nacional|Fuerzas Militares presupuesto 2026|Gasto militar Colombia|Inversión defensa Gustavo Petro|Modernización armamento Colombia|Presupuesto seguridad Colombia 2026|Seguridad y Defensa 2026,https://360radio.com.co/atentado-2026-valle-del-cauca-cuanto-a-destinado-el-gobierno-petro-a-la-fuerzas-armadas/218208/,Juan Turriago
218204,El Gobierno vincula a Enel con el inesperado repunte de la inflación en marzo,2026-04-25 12:56:32,2026-04-25 12:56:32,publish,,Noticias,ECONOMIA|Enel|GOBIERNO|InflaciónMarzo|IPC|PreciosLuz|TarifasEnergía,https://360radio.com.co/el-gobierno-vincula-a-enel-con-el-inesperado-repunte-de-la-inflacion-en-marzo/218204/,Juan Turriago
218192,Gobierno radica proyecto de decreto para blindar la seguridad digital de niños y adolescentes,2026-04-25 12:00:08,2026-04-25 12:00:08,publish,,Noticias,Alfabetización digital|Decreto seguridad digital NNA|Entornos digitales seguros|Prevención ciberacoso|Privacidad de datos infantiles|Protección de menores en internet|Verificación de edad en redes sociales,https://360radio.com.co/gobierno-radica-proyecto-de-decreto-para-blindar-la-seguridad-digital-de-ninos-y-adolescentes/218192/,Juan Turriago
218172,Juanes Artista Leyenda 2026: Todo sobre el tributo que recibirá el músico en Bogotá,2026-04-25 11:53:26,2026-04-25 11:53:26,publish,,Entretenimiento,Ekhymosis historia|Fundación Mi Sangre impacto social|Homenaje a Juanes Bogotá|Juanes Artista Leyenda Premios Nuestra Tierra 2026|Música colombiana ganadores Grammy|Premios Nuestra Tierra 2026 nominados}|Teatro Colsubsidio eventos mayo|Trayectoria musical de Juanes,https://360radio.com.co/entretenimiento/juanes-artista-leyenda-2026-todo-sobre-el-tributo-que-recibira-el-musico-en-bogota/,Julieth Barbosa
218188,"Aerocivil garantiza seguridad aérea tras atentado contra radar estratégico en El Tambo, Cauca",2026-04-25 11:41:00,2026-04-25 11:41:00,publish,,Noticias de Colombia,Aeronáutica Civil ataque terrorista|Ataque radar cerro Santana Cauca|Ataques grupos armados Cauca|El Tambo Cauca orden público|Infraestructura estratégica Aerocivil|Redundancia tecnológica aeronáutica|Seguridad aérea Colombia hoy|Vigilancia aérea radar Santana,https://360radio.com.co/aerocivil-garantiza-seguridad-aerea-tras-atentado-contra-radar-estrategico-en-el-tambo-cauca/218188/,Julieth Barbosa
218184,Atentado en la vía Panamericana: seis civiles heridos tras explosión de artefacto,2026-04-25 11:16:25,2026-04-25 11:16:25,publish,,Noticias,Ataque vía Panamericana|Atentado terrorista vía Panamericana|Civiles heridos hoy|Explosivos en el Cauca|Orden público Cauca|Seguridad suroccidente colombiano|Vía Panamericana noticias},https://360radio.com.co/atentado-en-la-via-panamericana-seis-civiles-heridos-tras-explosion-de-artefacto/218184/,Juan Turriago
218185,Oleada de críticas a Petro por Daniel Quintero: ¿Qué pasará con las EPS intervenidas?,2026-04-25 11:03:53,2026-04-25 11:03:53,publish,,Política|Salud,Corrupción Alcaldía de Medellín Quintero|Crisis del sistema de salud en Colombia|Daniel Quintero Superintendente de Salud críticas|Fico Gutiérrez sobre Daniel Quintero|Intervención de EPS Colombia 2026|Mauricio Cárdenas reforma pensional|Nombramientos Gobierno Petro hoy|Paloma Valencia salud pacientes,https://360radio.com.co/oleada-de-criticas-a-petro-por-daniel-quintero-que-pasara-con-las-eps-intervenidas/218185/,Julieth Barbosa
218180,Gobierno inicia megaproyecto para conectar a 400 mil ciudadanos en La Guajira,2026-04-25 10:28:26,2026-04-25 10:28:26,publish,,Colombia,Desarrollo regional Guajira|Fin de apagones en Colombia|Gobierno Nacional energía|Infraestructura eléctrica La Guajira|Inversión eléctrica 400 mil habitantes|Justicia social y energía|Servicios públicos Caribe,https://360radio.com.co/gobierno-inicia-megaproyecto-para-conectar-a-400-mil-ciudadano-en-la-guajira/218180/,Juan Turriago
218175,Atentados en Valle del Cauca: detalles de los hechos y rechazo por parte de las autoridades,2026-04-25 09:58:32,2026-04-25 10:01:17,publish,,Noticias de Cali,Ataques con cilindros bomba|Atentado Batallón Pichincha Cali|Atentados Valle del Cauca hoy|destacada|Dilian Francisca Toro gobernadora|Disidencias de las Farc suroccidente|Explosión Batallón Agustín Codazzi Palmira|General William Rincón Zambrano|Seguridad en el Valle del Cauca,https://360radio.com.co/cali/atentados-en-valle-del-cauca-detalles-de-los-hechos-y-rechazo-por-parte-de-las-autoridades/,Julieth Barbosa
218161,Ranking F1 2026: ¿Qué países de América tienen más pilotos ganadores en la historia?,2026-04-25 09:07:04,2026-04-25 09:09:50,publish,,Deportes,Ganadores de Grandes Premios por país|Grandes Premios de automovilismo|Historia de la F1 en América|Leyendas brasileñas Fórmula 1|Mario Andretti F1|Pilotos americanos ganadores Fórmula 1|Pilotos colombianos en F1,https://360radio.com.co/deportes/ranking-f1-2026-que-paises-de-america-tienen-mas-pilotos-ganadores-en-la-historia/,Julieth Barbosa
218139,El espejo de la IA: La nueva brecha que nos deja por fuera del futuro tecnológico,2026-04-24 20:58:05,2026-04-24 20:58:05,publish,,Editorial,,https://360radio.com.co/el-espejo-de-la-ia-la-nueva-brecha-que-nos-deja-por-fuera-del-futuro-tecnologico/218139/,360 Radio
218153,"Nuevo etiquetado en Colombia elevaría costos de producción y precios de alimentos, según ANDI",2026-04-24 20:35:50,2026-04-24 20:35:50,publish,,"Colombia|Economía, finanzas y negocios",ANDI industria de alimentos|Etiquetado frontal advertencia|Etiquetado frontal de alimentos Colombia|Impacto económico Ley de Comida Chatarra|Ministerio de Salud etiquetado nutricional|Productos ultraprocesados definición|Regulaciones INVIMA alimentos|Resolución 810 de 2021,https://360radio.com.co/nuevo-etiquetado-en-colombia-elevaria-costos-de-produccion-y-precios-de-alimentos-segun-andi/218153/,Julieth Barbosa
218149,"Resultado Lotería de Santander hoy 24 de abril: secos, número ganador y último sorteo",2026-04-24 19:54:50,2026-04-24 19:54:50,publish,,Territorio,Abril|Julieth B|Lotería 24 de abril|Loteria de Santander|Premio mayor 24 de abril|Resultado loteria|Santander 24 de abril|Varios,https://360radio.com.co/resultado-loteria-de-santander-hoy-24-de-abril-secos-numero-ganador-y-ultimo-sorteo/218149/,360 Radio
218138,Inician obras en Aeropuerto José María Córdova hoy: ¿Cómo afectará la experiencia del viajero?,2026-04-24 19:44:10,2026-04-24 19:44:10,publish,,Infraestructura|Noticias de Antioquia,Aeropuerto Olaya Herrera|Agencia Nacional de Infraestructura (ANI)|AIRPLAN concesionario|Ampliación Aeropuerto de Rionegro|Capacidad pasajeros Antioquia|Infraestructura aeroportuaria Colombia|Obras Aeropuerto José María Córdova 2026|Vuelos internacionales desde Medellín,https://360radio.com.co/inician-obras-en-aeropuerto-jose-maria-cordova-hoy-como-afectara-la-experiencia-del-viajero/218138/,Julieth Barbosa
218114,"Resultado Lotería de Risaralda hoy 24 de abril: último sorteo, número ganador y secos",2026-04-24 18:43:11,2026-04-24 16:50:00,publish,,Territorio,Loteria de Risaralda|Lotería de Risaralda 24 de abril|Loteria de Risaralda hoy|Loteria de Risaralda numero ganador|loterias de Colombia|Resultado Lotería de Risaralda hoy 24 de abril|Secos Loteria de Risaralda|Varios,https://360radio.com.co/resultado-loteria-de-risaralda-hoy-24-de-abril-ultimo-sorteo-numero-ganador-y-secos/218114/,Juan Camilo Ocampo
218105,"Lotería de Medellín resultado hoy 24 de abril: número ganador, secos y último sorteo",2026-04-24 18:34:17,2026-04-24 16:40:44,publish,,Territorio,Juan O|Loería de Medellín 24 de abril|Lotería de Medellín|Loteria de Medellin hoy|Loteria de Medellin numero ganador|Lotería de Medellín resultado hoy 24 de abril|loterias de Colombia|Secos Loteria de Medellin|Varios,https://360radio.com.co/loteria-de-medellin-resultado-hoy-24-de-abril-numero-ganador-secos-y-ultimo-sorteo-2/218105/,360 Radio
218126,Gobierno Nacional vende participación en Movistar Colombia a Millicom recibiendo $856.000 millones,2026-04-24 17:44:12,2026-04-24 18:32:33,publish,,Empresas,Acciones Colombia Telecomunicaciones|Bolsa de Valores de Colombia (BVC)|Duopolio telecomunicaciones Colombia|Fusión Tigo y Movistar|Millicom compra Movistar|Ministerio de Hacienda enajenación|Privatización de Telecom Colombia|venta de Movistar Colombia a Tigo,https://360radio.com.co/gobierno-nacional-vende-participacion-en-movistar-colombia-a-millicom-recibiendo-856-000-millones/218126/,Julieth Barbosa
218125,Antonio Sanguino pide en Asofondos destrabar la reforma pensional para asegurar su vigencia,2026-04-24 17:24:35,2026-04-24 17:47:42,publish,,Noticias de Colombia,Antonio Sanguino Ministro del Trabajo|Congreso Asofondos 2026|Ley de reforma pensional|Reforma pensional Colombia 2026|Sistema de pilares pensionales|Subsidios regresivos pensiones|Traslado de fondos a Colpensiones,https://360radio.com.co/antonio-sanguino-pide-en-asofondos-destrabar-la-reforma-pensional-para-asegurar-su-vigencia/218125/,Julieth Barbosa
218087,Así falló el ataque terrorista en Cali: Cilindros bomba explotaron dentro de una buseta escolar,2026-04-24 16:48:27,2026-04-24 16:48:27,publish,,Noticias de Cali,Alejandro Eder seguridad Cali|Ataque terrorista hoy Cali|Atentado Batallón Pichincha Cali|Cilindros bomba Cali|Disidencias de las Farc frente Jaime Martínez|Explosión carrera 80 Cali|Orden público Valle del Cauca|Tercera Brigada del Ejército,https://360radio.com.co/cali/asi-fallo-el-ataque-terrorista-en-cali-cilindros-bomba-explotaron-dentro-de-una-buseta-escolar/,Julieth Barbosa
218100,"El DANE confirma alerta demográfica: En el 53,7% de los municipios nacen menos de 100 bebés al año",2026-04-24 16:39:36,2026-04-24 16:39:36,publish,,Noticias,Cifras del DANE|Demografía en Colombia|envejecimiento poblacional|Estadísticas vitales|Municipios de Colombia|Tasa de natalidad 2026|Transición demográfica,https://360radio.com.co/el-dane-confirma-alerta-demografica-en-el-537-de-los-municipios-nacen-menos-de-100-bebes-al-ano/218100/,Juan Turriago
218092,La crisis de las aulas: Matrículas escolares caen un 9% en la última década,2026-04-24 16:23:41,2026-04-24 16:23:41,publish,,Educación,Deserción y demografía|Inscripción escolar|Invierno demográfico|Población estudiantil|Políticas públicas educativas|Sistema educativo|Tasas de natalidad,https://360radio.com.co/la-crisis-de-las-aulas-matriculas-escolares-caen-un-9-en-la-ultima-decada/218092/,Juan Turriago
218091,Migrar a Estados Unidos en familia: claves para planear el proceso con información y realismo,2026-04-24 16:21:42,2026-04-24 16:21:42,publish,,Territorio,Comercial|Estados Unidos|Migrar a Estados Unidos|Migrar a Estados Unidos en familia,https://360radio.com.co/migrar-a-estados-unidos-en-familia-claves-para-planear-el-proceso-con-informacion-y-realismo/218091/,Juan Camilo Ocampo
218075,¿Por qué el traslado de ahorros de las AFP a Colpensiones reduciría las rentabilidades?,2026-04-24 16:06:18,2026-04-24 16:06:18,publish,,"Economía, finanzas y negocios",AhorroIndividual|Colpensiones|FinanzasPersonalesColombia|MercadoDeCapitales|Reformapensional|RentabilidadAFP|SistemaDePensiones,https://360radio.com.co/por-que-el-traslado-de-ahorros-de-las-afp-a-colpensiones-reduciria-las-rentabilidades/218075/,Juan Turriago
218077,Nace la Declaración de Bogotá: Cómo se verán afectados los trabajadores y los derechos laborales,2026-04-24 15:46:23,2026-04-24 15:46:23,publish,,Noticias de Bogotá,Armonización de criterios judiciales|Congreso Latinoamericano de la Jurisdicción Laboral|Corte Suprema de Justicia de Colombia|Declaración de Bogotá derecho laboral|Derechos de los trabajadores migrantes|Justicia social en Latinoamérica|Organización Internacional del Trabajo (OIT)|Regulación de plataformas digitales Colombia,https://360radio.com.co/bogota/nace-la-declaracion-de-bogota-como-se-veran-afectados-los-trabajadores-y-los-derechos-laborales/,Julieth Barbosa
218064,De La Espriella activa alerta: Todo sobre la denuncia por fraude y su estrategia financiera,2026-04-24 15:21:50,2026-04-24 15:21:50,publish,,Política,Abelardo De La Espriella campaña presidencial|Candidatos presidenciales 2026|Defensores de la Patria|​Financiación de campañas políticas|Fraude electoral Colombia|Organización Electoral|Recaudación de fondos ilegal|Transparencia y legalidad electoral,https://360radio.com.co/de-la-espriella-activa-alerta-todo-sobre-la-denuncia-por-fraude-y-su-estrategia-financiera/218064/,Julieth Barbosa
218052,¿Estrategia de exclusión? Iván Cepeda define sus condiciones para los debates presidenciales,2026-04-24 14:56:14,2026-04-24 14:56:14,publish,,Política,Abelardo de la Espriella demandas|Ahorro pensional colombianos|Demanda decreto Colpensiones|Elecciones presidenciales Colombia mayo|Iván Cepeda debates presidenciales|Paloma Valencia oposición|Traslado de pensiones Colombia 2026,https://360radio.com.co/estrategia-de-exclusion-ivan-cepeda-define-sus-condiciones-para-los-debates-presidenciales/218052/,Juan Turriago
218063,¿Por qué cayó el dólar en Colombia por debajo de $3.550?,2026-04-24 14:29:42,2026-04-24 14:29:42,publish,,"Economía, finanzas y negocios|Noticias de Colombia",¿Por qué cayó el dólar en Colombia?|COLOMBIA|dolár|Dólar en Colombia cae por debajo de $3.550|ECONOMIA,https://360radio.com.co/por-que-cayo-el-dolar-en-colombia-por-debajo-de-3-550/218063/,Juan Camilo Ocampo
218059,Daniel Quintero asume la Superintendencia de Salud: cuáles serán sus retos y las funciones del nuevo cargo,2026-04-24 14:13:52,2026-04-24 14:34:08,publish,,Noticias de Colombia,Bernardo Armando Camacho renuncia|Daniel Quintero Superintendente de Salud|Decreto 0433 de 2026|destacada|inspección|Ley de Garantías Electorales Colombia|Ministerio de Salud y Protección Social|Nombramientos Gobierno Nacional 2026|Superintendencia Nacional de Salud (Supersalud)|vigilancia y control salud,https://360radio.com.co/daniel-quintero-asume-la-superintendencia-de-salud-cuales-seran-sus-retos-y-funciones-del-nuevo-cargo/218059/,Julieth Barbosa
218053,CEERA pide agilizar licencias ambientales para fortalecer el sistema ante El Niño extremo,2026-04-24 13:45:39,2026-04-24 13:45:39,publish,,Medio Ambiente y Sostenibilidad|Noticias de Colombia,Cambio climático y sequía|Centro de Estudios de Energía Renovable y el Agua (CEERA)|Crisis energética Colombia|Fenómeno de El Niño 2026 Colombia|Nivel de embalses hoy|Pequeñas Centrales Hidroeléctricas (PCH)|Precio de la energía eléctrica|seguridad energética nacional,https://360radio.com.co/ceera-pide-agilizar-licencias-ambientales-para-fortalecer-el-sistema-ante-el-nino-extremo/218053/,Julieth Barbosa
218037,"Factura de energía en Colombia: estratos 4, 5 y 6 pagarán más por nueva sobretasa",2026-04-24 12:51:29,2026-04-24 12:51:29,publish,,Noticias,consumo eléctrico|Economía Colombia|Estratos altos|Impuestos servicios públicos|Incremento de luz|Ministerio de Energia|Recibo de energía,https://360radio.com.co/factura-de-energia-en-colombia-estratos-4-5-y-6-pagaran-mas-por-nueva-sobretasa/218037/,Juan Turriago
218043,Fondos privados en la mira: Colpensiones anuncia posibles embargos,2026-04-24 12:32:36,2026-04-24 12:50:57,publish,,Noticias de Colombia,COLOMBIA|Colpensiones|Colpensiones anuncia posibles embargos|Destacadas|Fondos Privados|pensiones,https://360radio.com.co/fondos-privados-en-la-mira-colpensiones-anuncia-posibles-embargos/218043/,Juan Camilo Ocampo
218033,Prosperidad Social arranca tercer pago de Jóvenes en Paz: fechas y beneficiarios,2026-04-24 12:12:09,2026-04-24 12:24:41,publish,,Noticias de Colombia,arranca tercer pago de Jóvenes en Paz:|COLOMBIA|inicia pagos del ciclo 3 de Jóvenes en Paz|Jovenes en Paz|Prosperidad Social,https://360radio.com.co/prosperidad-social-arranca-tercer-pago-de-jovenes-en-paz-fechas-y-beneficiarios/218033/,Juan Camilo Ocampo
218023,Petro y Rodríguez sellan en la Casa de Nariño una nueva etapa de integración binacional,2026-04-24 11:29:52,2026-04-24 11:29:52,publish,,Mundo,Comercio binacional|Crecimiento económico 600%|exportaciones colombianas|Gustavo Petro y Delcy Rodríguez|Integración regional|Reapertura de frontera|Relaciones Colombia y Venezuela,https://360radio.com.co/petro-y-rodriguez-sellan-en-la-casa-de-narino-una-nueva-etapa-de-integracion-binacional/218023/,Juan Turriago
218029,"¿Quién es Carlos Mario Zuluaga, el mejor puntaje en las pruebas de la Contraloría?",2026-04-24 11:09:03,2026-04-24 11:09:03,publish,,Noticias de Colombia,¿Quién es Carlos Mario Zuluaga?|Carlos Mario Zuluaga|Carlos Mario Zuluaga obtiene el mejor puntaje en pruebas para contralor|COLOMBIA|Contraloría General de la República|POLITICA,https://360radio.com.co/quien-es-carlos-mario-zuluaga-el-mejor-puntaje-en-las-pruebas-de-la-contraloria/218029/,Juan Camilo Ocampo
218024,"Reapareció jugador argentino que dijo ""les vamos a romper el orto"" a Colombia: pidió disculpas",2026-04-24 10:43:30,2026-04-24 10:45:07,publish,,Deportes,"DEPORTES|Julio Coria|Julio Coria pide disculpas a Colombia|Julio Coria se disculpa|Reapareció jugador argentino que dijo ""les vamos a romper el orto""|Sudamericano Sub-17",https://360radio.com.co/deportes/reaparecio-jugador-argentino-que-dijo-les-vamos-a-romper-el-orto-a-colombia-pidio-disculpas/,Juan Camilo Ocampo
218018,Gustavo Petro convoca a nueva jornada de marchas,2026-04-24 10:20:22,2026-04-24 10:20:22,publish,,Noticias,asamblea constituyente Colombia|Centrales obreras Colombia|Elecciones presidenciales 2026|marchas 1 de mayo|Puntos de concentración|Reformas del Gobierno Petro|Seguridad en las marchas,https://360radio.com.co/gustavo-petro-convoca-a-nueva-jornada-de-marchas/218018/,Juan Turriago
218008,"Contraloría supervisa la venta de acciones por parte del Estado de Movistar, tras fusión con Tigo",2026-04-24 10:19:38,2026-04-24 10:49:05,publish,,Noticias de Colombia,COLOMBIA|Contraloría|Contraloría supervisa la venta de acciones por parte del Estado de Movistar|destacada|Empresas|Fusión de Tigo y Movistar|Movistar|Tigo,https://360radio.com.co/contraloria-supervisa-la-venta-de-acciones-por-parte-del-estado-de-movistar-tras-fusion-con-tigo/218008/,Juan Camilo Ocampo
218014,"Él era Camilo Muñoz, ciclista colombiano que murió tras caída en carrera europea",2026-04-24 10:04:27,2026-04-24 10:04:27,publish,,Deportes,Accidente ciclista Europa|Camilo Muñoz|Ciclismo Colombiano|Ciclismo internacional|Luto deporte nacional|Promesa del ciclismo|Seguridad en el ciclismo,https://360radio.com.co/deportes/el-era-camilo-munoz-ciclista-colombiano-que-murio-tras-caida-en-carrera-europea/,Juan Turriago
218010,Resultados del concurso de la Contraloría: estos son los mejores 10 puntajes en la prueba,2026-04-24 09:33:08,2026-04-24 09:33:57,publish,,Noticias de Colombia,COLOMBIA|concurso de la Contraloría|Contraloría|Resultados del concurso de la Contraloría,https://360radio.com.co/resultados-del-concurso-de-la-contraloria-estos-son-los-mejores-10-puntajes-en-la-prueba/218010/,Juan Camilo Ocampo
218005,Golpe a Ecopetrol: Moody’s reduce su calificación a Ba2,2026-04-24 08:46:04,2026-04-24 08:57:26,publish,,Empresas|Noticias de Colombia,Ba2|COLOMBIA|Destacadas|ECOPETROL|Empresas|Golpe a Ecopetrol:|Moody’s|Moody’s rebaja a Ba2 la calificación de Ecopetrol,https://360radio.com.co/golpe-a-ecopetrol-moodys-reduce-su-calificacion-a-ba2/218005/,Juan Camilo Ocampo
217996,La independencia del Banco de la República: el crecimiento económico en riesgo,2026-04-23 23:33:15,2026-04-24 03:32:41,publish,,Editorial,Banco de la República|Crecimiento de la economía en Colombia|Ministerio de Hacienda y crédito público,https://360radio.com.co/la-independencia-del-banco-de-la-republica-el-crecimiento-economico-en-riesgo/217996/,360 Radio
217977,"Lotería de Bogotá resultado hoy 23 abril: número ganador, secos y último sorteo",2026-04-23 20:45:18,2026-04-23 18:12:40,publish,,Territorio,Julieth B|Loteria de Bogota|Loteria de Bogota 23 abril|Loteria de Bogota ayer|Loteria de Bogota hoy|Loteria de Bogota numero ganador|Loteria de Bogota resultado|Loteria de Bogota Secos|Loteria de Bogota ultimo sorteo|Loterias Colombia|Loterias hoy|Varios,https://360radio.com.co/loteria-de-bogota-resultado-hoy-23-abril-numero-ganador-secos-y-ultimo-sorteo/217977/,360 Radio
217986,¿Por qué no han abierto el nuevo puente Chirajara? Estas son las razones del bloqueo vial,2026-04-23 20:22:54,2026-04-23 20:22:54,publish,,Infraestructura,Agencia Nacional de Infraestructura (ANI)|Conectividad Bogotá - Villavicencio|Coviandes puente Chirajara|Infraestructura vial Colombia|Kilómetro 58 vía al Llano|Puente Chirajara 2026|Túnel 13 Chirajara|Vía al Llano estado actual,https://360radio.com.co/por-que-no-han-abierto-el-nuevo-puente-chirajara-estas-son-las-razones-del-bloqueo-vial/217986/,Julieth Barbosa
217988,Radican firmas para revocar al alcalde Galán: Este viernes inicia el pulso por el mando de Bogotá,2026-04-23 19:01:25,2026-04-23 19:01:25,publish,,Judicial|Noticias de Bogotá,Alcaldía de Bogotá gestión|Avance Metro de Bogota|Firma de revocatoria Bogotá|Movimientos ciudadanos Bogotá|Plan de Desarrollo Distrital|Registraduría Nacional del Estado Civil|revocatoria Carlos Fernando Galán|Seguridad en Bogotá 2026,https://360radio.com.co/bogota/radican-firmas-para-revocar-al-alcalde-galan-este-viernes-inicia-el-pulso-por-el-mando-de-bogota/,Julieth Barbosa
217972,Burger Master supera el millón de hamburguesas vendidas en menos de tres días,2026-04-23 17:44:44,2026-04-23 17:44:44,publish,,Noticias de Colombia,Burger Master 2026|Consumo masivo en Colombia|Emprendimiento gastronómico|Hamburguesas artesanales Colombia|Impacto económico gastronomía|precios Burger Master|Sector restaurantero colombiano|Tulio Zuloaga (Tulio Recomienda),https://360radio.com.co/burger-master-supera-el-millon-de-hamburguesas-vendidas-en-menos-de-tres-dias/217972/,Julieth Barbosa
217967,"Resultado Lotería del Quindío hoy 23 de abril: secos, último sorteo y número ganador",2026-04-23 17:06:07,2026-04-23 17:04:53,publish,,Territorio,Loteria del Quindio|Lotería del Quindío 23 de abril|Loteria del Quindio hoy|Loteria del Quindio numero ganador|loterias de Colombia|Resultado Lotería del Quindío hoy 23 de abril|Secos de la Lotería del Quindío|Varios,https://360radio.com.co/__trashed-6/217967/,Juan Camilo Ocampo
217956,¿Lactante y con contrato de prestación de servicios? Conozca el nuevo fallo de la Corte sobre estabilidad laboral,2026-04-23 16:55:41,2026-04-23 16:55:41,publish,,Noticias de Colombia,Contrato de prestación de servicios|Corte Constitucional de Colombia|Derechos fundamentales trabajadores|Discriminación laboral maternidad|Estabilidad laboral reforzada|Protección a la mujer lactante|Sentencia T-014 de 2026|Vencimiento de contrato y lactancia,https://360radio.com.co/lactante-y-con-contrato-de-prestacion-de-servicios-conozca-el-nuevo-fallo-de-la-corte-sobre-estabilidad-laboral/217956/,Julieth Barbosa
217957,Carrillo denuncia presunta corrupción en el Fondo de Adaptación: señala a Angie Rodríguez,2026-04-23 16:52:37,2026-04-23 16:52:53,publish,,Noticias de Colombia,Angie Rodríguez|Carlos Carrillo|Carrillo denuncia presunta corrupción en el Fondo de Adaptación|corrupción en el Fondo de Adaptación|destacada|Fondo de Adaptación|Ungrd,https://360radio.com.co/carrillo-denuncia-presunta-corrupcion-en-el-fondo-de-adaptacion-senala-a-angie-rodriguez/217957/,Juan Camilo Ocampo
217949,El Café de Colombia regresa al ciclismo profesional: nuevo patrocinio en la élite,2026-04-23 15:58:37,2026-04-23 15:58:37,publish,,Deportes,Café de Colombia|Café de Colombia regresa al ciclismo profesional|Café de Colombia y Ineos|DEPORTES|Edgan Bernal|Ineos Grenadiers,https://360radio.com.co/deportes/el-cafe-de-colombia-regresa-al-ciclismo-profesional-nuevo-patrocinio-en-la-elite/,Juan Camilo Ocampo
217944,Fiscalía acusa formalmente a Álvaro Leyva por prevaricato en el caso de los pasaportes,2026-04-23 15:27:48,2026-04-23 15:54:26,publish,,Judicial|Noticias de Colombia,Álvaro Leyva pasaportes|Cancillería de Colombia|contratacion pública|Corte Suprema de Justicia|destacada|Escrito de acusación|Fiscalía General de la Nación|Licitación de pasaportes|Prevaricato por acción,https://360radio.com.co/fiscalia-acusa-formalmente-a-alvaro-leyva-por-prevaricato-en-el-caso-de-los-pasaportes/217944/,Julieth Barbosa
217932,¿A dónde van sus impuestos? El 35% del recaudo tributario se destina al pago de intereses,2026-04-23 15:15:14,2026-04-23 15:15:14,publish,,"Colombia|Economía, finanzas y negocios",Ancla fiscal y liquidez del Gobierno Nacional|Déficit primario y déficit total PIB|Endeudamiento del Gobierno 62% del PIB|Juan Carlos Ramírez Jaramillo CARF|Pago de intereses deuda externa e interna|Regla Fiscal Colombia sostenibilidad|Reporte CARF deuda pública Colombia 2026|Superávit primario necesario 2026-2032,https://360radio.com.co/a-donde-van-sus-impuestos-el-35-del-recaudo-tributario-se-destina-al-pago-de-intereses/217932/,Julieth Barbosa
217931,Colombia avanza en su transición energética: estos son los 10 puntos claves del cambio,2026-04-23 14:57:00,2026-04-23 14:59:20,publish,,Noticias de Colombia,COLOMBIA|Colombia avanza en su transición energética|energias renovables|ministro de Minas y Energía Edwin Palma|MinMinas|Sistema Eléctrico|transición energetica,https://360radio.com.co/colombia-avanza-en-su-transicion-energetica-estos-son-los-10-puntos-claves-del-cambio/217931/,Juan Camilo Ocampo
217923,¿Quién es Juan Lucas Vega? El ingeniero civil que liderará el futuro del Grupo Éxito,2026-04-23 14:28:17,2026-04-23 14:50:11,publish,,Empresas|Noticias de Colombia,Carlos Calleja presidente Grupo Éxito declaraciones|Estrategia retail y real estate Colombia|Gestión inmobiliaria regional Grupo Éxito|Juan Lucas Vega Palacio Gerente General Grupo Éxito|Relevo generacional Grupo Éxito 2026|Resultados financieros Viva Malls 2025|Sucesión Carlos Mario Giraldo Éxito|Viva Malls valorización y activos inmobiliarios,https://360radio.com.co/grupo-exito-apuesta-por-la-continuidad-juan-lucas-vega-asumira-la-gerencia-general/217923/,Julieth Barbosa
217928,Importar de China es barato… hasta que toca pagarlo,2026-04-23 13:46:06,2026-04-23 13:46:34,publish,,Columnas|Opinión,Aranceles China vs. TLC Estados Unidos|Costo total importaciones China Colombia 2026|Fintech para pagos internacionales B2B|Gestión de flujo de caja para importadores|Informe ANALDEX importaciones China 2025|Red SWIFT comisiones bancos intermediarios|Riesgo cambiario comercio exterior Colombia|Spread cambiario y TRM importaciones,https://360radio.com.co/importar-de-china-es-barato-hasta-que-toca-pagarlo/217928/,360 Radio
217919,Medellín entrega 1.050 títulos de propiedad: ¿Cómo avanza la entrega de vivienda legal?,2026-04-23 12:50:07,2026-04-23 12:51:29,publish,,Noticias de Medellín,¿Cómo avanza la entrega de vivienda legal?|Alcaldia de medellin|medellin|vivienda legal|vivienda legal en Medellín,https://360radio.com.co/medellin/medellin-entrega-1-050-titulos-de-propiedad-como-avanza-la-entrega-de-vivienda-legal/,Juan Camilo Ocampo
217913,"FTMining ha lanzado un servicio gratuito de minería en la nube para BTC, DOGE y LTC, con ingresos diarios de hasta 9.900 dólares",2026-04-23 11:37:58,2026-04-24 16:07:39,publish,,"Economía, finanzas y negocios|Territorio",BTC|Comercial|DOGE|FTMining|LTC|Minería de criptomonedas|servicio gratuito de minería en la nube,https://360radio.com.co/ftmining-ha-lanzado-un-servicio-gratuito-de-mineria-en-la-nube-para-btc-doge-y-ltc-con-ingresos-diarios-de-hasta-9-900-dolares/217913/,Juan Camilo Ocampo
217908,Gobierno ordena traslado de $25 billones de fondos privados a Colpensiones: claves del decreto,2026-04-23 10:50:54,2026-04-23 11:43:10,publish,,Noticias de Colombia,COLOMBIA|Colpensiones|Decreto 0415|destacada|Fondos Privados|Gobierno ordena traslado de $25 billones de fondos privados a Colpensiones:,https://360radio.com.co/gobierno-ordena-traslado-de-25-billones-de-fondos-privados-a-colpensiones-claves-del-decreto/217908/,Juan Camilo Ocampo
217905,¿Cuánto cuesta llenar el álbum del Mundial 2026 completo y cuántas láminas tiene?,2026-04-23 10:37:50,2026-04-23 10:37:50,publish,,Deportes,Álbum Panini|álbum Panini del Mundial 2026|DEPORTES|Precio del Álbum Panini|Precio del álbum Panini del Mundial 2026,https://360radio.com.co/deportes/cuanto-cuesta-llenar-el-album-del-mundial-2026-completo-y-cuantas-laminas-tiene/,Juan Camilo Ocampo
217900,¿Cuándo empieza el Fenómeno del Niño en Colombia? Esto dice el IDEAM,2026-04-23 10:00:28,2026-04-23 10:10:25,publish,,Noticias de Colombia,COLOMBIA|Fenómeno de El Niño en Colombia|Fenómeno de El Niño en Colombia 2026|Ideam|Impactos del Fenómeno de El Niño,https://360radio.com.co/cuando-empieza-el-fenomeno-del-nino-en-colombia-esto-dice-el-ideam/217900/,Juan Camilo Ocampo
217895,Daniel Habif en la Feria del Libro 2026: hora y cómo asistir,2026-04-23 09:43:16,2026-04-23 09:43:37,publish,,Noticias de Bogotá,Bogotá|Daniel Habif en la Feria del Libro 2026|etalles de la visita de Daniel Habif a la FILBo 202|Feria del Libro de Bogotá|Filbo 2026|La Feria Internacional del Libro de Bogotá,https://360radio.com.co/bogota/daniel-habif-en-la-feria-del-libro-2026-hora-y-como-asistir/,Juan Camilo Ocampo
217889,Cuánto dura la película de Michael Jackson y más detalles de la producción,2026-04-23 09:05:11,2026-04-23 09:05:11,publish,,Entretenimiento,Cuánto dura la película de Michael Jackson|Entretenimiento|la película de Michael Jackson|Michael Jackson|Michael Jackson la película,https://360radio.com.co/entretenimiento/cuanto-dura-la-pelicula-de-michael-jackson-y-mas-detalles-de-la-produccion/,Juan Camilo Ocampo
217829,Influencias y extorsiones denunciadas por funcionaria pública: Angie Rodríguez mencionó que hay una telaraña que compromete al Estado,2026-04-22 21:17:43,2026-04-23 08:13:28,publish,,Editorial,Angie Rodríguez|Angie Rodriguez DAPRE|Angie Rodríguezy Petro|Gobierno de Gustavo Petro|Maria E|Presidente Petro,https://360radio.com.co/influencias-y-extorsiones-denunciadas-por-funcionaria-publica-angie-rodriguez-menciono-que-hay-una-telarana-que-compromete-al-estado/217829/,360 Radio
217877,Atentado sicarial contra Elvia Isabel Otero en el occidente de Bogotá: Quien es la aspirante a la Contraloría,2026-04-22 20:54:58,2026-04-22 20:54:58,publish,,Noticias de Bogotá,Aspirante a Contralora General atentado 2026|Ataque sicarial Ciudad Salitre Fontibón|Atentado Elvia Isabel Otero Ciudad Salitre Bogotá|Esquema de seguridad UNP reacción Bogotá|Investigación atentado Elvia Isabel Otero Policía|Seguridad de candidatos a cargos de control Colombia|Unidad Nacional de Protección protección funcionarios|Violencia política en Bogotá abril 2026,https://360radio.com.co/bogota/atentado-sicarial-contra-elvia-isabel-otero-en-el-occidente-de-bogota-quien-es-la-aspirante-a-la-contraloria/,Julieth Barbosa
217874,"Resultado Lotería del Valle hoy 22 de abril: número ganador, secos y último sorteo",2026-04-22 20:34:54,2026-04-22 20:34:54,publish,,Territorio,Julieth B|Loteria del valle|loteria del valle hoy|Lotería del Valle hoy 22 de abril|Loteria del Valle numero ganador|loterias de Colombia|Resultado Lotería del Valle hoy 22 de abril|Varios,https://360radio.com.co/resultado-loteria-del-valle-hoy-22-de-abril-numero-ganador-secos-y-ultimo-sorteo/217874/,360 Radio
217871,"Lotería del Meta resultado hoy 22 abril: secos, número ganador y último sorteo",2026-04-22 20:20:13,2026-04-22 20:20:13,publish,,Territorio,Julieth B|Loteria del meta 22 de abril|Loteria del Meta ayer|Loteria del Meta hoy|Loteria del Meta numero ganador|Loteria del Meta resultado|Loteria del Meta secos|Loteria del Meta ultimo sorteo|Loterías|Loterias Colombia|Loterias hoy|Varios,https://360radio.com.co/loteria-del-meta-resultado-hoy-22-abril-secos-numero-ganador-y-ultimo-sorteo/217871/,360 Radio
217867,¿Quién responde por los $114 mil millones? Procuraduría busca responsables en la ANI,2026-04-22 20:08:52,2026-04-22 20:09:41,publish,,Infraestructura|Noticias del Caribe,Concesionario aeropuerto Cartagena errores contrato|Indagación Procuraduría contrato Aeropuerto de Cartagena 2026|Irregularidades Agencia Nacional de Infraestructura ANI|Modernización Aeropuerto Rafael Núñez investigación|Responsabilidad disciplinaria funcionarios ANI|Valor Presente del Ingreso Esperado (VPIE) contrato,https://360radio.com.co/quien-responde-por-los-114-mil-millones-procuraduria-busca-responsables-en-la-ani/217867/,Julieth Barbosa
217831,Germán Ávila retomará su silla en el Banco de la República: tregua entre Gobierno y Emisor,2026-04-22 17:48:06,2026-04-22 17:48:06,publish,,"Colombia|Economía, finanzas y negocios",Conflicto Gobierno y Banco de la República 2026|Coordinación institucional Ministerio de Hacienda y Emisor|Crisis de confianza Banco de la República abril 2026|Debate Comisión Tercera del Senado Hacienda|Independencia del Banco de la República Colombia|Política monetaria contractiva vs Crecimiento|Regreso ministro Germán Ávila Junta Banco de la República|Tasas de interés Colombia 11,https://360radio.com.co/german-avila-retomara-su-silla-en-el-banco-de-la-republica-tregua-entre-gobierno-y-emisor/217831/,Julieth Barbosa
217859,¿Cómo traer plata del exterior con Nequi siendo venezolano? El paso a paso del nuevo servicio,2026-04-22 17:44:50,2026-04-22 17:44:50,publish,,"Colombia|Economía, finanzas y negocios",¿Cómo traer plata del exterior con Nequi?|Alianza Nequi remesadoras extranjeras|Bancarización de población migrante Colombia 2026|Nequi para venezolanos requisitos y beneficios|Recibir giros internacionales Nequi venezolanos|Remesas para venezolanos en Colombia Nequi|Tasa de cambio Nequi giros internacionales|Transferencias internacionales sin comisiones Nequi,https://360radio.com.co/como-traer-plata-del-exterior-con-nequi-siendo-venezolano-el-paso-a-paso-del-nuevo-servicio/217859/,Julieth Barbosa
217842,"Concursos de ortografía, presentación de libros y más en la Semana del Idioma en Bello",2026-04-22 17:04:56,2026-04-22 17:04:56,publish,,Noticias de Antioquia|Noticias de Medellín,Antioquía|bello|Concursos de ortografía|medellin|Semana del Idioma en Bello,https://360radio.com.co/medellin/concursos-de-ortografia-presentacion-de-libros-y-mas-en-la-semana-del-idioma-en-bello/,Juan Camilo Ocampo
217847,El ‘Tino’ Asprilla desata tormenta política por fuertes críticas contra Iván Cepeda,2026-04-22 17:00:38,2026-04-22 17:00:38,publish,,Noticias,'Tino' Asprilla|Crítica política.|Fausto Asprilla|Iván Cepeda|Pacto Histórico|Polémica política Colombia|Redes Sociales,https://360radio.com.co/el-tino-asprilla-desata-tormenta-politica-por-fuertes-criticas-contra-ivan-cepeda/217847/,Juan Turriago
217826,SuperSociedades ratifica multa de $100 millones contra el presidente del Deportivo Pereira,2026-04-22 16:42:58,2026-04-22 16:44:41,publish,,Deportes,Álvaro López Bedoya|Derechos deportivos contabilidad|Gobierno corporativo clubes deportivos|Multas directivos deportivos|Reorganización empresarial equipos de fútbol|Sanción Deportivo Pereira|Supersociedades fútbol colombiano,https://360radio.com.co/deportes/supersociedades-ratifica-multa-de-100-millones-contra-el-presidente-del-deportivo-pereira/,Juan Turriago
217834,Tres decretos pondrían en riesgo el ahorro de 20 millones de colombianos: Asofondos,2026-04-22 16:06:14,2026-04-22 16:29:24,publish,,"Colombia|Economía, finanzas y negocios",Ahorro pensional Colombia $548 billones|Congreso Asofondos 2026 Cartagena advertencia|Decreto 0369 de 2026 inversiones AFP|destacada|Impacto Decreto 1485 costo pensión|Reforma pensional equidad y sostenibilidad|Santiago García presidente Asofondos|Seguridad jurídica ahorro individual trabajadores|Traslados de fondos de pensión $25 billones,https://360radio.com.co/tres-decretos-pondrian-en-riesgo-el-ahorro-de-20-millones-de-colombianos-asofondos/217834/,Julieth Barbosa
217820,Supersociedades respalda denuncias por abusos en insolvencia de personas,2026-04-22 16:02:27,2026-04-22 16:02:27,publish,,Noticias de Colombia,Asobancaria|COLOMBIA|superintendente Billy Escobar|Supersociedades|Supersociedades advierte irregularidades en insolvencia|Supersociedades respalda denuncias por abusos en insolvencia de personas,https://360radio.com.co/supersociedades-respalda-denuncias-por-abusos-en-insolvencia-de-personas/217820/,Juan Camilo Ocampo
217817,El precio del oro repunta tras el anuncio de Trump sobre la extensión del alto el fuego,2026-04-22 15:23:45,2026-04-22 15:23:45,publish,,Mundo,​Activos refugio|Alto el fuego EE. UU.|Donald Trump geopolítica|Inversión en metales preciosos|Mercado de materias primas|Precio del oro hoy,https://360radio.com.co/el-precio-del-oro-repunta-tras-el-anuncio-de-trump-sobre-la-extension-del-alto-el-fuego/217817/,Juan Turriago
217799,Rappi pierde demanda contra la SIC: Se confirma multa millonaria por fallas al usuario,2026-04-22 15:19:23,2026-04-22 19:16:05,publish,,Noticias de Colombia,Control de precios y comisiones Rappi|Derechos de los consumidores en economía digital|Estatuto del Consumidor en aplicaciones móviles|Fallo Tribunal Administrativo de Cundinamarca Rappi 2026|Modelo de negocio Rappi subordinación funcional|Multa de la SIC a Rappi ratificada|Responsabilidad de plataformas de comercio electrónico|Sanción Rappi 1.755 millones de pesos,https://360radio.com.co/rappi-pierde-demanda-contra-la-sic-se-confirma-multa-millonaria-por-fallas-al-usuario/217799/,Julieth Barbosa
217794,Petro y Delcy Rodríguez se reúnen en Caracas para definir el futuro de la frontera,2026-04-22 15:00:50,2026-04-22 15:00:50,publish,,Mundo,Acuerdo Ecopetrol y PDVSA|Apertura comercial Caracas|Gas venezolano para Colombia|Relaciones Colombia Venezuela 2026|Reunión Petro Delcy Rodríguez|Seguridad frontera colombo-venezolana|Transición política Venezuela,https://360radio.com.co/petro-y-delcy-rodriguez-se-reunen-en-caracas-para-definir-el-futuro-de-la-frontera/217794/,Juan Turriago
217800,Capturan en Argentina a sospechoso del atentado contra Miguel Uribe Turbay,2026-04-22 14:48:15,2026-04-22 15:00:58,publish,,Judicial|Noticias de Colombia,Alejandra Monteoliva seguridad Argentina|Atentado Miguel Uribe Turbay 2025|Captura Brayan Ferney Cruz Castillo Argentina|Cooperación judicial Argentina y Colombia|Extradición Cruz Castillo a Colombia|Interpol circular roja asesinato político|Justicia colombiana caso Uribe Turbay|Logística atentado Miguel Uribe Turbay,https://360radio.com.co/capturan-en-argentina-a-sospechoso-del-atentado-contra-miguel-uribe-turbay/217800/,Julieth Barbosa
217802,Mundial 2026: análisis matemático cambia los pronósticos del campeón,2026-04-22 14:46:53,2026-04-22 15:07:16,publish,,Deportes,DEPORTES|Este será el campeón del Mundial 2026|Modelo matemático predice a Países Bajos como campeón del Mundial 2026|Mundial 2026|Portugal,https://360radio.com.co/deportes/mundial-2026-analisis-matematico-cambia-los-pronosticos-del-campeon/,Juan Camilo Ocampo
217790,La dictadura del consenso vacío,2026-04-22 14:01:13,2026-04-22 14:01:13,publish,,Columnas|Opinión,Análisis político de Juan Diego Vélez Forero|Consenso vacío vs. deliberación democrática|Crisis de la verdad y validación social|Docilidad intelectual en la juventud colombiana|Erosión del criterio ciudadano en Colombia|Impacto de la superficialidad en decisiones de voto|Inercia intelectual y democracia en Colombia 2026|Julieth B|Respaldo simbólico a Gustavo Petro e Iván Cepeda,https://360radio.com.co/la-dictadura-del-consenso-vacio/217790/,Juan Diego Vélez
217787,"El ""cartel de la insolvencia"": ¿Cómo las redes de abogados defraudan a los bancos?",2026-04-22 13:34:13,2026-04-22 13:34:13,publish,,"Economía, finanzas y negocios",Alivios financieros|Asobancaria|Evasión de deudas|Fraude procesal|Historial crediticio|Ley de insolvencia|sector financiero,https://360radio.com.co/el-cartel-de-la-insolvencia-como-las-redes-de-abogados-defraudan-a-los-bancos/217787/,Juan Turriago
217784,De la Espriella responde a Petro: Su defensa es decir que no hay pruebas de su jefatura narcoterrorista,2026-04-22 12:37:21,2026-04-22 14:38:46,publish,,Noticias de Colombia|Política,ABELARDO DE LA ESPRIELLA|COLOMBIA|Cruce de declaraciones entre Gustavo Petro y Abelardo de la Espriella|De la Espriella responde a Petro|POLITICA|Presidente Gustavo Petro,https://360radio.com.co/de-la-espriella-responde-a-petro-su-defensa-es-decir-que-no-hay-pruebas-de-su-jefatura-narcoterrorista/217784/,Juan Camilo Ocampo
217781,Dólar a la baja: mercados aguardan con cautela el reporte de inventarios de crudo en EE. UU,2026-04-22 12:12:20,2026-04-22 12:12:29,publish,,"Minería, energía e hidrocarburos",Precio del dólar hoy,https://360radio.com.co/dolar-a-la-baja-mercados-aguardan-con-cautela-el-reporte-de-inventarios-de-crudo-en-ee-uu/217781/,Juan Turriago
217773,Gobierno convoca subasta de energía para asegurar el suministro eléctrico,2026-04-22 11:51:48,2026-04-22 11:51:48,publish,,Hidrógeno y Transición Energética,Bolsa Mercantil de Colombia|Energías renovables Colombia|Ministerio de Minas y Energia|Precio de la energía eléctrica|Seguridad eléctrica nacional|Subasta de energía Colombia 2026|Transición Energética Justa,https://360radio.com.co/gobierno-convoca-subasta-de-energia-para-asegurar-el-suministro-electrico/217773/,Juan Turriago
217767,Mapa de la Filbo 2026: ubicación y cómo llegar a cada pabellón,2026-04-22 11:46:50,2026-04-22 11:46:50,publish,,Noticias de Bogotá,Bogotá|Feria Internacional del Libro de Bogotá 2026|Filbo|Filbo 2026|Mapa de la Filbo 2026,https://360radio.com.co/bogota/mapa-de-la-filbo-2026-ubicacion-y-como-llegar-a-cada-pabellon/,Juan Camilo Ocampo
217768,"Bajo el precio de Xbox game pass en Colombia, así puede comprarlo con su nuevo costo",2026-04-22 11:07:40,2026-04-22 11:07:40,publish,,Tecnología,Baja de precios Microsoft|Comprar Xbox Game Pass Colombia|PC Game Pass Colombia costo|Precio Xbox Game Pass 2026|Suscripción Xbox barata|Xbox Game Pass Colombia|Xbox Game Pass Ultimate precio,https://360radio.com.co/tecnologia/bajo-el-precio-de-xbox-game-pass-en-colombia-asi-puede-comprarlo-con-su-nuevo-costo/,Juan Turriago
217761,Revelan video de los últimos momentos del estudiante de la Uniminuto que fue asesinado en Transmilenio,2026-04-22 10:21:11,2026-04-22 10:21:11,publish,,Noticias de Bogotá,Bogotá|estudiante de la Uniminuto que fue asesinado en Transmilenio|Freddy Santiago Guzmán|Inseguridad en Bogotá|studiante asesinado en TransMilenio|Transmilenio,https://360radio.com.co/bogota/revelan-video-de-los-ultimos-momentos-del-estudiante-de-la-uniminuto-que-fue-asesinado-en-transmilenio/,Juan Camilo Ocampo
217755,Quién es Angie Rodríguez y detalles de lo que denunció en el gobierno Petro,2026-04-22 09:42:59,2026-04-22 14:37:32,publish,,Noticias de Colombia|Política,Angie Rodríguez|COLOMBIA|destacada|Gobierno de Petro|POLITICA|Quién es Angie Rodríguez y,https://360radio.com.co/quien-es-angie-rodriguez-y-detalles-de-lo-que-denuncio-en-el-gobierno-petro/217755/,Juan Camilo Ocampo
217750,Junta del Banco de la República es citado a control político por la Cámara de Representantes: Estos son los motivos,2026-04-22 08:33:30,2026-04-22 09:50:04,publish,,Destacados|Noticias de Colombia,Banco de la República|Citan a la Junta del Banco de la República a debate de control político|COLOMBIA|Junta del Banco de la República|Junta del Banco de la República es citado a control político,https://360radio.com.co/junta-del-banco-de-la-republica-es-citado-a-control-politico-por-la-camara-de-representantes-estos-son-los-motivos/217750/,Juan Camilo Ocampo
217747,El dilema de Ecopetrol: ¿Negociación colectiva o cogobierno sindical?,2026-04-21 23:59:35,2026-04-22 09:18:49,publish,,Editorial|Opinión,Accion Ecopetrol|Cambios En Ecopetrol|ECOPETROL|impacto en acciones Ecopetrol|Maria E|Sindicatos en Colombia|USO,https://360radio.com.co/el-dilema-de-ecopetrol-negociacion-colectiva-o-cogobierno-sindical/217747/,360 Radio
217728,Eje Cafetero y Región Caribe lideran la demanda de inversión inmobiliaria en el país,2026-04-21 20:11:07,2026-04-21 20:11:07,publish,,Infraestructura,Cristian Taborda CTR Bienes Raíces análisis|Ecosistema empresarial inmobiliario diversificado|Inversión inmobiliaria Colombia 2026 rentabilidad|Inversión inmobiliaria Eje Cafetero y Caribe|Lotes campestres y valorización ciudades intermedias|Retorno de inversión vivienda 3 a 7 años|Sostenibilidad y energía solar en construcción|Vivienda como activo refugio en Colombia,https://360radio.com.co/eje-cafetero-y-region-caribe-lideran-la-demanda-de-inversion-inmobiliaria-en-el-pais/217728/,Julieth Barbosa
217732,MinTrabajo resaltó avances en política pública sobre economía popular: Gobierno busca reducir la informalidad,2026-04-21 19:45:46,2026-04-21 19:55:20,publish,,"Colombia|Economía, finanzas y negocios",Antonio Sanguino ministro del Trabajo economía popular|CONPES de Economía Popular|Crédito formal contra el gota a gota|destacada|Formalización de micronegocios en Colombia|Plan Decenal de Economía Popular Colombia 2026|Protección social para recicladores decreto|Seguridad social para trabajadores informales|Transición energética en pequeños negocios,https://360radio.com.co/mintrabajo-resalto-avances-en-politica-publica-sobre-economia-popular-gobierno-busca-reducir-la-informalidad/217732/,Julieth Barbosa
217725,La verdad de la Gran Depresión,2026-04-21 18:37:58,2026-04-21 18:37:58,publish,,Columnas|Opinión,Comparación crisis 1920 y 1929|Consecuencias del gasto público en Colombia|Crítica al intervencionismo económico Petro|Escuela Austriaca teoría del ciclo económico|Expansión crediticia artificial Reserva Federal|Julieth B|Ley Smoot-Hawley impacto comercio|Mitos sobre Keynes y la Gran Depresión|Verdaderas causas de la Gran Depresión 1929,https://360radio.com.co/la-verdad-de-la-gran-depresion/217725/,360 Radio
217717,Corte Constitucional fija nuevas reglas de juego para la política y el empleo en Colombia,2026-04-21 18:17:23,2026-04-21 18:17:23,publish,,Judicial|Noticias de Colombia,Concejalas de Itagüí conflicto de intereses|Derecho al trabajo digno y convenios OIT|Inhabilidad alcaldes y gobernadores Congreso C-080/26|Jorge Enrique Ibáñez Najar derechos LGBTIQ+|Miguel Polo Rosero periodos institucionales|Reforma Laboral Ley 2466 de 2025 discriminación|Sentencia SU-082/26 pérdida de investidura|Sentencias Corte Constitucional Comunicado 16 2026,https://360radio.com.co/corte-constitucional-fija-nuevas-reglas-de-juego-para-la-politica-y-el-empleo-en-colombia/217717/,Julieth Barbosa
217715,Choque entre Paloma Valencia e Iván Cepeda por exclusión de sectores de centro en debates,2026-04-21 18:13:02,2026-04-21 18:13:02,publish,,Noticias de Colombia|Política,Abelardo de la Espriella política Colombia|candidatos presidenciales Colombia 2026|Claudia López debate presidencial 2026|Debate Paloma Valencia vs Iván Cepeda 2026|Pacto Histórico vs Extrema Derecha|Pluralismo democrático y debates en el Congreso|Propuestas presidenciales Centro Democrático 2026|Veto de Iván Cepeda a Sergio Fajardo,https://360radio.com.co/choque-entre-paloma-valencia-e-ivan-cepeda-por-exclusion-de-sectores-de-centro-en-debates/217715/,Julieth Barbosa
217706,Sergio Fajardo inscribe comité ante la Registraduría para frenar la Asamblea Constituyente,2026-04-21 16:50:21,2026-04-21 16:50:21,publish,,Noticias,Asamblea Nacional Constituyente|Comité anticonstituyente|Constitución de 1991|fórmula vicepresidencial|Política en Colombia|Registraduría Nacional|Sergio Fajardo,https://360radio.com.co/sergio-fajardo-inscribe-comite-ante-la-registraduria-para-frenar-la-asamblea-constituyente/217706/,Juan Turriago
217702,¿Quiénes pueden entrar gratis a la Feria del Libro de Bogotá 2026?,2026-04-21 16:42:10,2026-04-21 16:42:10,publish,,Noticias de Bogotá,Acceso gratuito bibliotecas universitarias Bogotá|Boletas para militares y familias Sector Defensa|Compra digital boletas FILBo Corferias|Convenios cajas de compensación FILBo 2026|Descuentos estudiantes FILBo carné vigente|Entradas gratis FILBo 2026 Corferias|Ingreso gratuito niños Feria del Libro Bogotá|Precios boletería FILBo 2026 adultos y niños,https://360radio.com.co/bogota/quienes-pueden-entrar-gratis-a-la-feria-del-libro-de-bogota-2026/,Julieth Barbosa
217691,Petro rezagado frente a otros líderes sudamericanos,2026-04-21 16:37:07,2026-04-21 16:37:07,publish,,Política,Aprobación presidencial Colombia|​CB Consultora Opinión Pública|Crisis de favorabilidad regional|Encuesta abril 2026|Imagen positiva mandatarios|Popularidad Gustavo Petro 2026|Ranking presidentes Latinoamérica,https://360radio.com.co/petro-rezagado-frente-a-otros-lideres-sudamericanos/217691/,Juan Turriago
217697,Gustavo Petro publicó video falso de Telemundo: así reaccionó el canal de televisión,2026-04-21 15:50:16,2026-04-21 15:50:16,publish,,Noticias de Colombia,Acusaciones de Petro contra Daniel Noboa|Deepfake Gustavo Petro noticias falsas|Desmentido Telemundo presidente Petro|Polémica Petro video IA Daniel Noboa|Riesgos de la IA en la política regional|Tensión diplomática Colombia y Ecuador 2026|Verificación de contenidos Casa de Nariño|Video manipulado inteligencia artificial Noboa,https://360radio.com.co/gustavo-petro-publico-video-falso-de-telemundo-asi-reacciono-el-canal-de-television/217697/,Julieth Barbosa
217692,¿Cuándo estará Mario Mendoza en la Feria del Libro 2026? Hora y cómo asistir,2026-04-21 15:18:37,2026-04-21 15:20:29,publish,,Cultura|Noticias de Bogotá,,https://360radio.com.co/bogota/cuando-estara-mario-mendoza-en-la-feria-del-libro-2026-hora-y-como-asistir/,Julieth Barbosa
217678,El dilema jurídico tras las condiciones de Iván Cepeda,2026-04-21 13:01:24,2026-04-21 13:01:24,publish,,Política,congreso de la republica|​Control político Colombia|Debate legislativo|Iván Cepeda|​Ley 5 de 1992|Pacto Histórico|​Reforma al reglamento,https://360radio.com.co/el-dilema-juridico-tras-las-condiciones-de-ivan-cepeda/217678/,Juan Turriago
217683,Más dinero que nunca en Roland Garros: así será la distribución del Grand Slam parisino,2026-04-21 12:56:39,2026-04-21 12:56:39,publish,,Deportes,7 millones de euros en 2026|DEPORTES|Grand Slam parisino|Más dinero que nunca en Roland Garros|Roland Garro|Roland Garros repartirá 61,https://360radio.com.co/deportes/mas-dinero-que-nunca-en-roland-garros-asi-sera-la-distribucion-del-grand-slam-parisino/,Juan Camilo Ocampo
217679,Cartel de la insolvencia: Asobancaria denuncia engaños y fraude,2026-04-21 11:59:26,2026-04-21 11:59:26,publish,,Noticias de Colombia,Asobancaria|Asobancaria denuncia engaños y fraude|Cartel de la insolvencia|COLOMBIA,https://360radio.com.co/cartel-de-la-insolvencia-asobancaria-denuncia-enganos-y-fraude/217679/,Juan Camilo Ocampo
217666,¿James Rodriguez estará en la Feria del Libro? Su hija Salomé presenta libro.,2026-04-21 11:06:19,2026-04-21 11:06:19,publish,,Bogotá,Daniela Ospina y Salomé|Feria del Libro de Bogotá programación|James Rodríguez FILBo 2026|Lanzamiento libro Salomé Corferias|Las aventuras de Sami en Costarena|Literatura infantil colombiana|Salomé Rodríguez libro,https://360radio.com.co/james-rodriguez-estara-en-la-feria-del-libro-su-hija-salome-presenta-libro/217666/,Juan Turriago
217667,733 días sin acciones contra disidencias de “Calarcá” en Gobierno Petro: Derecho de petición de Paloma Valencia revela detalles,2026-04-21 10:58:51,2026-04-21 10:58:51,publish,,Noticias de Colombia,733 días sin acciones contra disidencias de “Calarcá”|COLOMBIA|Derecho de petición de Paloma|gobierno Petro|Gustavo Petro|Paloma Valencia,https://360radio.com.co/733-dias-sin-acciones-contra-disidencias-de-calarca-en-gobierno-petro-derecho-de-peticion-de-paloma-valencia-revela-detalles/217667/,Juan Camilo Ocampo
217662,"El ""Montañero"" ¿por qué su suspensión de captura genera polémica?",2026-04-21 10:43:23,2026-04-21 10:43:23,publish,,Noticias,El Montañero|Fiscalía General de la Nación|Identidad falsa|Justicia en Colombia|Mariano Alberto Tara|Orden de Captura|Paz Total,https://360radio.com.co/el-montanero-por-que-su-suspension-de-captura-genera-polemica/217662/,Juan Turriago
217657,Sergio Fajardo lanza dura crítica contra Abelardo de la Espriella,2026-04-21 10:06:45,2026-04-21 11:12:20,publish,,Política,ABELARDO DE LA ESPRIELLA|Compromiso Ciudadano|destacada|Elecciones Colombia 2026|​Peligro para Colombia|polarización política|Política Colombia|Sergio Fajardo,https://360radio.com.co/sergio-fajardo-lanza-dura-critica-contra-abelardo-de-la-espriella/217657/,Juan Turriago
217651,Megaproyecto en Medellín busca cambiar la historia de las inundaciones con sistema de drenaje,2026-04-21 09:52:58,2026-04-21 09:52:58,publish,,Noticias de Medellín,Alcaldia de medellin|Inundaciones en Medellín|medellin|Medellín construye el mayor Sistema Urbano de Drenaje Sostenible|Megaproyecto en Medellín|Sistema Urbano de Drenaje Sostenible,https://360radio.com.co/medellin/megaproyecto-en-medellin-busca-cambiar-la-historia-de-las-inundaciones-con-sistema-de-drenaje/,Juan Camilo Ocampo
217626,"Lotería de Cundinamarca resultado hoy 20 abril: número ganador, secos y último sorteo",2026-04-21 08:34:03,2026-04-21 08:34:03,publish,,Territorio,Julieth B|Lotería 20 de abril|Loteria de Cundianamarca|Premio mayor cundinamarca|Resultado loteria|Resultados cundinamarca|Varios,https://360radio.com.co/loteria-de-cundinamarca-resultado-hoy-20-abril-numero-ganador-secos-y-ultimo-sorteo/217626/,360 Radio
217639,Más de $69.000 millones en el aire: hallazgos fiscales sobre becas financiadas con regalías,2026-04-21 08:22:36,2026-04-27 16:54:05,publish,,Noticias de Colombia,becas financiadas con regalías|COLOMBIA|Contraloría General de la República|hallazgos fiscales sobre becas financiadas con regalías,https://360radio.com.co/mas-de-69-000-millones-en-el-aire-hallazgos-fiscales-sobre-becas-financiadas-con-regalias/217639/,Juan Camilo Ocampo
217635,"Vender más, quebrar más rápido",2026-04-20 20:24:02,2026-04-20 20:24:02,publish,,Columnas|Opinión,Crecimiento empresarial vs. flujo de caja|Crisis de liquidez y capital de trabajo Colombia 2026|Financiamiento de cuentas por cobrar (Factoring)|Gestión de cartera y tasas de interés 2026|Inteligencia artificial aplicada a la liquidez|Julieth B|Optimización del capital de trabajo América Latina|Plazos de pago proveedores 90 días|Riesgos de vender sin cobrar,https://360radio.com.co/vender-mas-quebrar-mas-rapido/217635/,360 Radio
217629,Autoridades intensificarán control en fronteras por contrabando de marca Selección Colombia,2026-04-20 20:13:20,2026-04-20 20:13:20,publish,,Deportes|Judicial,Denunciar contrabando indumentaria FCF|Derechos comerciales Selección Colombia|Mercadeo parasitario Selección Colombia|Patrocinadores oficiales FCF 2026|Propiedad intelectual Federación Colombiana de Fútbol|Protección marca Selección Colombia FCF 2026|Uso ilegal imagen Selección Colombia política|Vigilancia SIC mercadeo deportivo,https://360radio.com.co/deportes/autoridades-intensificaran-control-en-fronteras-por-contrabando-de-marca-seleccion-colombia/,Julieth Barbosa
217621,Metro de Medellín recibirá 13 nuevos trenes en 2027 para reducir tiempos de espera,2026-04-20 19:13:42,2026-04-21 08:24:54,publish,,Movilidad|Noticias de Medellín,destacada|Fico Gutiérrez inversión Metro recursos propios|Financiación Gobernación de Antioquia movilidad|Inversión modernización Metro de Medellín 2026|Mantenimiento preventivo sistema férreo Antioquia|Metrocable San Antonio de Prado presupuesto|Nueva máquina reperfiladora de rieles Metro|Nuevos trenes Metro de Medellín 2027|Seguridad operativa Metro de Medellín,https://360radio.com.co/medellin/metro-de-medellin-recibira-13-nuevos-trenes-en-2027-para-reducir-tiempos-de-espera/,Julieth Barbosa
217608,¿Quién es John Ternus? El ingeniero que será el nuevo CEO de Apple,2026-04-20 18:04:33,2026-04-20 18:04:33,publish,,Empresas|Tecnología,Apple post-Tim Cook desafíos|Futuro de Apple inteligencia artificial 2026|John Ternus sucesor Tim Cook Apple 2026|Junta directiva Apple cambios jerárquicos|Quién es John Ternus Apple|Relevo CEO Apple septiembre 2026|Retiro Tim Cook dirección ejecutiva|Transición histórica Apple Silicon,https://360radio.com.co/tecnologia/quien-es-john-ternus-el-ingeniero-que-sera-el-nuevo-ceo-de-apple/,Julieth Barbosa
217611,¿Qué pasó en la Sergio Arboleda? Autoridades investigan muerte en el bloque de Derecho,2026-04-20 17:19:51,2026-04-20 19:56:33,publish,,Noticias de Bogotá,Autoridades CTI Universidad Sergio Arboleda|destacada|Emergencia calle 74 con carrera 14 hoy|Evacuación campus Sergio Arboleda lunes|Facultad de Derecho Sergio Arboleda suceso|Fallecimiento estudiante Universidad Sergio Arboleda hoy|Reporte judicial Universidad Sergio Arboleda 20 de abril|Salud mental universidades Bogotá|Tragedia en la Universidad Sergio Arboleda Bogotá,https://360radio.com.co/bogota/que-paso-en-la-sergio-arboleda-autoridades-investigan-muerte-en-el-bloque-de-derecho/,Julieth Barbosa
217592,¿Cuánto gana un miembro de junta directiva de Colcap en Colombia?,2026-04-20 17:06:10,2026-04-20 17:06:10,publish,,"Economía, finanzas y negocios",Asambleas de accionistas 2026|Empresas colombianas|​Gobierno corporativo|Honorarios directivos|Juntas directivas Colombia|MSCI COLCAP|Remuneración ejecutiva,https://360radio.com.co/miembro-de-junta-directiva-de-colcap-en-colombia/217592/,Juan Turriago
217596,ANDI advierte que bajo crecimiento basado en gasto público es insostenible para el país,2026-04-20 16:40:28,2026-04-20 16:43:11,publish,,Empresas,Advertencia ANDI crecimiento económico Colombia 2026|Bruce Mac Master balance ISE febrero|Caída sector agropecuario y minería febrero|Crecimiento PIB primer bimestre 2026|Crisis industria y construcción Colombia 2026|Dependencia gasto público economía colombiana|Revisión de cifras DANE impacto económico|Sostenibilidad de políticas sociales ANDI,https://360radio.com.co/andi-advierte-que-bajo-crecimiento-basado-en-gasto-publico-es-insostenible-para-el-pais/217596/,Julieth Barbosa
217586,Campaña de Paloma Valencia condena hechos de violencia en Cartagena,2026-04-20 16:28:20,2026-04-20 16:28:20,publish,,Noticias de Colombia|Política,ampaña de Paloma Valencia condena hechos de violencia en Cartagena|Campaña de Paloma Valencia|COLOMBIA|Elecciones 2026|Paloma Valencia|POLITICA,https://360radio.com.co/campana-de-paloma-valencia-condena-hechos-de-violencia-en-cartagena/217586/,Juan Camilo Ocampo
217591,"Por qué BM Blockchain, NiceHash, Hashing24 y GoMining están recibiendo atención",2026-04-20 16:08:43,2026-04-20 16:10:20,publish,,Territorio,BM Blockchain|Comercial|GoMining|NiceHash,https://360radio.com.co/por-que-bm-blockchain-nicehash-hashing24-y-gomining-estan-recibiendo-atencion/217591/,360 Radio
217573,"Aris Mining completa interconexión clave, un hito que asegura la integración operativa y respalda su expansión",2026-04-20 16:01:43,2026-04-20 16:53:12,publish,,Empresas,Proyecto expansión Aris Mining Marmato 2026,https://360radio.com.co/aris-mining-completa-interconexion-clave-un-hito-que-asegura-la-integracion-operativa-y-respalda-su-expansion/217573/,Julieth Barbosa
217581,Colombia percibe un tercio del salario por hora frente al promedio de los países de la OCDE,2026-04-20 16:01:07,2026-04-20 16:01:07,publish,,"Economía, finanzas y negocios",Brecha salarial|economía nacional|Eficiencia en el trabajo|mercado laboral colombiano|Productividad laboral|Promedio OCDE|Salario por hora Colombia,https://360radio.com.co/colombia-percibe-un-tercio-del-salario-por-hora-frente-al-promedio-de-los-paises-de-la-ocde/217581/,Juan Turriago
217576,Atención a víctimas del conflicto en Medellín supera las 2.300 personas en 2026,2026-04-20 15:41:54,2026-04-20 15:41:54,publish,,Noticias de Medellín,Alcaldia de medellin|Atención a víctimas del conflicto en Medellín|Más de 2.300 víctimas del conflicto recibieron atención integral en Medellín|medellin,https://360radio.com.co/medellin/atencion-a-victimas-del-conflicto-en-medellin-supera-las-2-300-personas-en-2026/,Juan Camilo Ocampo
217567,La migración legal a EE. UU. registra una caída histórica en el inicio del mandato de Trump,2026-04-20 15:38:11,2026-04-20 15:38:11,publish,,Mundo,Donald Trump|Green Card|Inmigración|Migración legal|Política Migratoria 2026|USCIS|Visas Estados Unidos,https://360radio.com.co/migracion-legal-a-ee-uu-registra-una-caida-historica-en-el-inicio-del-mandato-de-trump/217567/,Juan Turriago
217638,María Emma Jiménez asume la dirección de 360 Radio,2026-04-20 15:23:42,2026-04-21 08:53:17,publish,,Exclusivo|Noticias de Colombia,Cambio de dirección 360 Rdio|destacar|Direciión 360 Radio|Directora de 360 Radio|Hoja de vida de María Emma|Jorge g|María Emma directora 360|María Emma Jiménez,https://360radio.com.co/maria-emma-jimenez-asume-la-direccion-de-360-radio/217638/,360 Radio
217562,¿Qué pasará con Kokoriko? Los planes del fondo KKO tras comprar la marca,2026-04-20 15:23:06,2026-04-20 15:23:06,publish,,Empresas,"Adquisición de Kokoriko fondo KKO 2026|Consumo de pollo asado en Colombia|Eliseo Herrera CEO Kokoriko|Fondos de inversión colombianos gastronomía|Legado de Eduardo Robayo Kokoriko|Mercado de ""pollo lovers"" Colombia|Modernización de marcas tradicionales 2026|Venta de Kokoriko Grupo IGA",https://360radio.com.co/que-pasara-con-kokoriko-los-planes-del-fondo-kko-tras-comprar-la-marca/217562/,Julieth Barbosa
217545,¿Cuánto vale un día laboral en Colombia en 2026 si gana el salario mínimo?,2026-04-20 15:13:46,2026-04-20 15:13:46,publish,,"Economía, finanzas y negocios",Derechos laborales|Economia colombiana|Horas extras|Jornada laboral reducida|Liquidación de sueldos|Reforma Laboral Colombia|Salario Minimo 2026,https://360radio.com.co/cuanto-vale-un-dia-laboral-en-colombia-en-2026-si-gana-el-salario-minimo/217545/,Juan Turriago
217556,"FILBo 2026: Estos son los horarios, costos y puntos de acceso al recinto de Corferias",2026-04-20 14:57:48,2026-04-20 14:58:19,publish,,Noticias de Bogotá,Boletería Feria del Libro Bogotá 2026|Editoriales independientes Pabellón 17|Guía FILBo 2026 Corferias Bogotá|Homenaje Luis Vidales centenario|Horarios apertura FILBo 21 de abril|Invitado de honor India FILBo|Programación Pabellón Boyacá Corferias|Salón Internacional de Negocios Editorial,https://360radio.com.co/bogota/filbo-2026-estos-son-los-horarios-costos-y-puntos-de-acceso-al-recinto-de-corferias/,Julieth Barbosa
217550,Gobierno pide apoyo a la Contraloría en procesos contractuales de la Aerocivil,2026-04-20 14:03:01,2026-04-20 15:38:12,publish,,Noticias de Bogotá,Aproximación frustrada Lufthansa El Dorado|destacada|Incidente Qatar Airways y Lufthansa Bogotá|Mantenimiento de pistas y torres de control|Ministra de Transporte María Fernanda Rojas|Modernización red aeroportuaria nacional|Seguridad operacional Aeropuerto El Dorado|Transparencia licitaciones Aeronáutica Civil|Vigilancia Contraloría procesos Aerocivil 2026,https://360radio.com.co/bogota/gobierno-pide-apoyo-a-la-contraloria-en-procesos-contractuales-de-la-aerocivil/,Julieth Barbosa
217540,¿Cuándo sería el debate presidencial 2026? Esto se sabe,2026-04-20 13:25:54,2026-04-20 13:35:11,publish,,Noticias de Colombia|Política,COLOMBIA|Debate presidencial|Elecciones 2026|Iván Cepeda|Paloma Valencia|POLITICA,https://360radio.com.co/cuando-seria-el-debate-presidencial-2026-esto-se-sabe/217540/,Juan Camilo Ocampo
217536,"Viruela del mono llegó a Colombia: qué es, cómo se contagia, síntomas y cómo cuidarse",2026-04-20 12:51:27,2026-04-20 12:51:27,publish,,Colombia,Contagio viruela del mono|Ministerio de Salud Colombia|Mpox Colombia 2026|Prevención mpox Antioquia|Síntomas viruela del mono|Vacunación viruela símica|Variante clado Ib,https://360radio.com.co/viruela-del-mono-llego-a-colombia-que-es-como-se-contagia-sintomas-y-como-cuidarse/217536/,Juan Turriago
217522,Estas son las condiciones de Iván Cepeda para asistir a debates presidenciales,2026-04-20 12:15:28,2026-04-20 12:15:28,publish,,Noticias de Colombia|Política,COLOMBIA|Debates en Colombia|Debates presidenciales|Elecciones 2026|Iván Cepada|POLITICA,https://360radio.com.co/estas-son-las-condiciones-de-ivan-cepeda-para-asistir-a-debates-presidenciales/217522/,Juan Camilo Ocampo
217532,¿Cuándo juegan Bayern vs. PSG en la semifinal de la Champions League?,2026-04-20 12:06:22,2026-04-20 12:06:22,publish,,Deportes,Bayern vs PSG hoy|Calendario UEFA Champions League|Estadísticas fútbol europeo|Historial Bayern Múnich París Saint-Germain|Noticias Bayern Múnich PSG|Semifinales Champions League 2026|Ver Champions League en vivo,https://360radio.com.co/deportes/cuando-juegan-bayern-vs-psg-en-la-semifinal-de-la-champions-league/,Juan Turriago
217528,"Karol G ""tour 2026: esto se sabe de los países, conciertos y gira de ""nos vamos de tour""",2026-04-20 11:36:38,2026-04-20 11:36:38,publish,,Entretenimiento,Boletería Tropicoqueta Tour|Conciertos Karol G 2026|Fechas Karol G Bogotá|Gira mundial Karol G|Karol G Coachella 2026|Música urbana 2026|Precio boletas Karol G},https://360radio.com.co/entretenimiento/karol-g-tour-2026-esto-se-sabe-de-los-paises-conciertos-y-gira-de-nos-vamos-de-tour/,Juan Turriago
217524,Ryan Castro es el nuevo embajador oficial de Aguardiente Antioqueño,2026-04-20 11:13:34,2026-04-20 11:13:34,publish,,Noticias de Medellín,Aguardiente Antioqueño|Cantante del Ghetto}|fabrica de licores de antioquia|Marketing de licores|Música urbana Colombia|Ryan Castro embajador,https://360radio.com.co/medellin/ryan-castro-es-el-nuevo-embajador-oficial-de-aguardiente-antioqueno/,Juan Turriago
217518,¿Quién fue el asesino de miembros de Sin senos sí hay paraíso? Revelan detalles,2026-04-20 09:30:42,2026-04-20 09:30:42,publish,,Entretenimiento|Noticias de Colombia,¿Quién fue el asesino de miembros de Sin senos sí hay paraíso?|asesino de miembros de Sin senos sí hay paraíso|Ataque a producción|COLOMBIA|Josué Cubillos Gaviria|miembros de Sin senos sí hay paraíso|Sin senos sí hay paraíso,https://360radio.com.co/entretenimiento/quien-fue-el-asesino-de-miembros-de-sin-senos-si-hay-paraiso-revelan-detalles/,Juan Camilo Ocampo
217515,Chontico Noche hoy 19 de abril: resultado y número ganador,2026-04-20 06:40:14,2026-04-20 06:40:14,publish,,Territorio,Chontico Noche hoy|Jorge g|Loterias hoy|Premio chontico noche hoy|Premio ganador chontico noche|Quinta de chontico noche|Resultado chontico|Varios,https://360radio.com.co/chontico-noche-hoy-19-de-abril-resultado-y-numero-ganador/217515/,360 Radio
217512,"Resultado del Súper Astro Luna hoy, 05 de abril: número y signo ganador",2026-04-20 06:31:11,2026-04-20 06:31:11,publish,,Territorio,Astro luna 19 de abril|Jorge g|Numero ganador Astro Luna|Premio mayor astro luna|Resultado Astro Luna|Varios|zodiaco astro luna hoy,https://360radio.com.co/resultado-del-super-astro-luna-hoy-05-de-abril-numero-y-signo-ganador-2/217512/,360 Radio
216669,¿Quiénes son los líderes más seguidos en LinkedIn Colombia? Ranking marzo 2026,2026-04-20 06:21:03,2026-04-20 06:21:03,publish,,Empresas,David Vélez Nubank LinkedIn|Ecosistema Tech y Startups Colombia|Freddy Vega Platzi seguidores|Influencia corporativa y marca personal|Juan Carlos Mora Bancolombia influencia|liderazgo empresarial en Colombia|Líderes con más seguidores en LinkedIn Colombia 2026|Top CEOs colombianos en redes sociales,https://360radio.com.co/quienes-son-los-lideres-mas-seguidos-en-linkedin-colombia-ranking-marzo-2026/216669/,Julieth Barbosa
217507,Gobierno Nacional destinará $300.000 millones a la EPS indígena AIC en el Cauca,2026-04-19 17:00:57,2026-04-20 06:23:36,publish,,Noticias,Asociación Indígena del Cauca AIC|CRIC salud|destacada|EPS indígenas|Presupuesto salud Colombia|reforma a la salud Petro|Salud indígena Cauca|Sistema de Salud Propio Intercultural (SISPI),https://360radio.com.co/gobierno-nacional-destinara-300-000-millones-a-la-eps-indigena-aic-en-el-cauca/217507/,Juan Turriago
217381,Estos son los 10 gigantes del petróleo que dominan la economía y la geopolítica mundial,2026-04-19 17:00:29,2026-04-19 07:46:03,publish,,"Minería, energía e hidrocarburos",ExxonMobil vs. Chevron mercado energético|Geopolítica del petróleo y transición energética|Gigantes petroleros de China (PetroChina|Informe Energy Oil Gas Magazine|Petroleras más valiosas del mundo 2026|Ranking empresas petroleras globales|Sinopec)|Valoración Saudi Aramco 2026,https://360radio.com.co/estos-son-los-10-gigantes-del-petroleo-que-dominan-la-economia-y-la-geopolitica-mundial/217381/,Julieth Barbosa
217503,Antioquia bajo la lupa: ofensiva total contra bandas criminales,2026-04-19 16:29:16,2026-04-19 16:29:16,publish,,Noticias de Medellín,Alerta roja Antioquia|Bienestar Social|Convivencia ciudadana|Municipios de Antioquia|Reclamo social.|Seguridad para comerciantes|Tranquilidad ciudadana,https://360radio.com.co/medellin/antioquia-bajo-la-lupa-ofensiva-total-contra-bandas-criminales/,Juan Turriago
217499,Las 10 razas de gatos más caras del mundo,2026-04-19 16:12:43,2026-04-19 16:12:43,publish,,Cultura,Criaderos de gatos profesionales|Cuidado de gatos caros|Gatos híbridos|Mascotas de lujo|Pedigrí felino|Precio gato Ashera|Razas de gatos exóticos,https://360radio.com.co/las-10-razas-de-gatos-mas-caras-del-mundo/217499/,Juan Turriago
217494,Destinos sostenibles en Colombia para visitar en el Día de la Tierra,2026-04-19 15:09:04,2026-04-19 15:09:04,publish,,Colombia,Carbono neutro turismo|Conservación de biodiversidad|destinos ecológicos Colombia|Día de la Tierra 2026|Ecoturismo responsable|Turismo sostenible en Colombia|Viajes con propósito,https://360radio.com.co/destinos-sostenibles-en-colombia-para-visitar-en-el-dia-de-la-tierra/217494/,Juan Turriago
217422,Los gigantes que lideran la fabricación de vehículos eléctricos en el mundo,2026-04-19 14:25:04,2026-04-18 10:01:23,publish,,Noticias del mundo,BYD|BYD lidera el mercado global de vehículos eléctricos|Geely|MUNDO|Tesla|Vehículos eléctricos,https://360radio.com.co/los-gigantes-que-lideran-la-fabricacion-de-vehiculos-electricos-en-el-mundo/217422/,Juan Camilo Ocampo
217489,Suecia y Hungría se consolidan como las naciones con mayor tasa de ahorro en Europa,2026-04-19 14:02:39,2026-04-19 14:02:39,publish,,"Economía, finanzas y negocios",Economía europea|finanzas personales|Gestión del patrimonio|incentivos fiscales|Inflación en Europa|Previsión financiera|Tasa de ahorro,https://360radio.com.co/suecia-y-hungria-se-consolidan-como-las-naciones-con-mayor-tasa-de-ahorro-en-europa/217489/,Juan Turriago
217485,¿En qué invierte Lionel Messi? El mapa detallado de su imperio empresarial,2026-04-19 12:04:08,2026-04-19 12:04:08,publish,,Noticias,Dueño UE Cornellà|Empresas de Messi y Antonela|Inversiones de Lionel Messi|Negocios de Messi 2026|Patrimonio Messi|Play Time Sports-Tech|Rostower Socimi hoteles,https://360radio.com.co/en-que-invierte-lionel-messi-el-mapa-detallado-de-su-imperio-empresarial/217485/,Juan Turriago
217481,120.000 hinchas colombianos que irán a la Copa del Mundo,2026-04-19 11:03:19,2026-04-19 11:03:19,publish,,Colombia,Boletos Copa del Mundo 2026|Hinchada de la Selección Colombia|Mundial 2026 sedes|Presupuesto para el Mundial 2026|Turismo deportivo 2026|Viajar al Mundial desde Colombia|Vuelos Colombia Estados Unidos Mundial,https://360radio.com.co/120-000-hinchas-colombianos-que-iran-a-la-copa-del-mundo/217481/,Juan Turriago
216852,¿Dónde está el valor hoy? Las 15 acciones bancarias más codiciadas de América Latina,2026-04-19 08:00:55,2026-04-19 07:43:43,publish,,"Economía, finanzas y negocios|Mundo",Banca de inversión BTG Pactual|Bancos líderes en Chile y Argentina|Bancos más valiosos de América Latina 2026|Capitalización bursátil Itaú 2026|CompaniesMarketCap bancos latinos|Ranking financiero regional Q1 2026|Sector bancario brasileño vs. hispano|Valor de mercado Nubank Brasil,https://360radio.com.co/donde-esta-el-valor-hoy-las-15-acciones-bancarias-mas-codiciadas-de-america-latina/216852/,Julieth Barbosa
217250,"Lotería de Boyacá resultado hoy 18 de abril: número ganador, secos y último sorteo",2026-04-19 07:56:37,2026-04-19 07:56:44,publish,,Territorio,Julieth B|Loteria de Boyaca|Loteria de Boyaca 18 de abril|Loteria de Boyaca ayer|Loteria de Boyaca hoy|Loteria de Boyaca numero ganador|Loteria de Boyaca secos|Loteria de Boyaca ultimo sorteo|Loterías|Loterias hoy|Ultimo resultado Loteria de Boyaca|Varios,https://360radio.com.co/loteria-de-boyaca-resultado-hoy-18-de-abril-numero-ganador-secos-y-ultimo-sorteo/217250/,Julieth Barbosa
217472,Gobierno oficializa a Daniel Quintero en la Supersalud pese a ola de críticas,2026-04-18 16:50:53,2026-04-18 16:50:53,publish,,Noticias de Medellín,Crisis de la salud Colombia|Daniel Quintero SuperSalud|Intervención de EPS|Investigaciones Daniel Quintero|Reforma a la salud 2026|superintendencia nacional de salud|Vigilancia recursos salud,https://360radio.com.co/medellin/gobierno-oficializa-a-daniel-quintero-en-la-supersalud-pese-a-ola-de-criticas/,Juan Turriago
217468,Procuraduría reabre investigación por escandalosa fiesta en cárcel de Itagüí,2026-04-18 16:21:31,2026-04-18 16:21:31,publish,,Noticias de Medellín,Cárcel de Itagüí|Corrupción carcelaria|Escándalo de justicia|Inpec Colombia|Investigación disciplinaria|Procuraduría General de la Nación|Seguridad penitenciaria,https://360radio.com.co/medellin/procuraduria-reabre-investigacion-por-fiesta-en-carcel-de-itagui/,Juan Turriago
217463,Petro y Supersolidaria denuncian desfalco de $300.000 millones en Coosalud,2026-04-18 15:03:22,2026-04-18 15:03:22,publish,,Noticias de Bogotá,Coosalud|Crisis de la Salud en Colombia|Desvío de recursos|Gustavo Petro|irregularidades financieras|Patrimonios autónomos|Supersolidaria,https://360radio.com.co/bogota/300-000-millones-en-coosalud-y-exige-respuestas-a-la-junta/,Juan Turriago
217459,El ICA y Fedegán se enfrentan por el control de los datos de movilización ganadera,2026-04-18 12:59:55,2026-04-18 12:59:55,publish,,Noticias,Conflicto ICA Fedegán|Economía ganadera|Fiebre aftosa Colombia|Guías sanitarias de movilización|Ministerio de Agricultura|Sector agropecuario Colombia|Trazabilidad ganadera,https://360radio.com.co/el-ica-y-fedegan-se-enfrentan-por-el-control-de-los-datos-de-movilizacion-ganadera/217459/,Juan Turriago
217454,Wall Street marca récords históricos tras la reapertura del Estrecho de Ormuz,2026-04-18 12:30:12,2026-04-18 12:30:12,publish,,Mundo,Bolsa de Nueva York hoy|Crisis Estrecho de Ormuz|Inflación global 2026|Inversión en Wall Street|Precio del petróleo Brent|Récord S&amp;P 500|suministro de energía,https://360radio.com.co/records-historicos-tras-la-reapertura-del-estrecho-de-ormuz/217454/,Juan Turriago
217449,Pronóstico: lluvias seguirán pese a alerta por El Niño,2026-04-18 11:08:12,2026-04-18 11:08:12,publish,,Noticias de Colombia,: lluvias seguirán pese a alerta por El Niño|alerta por El Niño|COLOMBIA|Fenómeno de El Niño|Ideam|Lluvias en Colombia|Lluvias en Colombia se extenderían hasta junio|Pronóstico,https://360radio.com.co/pronostico-lluvias-seguiran-pese-a-alerta-por-el-nino/217449/,Juan Camilo Ocampo
217448,Lluvias en Colombia persistirán en medio de El Niño,2026-04-18 10:56:55,2026-04-18 10:56:55,publish,,Noticias,Cambio climático 2026|Clima en Colombia hasta junio|Fenómeno de El Niño 2026|Gestión del riesgo inundaciones|Prevención de deslizamientos|Pronóstico del tiempo Ideam|Temporada de lluvias en Colombia,https://360radio.com.co/lluvias-en-colombia-persistiran-en-medio-de-el-nino/217448/,Juan Turriago
217441,Comfama celebra una década en salud con casi dos millones de afiliados atendidos,2026-04-18 09:45:57,2026-04-18 09:45:57,publish,,Noticias de Medellín,Afiliados salud Colombia|Atención primaria Comfama|Cajas de compensación salud|Prevención y bienestar|Salud Comfama|Servicios médicos Medellín|Sistema de salud Antioquia,https://360radio.com.co/medellin/comfama-celebra-una-decada-en-salud-con-casi-dos-millones-de-afiliados-atendidos/,Juan Turriago
217440,El modelo de Medellín: innovación y datos para gestionar la ciudad,2026-04-18 09:40:35,2026-04-18 09:40:35,publish,,Noticias de Medellín,Alcaldia de medellin|Distrito de Medellín|El modelo de Medellín|Innovación|medellin|Medellin hoy|Medellín inteligente|Medellín lanza plan de distrito inteligente,https://360radio.com.co/medellin/el-modelo-de-medellin-innovacion-y-datos-para-gestionar-la-ciudad/,Juan Camilo Ocampo
217436,Tensiones en Ormuz tras anuncio de Donald Trump sobre posible acuerdo con Irán,2026-04-18 08:57:30,2026-04-18 09:12:28,publish,,Noticias del mundo,Conflicto Irán Israel Estados Unidos g|Crisis en el estrecho de Ormuz|Donald Trump|estrecho de Ormuz|Guerrá entre Irán y Estados Unidos|MUNDO|Tensiones en Ormuz tras anuncio de Donald Trump,https://360radio.com.co/tensiones-en-ormuz-tras-anuncio-de-donald-trump-sobre-posible-acuerdo-con-iran/217436/,Juan Camilo Ocampo
217434,"Resultado del Súper Astro Luna hoy, 17 de abril: número y signo ganador",2026-04-18 06:52:22,2026-04-18 06:52:22,publish,,Territorio,Astro Luna|Jorge g|Premio mayor|Premio y signo Astro Luna|Resultado loterías hoy|Súper Astro 17 de abril|Varios,https://360radio.com.co/resultado-del-super-astro-luna-hoy-17-de-abril-numero-y-signo-ganador/217434/,360 Radio
217378,"Resultado Lotería de Santander hoy 17 de abril: secos, número ganador y último sorteo",2026-04-18 06:33:48,2026-04-18 06:33:48,publish,,Territorio,Abril|Julieth B|Lotería 17 de abril|Loteria de Santander|Premio mayor 17 de abril|Resultado loteria|Santander 17 de abril|Varios,https://360radio.com.co/resultado-loteria-de-santander-hoy-17-de-abril-secos-numero-ganador-y-ultimo-sorteo/217378/,360 Radio
217413,"Lotería de Medellín resultado hoy 17 de abril: número ganador, secos y último sorteo",2026-04-18 06:29:51,2026-04-18 06:29:51,publish,,Territorio,Juan Ocampo|Lotería de Medellín|Loteria de Medellin hoy|Lotería de Medellín número ganadr|Lotería de Medellín resultado hoy 17 de abril|Loteria de Medellin ultimo sorteo|loterias de Colombia|Secos de la Lotería de Medellín|Varios,https://360radio.com.co/loteria-de-medellin-resultado-hoy-17-de-abril-numero-ganador-secos-y-ultimo-sorteo/217413/,360 Radio
217418,"Resultado Lotería de Risaralda hoy 17 de abril: último sorteo, número ganador y secos",2026-04-18 06:24:54,2026-04-18 06:24:54,publish,,Territorio,Loteria de Risaralda|Loteria de Risaralda hoy|Loteria de Risaralda numero ganador|loterias de Colombia|Resultado Lotería de Risaralda hoy 17 de abril|Secos de la Lotería de Risaralda|Varios,https://360radio.com.co/resultado-loteria-de-risaralda-hoy-17-de-abril-ultimo-sorteo-numero-ganador-y-secos/217418/,360 Radio
217410,Golpe en la TV: canal anuncia transmisión del Mundial 2026,2026-04-17 19:34:24,2026-04-17 19:34:24,publish,,Deportes,DEPORTES|Disney Plus|ESPN|ESPN transmitirá 30 partidos del Mundial 2026|Mundial 2026|transmisión del Mundial 2026,https://360radio.com.co/deportes/golpe-en-la-tv-canal-anuncia-transmision-del-mundial-2026/,Juan Camilo Ocampo
217405,¿Hay un atentado contra Iván Cepeda? Petro lanza denuncia y desde EE.UU. la desmienten,2026-04-17 19:02:19,2026-04-17 19:02:19,publish,,Noticias de Colombia|Noticias del mundo,Atentado Cepeda|Berny Moreno|CIA|COLOMBIA|destacada|Iván Cepeda|Jorge g|POLITICA|Seguridad candidatos,https://360radio.com.co/hay-un-atentado-contra-ivan-cepeda-petro-lanza-denuncia-y-desde-ee-uu-la-desmienten/217405/,Jorge González
217400,StartCo revela aprendizajes sobre la evolución del ecosistema emprendedor,2026-04-17 17:28:13,2026-04-17 17:28:13,publish,,Noticias de Medellín,Ecosistema emprendedor|medellin|StartCo|StartCo en Medellín|Startups en Colombia,https://360radio.com.co/medellin/startco-revela-aprendizajes-sobre-la-evolucion-del-ecosistema-emprendedor/,Juan Camilo Ocampo
217392,Así reduce gastos la Fórmula 1: el modelo detrás del ahorro,2026-04-17 16:54:26,2026-04-17 16:54:26,publish,,Deportes,Así reduce gastos la Fórmula 1|DEPORTES|F1|Fórmula 1|Fórmula 1 ahorra millones|Voluntarios de la Fórmula 1,https://360radio.com.co/deportes/asi-reduce-gastos-la-formula-1-el-modelo-detras-del-ahorro/,Juan Camilo Ocampo
217391,El FNA proyecta cerrar el 2026 con 22.000 créditos aprobados,2026-04-17 16:51:49,2026-04-17 16:51:49,publish,,"Economía, finanzas y negocios",ahorro voluntario|Crédito de vivienda FNA|créditos hipotecarios|FNA|fondo nacional del ahorro|Proyecciones financieras 2026|Vivienda en Colombia,https://360radio.com.co/el-fna-proyecta-cerrar-el-2026-con-22-000-creditos-aprobados/217391/,Juan Turriago
217368,Gustavo Petro suma 276 días de viajes internacionales en lo que va de su gobierno,2026-04-17 16:28:58,2026-04-17 16:28:58,publish,,Colombia,Agenda diplomática Colombia|CASA DE NARIÑO|Gobierno de Gustavo Petro|Gustavo Petro|Misiones diplomáticas|política exterior colombiana|Viajes internacionales Petro,https://360radio.com.co/gustavo-petro-suma-276-dias-de-viajes-internacionales-en-lo-que-va-de-su-gobierno/217368/,Juan Turriago
217372,Dólar en Colombia baja y se mantiene en mínimos desde 2021,2026-04-17 15:46:55,2026-04-17 15:46:55,publish,,Noticias de Colombia,COLOMBIA|dolár|Dólar en Colombia|Dólar en Colombia baja|Dólar en Colombia hoy,https://360radio.com.co/dolar-en-colombia-baja-y-se-mantiene-en-minimos-desde-2021/217372/,Juan Camilo Ocampo
217371,Estos son los beneficios de la alianza entre Samsung y Spotify para la nueva serie Galaxy A,2026-04-17 15:44:35,2026-04-17 15:44:35,publish,,Tecnología,Activar beneficio Samsung Members abril 2026|Alianza Samsung y Spotify serie Galaxy A 2026|Celulares Samsung con batería de 5.000 mAh|Circle to Search with Google música|Mejores celulares gama media Colombia 2026|Samsung Galaxy A57 características audio|Spotify Premium gratis con Samsung|Streaming de música en dispositivos Galaxy,https://360radio.com.co/tecnologia/estos-son-los-beneficios-de-la-alianza-entre-samsung-y-spotify-para-la-nueva-serie-galaxy-a/,Julieth Barbosa
217361,Más de 12.000 cupos universitarios disponibles en Medellín para el segundo semestre,2026-04-17 15:03:01,2026-04-17 15:03:01,publish,,Noticias de Medellín,Educación en Medellín|ITM|Más de 12.000 cupos universitarios disponibles en Medellín|medellin|Pascual Bravo|upos universitarios disponibles en Medellín,https://360radio.com.co/medellin/mas-de-12-000-cupos-universitarios-disponibles-en-medellin-para-el-segundo-semestre/,Juan Camilo Ocampo
217347,El consumo mundial de carbón rompe récords históricos,2026-04-17 14:55:44,2026-04-17 14:55:44,publish,,"Minería, energía e hidrocarburos",Agencia Internacional de la Energía|Consumo de carbón 2025|Crisis energética mundial|Emisiones de CO2|Mercado de combustibles fósiles|Seguridad energética|transición energética global,https://360radio.com.co/el-consumo-mundial-de-carbon-rompe-records-historicos/217347/,Juan Turriago
217357,"El Niño en Colombia 2026: pronóstico, probabilidad y posibles impactos",2026-04-17 14:20:17,2026-04-17 14:20:17,publish,,Noticias de Colombia,COLOMBIA|El Niño en Colombia 2026|Fenomeno del niño|Fenómeno del Niño 2026 en Colombia|Fenómeno del Niño en Colombia,https://360radio.com.co/el-nino-en-colombia-2026-pronostico-probabilidad-y-posibles-impactos/217357/,Juan Camilo Ocampo
217351,Estos son los favoritos para ganar los Premios India Catalina 2026: Una gala de metamorfosis,2026-04-17 13:49:54,2026-04-17 13:49:54,publish,,Entretenimiento,Betty la Fea RCN Amazon Prime premios|Categoría Mejor Vodcast India Catalina|Juan Pablo Urrego vs John Alex Toro 2026|La Vorágine Telecafé nominaciones|Mejor Serie de Ficción Delirio Netflix|Nominados India Catalina edición 42|Premios India Catalina 2026 ganadores y transmisión|Ver en vivo Premios India Catalina TNT,https://360radio.com.co/entretenimiento/estos-son-los-favoritos-para-ganar-los-premios-india-catalina-2026-una-gala-de-metamorfosis/,Julieth Barbosa
217340,Samsung vs. Apple: Estos son los modelos que dominan el top 5 de la gama premium,2026-04-17 13:09:31,2026-04-17 15:20:44,publish,,Tecnología,Celulares con mejor cámara 2026|iPhone 17 Pro Max vs. Galaxy S26 Ultra|Mejores celulares gama premium 2026|Pruebas de batería celulares Consumer Reports|Ranking Consumer Reports celulares 2026|Samsung Galaxy S26 Ultra autonomía|Snapdragon 8 Elite Gen 5 rendimiento|Tecnología Privacy Display Samsung},https://360radio.com.co/tecnologia/samsung-vs-apple-estos-son-los-modelos-que-dominan-el-top-5-de-la-gama-premium/,Julieth Barbosa
217343,"Vuelve a caer el Miloto en su último sorteo: número ganador, dónde cayó y premio sin descuentos",2026-04-17 12:54:45,2026-04-17 12:54:45,publish,,Colombia,BogotáHoy|EconomíaPersonal|LoteríaBogotá|Miloto|NúmerosGanadores|PremiosColombia|SuerteYAzar,https://360radio.com.co/vuelve-a-caer-el-miloto-en-su-ultimo-sorteo-numero-ganador-donde-cayo-y-premio-sin-descuentos/217343/,Juan Turriago
217329,Colombia activa el Impuesto Mínimo Global ajeno a la OCDE,2026-04-17 12:34:57,2026-04-17 12:34:57,publish,,Noticias,​Doble Imposición|​Evasión Fiscal Multinacionales|Impuesto Mínimo Global|inversión extranjera directa|​OCDE Pilar Dos|Reforma tributaria Colombia|​Tasa de Tributación Depurada (TTD),https://360radio.com.co/colombia-activa-el-impuesto-minimo-global-ajeno-a-la-ocde/217329/,Juan Turriago
217336,42% de los colombianos jubilan las agencias: El auge del viajero que diseña su propia ruta digital,2026-04-17 12:23:05,2026-04-17 12:23:05,publish,,Noticias de Colombia,Destinos de bienestar y sostenibilidad|Estadísticas turismo Colombia Costa Rica|Hábitos del turista colombiano 2026|Instituto Costarricense de Turismo (ICT)|Planificación de viajes con antelación|Presupuesto para estancias largas de 12 días|Tendencias de viajes independientes vs. paquetes|Vacaciones de mitad de año 2026,https://360radio.com.co/42-de-los-colombianos-jubilan-las-agencias-el-auge-del-viajero-que-disena-su-propia-ruta-digital/217336/,Julieth Barbosa
217326,Nuevo subsidio de vivienda en Bogotá: requisitos y cómo aplicar para comprar casa,2026-04-17 11:23:46,2026-04-17 11:23:46,publish,,Infraestructura|Noticias de Bogotá,Cierre financiero compra de vivienda|Concurrencia de subsidios vivienda 2026|Proyectos VIP en Bogotá Plan de Ordenamiento Territorial|Requisitos subsidio Reactiva tu Compra|Secretaría Distrital del Hábitat subsidios|Subsidio cuota inicial 12 SMMLV|Subsidio Reactiva tu Compra Bogotá 2026|Vivienda de Interés Social (VIS) Bogotá,https://360radio.com.co/bogota/nuevo-subsidio-de-vivienda-en-bogota-requisitos-y-como-aplicar-para-comprar-casa/,Julieth Barbosa
217309,Ubican a familia completa que había desaparecido en Bogotá desde marzo: ¿qué pasó?,2026-04-17 10:32:56,2026-04-17 10:32:56,publish,,Noticias de Bogotá,Alexis José Reina Gómez y familia|Desaparecidos barrio Venecia marzo 2026|Fiscalía acta de supervivencia familia Reina|Hallazgo familia Reina Carrillo Bogotá 2026|Investigación desaparición voluntaria Bogotá|Llamadas extorsivas falsas desaparecidos|Localidad de Tunjuelito casos Fiscalía|Retorno voluntarios venezolanos desde Bogotá,https://360radio.com.co/bogota/ubican-a-familia-completa-que-habia-desaparecido-en-bogota-desde-marzo-que-paso/,Julieth Barbosa
217314,¿Cuándo juega Colombia vs. Argentina es la final del Sudamericano sub 17? Hora y dónde verlo,2026-04-17 10:26:40,2026-04-17 11:06:22,publish,,Deportes,Clasificados Mundial Sub 17|Colombia vs Argentina Sub 17|CONMEBOL Sudamericano Paraguay|Final Sudamericano 2026|José Rafael Escorcia goles|Selección Colombia Juvenil|Ver fútbol en vivo Colombia,https://360radio.com.co/deportes/cuando-juega-colombia-vs-argentina-es-la-final-del-sudamericano-sub-18-hora-y-donde-verlo/,Juan Turriago
217308,"Pronóstico del clima para este fin de semana, según el IDEAM: ¿En qué lugares lloverá?",2026-04-17 10:03:26,2026-04-17 10:03:26,publish,,Ciudades,Alertas meteorológicas Colombia|Clima regiones de Colombia abril|Estado del tiempo Bogotá hoy|Lluvias en Colombia fin de semana|Pronóstico del clima IDEAM|Riesgo de deslizamientos Cundinamarca|Tormentas eléctricas IDEAM,https://360radio.com.co/pronostico-del-clima-para-este-fin-de-semana-segun-el-ideam-en-que-lugares-llovera/217308/,Juan Turriago
217298,Ángela María Orozco llega a Avianca: La exministra asume la vicepresidencia sénior,2026-04-17 09:43:38,2026-04-17 10:33:36,publish,,Empresas|Noticias de Colombia,Ángela María Orozco vicepresidenta Avianca 2026|Asuntos Corporativos y Sostenibilidad Avianca|Conectividad aérea y desarrollo económico|destacada|Exministra de Transporte Ángela María Orozco|Gabriel Oliva presidente de Avianca|Liderazgo femenino sector aeronáutico|Relacionamiento institucional aerolíneas América Latina|Reorganización interna Grupo Avianca 2026,https://360radio.com.co/angela-maria-orozco-llega-a-avianca-la-exministra-asume-la-vicepresidencia-senior/217298/,Julieth Barbosa
217297,Manizales se consolida como la ciudad más moderna de Colombia,2026-04-17 09:35:56,2026-04-17 09:43:58,publish,,Ciudades,​Calidad de vida Colombia|​Competitividad regional Caldas|​Desarrollo urbano Manizales|​DNP Colombia ranking 2025|Índice de Ciudades Modernas 2025|​Innovación y tecnología Manizales|​Mejores ciudades para vivir en Colombia,https://360radio.com.co/manizales-se-consolida-como-la-ciudad-mas-moderna-de-colombia/217297/,Juan Turriago
217287,Prográmese: Estos son los horarios del cierre del aeropuerto del Amazonas en mayo,2026-04-17 08:50:10,2026-04-17 08:50:10,publish,,Noticias de Colombia,,https://360radio.com.co/programese-estos-son-los-horarios-del-cierre-del-aeropuerto-del-amazonas-en-mayo/217287/,Julieth Barbosa
217282,"Pedro Sánchez, ministro de Defensa, desmiente salida del cargo y descarta regreso a la Fuerza Aeroespacial",2026-04-17 07:55:43,2026-04-17 07:39:07,publish,,Noticias de Colombia,COLOMBIA|gobierno Petro|Jorge g|Minsitro de defensa|Pedro Sánchez|Retiro de Pedro Sánchez|SEGURIDAD|Vida militar,https://360radio.com.co/pedro-sanchez-ministro-de-defensa-desmiente-salida-del-cargo-y-descarta-regreso-a-la-fuerza-aeroespacial/217282/,Jorge González
217279,Chontico Noche hoy 16 de abril: resultado y número ganador,2026-04-17 07:24:02,2026-04-17 07:24:02,publish,,Tecnología,Chontico Noche|Jorge g|Loterías 16 de abril|Número chontico noche 16 de abril|Premio chontico noche|Premios loterías hoy|resultado chontico noche hoy|Varios,https://360radio.com.co/tecnologia/chontico-noche-hoy-16-de-abril-resultado-y-numero-ganador/,360 Radio
217276,"Resultado del Súper Astro Luna hoy, 15 de abril: número y signo ganador",2026-04-17 07:16:43,2026-04-17 07:18:17,publish,,Territorio,Jorge g|Loterías 16 de abril|Premio mayor astro luna 16 de abril|Resultado Astro Luna hoy|Signo de astro luna hoy|Varios,https://360radio.com.co/resultado-del-super-astro-luna-hoy-15-de-abril-numero-y-signo-ganador-2/217276/,360 Radio
217271,"Resultado Lotería del Quindío hoy 16 de abril: secos, último sorteo y número ganador",2026-04-17 07:08:10,2026-04-17 07:10:02,publish,,Territorio,Jorge g|Loteria Quindio Hoy|Premio mayor de lotería Quindío|Premio mayor Quindío hoy|Secos Lotería Quindío|Varios,https://360radio.com.co/resultado-loteria-del-quindio-hoy-16-de-abril-secos-ultimo-sorteo-y-numero-ganador/217271/,360 Radio
217237,"Lotería de Bogotá resultado hoy 16 abril: número ganador, secos y último sorteo",2026-04-17 07:00:43,2026-04-17 07:00:43,publish,,Territorio,Julieth B|Loteria de Bogota|Loteria de Bogota 16 abril|Loteria de Bogota ayer|Loteria de Bogota hoy|Loteria de Bogota numero ganador|Loteria de Bogota resultado|Loteria de Bogota Secos|Loteria de Bogota ultimo sorteo|Loterias Colombia|Loterias hoy|Varios,https://360radio.com.co/loteria-de-bogota-resultado-hoy-16-abril-numero-ganador-secos-y-ultimo-sorteo/217237/,360 Radio
217257,Bre-B mueve $457 mil millones en marzo: El nuevo estándar del comercio en Colombia,2026-04-16 21:03:07,2026-04-21 11:01:58,publish,,"Colombia|Economía, finanzas y negocios",Crecimiento comercio minorista Colombia|Digitalización de negocios locales 2026|Inmediatez en pagos y flujo de caja|Pagos digitales Bre-B marzo|Plataforma Bold reporte ventas|Sistema de pagos Bre-B Colombia 2026|Transacciones QR Soacha vs. Bogotá|Ventas sector comidas y bebidas Bre-B,https://360radio.com.co/bre-b-mueve-457-billones-en-marzo-el-nuevo-estandar-del-comercio-en-colombia/217257/,Julieth Barbosa
217260,Empresas mineras presentan proyectos sociales en Minexpo 2026: Cerrejón destaca alianzas con impacto en comunidades,2026-04-16 21:02:51,2026-04-16 21:02:51,publish,,Colombia,Cerrejón|Educación|La Guajira|MinExpo 2026|proyectos mineros,https://360radio.com.co/empresas-mineras-presentan-proyectos-sociales-en-minexpo-2026-cerrejon-destaca-alianzas-con-impacto-en-comunidades/217260/,Laura Salazar
217253,Xiaomi consolida su presencia en el fútbol colombiano de la mano de Atlético Nacional,2026-04-16 19:30:50,2026-04-16 19:30:50,publish,,Tecnología,Alianza Atlético Nacional y Xiaomi 2026|Community Manager de Nacional por un día|Democratización de tecnología en el fútbol|Lanzamiento Xiaomi 17 características fútbol|Marketing deportivo Atlético Nacional 2026|Richard Ríos embajador Xiaomi Colombia|Sede de Guarne Atlético Nacional eventos|Xiaomi aliado digital Atlético Nacional,https://360radio.com.co/tecnologia/xiaomi-consolida-su-presencia-en-el-futbol-colombiano-de-la-mano-de-atletico-nacional/,Julieth Barbosa
217245,SIC abre investigación a la venta de boletas de BTS por presuntas fallas y falta de transparencia,2026-04-16 18:37:39,2026-04-16 18:37:39,publish,,Entretenimiento,Derecho a la información clara y veraz|Fallas preventa BTS Bogotá|Investigación SIC concierto BTS Colombia 2026|Irregularidades filas virtuales conciertos|Multas SIC boletería espectáculos|Promotora de Colombia S.A.S. auditoría|Protección al consumidor eventos masivos|Ticket Colombia S.A.S. denuncias boletas,https://360radio.com.co/entretenimiento/sic-abre-investigacion-a-la-venta-de-boletas-de-bts-por-presuntas-fallas-y-falta-de-transparencia/,Julieth Barbosa
217240,Trump anuncia cese al fuego de 10 días entre Israel y Líbano para frenar crisis regional,2026-04-16 17:49:07,2026-04-16 17:49:07,publish,,Noticias del mundo,Alto el fuego Israel-Líbano Trump 2026|Bloqueo Estrecho de Ormuz impacto económico|Enriquecimiento de uranio negociaciones Teherán|Marco Rubio secretario de Estado mediación|S&amp;P 500 récord 7.000 puntos|Tregua Estados Unidos e Irán 2026,https://360radio.com.co/trump-anuncia-cese-al-fuego-de-10-dias-entre-israel-y-libano-para-frenar-crisis-regional/217240/,Julieth Barbosa
217233,FILBo 2026: Bogotá abre sus puertas a la literatura con India y Boyacá como invitados,2026-04-16 16:37:00,2026-04-16 16:37:00,publish,,Cultura|Noticias de Bogotá,Feria Internacional del Libro de Bogotá 2026|FILBo 2026 invitados y boletería|India país invitado de honor FILBo|Literatura femenina FILBo 2026|Martin Baron y John Sellars en Colombia|Programación Corferias abril 2026,https://360radio.com.co/bogota/filbo-2026-bogota-abre-sus-puertas-a-la-literatura-con-india-y-boyaca-como-invitados/,Julieth Barbosa
217226,Bogotá lanza plan de incentivos tributarios para traer de regreso a la Selección Colombia,2026-04-16 15:49:29,2026-04-16 15:49:29,publish,,Deportes|Noticias de Bogotá,Alcaldía de Carlos Fernando Galán deportes|Exención ICA eventos deportivos Bogotá|Gustavo Quintero Ardila Secretario de Gobierno|Incentivos tributarios Selección Colombia Bogotá 2026|Partidos de la Selección Colombia en El Campín|Proyecto de acuerdo Concejo de Bogotá fútbol|Ramón Jesurun Federación Colombiana de Fútbol|Reactivación económica Bogotá grandes eventos,https://360radio.com.co/deportes/bogota-lanza-plan-de-incentivos-tributarios-para-traer-de-regreso-a-la-seleccion-colombia/,Julieth Barbosa
217227,MinExpo 2026: la minería busca recuperar protagonismo en Colombia,2026-04-16 15:39:22,2026-04-16 15:39:22,publish,,Noticias de Colombia,ACM|COLOMBIA|Minería|Minería en Colombia|MinExpo2026,https://360radio.com.co/minexpo-2026-la-mineria-busca-recuperar-protagonismo-en-colombia/217227/,Juan Camilo Ocampo
217221,Petro ordena a Ecopetrol máxima prioridad al suministro de gas ante riesgo energético,2026-04-16 15:10:46,2026-04-16 15:10:46,publish,,"Minería, energía e hidrocarburos",Fenómeno de El Niño energía Colombia|Gas de Venezuela licencias OFAC|Importación de gas La Guajira muelle Ballenas|Juan Carlos Hurtado presidente Ecopetrol|Naturgas congreso Cartagena 2026|Nombramiento presidente ISA Jorge Carrillo|Soberanía energética Gustavo Petro|Suministro de gas Colombia Ecopetrol 2026,https://360radio.com.co/petro-ordena-a-ecopetrol-maxima-prioridad-al-suministro-de-gas-ante-riesgo-energetico/217221/,Julieth Barbosa
217218,Daniel Quintero será el nuevo Superintendente de Salud: ¿Apuesta técnica o señal política?,2026-04-16 13:42:40,2026-04-16 13:42:40,publish,,Editorial,Críticas gestión Daniel Quintero Medellín|Debate nombramiento Daniel Quintero Supersalud|Idoneidad técnica Superintendencia de Salud|Impacto de 12 semanas en la Supersalud|Julieth B|Nombramientos políticos Gustavo Petro|Presunción de inocencia cargos públicos|Vigilancia y control sistema de salud 2026,https://360radio.com.co/daniel-quintero-sera-el-nuevo-superintendente-de-salud-apuesta-tecnica-o-senal-politica/217218/,360 Radio
217213,"Gobierno impulsa el Puerto Río Córdoba: inversión de US$82,8 millones para fortalecer el comercio exterior",2026-04-16 12:40:19,2026-04-16 11:58:19,publish,,Infraestructura,Atlántico|Ferrocarril|gobierno Petro|infraestructura|Jorge g|Puerto Rio Cordoba|Transito maritimo|transporte carga,https://360radio.com.co/gobierno-impulsa-el-puerto-rio-cordoba-inversion-de-us828-millones-para-fortalecer-el-comercio-exterior/217213/,Jorge González
217207,Gobierno adjudicará proyectos de gas a TGI ante creciente déficit en Colombia para 2026,2026-04-16 12:00:57,2026-04-16 11:27:40,publish,,Hidrógeno y Transición Energética|Noticias de Colombia,Crisis energética|Gobierno actual|Gustavo Petro|Jorge g|Sector energético|transición energetica,https://360radio.com.co/gobierno-adjudicara-proyectos-de-gas-a-tgi-ante-creciente-deficit-en-colombia-para-2026/217207/,Jorge González
217201,¿Cuánto gana Luis Díaz en Bayern Munich? El millonario salario y más números del colombiano en Alemania,2026-04-16 11:11:28,2026-04-16 11:11:28,publish,,"Colombia|Economía, finanzas y negocios|Mundo",cuánto gana Luis Díaz|Jorge g|Luis Diaz|Partido Luis Diaz|Salario de luis diaz|Salarío mensual de Luis Díaz,https://360radio.com.co/cuanto-gana-luis-diaz-en-bayern-munich-el-millonario-salario-y-mas-numeros-del-colombiano-en-alemania/217201/,Jorge González
217194,Colombia vs. Argentina Femenino en eliminatorias: a qué hora es y dónde ver en vivo,2026-04-16 10:20:52,2026-04-16 10:24:10,publish,,Deportes,A qué hora juega la selección colombia|Cuándo juega la selección|Jorge g|Mundial femenino 2027|seleccion colombia femenina,https://360radio.com.co/deportes/colombia-vs-argentina-femenino-en-eliminatorias-a-que-hora-es-y-donde-ver-en-vivo/,Jorge González
217190,Esta es la identidad del hombre asesinado en nuevo sicariato de Kennedy,2026-04-16 09:20:10,2026-04-16 09:20:10,publish,,Noticias de Bogotá,Balacera en bogotá|Bogotá|Caso de sicariato en bogotá|Caso de violencia Keneddy|Crimen Keneddy|Jorge g|Sicario keneddy,https://360radio.com.co/bogota/esta-es-la-identidad-del-hombre-asesinado-en-nuevo-sicariato-de-kennedy/,Jorge González
217184,Lista de restaurantes participantes del Burger Mater 2026,2026-04-16 08:25:23,2026-04-16 08:25:23,publish,,"Cultura|Economía, finanzas y negocios|Noticias de Colombia",Burger Master 2026|Cuando es el Burger Master|Jorge g|Lista de restaurantes burger master 2026|Restaurantes bogotá burger|Restaurantes de burger master,https://360radio.com.co/lista-de-restaurantes-participantes-del-burger-mater-2026/217184/,Jorge González
217178,Ricardo Roa podría volver de inmediato a Ecopetrol: Gobierno Petro impulsa su regreso anticipado,2026-04-16 07:30:24,2026-04-16 07:01:06,publish,,Noticias de Colombia,destacada|Fiscalia ecopetrol|gobierno Petro|Jorge g|Nuevo presidente Ecopetrol|Presidente Ecopetrol|Ricardo Roa|Sanciones a Roa,https://360radio.com.co/ricardo-roa-podria-volver-de-inmediato-a-ecopetrol-gobierno-petro-impulsa-su-regreso-anticipado/217178/,Jorge González
217174,Chontico Noche hoy 15 de abril: resultado y número ganador,2026-04-16 06:44:23,2026-04-16 06:44:23,publish,,Territorio,Chontico Noche hoy|Jorge g|número ganador Chontico Noche|Praemio mayor chontico|Quinta de chontico noche hoy|resultado Chontico Noche|Varios,https://360radio.com.co/chontico-noche-hoy-15-de-abril-resultado-y-numero-ganador/217174/,360 Radio
217171,"Resultado del Súper Astro Luna hoy, 15 de abril: número y signo ganador",2026-04-16 06:35:25,2026-04-16 06:35:50,publish,,Territorio,Astro Luna 15 de abril|Jorge g|Loterías 15 de abril|Numero ganador Astro Luna|Premio mayor astro luna|Resultado Astro Luna|Varios,https://360radio.com.co/resultado-del-super-astro-luna-hoy-15-de-abril-numero-y-signo-ganador/217171/,360 Radio
217166,"Lotería de Manizales hoy, resultados miércoles 15  de abril de 2026",2026-04-16 06:28:15,2026-04-16 06:29:13,publish,,Territorio,Jorge g|Manizales hoy|Número ganador lotería|Premio mayor manizales 15 de abril|Resultado Lotería Manizales|Varios,https://360radio.com.co/loteria-de-manizales-hoy-resultados-miercoles-15-de-abril-de-2026/217166/,360 Radio
217153,"Lotería del Meta resultado hoy 15 abril: secos, número ganador y último sorteo",2026-04-16 06:19:18,2026-04-16 06:19:18,publish,,Territorio,Julieth B|Loteria del meta 15 de abril|Loteria del Meta ayer|Loteria del Meta hoy|Loteria del Meta numero ganador|Loteria del Meta resultado|Loteria del Meta secos|Loteria del Meta ultimo sorteo|Loterías|Loterias Colombia|Loterias hoy|Varios,https://360radio.com.co/loteria-del-meta-resultado-hoy-15-abril-secos-numero-ganador-y-ultimo-sorteo/217153/,360 Radio
217158,Dangond y Vives: La marca Colombia se impone en el escenario mundialista de México,2026-04-15 20:53:50,2026-04-15 20:53:50,publish,,Deportes|Entretenimiento,Concierto Carlos Vives y Silvestre Dangond México 2026|Estadio GNP Seguros conciertos junio|Gran Vigilia Colombiana CDMX|Néstor Lorenzo Selección Colombia 2026|Selección Colombia vs. Uzbekistán Mundial 2026|Turismo colombiano en México Mundial|Vallenato en el Mundial de México,https://360radio.com.co/deportes/dangond-y-vives-la-marca-colombia-se-impone-en-el-escenario-mundialista-de-mexico/,Julieth Barbosa
217128,Swiss Better Gold impulsa minería responsable en Antioquia y fortalece su presencia en Colombia,2026-04-15 19:05:06,2026-04-15 19:05:06,publish,,"Medio Ambiente y Sostenibilidad|Minería, energía e hidrocarburos|Noticias de Antioquia",cadenas de suministro de oro más éticas y transparentes a nivel global|Inversión directa en comunidades mineras|Proyectos sociales y ambientales|Swiss Better Gold impulsa minería responsable,https://360radio.com.co/swiss-better-gold-impulsa-mineria-responsable-en-antioquia-y-fortalece-su-presencia-en-colombia/217128/,Laura Salazar
217145,Nuevas reglas para viajar con Power Banks: Aerocivil endurece restricciones en vuelos,2026-04-15 18:41:38,2026-04-15 18:41:38,publish,,Noticias de Colombia|Tecnología,Baterías de litio en aviones Colombia|Carga de dispositivos en vuelos prohibida|Límite de vatios-hora (Wh) para baterías|Normativa OACI mercancías peligrosas|Restricciones equipaje de mano 2026|Seguridad aérea Aeronáutica Civil|Transporte de power banks Aerocivil 2026,https://360radio.com.co/tecnologia/nuevas-reglas-para-viajar-con-power-banks-aerocivil-endurece-restricciones-en-vuelos/,Julieth Barbosa
217140,Fin de semana ARTBO 2026: Motor de reactivación para el mercado del arte en Colombia,2026-04-15 17:58:58,2026-04-15 17:58:58,publish,,Cultura,Bus ARTBO transporte gratuito|Cámara de Comercio de Bogotá arte 2026|Circuitos artísticos Bogotá 16 al 19 de abril|Encuentro Editorial ARTBO Chapinero|Fin de semana ARTBO Bogotá 2026|Galerías de arte en Kennedy y Chicó|Museos e instituciones culturales Bogotá|Raphael Fonseca conversaciones ARTBO,https://360radio.com.co/fin-de-semana-artbo-2026-motor-de-reactivacion-para-el-mercado-del-arte-en-colombia/217140/,Julieth Barbosa
217135,Camila Escobar renuncia a la presidencia de Juan Valdez,2026-04-15 17:35:39,2026-04-15 17:35:39,publish,,Empresas,Carlos Arturo Azuero Perdomo presidente encargado|Federación Nacional de Cafeteros de Colombia|Juan Valdez Empresa B certificada|Presidencia Procafecol S.A. 2026|Renuncia Camila Escobar Juan Valdez 2026|Sustento familias caficultoras Colombia,https://360radio.com.co/camila-escobar-renuncia-a-la-presidencia-de-juan-valdez/217135/,Julieth Barbosa
217126,Daniel Quintero se posiciona en el radar nacional desde la Superintendencia de Salud,2026-04-15 17:17:48,2026-04-16 06:14:24,publish,,Noticias de Colombia|Política,Daniel Quintero Calle perfil profesional|Daniel Quintero nuevo Superintendente de Salud 2026|destacada|Hoja de vida Daniel Quintero Presidencia|Nombramiento Daniel Quintero Supersalud|Sustitución de Bernardo Camacho Supersalud|Vigilancia y control sistema de salud Colombia,https://360radio.com.co/daniel-quintero-se-posiciona-en-el-radar-nacional-desde-la-superintendencia-de-salud/217126/,Julieth Barbosa
217121,El salario mínimo 2026 en el limbo: Consejo de Estado mantiene suspensión del decreto,2026-04-15 16:56:55,2026-04-15 16:56:55,publish,,"Colombia|Economía, finanzas y negocios",,https://360radio.com.co/el-salario-minimo-2026-en-el-limbo-consejo-de-estado-mantiene-suspension-del-decreto/217121/,Julieth Barbosa
217109,Golpe a las finanzas del Estado: Corte ordena devolver $25.000 millones recaudados por la emergencia,2026-04-15 15:41:23,2026-04-15 15:41:23,publish,,"Colombia|Economía, finanzas y negocios",Corte Constitucional Decreto 1390 de 2025|Devolución impuestos emergencia económica Petro 2026|Devolución IVA licores y juegos de azar|DIAN reintegro de dinero contribuyentes|Fallo Corte Constitucional 8-0 emergencia|Impacto fiscal 25.000 millones Colombia|Inexequibilidad estado de emergencia 2026|Reclamación de impuestos indirectos DIAN,https://360radio.com.co/golpe-a-las-finanzas-del-estado-corte-ordena-devolver-25-000-millones-recaudados-por-la-emergencia/217109/,Julieth Barbosa
217112,MinExpo 2026 superaría los US$30 millones en negocios,2026-04-15 15:39:17,2026-04-15 15:39:17,publish,,"Minería, energía e hidrocarburos|Noticias de Medellín",medellin|Minería|MinExpo 2026|MinExpo 2026 reunirá a más de 3.800 actores del sector|MinExpo 2026 superaría los US$30 millones en negocios|MinExpo hoy,https://360radio.com.co/medellin/minexpo-2026-superaria-los-us30-millones-en-negocios/,Juan Camilo Ocampo
217103,Hoja de ruta para el Metrocable de San Antonio de Prado: Obras arrancarán en 2027,2026-04-15 14:55:45,2026-04-15 15:14:06,publish,,Movilidad|Noticias de Medellín,Alcalde Federico Gutiérrez proyectos Metro|Conexión corregimientos Medellín Metro|Inicio obras Metrocable 2027|Metrocable de San Antonio de Prado Medellín|Movilidad suroccidente de Medellín 2026|Tiempo de viaje San Antonio de Prado|Tomás Elejalde gerente Metro de Medellín|Transporte multimodal en Medellín,https://360radio.com.co/medellin/hoja-de-ruta-para-el-metrocable-de-san-antonio-de-prado-obras-arrancaran-en-2027/,Julieth Barbosa
217098,"El ""Efecto Coachella"": Justin Bieber rompe récords históricos en Spotify tras su regreso",2026-04-15 14:35:28,2026-04-15 14:35:28,publish,,Entretenimiento,,https://360radio.com.co/entretenimiento/el-efecto-coachella-justin-bieber-rompe-records-historicos-en-spotify-tras-su-regreso/,Julieth Barbosa
217093,Ultimátum de Trump a Jerome Powell: El pulso por el control de la Reserva Federal,2026-04-15 14:05:44,2026-04-15 14:05:44,publish,,"Economía, finanzas y negocios|Mundo",Confirmación Kevin Warsh Senado|Crisis autonomía banco central EE. UU.|Destitución gobernadora Lisa Cook Corte Suprema|Destitución Jerome Powell Fed 2026|Donald Trump vs Reserva Federal|Independencia de la Fed investigación Justicia|Senador Thom Tillis voto clave Fed,https://360radio.com.co/ultimatum-de-trump-a-jerome-powell-el-pulso-por-el-control-de-la-reserva-federal/217093/,Julieth Barbosa
217087,Los nuevos requisitos para viajar a España y a Europa,2026-04-15 12:25:09,2026-04-15 12:25:09,publish,,Noticias de Colombia,Ingreso a europa|Jorge g|Nuevas normas para viajar a españa|Nuevos requisitos ingreso españa|Requisitos para viajar a españa|Viajes de Europa,https://360radio.com.co/los-nuevos-requisitos-para-viajar-a-espana-y-a-europa/217087/,Jorge González
217081,Paloma Valencia recibe apoyo unánime del Partido Conservador para la presidencia,2026-04-15 11:17:55,2026-04-15 11:17:55,publish,,Noticias de Colombia,Apoyo a Poloma Valencia|Elecciones 2026|Jorge g|Paloma Valencia|partido conservador,https://360radio.com.co/paloma-valencia-recibe-apoyo-unanime-del-partido-conservador-para-la-presidencia/217081/,Jorge González
217075,Esta es la millonaria multa que recibió Gustavo Petro por no cumplir una tutela,2026-04-15 10:44:59,2026-04-15 11:35:33,publish,,Noticias de Colombia,destacada|Gobierno actual|Jorge g|juzgado impone multa a Petro|Multa a Petro|Petro|Tutela a petro,https://360radio.com.co/esta-es-la-millonaria-multa-que-recibio-gustavo-petro-por-no-cumplir-una-tutela/217075/,Jorge González
217069,Estos son los pensionados que podrán ser indemnizados tras decisión de la Corte,2026-04-15 09:44:18,2026-04-15 09:44:18,publish,,Noticias de Colombia,Colpensiones|Corte Suprema|Gobierno actual|Indemnización pensionados|Jorge g|Pensionados,https://360radio.com.co/estos-son-los-pensionados-que-podran-ser-indemnizados-tras-decision-de-la-corte/217069/,Jorge González
217064,Video: Así fue el atraco a escolta de carro de valores en un Oxxo de Bogotá,2026-04-15 09:15:30,2026-04-15 09:15:30,publish,,Noticias de Colombia,Asalto en el oxxo|Balacera colombia|Bogotá|inseguridad|Jorge g|Robo en el Oxxo,https://360radio.com.co/video-asi-fue-el-atraco-a-escolta-de-carro-de-valores-en-un-oxxo-de-bogota/217064/,Jorge González
217058,"¿Cuándo juega Colombia vs. Brasil? Hora, dónde ver en vivo y online el Sudamericano Sub17",2026-04-15 08:34:24,2026-04-15 08:36:49,publish,,Cultura|Deportes|Noticias,A qué hora juega Colombia|Colombia finalista sub 17|Jorge g|Partido Colombia vs Brasil|Partido selección colombia sub 17,https://360radio.com.co/deportes/cuando-juega-colombia-vs-brasil-hora-donde-ver-en-vivo-y-online-el-sudamericano-sub17/,Jorge González
217040,Gustavo Petro pide la renuncia del superintendente de Salud por choque en liquidación de EPS,2026-04-15 07:30:39,2026-04-14 20:49:04,publish,,Noticias de Colombia,Bernardo Camacho|Crisis de salud|destacada|Gobierno Nacional|Gustavo Petro|Jorge g|Salud Colombia|Supersalud,https://360radio.com.co/gustavo-petro-pide-la-renuncia-del-superintendente-de-salud-por-choque-en-liquidacion-de-eps/217040/,Jorge González
217032,"Resultado del Súper Astro Luna hoy, 14 de abril: número y signo ganador",2026-04-15 05:57:12,2026-04-15 05:57:12,publish,,Territorio,Astro luna 14 de abril|Jorge g|Lotería 14 de abril|Número ganador astro luna hoy|Premio mayor súper astro hoy|Varios,https://360radio.com.co/resultado-del-super-astro-luna-hoy-14-de-abril-numero-y-signo-ganador/217032/,360 Radio
217045,"Lotería del Huila resultado hoy 14 de abril: número ganador, secos y último sorteo",2026-04-15 05:50:07,2026-04-15 05:50:07,publish,,Territorio,Jorge g|Lotería Huila 14 de abril|Loterías 14 de abril|Premio mayor lotería Huila|Resultado Lotería Huila hoy|Secos lotería Huila hoy|Varios,https://360radio.com.co/loteria-del-huila-resultado-hoy-14-de-abril-numero-ganador-secos-y-ultimo-sorteo/217045/,360 Radio
217036,"Lotería de la Cruz Roja resultado hoy 14 de abril: número ganador, secos y último sorteo",2026-04-15 05:45:28,2026-04-15 05:45:28,publish,,Territorio,Cruz roja hoy 14 de abril|Jorge g|Loteria Cruz Roja|Loterías 14 de abril|Premio mayor Cruz Roja 14 de abril|Resultado Cruz Roja hoy|Varios,https://360radio.com.co/loteria-de-la-cruz-roja-resultado-hoy-14-de-abril-numero-ganador-secos-y-ultimo-sorteo/217036/,360 Radio
217031,Pico y placa en Medellín este miércoles 15 de abril de 2026: vehículos con restricciones,2026-04-14 21:04:43,2026-04-14 20:11:46,publish,,Noticias de Medellín,Pico y placa|Pico y placa en medellín|Pico y placa en Medellín 15 de Abril|Pico y placa en Medellín hoy|Pico y placa hoy|Pico y placa para particulares en Medellín|Pico y placa para taxis en Medellín|Vehículo con pico y placa|Vehículos con pico y placa en Medellín,https://360radio.com.co/medellin/pico-y-placa-en-medellin-este-miercoles-15-de-abril-de-2026-vehiculos-con-restricciones/,Juan Camilo Ocampo
217028,El álbum del Mundial 2026 ya tiene fecha de distribución en Colombia,2026-04-14 20:30:11,2026-04-14 20:30:11,publish,,Deportes,Álbum Panini|álbum Panini del Mundial 2026|Álbum Panini del Mundial 2026 llega a Colombia el 1 de mayo|Depores|El álbum del Mundial 2026|Fecha del Almbúm Panini en Colombia|Mundial 2026,https://360radio.com.co/deportes/el-album-del-mundial-2026-ya-tiene-fecha-de-distribucion-en-colombia/,Juan Camilo Ocampo
217024,Dimayor anuncia drástica decisión que impacta los estadios del fútbol colombiano,2026-04-14 17:46:10,2026-04-14 17:46:10,publish,,Deportes,América de Cali|Atletico Nacional|DEPORTES|DIM|Dimayor|Dimayor anuncia drástica decisión que impacta los estadios|Dimayor exigirá iluminación obligatoria en estadios|Estadio Atanasio Girardot|estadios del fútbol colombiano|Fútbol Colombiano|Millonarios|Santa Fe,https://360radio.com.co/deportes/dimayor-anuncia-drastica-decision-que-impacta-los-estadios-del-futbol-colombiano/,Juan Camilo Ocampo
217007,"Las ciudades donde la informalidad supera el promedio nacional del 55,3%",2026-04-14 17:06:52,2026-04-27 16:59:44,publish,,Noticias,Contratación legal|economía nacional|Informalidad Laboral|Mercado de trabajo|Protección al trabajador|Seguridad social|Tasa de empleo informal,https://360radio.com.co/las-ciudades-donde-la-informalidad-supera-el-promedio-nacional-del-553/217007/,Juan Turriago
217018,Se levantan los bloqueos y el paro de campesinos en Santander tras acuerdo entre el Igac,2026-04-14 16:59:10,2026-04-14 16:59:10,publish,,Noticias de Colombia,COLOMBIA|IGAC|impuesto predial|paro de campesinos en Santander|Santander|Se levanta paro campesino en Santander|Se levantan los bloqueos,https://360radio.com.co/se-levantan-los-bloqueos-y-el-paro-de-campesinos-en-santander-tras-acuerdo-entre-el-igac/217018/,Juan Camilo Ocampo
217010,Fuertes lluvias provocan evacuación preventiva en sector de Itagüí,2026-04-14 16:43:00,2026-04-14 16:43:23,publish,,Noticias de Antioquia|Noticias de Medellín,Antioquía|El Porvenir 2|Fuertes lluvias provocan evacuación|Itagüí|Lluvias en Itagüí|Lluvias en Itagüí dejan 12 viviendas afectadas|medellin,https://360radio.com.co/medellin/fuertes-lluvias-provocan-evacuacion-preventiva-en-sector-de-itagui/,Juan Camilo Ocampo
217002,"La ANI ejecutó el 99,5% de su presupuesto de inversión en 2025",2026-04-14 16:39:21,2026-04-14 16:39:21,publish,,Infraestructura|Noticias de Colombia,Adjudicación El Estanquillo–Popayán|APP corredor La Dorada–Chiriguaná|Ejecución presupuestal ANI 2025-2026|Inversión en transporte multimodal 2026|Pago por Unidades Funcionales (UF)|Presupuesto Agencia Nacional de Infraestructura|Proyecto Buga–Buenaventura avances|Vigencias futuras infraestructura Colombia,https://360radio.com.co/la-ani-ejecuto-el-995-de-su-presupuesto-de-inversion-en-2025/217002/,Julieth Barbosa
216990,Nueva EPS seguirá intervenida hasta 2027 y crecen las dudas sobre citas y medicamentos.,2026-04-14 16:11:38,2026-04-14 16:11:38,publish,,Noticias,Afiliados Nueva EPS|Intervención de Nueva EPS|Prórroga resolución salud|Red de prestadores|Saneamiento financiero EPS|Sistema de salud en Colombia|Superintendencia de Salud,https://360radio.com.co/nueva-eps-seguira-intervenida-hasta-2027-y-crecen-las-dudas-sobre-citas-y-medicamentos/216990/,Juan Turriago
216998,"Sigue suspendido el ajuste de 23,7% al salario mínimo por decisión judicial",2026-04-14 16:03:38,2026-04-14 16:03:38,publish,,Noticias de Colombia,7% al salario mínimo|COLOMBIA|Consejo de Estado|Consejo de Estado ratifica suspensión del aumento de 23|ECONOMIA|Salario mínimo,https://360radio.com.co/sigue-suspendido-el-ajuste-de-237-al-salario-minimo-por-decision-judicial/216998/,Juan Camilo Ocampo
216994,El IGAC cede ante el paro: Regiones tendrán autonomía para bajar avalúos catastrales,2026-04-14 15:45:26,2026-04-14 15:45:26,publish,,Noticias de Colombia,Ajuste catastro multipropósito 2026|Avalúos catastrales desproporcionados Colombia|Directores territoriales IGAC autonomía|Impacto económico bloqueos viales Colombia|Ley 2294 de 2023 catastro|Paro por impuesto predial Santander y Boyacá|Reducción impuesto predial 2026|Resolución 0384 de 2026 IGAC predial,https://360radio.com.co/el-igac-cede-ante-el-paro-regiones-tendran-autonomia-para-bajar-avaluos-catastrales/216994/,Julieth Barbosa
216991,Nelson Velásquez bajo la lupa de la Fiscalía por presunto enriquecimiento ilícito,2026-04-14 15:29:03,2026-04-14 15:29:03,publish,,Noticias de Colombia,‘megaparranda vallenata’ en la cárcel de Itagüí|COLOMBIA|enriquecimiento ilícito|Fiscalía investiga a Nelson Velásquez por presunto enriquecimiento ilícito|Nelson Velásquez|Nelson Velásquez bajo la lupa de la Fiscalía,https://360radio.com.co/nelson-velasquez-bajo-la-lupa-de-la-fiscalia-por-presunto-enriquecimiento-ilicito/216991/,Juan Camilo Ocampo
216966,Gremios advierten parálisis total: Bloqueos viales cuestan $25.000 millones cada 24 horas,2026-04-14 14:41:25,2026-04-14 14:41:25,publish,,Noticias,AbastecimientoColombia|BloqueosViales|CrisisLogística|EconomíaColombia|MovilidadNacional|PérdidasEconómicas|TransporteDeCarga,https://360radio.com.co/gremios-advierten-paralisis-total-bloqueos-viales-cuestan-25-000-millones-cada-24-horas/216966/,Juan Turriago
216973,Bogotá se convierte en el epicentro de la improvisación con el Festival Jazz Libre 2026,2026-04-14 14:26:32,2026-04-14 14:26:32,publish,,Cultura,Alba Gil Aceytuno Pleito jazz|BoteroDelgado Dueto improvisación|César Mora y María Canela concierto|Conciertos gratuitos Bogotá mayo 2026|Día Internacional del Jazz Colombia|Festival Jazz Libre Bogotá 2026|Rebecca Winkworth Bogotá 2029|Teatro Libre sede Centro jazz,https://360radio.com.co/bogota-se-convierte-en-el-epicentro-de-la-improvisacion-con-el-festival-jazz-libre-2026/216973/,Julieth Barbosa
216979,"Persisten brechas sociales: 5,2 millones en pobreza multidimensional en 2025",2026-04-14 14:09:25,2026-04-14 14:09:25,publish,,Noticias de Colombia,COLOMBIA|DANE|Pobreza Multidimensional|Pobreza multidimensional en 2025|Pobreza multidimensional en Colombia,https://360radio.com.co/persisten-brechas-sociales-52-millones-en-pobreza-multidimensional-en-2025/216979/,Juan Camilo Ocampo
216976,3 Ways to Buy Bitcoin Without KYC (That Work) in 2026,2026-04-14 13:36:24,2026-04-14 13:36:24,publish,,Territorio,3 Ways|3 Ways to Buy Bitcoin Without KYC|Buy Bitcoin|Comercial|TL;DR|What Does No KYC Actually Mean?,https://360radio.com.co/3-ways-to-buy-bitcoin-without-kyc-that-work-in-2026/216976/,360 Radio
216961,Giro radical en Ecopetrol: Petro ordena no prorrogar contratos por $20 billones,2026-04-14 13:07:27,2026-04-14 13:07:27,publish,,Noticias de Colombia,,https://360radio.com.co/giro-radical-en-ecopetrol-petro-ordena-no-prorrogar-contratos-por-20-billones/216961/,Julieth Barbosa
216956,Tribunal de Cundinamarca ordena a Gustavo Petro retractarse por afirmaciones sobre fraude electoral,2026-04-14 12:53:00,2026-04-27 16:53:18,publish,,Noticias,Elecciones Colombia 2026|Fallo Tribunal de Cundinamarca|Gustavo Petro fraude electoral|Justicia colombiana noticias|Registraduría Nacional del Estado Civil|Retractación presidente Petro|Transparencia electoral Colombia,https://360radio.com.co/tribunal-de-cundinamarca-ordena-a-gustavo-petro-retractarse-por-afirmaciones-sobre-fraude-electoral/216956/,Juan Turriago
216951,¿Qué es escisión política y qué significa la decisión del Partido Verde en elecciones 2026?,2026-04-14 12:10:40,2026-04-14 12:10:40,publish,,Política,Apoyo Alianza Verde a Iván Cepeda|Claudia López elecciones 2026|CNE trámites personería jurídica|Escisión Partido Alianza Verde 2026|Jaime Raúl Salamanca acuerdo programático|Jota Pe Hernández escisión política|Katherine Miranda apoyo a Paloma Valencia|Ley de Bancadas y doble militancia Colombia,https://360radio.com.co/que-es-escision-politica-y-que-significa-la-decision-del-partido-verde-en-elecciones-2026/216951/,Julieth Barbosa
216952,Cárcel para el presunto asesino de una mujer en un hotel del centro de Medellín,2026-04-14 11:10:08,2026-04-14 11:10:08,publish,,Noticias de Medellín,Captura en hotel Medellín|centro de medellin|Feminicidio en Antioquia|Fiscalía General de la Nación|Homicidio en Medellín|Justicia para mujeres|Seguridad en Medellín,https://360radio.com.co/medellin/carcel-para-el-presunto-asesino-de-una-mujer-en-un-hotel-del-centro-de-medellin/,Juan Turriago
216938,El Partido de la U pierde una curul: Los escrutinios del CNE sacuden el Senado,2026-04-14 10:40:50,2026-04-14 10:40:50,publish,,Política,Alianza Verde curules Senado|Cifra repartidora CNE|CNE conteo de votos Senado|Curules Partido de la U 2026|Escrutinio vs Preconteo 2026|Escrutinios Senado Colombia 2026|José Alfredo Gnecco fuera del Congreso|Resultados finales elecciones Colombia,https://360radio.com.co/el-partido-de-la-u-pierde-una-curul-los-escrutinios-del-cne-sacuden-el-senado/216938/,Julieth Barbosa
216928,Cayó el Miloto: este fue el número ganador y el premio descontando impuestos,2026-04-14 10:32:02,2026-04-14 10:32:02,publish,,"Colombia|Economía, finanzas y negocios",Cifra de Miloto ganador|Cuánto dinero gano MiLoto|Donde cayo MiLoto|Jorge g|MiLoto ganador|Numero ganador MiLoto,https://360radio.com.co/cayo-el-miloto-este-fue-el-numero-ganador-y-el-premio-descontando-impuestos/216928/,Jorge González
216939,Revelan video  de la balacera por intento de sicariato en Usaquén: ¿Quién es el hombre contra el que atentaron?,2026-04-14 10:26:35,2026-04-14 10:26:35,publish,,Noticias,Balacera en Usaquén|Captura sicario brazalete Inpec|Heridos tiroteo Usaquén|Inseguridad norte de Bogotá|Noticias Bogotá judicial|Sicariato Bogotá hoy|Video atentado calle 156,https://360radio.com.co/revelan-video-exacto-de-la-balacera-por-intento-de-sicariato-en-usaquen-quien-es-el-hombre-contra-el-que-atentaron/216939/,Juan Turriago
216934,A qué hora juegan Bayern Múnich vs. Real Madrid y dónde ver en vivo a a Luis Díaz?,2026-04-14 10:08:17,2026-04-14 10:08:17,publish,,Deportes,Bayern Múnich|Camino a la final|Cuadro Champions 2026|Próximos partidos.|REAL MADRID|Semifinales Champions|Sorteo UEFA,https://360radio.com.co/deportes/a-que-hora-juegan-bayern-munich-vs-real-madrid-y-donde-ver-en-vivo-a-a-luis-diaz/,Juan Turriago
216927,Por día cívico: ¿Hay clases en colegios y universidades públicas?,2026-04-14 09:52:44,2026-04-14 09:52:44,publish,,Noticias de Colombia,Ahorro de energía y agua Colombia|Autonomía Secretarías de Educación 2026|Calendario escolar Colombia abril|Clases en colegios públicos día cívico|Decreto 500 de 2024 día cívico|Día cívico abril 2026 Colombia clases|Día cívico de la paz con la naturaleza|Tercer viernes de abril festivo,https://360radio.com.co/por-dia-civico-hay-clases-en-colegios-y-universidades-publicas/216927/,Julieth Barbosa
216922,"Aerocafé es una realidad: Arrancan las obras del lado aire en Palestina, Caldas",2026-04-14 09:13:01,2026-04-14 09:13:01,publish,,Infraestructura|Noticias de Colombia,Aerocafé Palestina Caldas ejecución|Fernando Merchán gerente Aerocafé|Financiación Gobierno Nacional Caldas|Infraestructura Eje Cafetero 2026|Inicio obras Aeropuerto del Café 2026|Inversión lado aire Aerocafé|Ministra de Transporte María Fernanda Rojas|Modelo de transparencia radical CDE,https://360radio.com.co/aerocafe-es-una-realidad-arrancan-las-obras-del-lado-aire-en-palestina-caldas/216922/,Julieth Barbosa
216913,Gustavo Petro amenaza con destituir alcaldes si no bajan el impuesto predial,2026-04-14 07:00:34,2026-04-14 09:22:10,publish,,"Colombia|Economía, finanzas y negocios|Noticias de Colombia",Alcaldes de municipios|Bloqueos|Campesino|destacada|destacar|economía local|Gustavo Petro|impuesto predial|Jorge g|Paro campesino,https://360radio.com.co/gustavo-petro-amenaza-con-destituir-alcaldes-si-no-bajan-el-impuesto-predial/216913/,Jorge González
216919,Chontico Noche hoy 13 de abril: resultado y número ganador,2026-04-14 06:37:53,2026-04-14 06:35:51,publish,,Territorio,Baoto hoy 13 de abril|Jorge g|Loterías 13 de abril|Números ganadores chontico|Resultado Chontico Hoy|resultado Chontico Noche|Varios,https://360radio.com.co/chontico-noche-hoy-13-de-abril-resultado-y-numero-ganador/216919/,360 Radio
216911,"Resultado del Súper Astro Luna hoy, 13 de abril: número y signo ganador",2026-04-14 06:30:13,2026-04-14 06:12:55,publish,,Territorio,Astro luna hoy 13 de abril|Jorge g|loterías hoy 13 de abril|Premio mayor|premio mayor astro luna 13 de abril|Resultado Astro Luna|signo astro luna|Varios,https://360radio.com.co/resultado-del-super-astro-luna-hoy-13-de-abril-numero-y-signo-ganador/216911/,360 Radio
216907,Resultados Lotería del Tolima hoy: número ganador y secos 13 de abril de 2026,2026-04-14 06:05:08,2026-04-14 06:05:18,publish,,Territorio,Jorge g|Premio mayor tolima|resultado tolima 13 de abril|Resultado tolima hoy|Secos lotería hoy|Secos tolima hoy|Varios,https://360radio.com.co/resultados-loteria-del-tolima-hoy-numero-ganador-y-secos-13-de-abril-de-2026/216907/,360 Radio
216847,"Lotería de Cundinamarca resultado hoy 13 abril: número ganador, secos y último sorteo",2026-04-14 05:53:21,2026-04-14 05:53:21,publish,,Territorio,Julieth B|Lotería 13 de abril|Loteria de Cundianamarca|Premio mayor cundinamarca|Resultado loteria|Resultados cundinamarca|Varios,https://360radio.com.co/loteria-de-cundinamarca-resultado-hoy-13-abril-numero-ganador-secos-y-ultimo-sorteo/216847/,360 Radio
216902,"Más que encuestas, una disputa por interpretar al colombiano de hoy",2026-04-13 20:33:26,2026-04-13 20:33:40,publish,,Editorial,ABELARDO DE LA ESPRIELLA|colombiano de hoy|EDITORIAL|Elecciones 2026|encuestas|encuestas presidenciales|Iván Cepeda|Juan Ocampo|Paloma Valencia,https://360radio.com.co/mas-que-encuestas-una-disputa-por-interpretar-al-colombiano-de-hoy/216902/,360 Radio
216897,Federico Gutiérrez destaca apoyo de EE. UU. en lucha contra la explotación infantil,2026-04-13 19:40:18,2026-04-13 19:41:13,publish,,Noticias de Medellín,Alcaldia de medellin|combatir la explotación sexual infantil|Federico Gutiérrez destaca apoyo de EE. UU.|Federico Gutiérrez fortalece cooperación con Estados Unidos|lucha contra la explotación infantil|medellin,https://360radio.com.co/medellin/federico-gutierrez-destaca-apoyo-de-ee-uu-en-lucha-contra-la-explotacion-infantil/,Juan Camilo Ocampo
216890,Verdes dan primer paso hacia posible acuerdo con campaña de Iván Cepeda,2026-04-13 19:15:45,2026-04-13 19:23:00,publish,,Noticias de Colombia|Política,Alianza Verde evalúa acuerdo con Iván Cepeda|Campaña de Iván Cepeda|COLOMBIA|Partido Verde|POLITICA|Verdes,https://360radio.com.co/verdes-dan-primer-paso-hacia-posible-acuerdo-con-campana-de-ivan-cepeda/216890/,Juan Camilo Ocampo
216885,Ana Torroja confirma concierto en Bogotá,2026-04-13 16:59:43,2026-04-13 16:59:43,publish,,Entretenimiento,​Ana Torroja en Colombia 2026|​Ana Torroja y Esteman|​Boletas Teatro Jorge Eliécer Gaitán|​Concierto Ana Torroja Bogotá|​Gira Se ha acabado el show|​Nuevo disco Ana Torroja|​Pop en español 2026,https://360radio.com.co/entretenimiento/ana-torroja-confirma-concierto-en-bogota/,Juan Turriago
216880,20 años de cárcel para conductor en Antioquia señalado de abusar y robar mujeres en aplicaciones,2026-04-13 16:11:24,2026-04-27 16:53:10,publish,,Noticias de Medellín,​Delitos sexuales transporte privado|​Fiscalía General de la Nación Antioquia|​Inseguridad en Antioquia|​Plataformas de movilidad Valle de Aburrá|​Prevención de hurtos en plataformas|Seguridad en aplicaciones de transporte|​Trazabilidad digital GPS,https://360radio.com.co/medellin/20-anos-de-carcel-para-conductor-en-antioquia/,Juan Turriago
216866,Bre-B alcanza las 100 millones de llaves y marca un hito histórico,2026-04-13 15:05:55,2026-04-27 16:53:02,publish,,"Economía, finanzas y negocios",Banco de la República|billeteras digitales|Bre-B Colombia|interoperabilidad financiera|pagos inmediatos|​Remesas internacionales|transferencias bancarias,https://360radio.com.co/bre-b-alcanza-las-100-millones-de-llaves-y-marca-un-hito-historico/216866/,Juan Turriago
216872,Crisis en la cadena avícola: millones de huevos represados por fallas en distribución,2026-04-13 14:11:40,2026-04-13 14:16:11,publish,,Noticias de Colombia,Bloqueos viales en Colombia|COLOMBIA|Crisis en la cadena avícola:|Huevos|huevos represados|millones de huevos represados|Paro en colombia|sector avícola colombiano,https://360radio.com.co/crisis-en-la-cadena-avicola-millones-de-huevos-represados-por-fallas-en-distribucion/216872/,Juan Camilo Ocampo
216867,De Medellín a Panamá: así se proyecta el Desarrollo Orientado al Transporte,2026-04-13 13:36:44,2026-04-13 13:36:44,publish,,Noticias de Medellín,Alcaldia de medellin|Desarrollo Orientado al Transporte|medellin|Medellín y Panamá|ntercambio técnico entre Medellín y Panamá|Transporte masivo de Medellín,https://360radio.com.co/medellin/de-medellin-a-panama-asi-se-proyecta-el-desarrollo-orientado-al-transporte/,Juan Camilo Ocampo
216851,Petro respalda la continuidad de Ricardo Roa en Ecopetrol pese a fuertes críticas del sector,2026-04-13 12:51:48,2026-04-14 06:28:15,publish,,"Minería, energía e hidrocarburos",Acciones de Ecopetrol|CNE y campaña presidencial|destacada|destacar|ECOPETROL|Gustavo Petro|Hidrocarburos en Colombia|Ricardo Roa|Transición energética Colombia,https://360radio.com.co/petro-respalda-la-continuidad-de-ricardo-roa-en-ecopetrol-pese-a-fuertes-criticas-del-sector/216851/,Juan Turriago
216857,"¿Uso de patinetas eléctricas en Bogotá? Estas son las normas, multas y límites de velocidad en 2026",2026-04-13 12:30:22,2026-04-13 12:08:24,publish,,Noticias de Bogotá,Bogotá|Códigos de tránsito|Jorge g|Multas para patinetas|Normas de tránsito|Patinetas eléctricas,https://360radio.com.co/bogota/uso-de-patinetas-electricas-en-bogota-estas-son-las-normas-multas-y-limites-de-velocidad-en-2026/,Jorge González
216839,El equipo que potencia la voz de De la Espriella,2026-04-13 11:17:00,2026-04-13 11:17:00,publish,,Política,ABELARDO DE LA ESPRIELLA|Álvaro Gómez Hurtado|Derecha en Colombia|​Doctrina conservadora|Estrategia política|oposición política|Salvación Nacional,https://360radio.com.co/el-equipo-que-potencia-la-voz-de-de-la-espriella/216839/,Juan Turriago
216826,Así fue el concierto de Karol G en Coachella 2026: lista de invitados y ¿cuántos asistentes hubo?,2026-04-13 10:51:39,2026-04-13 10:55:29,publish,,Entretenimiento,Conciertos históricos latinos 2026|Espectáculo de la Bichota en California|Homenaje a la música latina Coachella|Karol G Coachella 2026|Karol G vestuario y escenografía|Karol G y Greg González canción inédita|Primera mujer latina headliner Coachella|Setlist Karol G Coachella 2026,https://360radio.com.co/entretenimiento/asi-fue-el-concierto-de-karol-g-en-coachella-2026-lista-de-invitados-cuantos-asistentes-hubo/,Julieth Barbosa
216834,Registraduría abre vacantes de empleo para las elecciones y pagan más de $3 millones,2026-04-13 10:11:44,2026-04-27 16:52:55,publish,,Noticias,Convocatoria pública Colombia|​Empleo Registraduría 2026|Inscripciones Registraduría paso a paso|Plataforma de registro Registraduría|Sueldo supernumerarios Registraduría|Trabajo en elecciones 2026|​Vacantes para bachilleres,https://360radio.com.co/registraduria-abre-vacantes-de-empleo-para-las-elecciones-y-pagan-mas-de-3-millones/216834/,Juan Turriago
216830,Camioneta oficial del INPEC en medio de escándalo  en cárcel de Itagüí,2026-04-13 09:54:25,2026-04-13 09:54:25,publish,,Noticias,​Camionetas de alta gama|Cárcel de Itagüí|Escándalo INPEC|​Parranda vallenata cárcel|​Paz Urbana Medellín|​Seguridad penitenciaria Colombia|​Vehículo oficial INPEC,https://360radio.com.co/camioneta-del-inpec-en-medio-de-escandalo-en-carcel-de-itagui/216830/,Juan Turriago
216822,Estas son las personas que no trabajan el viernes 17 de abril por Día Cívico decretado por Petro,2026-04-13 09:37:21,2026-04-13 09:37:21,publish,,Colombia,​Ahorro de energía y agua|​Calendario tributario DIAN|​Decreto 500 de 2024|Día cívico 17 de abril|​Funcionarios públicos Colombia|Gustavo Petro|​Trámites administrativos viernes,https://360radio.com.co/estas-son-las-personas-que-no-trabajan-el-viernes-17-de-abril-por-dia-civico-decretado-por-petro/216822/,Juan Turriago
216819,¿Hay clases en colegios el 15 de abril por paro de profesores?,2026-04-13 09:21:09,2026-04-13 09:22:48,publish,,Noticias de Colombia,Acuerdo 003 de 2024 Fomag|Crisis salud docentes Fiduprevisora|Decretos salariales docentes 2026|Fecode apoyo a Iván Cepeda|Fondo Nacional de Prestaciones Sociales del Magisterio|Paro de Fecode 15 de abril 2026|Protestas educación pública Colombia|Sistema de salud del magisterio fallas,https://360radio.com.co/hay-clases-en-colegios-el-15-de-abril-por-paro-de-profesores/216819/,Julieth Barbosa
216814,Paro Nacional de profesores 15 de abril: horarios y puntos de protestas,2026-04-13 09:00:38,2026-04-13 09:00:38,publish,,Noticias de Colombia,Acuerdo 003 de 2024 magisterio|Crisis salud maestros Fomag|Fecode marchas 2026|Incremento salarial docentes 2026|Movilización magisterio Bucaramanga y Putumayo|Paro Nacional docente Colombia 15 de abril|Protestas educación pública Colombia|Servicios médicos docentes Fecode,https://360radio.com.co/paro-nacional-de-profesores-15-de-abril-horarios-y-puntos-de-protestas/216814/,Julieth Barbosa
216808,Laura Valdivieso asume presidencia de Asocolflores: retos del sector floricultor en Colombia,2026-04-13 08:16:10,2026-04-13 08:16:10,publish,,Empresas|Noticias de Colombia,ASOCOFLORES|exportación de flores|Jorge g|Laura Valdivieso|Mercado Internacional|Nueva directora de asocoflores,https://360radio.com.co/laura-valdivieso-asume-presidencia-de-asocolflores-retos-del-sector-floricultor-en-colombia/216808/,Jorge González
216802,Irán amenaza a Estados Unidos por bloqueo en el estrecho de Ormuz y acusa a Trump de “piratería”,2026-04-13 07:20:12,2026-04-13 06:34:46,publish,,"Economía, finanzas y negocios|Mundo|Noticias del mundo",Bloqueo maritimo|Donald Trump|estrecho de Ormuz|Guerra medio oriente|Irán|Jorge g|Ormuz,https://360radio.com.co/iran-amenaza-a-estados-unidos-por-bloqueo-en-el-estrecho-de-ormuz-y-acusa-a-trump-de-pirateria/216802/,Jorge González
216798,Resultado del Sinuano Noche del 12 de abril de 2026: conozca el número ganador,2026-04-13 06:19:44,2026-04-13 06:19:44,publish,,Territorio,Jorge g|Premio mayor sinuano noche 12 de abril|Quinta de sinuano noche|Resultado Sinuano noche|Sinuano noche hoy|Varios,https://360radio.com.co/resultado-del-sinuano-noche-del-12-de-abril-de-2026-conozca-el-numero-ganador/216798/,360 Radio
216796,Chontico Noche hoy 12 de abril: resultado y número ganador,2026-04-13 06:08:57,2026-04-13 06:08:57,publish,,Territorio,Chontico noche 12 de abril|Chontico Noche hoy|Jorge g|Número ganador hoy 12 de abril|Premio mayor chontico noche|resultado Chontico Noche|Varios,https://360radio.com.co/chontico-noche-hoy-12-de-abril-resultado-y-numero-ganador/216796/,360 Radio
216791,"Resultado del Súper Astro Luna hoy, 12 de abril: número y signo ganador",2026-04-13 06:02:36,2026-04-13 06:02:51,publish,,Territorio,Jorge g|Número astro luna 12 de abril|Premio mayor astro luna hoy|Resultado Astro Luna|Súper astro luna 12 de abril|Varios,https://360radio.com.co/resultado-del-super-astro-luna-hoy-12-de-abril-numero-y-signo-ganador/216791/,360 Radio
216602,Pico y placa en Medellín este lunes 13 de abril de 2026: vehículos con restricciones,2026-04-12 18:05:10,2026-04-10 14:47:14,publish,,Noticias de Medellín,medellin|Pico y placa|Pico y placa en el Valle de Aburrá|Pico y placa en medellín|Pico y placa en Medellín lunes 13 de abril|Pico y placa para motos en Medellín|Pico y placa para taxis en Medellín|Vehículo con pico y placa,https://360radio.com.co/medellin/pico-y-placa-en-medellin-este-lunes-13-dea-bril-de-2026-vehiculos-con-restricciones/,Juan Camilo Ocampo
216785,El Gobierno ofrece $1.000 millones para frenar amenazas contra candidatos presidenciales,2026-04-12 17:33:21,2026-04-13 06:20:35,publish,,Noticias,AmenazasCandidatos|DemocraciaEnRiesgo|destacada|EleccionesColombia2026|MinisterioDeDefensa|OrdenPúblico|RecompensasColombia|SeguridadElectoral,https://360radio.com.co/gobierno-ofrece-1000-millones-para-frenar-amenazas-contra-candidatos/216785/,Juan Turriago
216781,Rodallega salva a Santa Fe en el último suspiro ante Millonarios,2026-04-12 16:58:50,2026-04-12 16:58:50,publish,,Deportes,​Clásico Capitalino 2026|​Clasificación cuadrangulares finales|​Hugo Rodallega gol|​Liga BetPlay fecha 16|Millonarios vs Santa Fe|​Resumen Millonarios hoy|​Tabla de posiciones fútbol colombiano,https://360radio.com.co/deportes/rodallega-salva-a-santa-fe-en-el-ultimo-suspiro-ante-millonarios/,Juan Turriago
216777,"Nayib Bukele lanza duro ""vainazo"" a Gustavo Petro tras video de fiesta en la cárcel de Itagüí",2026-04-12 16:34:54,2026-04-12 16:34:54,publish,,Noticias,Cárcel de Itagüí|Crisis carcelaria|Escándalo INPEC|Gustavo Petro|Nayib Bukele|Paz Total|Seguridad en Colombia,https://360radio.com.co/nayib-bukele-lanza-duro-vainazo-a-gustavo-petro-tras-video-de-fiesta-en-la-carcel-de-itagui/216777/,Juan Turriago
216773,Equipo colombiano: El cerebro latino detrás de Artemis II,2026-04-12 14:55:24,2026-04-12 14:55:24,publish,,Mundo,ArtemisII|Ciencia|ColombiaEnLaLuna|DianaTrujillo|Espacio|Nasa|TalentoColombiano,https://360radio.com.co/equipo-colombiano-el-cerebro-latino-detras-de-artemis-ii/216773/,Juan Turriago
216768,¿Cuánto cuesta visitar los museos más raros del mundo?,2026-04-12 12:58:00,2026-04-12 12:58:00,publish,,Cultura,Experiencias de viaje únicas|Mejores destinos curiosos|Museo de las Relaciones Rotas|Museos más raros del mundo|Precio entradas museos 2026|Turismo no convencional|Viajes exóticos y culturales,https://360radio.com.co/cuanto-cuesta-visitar-los-museos-mas-raros-del-mundo/216768/,Juan Turriago
216761,"CREG implementa primer ""Sandbox"" regulatorio para el mercado de gas",2026-04-12 12:28:49,2026-04-27 16:46:29,publish,,"Minería, energía e hidrocarburos",​Cilindros de gas|CREG Colombia|​Distribución de gas licuado|​Gas propano precios|​Mercado de GLP|regulación energética|​Sandbox regulatorio,https://360radio.com.co/creg-implementa-primer-sandbox-regulatorio-para-el-mercado-de-gas/216761/,Juan Turriago
216757,¿Cuánto cuesta ser influencer en Colombia?,2026-04-12 11:32:42,2026-04-12 11:32:42,publish,,Entretenimiento,​#EmprendimientoDigital|​#EstrategiaDeContenidos|​#MarketingDigitalColombia|​#PautaDigital|​#PresupuestoCreadores|​#ProducciónAudiovisual|InversiónRedesSociales2026,https://360radio.com.co/entretenimiento/cuanto-cuesta-ser-influencer-en-colombia/,Juan Turriago
216751,Autoridades en contra de la usura y la extorsión,2026-04-11 17:13:17,2026-04-11 17:13:17,publish,,Noticias,​Cómo denunciar amenazas por dinero|​Delito de usura Código Penal|Denunciar extorsión Colombia|​Fiscalía General de la Nación denuncias|​Línea 165 GAULA|​Préstamos gota a gota denuncia|​Tasa de usura vigente,https://360radio.com.co/autoridades-en-contra-usura-y-extorsion/216751/,Juan Turriago
216747,Congreso contra incremento de los avalúos en predios rurales,2026-04-11 16:55:32,2026-04-11 16:55:32,publish,,Política,Actualización catastral Colombia|​Avalúos rurales 2026|​Congreso de la República Colombia|​Crisis sector agropecuario|​Gustavo Petro catastro}|​Impuesto predial rural|​Instituto Geográfico Agustín Codazzi (IGAC),https://360radio.com.co/congreso-contra-incremento-de-los-avaluos-en-predios-rurales/216747/,Juan Turriago
216743,TransMilenio cierra la estación Calle 45: Así funcionará la nueva parada temporal de la Av. 39,2026-04-11 15:41:55,2026-04-11 15:41:55,publish,,Noticias de Bogotá,cierres viales Bogotá|Estación Calle 45|Estación temporal Av. 39|Metro de Bogotá obras|Movilidad Bogotá|Rutas TransMilenio Caracas|TransMilenio Avenida Caracas,https://360radio.com.co/bogota/transmilenio-cierra-la-estacion-calle-45-asi-funcionara-la-nueva-parada-temporal-de-la-av-39/,Juan Turriago
216738,Iván Cepeda y Paloma Valencia agitan el tablero electoral,2026-04-11 14:59:39,2026-04-11 14:59:39,publish,,Política,​Alianzas políticas regionales|Elecciones Colombia 2026|Iván Cepeda presidente|​Minga Indígena política|​Movimientos electorales 2026|Pacto Histórico vs Centro Democrático|Paloma Valencia candidata,https://360radio.com.co/ivan-cepeda-y-paloma-valencia-agitan-el-tablero-electoral/216738/,Juan Turriago
216733,Guerra de aranceles entre Colombia y Ecuador,2026-04-11 12:58:10,2026-04-11 12:58:10,publish,,Colombia,Aranceles Colombia Ecuador|Comercio binacional|​Comunidad Andina de Naciones|​Crisis diplomática Petro Noboa|​Decreto 170 Colombia|​Economía fronteriza Ipiales|​Importaciones desde Ecuador,https://360radio.com.co/guerra-aranceles-entre-colombia-y-ecuador/216733/,Juan Turriago
216723,Colombia femenina debuta con victoria ante Venezuela,2026-04-11 11:34:10,2026-04-11 11:34:10,publish,,Deportes,​Colombia vs Venezuela femenino|​Fútbol femenino sudamericano|Liga de Naciones Femenina|​Resultados fútbol femenino|​Selección Argentina Femenina|seleccion colombia femenina|​Tabla de posiciones Liga de Naciones,https://360radio.com.co/deportes/colombia-femenina-debuta-con-victoria-ante-venezuela/,Juan Turriago
216724,Cepeda no será presidente de Colombia,2026-04-11 10:01:59,2026-04-11 10:01:59,publish,,Columnas|Opinión,Aldumar Forero Orjuela opinión|Campaña electoral Colombia 2026|Iván Cepeda FARC La Habana|Iván Cepeda presidencia Colombia 2026|Julieth B|Opinión política colombiana actual|Órdenes de captura suspendidas capos|Paz Total escándalos cárceles|Seguridad vs Impunidad Colombia,https://360radio.com.co/cepeda-no-sera-presidente-de-colombia/216724/,360 Radio
216714,Bre-B  herramienta clave para combatir el crédito ilegal en Colombia,2026-04-11 09:53:55,2026-04-11 09:53:55,publish,,"Economía, finanzas y negocios",Banco de la República|Bre-B|​Crédito ilegal en Colombia|Inclusión financiera|pagos inmediatos|préstamos gota a gota|​Sistema financiero formal,https://360radio.com.co/bre-b-herramienta-clave-para-combatir-el-credito-ilegal-en-colombia/216714/,Juan Turriago
216713,Turismo récord: Casi un millón de colombianos viajaron al exterior en el inicio de 2026,2026-04-11 09:51:27,2026-04-11 09:51:27,publish,,Noticias de Colombia,Cifras de Anato turismo 2026|Conectividad aérea en Colombia|Destinos favoritos de los colombianos|Paula Cortés Calle Anato|Salida de colombianos al exterior 2026|Tendencias de turismo emisivo|Turismo en Curazao y República Dominicana|Viajes internacionales desde Colombia,https://360radio.com.co/turismo-record-casi-un-millon-de-colombianos-viajaron-al-exterior-en-el-inicio-de-2026/216713/,Julieth Barbosa
216703,¿Por qué los hogares de bajos ingresos deben el 20% a prestamistas informales?,2026-04-11 09:37:08,2026-04-27 16:52:47,publish,,"Economía, finanzas y negocios",Crédito informal|​Deuda de hogares|​Economía familiar|Gota a gota|Inclusión financiera|​Préstamos ilegales|Salario mínimo,https://360radio.com.co/por-que-los-hogares-de-bajos-ingresos-deben-el-20-a-prestamistas-informales/216703/,Juan Turriago
216701,El Cocuy pierde un latido milenario: El luto ambiental por la extinción de Cerros de la Plaza,2026-04-11 09:34:23,2026-04-11 09:34:23,publish,,Medio Ambiente y Sostenibilidad|Noticias de Colombia,Calentamiento global Andes tropicales|Extinción glaciar Cerros de la Plaza|Glaciares en Colombia 2026|Ideam deshielo Sierra Nevada de El Cocuy|Impacto ambiental Cerros de la Plaza|Pérdida de ecosistemas de alta montaña|Regulación hídrica y páramos|Retroceso glaciar en Colombia cifras,https://360radio.com.co/el-cocuy-pierde-un-latido-milenario-el-luto-ambiental-por-la-extincion-de-cerros-de-la-plaza/216701/,Julieth Barbosa
216697,"Semana Santa digital: Pagos electrónicos en Colombia movilizaron $9,5 billones",2026-04-11 08:53:52,2026-04-11 08:53:52,publish,,"Colombia|Economía, finanzas y negocios",Adopción de tecnologías financieras (Fintech)|Cifras Redeban 2026|Consumo en Colombia Semana Santa|Crecimiento de transacciones débito|Pagos digitales en Colombia Semana Santa 2026|Pagos electrónicos en Bogotá y Santa Marta|Ticket promedio compras digitales|Transferencias inmediatas Bre-B,https://360radio.com.co/semana-santa-digital-pagos-electronicos-en-colombia-movilizaron-95-billones/216697/,Julieth Barbosa
216690,Chontico Noche hoy 10 de abril: resultado y número ganador,2026-04-11 06:45:15,2026-04-11 06:39:22,publish,,Territorio,Chontico noche 10 de abril|Jorge g|Lotería 10 de abril|Número ganador chontico|premio mayor chontico|resultado Chontico Noche|Varios,https://360radio.com.co/chontico-noche-hoy-10-de-abril-resultado-y-numero-ganador/216690/,360 Radio
216598,"Resultado Lotería de Risaralda hoy 10 de abril: secos, último sorteo y número ganador",2026-04-11 06:34:30,2026-04-11 06:31:56,publish,,Territorio,Juan Ocampo|Loteria de Risaralda|Loteria de Risaralda hoy|Lotería de Risaralda hoy 10 de abril|Loteria de Risaralda secos|Loteria de Risaralda ultimo sorteo|Lotería de Risaranda número ganador|loterias de Colombia|Resultado Lotería de Risaralda hoy 10 de abril|Secos de la Lotería de Risaralda|último sorteo de la Lotería de Risaralda|Varios,https://360radio.com.co/resultado-loteria-de-risaralda-hoy-10-de-abril-secos-ultimo-sorteo-y-numero-ganador/216598/,360 Radio
216594,"Resultado Lotería de Medellín hoy 10 de abril: número ganador, secos y último sorteo",2026-04-11 06:30:12,2026-04-11 06:27:00,publish,,Territorio,Juan Ocampo|Lotería de Medellín|Loteria de Medellin hoy|Loteria de Medellin numero ganador|Loteria de Medellin Secos|Loteria de Medellin ultimo sorteo|Lotería de Mellín hoy 10 de abril|loterias de Colombia|Resultado Lotería de Medellín hoy 10 de abril|Secos de la Lotería de Medellín|último sorteo de la Lotería de Medellín|Varios,https://360radio.com.co/resultado-loteria-de-medellin-hoy-10-de-abril-numero-ganador-secos-y-ultimo-sorteo/216594/,360 Radio
216635,"Resultado Lotería de Santander hoy 10 de abril: secos, número ganador y último sorteo",2026-04-11 06:22:46,2026-04-11 07:33:48,publish,,Territorio,Abril|Julieth B|Lotería 10 de abril|Loteria de Santander|Premio mayor 10 de abril|Resultado loteria|Santander 10 de abril|Varios,https://360radio.com.co/resultado-loteria-de-santander-hoy-10-de-abril-secos-numero-ganador-y-ultimo-sorteo/216635/,360 Radio
216675,Artemis II culmina con éxito: La cápsula Orion regresa a la Tierra tras rodear la Luna,2026-04-10 20:12:50,2026-04-10 20:12:50,publish,,Noticias del mundo,,https://360radio.com.co/artemis-ii-culmina-con-exito-la-capsula-orion-regresa-a-la-tierra-tras-rodear-la-luna/216675/,Julieth Barbosa
216664,Nubank y Palmeiras sellan un acuerdo histórico por la denominación de su estadio,2026-04-10 19:18:32,2026-04-10 19:18:32,publish,,Empresas|Infraestructura,Clientes de Nubank Latinoamérica|Estrategia de marketing Nubank|Finanzas y deportes 2026|Inversión de Nubank en Brasil|Livia Chanes directora Nubank|Naming rights estadio Allianz Parque|Nubank estadio Palmeiras|Nubank Inter Miami Florida,https://360radio.com.co/nubank-y-palmeiras-sellan-un-acuerdo-historico-por-la-denominacion-de-su-estadio/216664/,Julieth Barbosa
216660,Inversión récord para el Bonilla Aragón: Aerocivil destinará más de $215.000 millones hasta 2030,2026-04-10 17:49:36,2026-04-11 07:34:39,publish,,Infraestructura|Noticias de Cali,Aerocivil gestión 2026|Conpes infraestructura 2026-2030|destacada|Energía solar en aeropuertos|Inversión infraestructura aeroportuaria|Mantenimiento pistas aeropuertos Colombia|Modernización Aeropuerto Alfonso Bonilla Aragón|Seguridad aérea Cali y Palmira|Sistema de Luces de Aproximación (ALS),https://360radio.com.co/cali/inversion-record-para-el-bonilla-aragon-aerocivil-destinara-mas-de-215-000-millones-hasta-2030/,Julieth Barbosa
216656,La fórmula de Petro: Bajar tasas de interés para salvar el déficit fiscal y la producción,2026-04-10 17:35:56,2026-04-10 17:35:56,publish,,"Colombia|Economía, finanzas y negocios",Corte Constitucional Decreto 1390|Déficit fiscal primario Colombia|Deuda pública y tasas reales|Emergencia económica inexequible|Gustavo Petro reactivación producción|Ley de Financiamiento 2026|Reforma tributaria Petro 2026|Tasas de interés y crecimiento económico,https://360radio.com.co/la-formula-de-petro-bajar-tasas-de-interes-para-salvar-el-deficit-fiscal-y-la-produccion/216656/,Julieth Barbosa
216649,"Tras fallo de la Corte, Gobierno radicará nueva reforma tributaria por $16 billones",2026-04-10 17:17:22,2026-04-10 17:17:22,publish,,"Colombia|Economía, finanzas y negocios",Corte Constitucional emergencia económica|Déficit del Fondo de Estabilización de Combustibles (FEPC)|Inversión social y gasto público|Ministro de Hacienda Germán Ávila|Nueva reforma tributaria Colombia 2026|Recaudo de 16 billones de pesos|tasas de interés Banco de la República,https://360radio.com.co/tras-fallo-de-la-corte-gobierno-radicara-nueva-reforma-tributaria-por-16-billones/216649/,Julieth Barbosa
216634,Fiscalía rompe el silencio sobre alias ‘Calarcá’: La dura carta enviada a Paloma Valencia,2026-04-10 17:04:23,2026-04-10 17:04:23,publish,,Noticias,Calarca|Captura|COLOMBIA|Fiscalia|Impunidad|Paloma Valencia|Seguridad Nacional,https://360radio.com.co/fiscalia-rompe-el-silencio-sobre-alias-calarca-la-dura-carta-enviada-a-paloma-valencia/216634/,Juan Turriago
216641,Colombia entra al Open Finance: Decreto 0368 obliga a los bancos a compartir datos de clientes,2026-04-10 16:41:55,2026-04-10 16:41:55,publish,,Empresas|Noticias de Colombia,Compartir datos bancarios API|Crédito para MiPymes en Colombia|Decreto 0368 de 2026 Finanzas Abiertas|Fintech y banca tradicional 2026|Historial financiero para pequeñas empresas|Ley de finanzas abiertas obligatoria|Open Finance en Colombia 2026|Superintendencia Financiera Open Banking,https://360radio.com.co/colombia-entra-al-open-finance-decreto-0368-obliga-a-los-bancos-a-compartir-datos-de-clientes/216641/,Julieth Barbosa
216619,Medellín da paso clave en la revisión de su Plan de Ordenamiento Territorial,2026-04-10 16:02:50,2026-04-10 16:02:50,publish,,Noticias de Medellín,Alcaldia de medellin|medellin|Medellín inicia concertación ambiental del POT|Plan de Ordenamiento Territorial|POT,https://360radio.com.co/medellin/medellin-da-paso-clave-en-la-revision-de-su-plan-de-ordenamiento-territorial/,Juan Camilo Ocampo
216618,Xiaomi lanza la nueva Serie 17: El smartphone que promete jubilar a las cámaras profesionales,2026-04-10 15:56:04,2026-04-10 15:56:04,publish,,Tecnología,Cámara nocturna móvil|Celulares de gama alta|Fotografía profesional Leica|Lanzamiento Xiaomi Serie 17|Mejores smartphones 2026|Tecnología Summilux Xiaomi|Xiaomi 17 Ultra,https://360radio.com.co/tecnologia/xiaomi-lanza-la-nueva-serie-17-el-smartphone-que-promete-jubilar-a-las-camaras-profesionales/,Juan Turriago
216614,"COP 3,7 billones para iluminar a Colombia: Las ambiciosas metas de Fonenergía a 2030",2026-04-10 15:06:50,2026-04-10 15:08:01,publish,,"Minería, energía e hidrocarburos",Cierre de brechas energéticas|Decreto 0375 de 2026|Energía y gas zonas rurales|Fondo de Apoyo Financiero FAZNI y FAER|Fonenergía Colombia 2026|Ministerio de Minas y Energía Edwin Palma|Normalización de redes eléctricas PRONE,https://360radio.com.co/cop-37-billones-para-iluminar-a-colombia-las-ambiciosas-metas-de-fonenergia-a-2030/216614/,Julieth Barbosa
216586,Firmas de abogados con mayores ingresos en Colombia,2026-04-10 14:47:41,2026-04-27 16:52:39,publish,,Empresas,Bufetes de abogados|Derecho corporativo|Firmas de abogados Colombia|firmas de abogados con mayores ingresos en Colombia|Ingresos operacionales 2025|Mercado legal colombiano|Ranking jurídico|Servicios jurídicos,https://360radio.com.co/firmas-de-abogados-con-mayores-ingresos-en-colombi/216586/,Juan Turriago
216593,"Ricardo Montaner en Bogotá: Una noche de ""La cima del cielo"" y conexión eterna",2026-04-10 14:45:42,2026-04-10 14:45:42,publish,,Entretenimiento|Noticias de Bogotá,Concierto de Ricardo Montaner Movistar Arena|Crónica concierto Montaner|Espectáculos en vivo Bogotá 2026|Josefe telonero Montaner|Ricardo Montaner canciones clásicas|Ricardo Montaner en Bogotá 2026|Setlist Ricardo Montaner Bogotá|Tour El Último Regreso Colombia,https://360radio.com.co/entretenimiento/ricardo-montaner-en-bogota-una-noche-de-la-cima-del-cielo-y-conexion-eterna/,Julieth Barbosa
216587,Impuesto Predial en Bogotá: El 17 de abril vence el plazo para el descuento del 10 %,2026-04-10 13:45:33,2026-04-10 13:45:33,publish,,"Colombia|Economía, finanzas y negocios|Noticias de Bogotá",Calendario tributario Bogotá 2026|Descargar factura predial Bogotá 2026|Descuento impuesto predial Bogotá 2026|Fecha límite pronto pago predial|Intereses de mora predial|Pagar predial con 10% de descuento|Pagos Bogotá Hacienda|Secretaría de Hacienda de Bogotá (SDH),https://360radio.com.co/bogota/impuesto-predial-en-bogota-el-17-de-abril-vence-el-plazo-para-el-descuento-del-10/,Julieth Barbosa
216572,Colombia consolida su liderazgo en el emprendimiento global con seis empresas,2026-04-10 12:55:31,2026-04-10 12:55:31,publish,,Empresas,Ecosistema digital Latam|emprendimiento en Colombia|Empresas de alto crecimiento|Endeavor Outliers 2026|Innovación tecnológica|inversión extranjera directa|Startups colombianas,https://360radio.com.co/colombia-consolida-su-liderazgo-en-el-emprendimiento-global-con-seis-empresas/216572/,Juan Turriago
216574,"Costo de vida en el país aumenta y llega a 5,56% en marzo",2026-04-10 12:09:41,2026-04-10 12:09:41,publish,,Noticias de Colombia,COLOMBIA|Costo de vida en el país|Costo de vida en Marzo|Costo de vida sube|DANE|Inflación 2026|Inflación sube en marzo,https://360radio.com.co/costo-de-vida-en-el-pais-aumenta-y-llega-a-556-en-marzo/216574/,Juan Camilo Ocampo
216567,"¿En qué consiste el acuerdo de Medellín con Corea por US$16,4 millones?",2026-04-10 11:35:23,2026-04-10 11:35:23,publish,,Noticias de Medellín,Alcaldia de medellin|Economía circular|Manejo de residuos|medellin|Medellín firma acuerdo con Corea|Medellín y Corea del Sur,https://360radio.com.co/medellin/en-que-consiste-el-acuerdo-de-medellin-con-corea-por-us164-millones/,Juan Camilo Ocampo
216559,Gobierno Petro limita dinero de las AFP en inversión exterior a 30%,2026-04-10 11:17:45,2026-04-10 11:17:45,publish,,Colombia,Asofondos|Corte Constitucional|Decreto 0369 de 2026|Gustavo Petro|Inversión de las AFP|Recursos públicos|Rentabilidad fondos de pensiones,https://360radio.com.co/gobierno-petro-limita-dinero-de-las-afp-en-inversion-exterior-a-30/216559/,Juan Turriago
216561,Hasta cuándo no saldrán vuelos del Aeropuerto de Palonegro,2026-04-10 10:31:35,2026-04-10 10:31:35,publish,,Noticias de Colombia,Aeropuerto palo negro|Aeropuerto palo negro cerrado|Cierre aeropuerto tráfico aéreo|Jorge g|tráfico aéreo|Transporte Aéreo,https://360radio.com.co/hasta-cuando-no-saldran-vuelos-del-aeropuerto-de-palonegro/216561/,Jorge González
216553,Tiendas D1 están siendo investigadas: esto encontraron,2026-04-10 10:01:20,2026-04-10 10:01:20,publish,,Noticias,Comercio minorista|Denuncias D1|derechos del consumidor|protección al consumidor|SIC Colombia|Superintendencia de Industria y Comercio|Tiendas D1,https://360radio.com.co/tiendas-d1-estan-siendo-investigadas-esto-encontraron/216553/,Juan Turriago
216546,"Hoja de Vida de Carlos Camargo Assis, quien tumbó decreto de emergencia de Petro",2026-04-10 09:57:04,2026-04-10 09:57:04,publish,,Noticias de Colombia,Carlos Camargo|COLOMBIA|Decreto emergencia|gbierno nacioal|Jorge g|Petro|POLITICA,https://360radio.com.co/hoja-de-vida-de-carlos-camargo-assis-quien-tumbo-decreto-de-emergencia-de-petro/216546/,Jorge González
216541,A Karol G no le habrían advertido que no dijera Ice out en Coachella,2026-04-10 09:45:38,2026-04-27 16:52:31,publish,,Entretenimiento,​Censura artistas latinos Estados Unidos|​Concierto La Bichota California|​Frase ICE Out significado|​Inmigración y control de aduanas noticias|Karol G Coachella 2026|​Polémica Karol G migración|​Visa de trabajo Karol G,https://360radio.com.co/entretenimiento/a-karol-g-no-le-habrian-advertido-que-no-dijera-ice-out-en-coachella/,Juan Turriago
216542,¿Cuándo se verán los trenes del metro en Bogotá? Galán responde,2026-04-10 09:45:33,2026-04-10 09:45:33,publish,,Noticias de Bogotá,¿Cuándo se verán los trenes del metro en Bogotá?|Alcalde Bogotá|Bogotá|CARLOS FERNANDO GALAN|Metro de Bogota|Metro de Bogota avances|Metro de Bogotá hoy|Metro de Bogotá iniciará pruebas con trenes en julio,https://360radio.com.co/bogota/cuando-se-veran-los-trenes-del-metro-en-bogota-galan-responde/,Juan Camilo Ocampo
216537,Mesada 14 para profesores: ¿qué se sabe de su regreso?,2026-04-10 09:29:28,2026-04-10 09:29:28,publish,,Noticias de Colombia|Política,Cámara de Representantes|COLOMBIA|Mesada 14|Mesada 14 para profesores,https://360radio.com.co/mesada-14-para-profesores-que-se-sabe-de-su-regreso/216537/,Juan Camilo Ocampo
216524,Así respondió equipo de Nelson Velásquez por fiesta en cárcel de Itagüí y cóntó como los contrataron,2026-04-10 09:05:58,2026-04-10 09:05:58,publish,,Noticias de Antioquia|Noticias de Colombia,Cantante vallenato en la carcel|Fiesta en carcel de itagui|Gobeirno nacional|Jorge g|Nelson Velásqeuz en la carcel|Nelson Velásquez,https://360radio.com.co/asi-respondio-equipo-de-nelson-velasquez-por-fiesta-en-carcel-de-itagui-y-conto-como-los-contrataron/216524/,Jorge González
216525,¿A qué hora regresa Artemis II? Todo lo que debe saber para verlo en vivo,2026-04-10 09:05:06,2026-04-10 09:18:42,publish,,Noticias de Colombia|Noticias del mundo,¿A qué hora regresa Artemis II?|Artemis II|Artemis II vuelve a la tierra|COLOMBIA|MUNDO|Nasa,https://360radio.com.co/a-que-hora-regresa-artemis-ii-todo-lo-que-debe-saber-para-verlo-en-vivo/216525/,Juan Camilo Ocampo
216521,Metro de Bogotá: lista oficial de los nombres de sus estaciones,2026-04-10 08:34:08,2026-04-10 08:34:08,publish,,Noticias de Bogotá,Bogotá|Estos son los nombres de las estaciones del Metro de Bogotá|Metro de Bogota|Metro de Bogota avances|Metro de Bogotá hoy|Nombre de las estaciones del Metro de Bogotá,https://360radio.com.co/bogota/metro-de-bogota-lista-oficial-de-los-nombres-de-sus-estaciones/,Juan Camilo Ocampo
216517,Ecuador sube aranceles a Colombia al 100% y desata crisis diplomática con Gustavo Petro,2026-04-10 07:14:25,2026-04-10 07:14:25,publish,,"Colombia|Economía, finanzas y negocios",Aranceles 100%|Aranceles ecuador a colombia|ECONOMIA|Ecuadr Colombia|gobierno Petro|Jorge g|mercados internacionales,https://360radio.com.co/ecuador-sube-aranceles-a-colombia-al-100-y-desata-crisis-diplomatica-con-gustavo-petro/216517/,Jorge González
216512,Chontico Noche hoy 09 de abril: resultado y número ganador,2026-04-10 06:09:57,2026-04-10 06:09:57,publish,,Territorio,Chontico noche 9 de abril|Jorge g|Lotería 9 de abril|Número ganador chontico hoy|Prmeio mayor chontico hoy|Resuktado chontico noche|Resultado chontico hoy 9 de abril|Varios,https://360radio.com.co/chontico-noche-hoy-09-de-abril-resultado-y-numero-ganador/216512/,360 Radio
216509,"Resultado del Súper Astro Luna hoy, 09 de abril: número y signo ganador",2026-04-10 06:01:22,2026-04-10 06:10:25,publish,,Tecnología,Jorge g|Número 9 de abril astro luna|Premio mayor astro luna 9 de abril|Premios astro luna 9 de abril|Resultado Astro Luna|Varios|Zodiaco 9 de abril astro luna,https://360radio.com.co/tecnologia/resultado-del-super-astro-luna-hoy-09-de-abril-numero-y-signo-ganador/,360 Radio
216463,"Resultado Lotería del Quindío hoy 9 de abril: secos, último sorteo y número ganador",2026-04-10 05:52:27,2026-04-10 05:52:27,publish,,Territorio,Juan Ocampo|Lotería del Quindía número ganador|Lotería del Quindía último resultado|Loteria del Quindio|Loteria del Quindio hoy|Lotería del Quindío hoy 9 de abril|Loteria del Quindio secos|loterias de Colombia|Resultado Lotería del Quindío hoy 9 de abril|Secos de la Lotería del Quindío|Varios,https://360radio.com.co/resultado-loteria-del-quindio-hoy-9-de-abril-secos-ultimo-sorteo-y-numero-ganador/216463/,360 Radio
216486,"Lotería de Bogotá resultado hoy 9 abril: número ganador, secos y último sorteo",2026-04-10 05:47:33,2026-04-10 05:47:33,publish,,Territorio,Julieth B|Loteria de Bogota|Loteria de Bogota 9 abril|Loteria de Bogota ayer|Loteria de Bogota hoy|Loteria de Bogota numero ganador|Loteria de Bogota resultado|Loteria de Bogota Secos|Loteria de Bogota ultimo sorteo|Loterias Colombia|Loterias hoy|Varios,https://360radio.com.co/loteria-de-bogota-resultado-hoy-9-abril-numero-ganador-secos-y-ultimo-sorteo/216486/,360 Radio
216499,"Una fila virtual de 315 kilómetros: Los asombrosos datos del ""Sold Out"" parcial de BTS",2026-04-09 19:50:19,2026-04-09 19:50:19,publish,,Entretenimiento|Noticias de Colombia,ARMY Colombia fans|Boletas para BTS Estadio El Campín|BTS en Colombia fechas oficiales|Concierto de BTS en Bogotá 2026|Eventos masivos Colombia 2026|Precios boletería BTS Bogotá|Preventa BTS Colombia Ticketmaster|Venta general BTS 10 de abril,https://360radio.com.co/entretenimiento/una-fila-virtual-de-315-kilometros-los-asombrosos-datos-del-sold-out-parcial-de-bts/,Julieth Barbosa
216494,Colombia estrena Plan Nacional de Desarrollo Minero 2024-2035: La nueva brújula del sector,2026-04-09 19:16:09,2026-04-09 19:16:09,publish,,"Minería, energía e hidrocarburos",Agencia Nacional de Minería (ANM)|Formalización minera en Colombia 2026|Minerales estratégicos para reindustrialización|Ministerio de Minas y Energia|Plan Nacional de Desarrollo Minero 2024-2035|Títulos mineros en Colombia|Transición Energética Justa|UPME Indira Portocarrero,https://360radio.com.co/colombia-estrena-plan-nacional-de-desarrollo-minero-2024-2035-la-nueva-brujula-del-sector/216494/,Julieth Barbosa
216489,Ecopetrol inicia la conquista del mercado europeo con azufre producido en Cartagena,2026-04-09 18:01:12,2026-04-09 18:01:12,publish,,"Minería, energía e hidrocarburos",Ecopetrol mercados internacionales|Exportación de azufre Colombia|Insumos para fertilizantes agrícolas|Juan Carlos Hurtado Parra presidente encargado|Planta de azufre sólido Ecopetrol|Refinación de petróleo en Colombia|Refinería de Cartagena (Reficar),https://360radio.com.co/ecopetrol-inicia-la-conquista-del-mercado-europeo-con-azufre-producido-en-cartagena/216489/,Julieth Barbosa
216481,Mafalda llega a Netflix: Primera imagen oficial de la serie dirigida por Juan José Campanella,2026-04-09 17:01:09,2026-04-09 17:01:09,publish,,Entretenimiento,Animación argentina Netflix|Estreno Mafalda Netflix|Joaquín Salvador Lavado Quino|Juan José Campanella Mafalda|Mundoloco CGI Mafalda|Netflix serie animada 2027|Personajes de Quino serie|Serie de Mafalda en Netflix,https://360radio.com.co/entretenimiento/mafalda-llega-a-netflix-primera-imagen-oficial-de-la-serie-dirigida-por-juan-jose-campanella/,Julieth Barbosa
216473,Corte Constitucional tumba emergencia económica y frena medidas del Gobierno de Gustavo Petro,2026-04-09 16:33:42,2026-04-10 06:13:39,publish,,Noticias de Colombia,Corte Constitucional|Decreto emergencia|destacada|Gobierno Nacional|Iva 19%|Jorge g|Petro|POLITICA,https://360radio.com.co/corte-constitucional-tumba-emergencia-economica-en-colombia-y-frena-medidas-del-gobierno/216473/,Jorge González
216467,Inversión de $164.000 millones para transformar el aeropuerto José María Córdova,2026-04-09 16:27:47,2026-04-09 16:27:47,publish,,Infraestructura|Noticias de Antioquia,Aeropuerto de Medellín capacidad|Agencia Nacional de Infraestructura (ANI)|Ampliación Aeropuerto José María Córdova|Concesionario Airplan|Infraestructura en Antioquia|Obras en Rionegro 2026|Turismo en Medellín y Antioquia|Vuelos internacionales desde Medellín,https://360radio.com.co/inversion-de-164-000-millones-para-transformar-el-aeropuerto-jose-maria-cordova/216467/,Julieth Barbosa
216468,Conozca a los árbitros colombianos elegidos para el Mundial 2026,2026-04-09 16:06:55,2026-04-09 16:06:55,publish,,Deportes,Árbitros colombianos en el Mundial 2026|Ártibros en el mundial de 2026|Conozca a los árbitros colombianos elegidos para el Mundial 2026|Copa Mundial de la FIFA 2026|DEPORTES|Mundial 2026,https://360radio.com.co/deportes/conozca-a-los-arbitros-colombianos-elegidos-para-el-mundial-2026/,Juan Camilo Ocampo
216453,Semana Santa récord en Colombia: Flujo migratorio crece un 8% y supera los 714.000 viajeros,2026-04-09 15:00:22,2026-04-09 15:00:22,publish,,Movilidad|Noticias de Colombia,Aeropuerto El Dorado pasajeros|Cifras Migración Colombia 2026|Colombia el país de la belleza|Crecimiento del turismo en Medellín y Cali|Movimientos migratorios Colombia|Turismo en Colombia Semana Santa 2026|Turismo internacional en Colombia|Viajeros en Semana Santa,https://360radio.com.co/semana-santa-record-en-colombia-flujo-migratorio-crece-un-8-y-supera-los-714-000-viajeros/216453/,Julieth Barbosa
216449,Entradas para Colombia vs. Portugal se venden a precios exorbitantes en reventa,2026-04-09 14:58:07,2026-04-09 14:58:07,publish,,Deportes,Boletas para Colombia vs. Portugal en el Mundial 2026 se disparan en reventa|CRISTIANO RONALDO|DEPORTES|Entradas para Colombia vs. Portugal|JAMES RODRIGUEZ|Mundial 2026|Mundial de 2026|Rventa de entradas Mundial 2026|Selección Colombia|Selección de Portugal,https://360radio.com.co/deportes/entradas-para-colombia-vs-portugal-se-venden-a-precios-exorbitantes-en-reventa/,Juan Camilo Ocampo
216448,Vuelos ilimitados por un año: JetSmart estrena pase anual con precio especial de lanzamiento,2026-04-09 14:35:28,2026-04-09 14:35:28,publish,,Movilidad,Aerolíneas low cost Colombia|Alianza American Airlines y JetSmart|Cómo viajar por Sudamérica 2026|JetSmart All You Can Fly|Membresía de viajes JetSmart|Pasajes baratos JetSmart|Vuelos ilimitados en Sudamérica|Vuelos nacionales e internacionales Colombia,https://360radio.com.co/vuelos-ilimitados-por-un-ano-jetsmart-estrena-pase-anual-con-precio-especial-de-lanzamiento/216448/,Julieth Barbosa
216443,Naturgas ratifica a Juan Manuel Rojas: Apuesta por la estabilidad en el sector del gas,2026-04-09 14:00:12,2026-04-09 14:52:22,publish,,Empresas,Asociación Colombiana de Gas Natural (Naturgas)|destacada|Gremio Naturgas directivos|Luz Stella Murgas Naturgas|Presidente de Promigas Juan Manuel Rojas|Ratificación de Juan Manuel Rojas en Naturgas|Sector del gas natural 2026|seguridad energética en Colombia|Transición energética y gas natural,https://360radio.com.co/naturgas-ratifica-a-juan-manuel-rojas-apuesta-por-la-estabilidad-en-el-sector-del-gas/216443/,Julieth Barbosa
216437,La SIC formula cargos contra D1: Investigan irregularidades en su canal de comercio electrónico,2026-04-09 13:44:56,2026-04-09 13:45:35,publish,,Judicial,Derechos del consumidor electrónico|E-commerce en Colombia 2026|Estatuto del Consumidor Colombia|Investigación a Tiendas D1|Publicidad engañosa D1|Quejas D1 compras virtuales|SIC pliego de cargos D1|Superintendencia de Industria y Comercio,https://360radio.com.co/la-sic-formula-cargos-contra-d1-investigan-irregularidades-en-su-canal-de-comercio-electronico/216437/,Julieth Barbosa
216434,Gobierno define periodo de transición para que las AFP adapten sus portafolios,2026-04-09 13:08:27,2026-04-09 13:08:27,publish,,Noticias de Colombia,AFP|COLOMBIA|Fondos de Pensiones Obligatorias|Gobierno fija límite a inversiones en el exterior de AFP|pensiones,https://360radio.com.co/gobierno-define-periodo-de-transicion-para-que-las-afp-adapten-sus-portafolios/216434/,Juan Camilo Ocampo
216431,Primera vuelta presidencial: Paloma Valencia descarta alianza con Abelardo de la Espriella,2026-04-09 11:45:32,2026-04-09 11:45:32,publish,,Noticias de Colombia|Política,ABELARDO DE LA ESPRIELLA|centro democrático|COLOMBIA|derecha colombiana|Elecciones 2026|Paloma Valencia|Paloma Valencia descarta alianza con Abelardo de la Espriella|POLITICA|Primera vuelta presidencial,https://360radio.com.co/primera-vuelta-presidencial-paloma-valencia-descarta-alianza-con-abelardo-de-la-espriella/216431/,Juan Camilo Ocampo
216426,Arranca obra clave en Medellín: Alcaldía destina $23.000 millones para nuevo paso a desnivel en El Tesoro,2026-04-09 10:30:28,2026-04-09 10:31:23,publish,,Noticias de Medellín,Alcaldia de medellin|El Tesoro|Inicia obra vial en El Poblado|la loma de El Tesoro|medellin|nuevo paso a desnivel en El Tesoro,https://360radio.com.co/medellin/arranca-obra-clave-en-medellin-alcaldia-destina-23-000-millones-para-nuevo-paso-a-desnivel-en-el-tesoro/,Juan Camilo Ocampo
216418,"Coachella 2026: horarios por días, cuándo se presentan Karol G y Morat y dónde verlo en vivo",2026-04-09 10:17:23,2026-04-09 10:17:23,publish,,Cultura|Entretenimiento|Noticias del mundo,Coachella 2026 artistas|Coachella 2026 cartel|Coachella 2026 YouTube|festival Coachella 2026|horarios Coachella Colombia|Karol G Coachella 2026|ver Coachella 2026 en Colombia,https://360radio.com.co/entretenimiento/coachella-2026-horarios-por-dias-cuando-se-presentan-karol-g-y-morat-y-donde-verlo-en-vivo/,Jorge González
216417,¿Desde qué edad se puede recibir subsidio de Colombia Mayor en 2026 y cómo inscribirse?,2026-04-09 10:14:09,2026-04-09 10:14:09,publish,,Noticias de Colombia,¿Desde qué edad se puede recibir subsidio de Colombia Mayor?|COLOMBIA|Colombia Mayor|Colombia Mayor 2026|Subsidio de Colombia Mayor,https://360radio.com.co/desde-que-edad-se-puede-recibir-subsidio-de-colombia-mayor-en-2026-y-como-inscribirse/216417/,Juan Camilo Ocampo
216405,"¿Cuánto gana un General, Mayor, soldado y más en 2026? Así quedaron los salarios de policías y militares",2026-04-09 09:52:23,2026-04-09 09:52:23,publish,,Noticias de Colombia,¿Cuánto gana un General|Así quedaron los salarios de policías y militares|Mayor|Salario de las Fuerzas Armadas|soldado y más en 2026?,https://360radio.com.co/cuanto-gana-un-general-mayor-soldado-y-mas-en-2026-asi-quedaron-los-salarios-de-policias-y-militares/216405/,Juan Camilo Ocampo
216406,Paro de taxistas hoy: ¿Cómo va y por qué protestan?,2026-04-09 09:51:59,2026-04-09 09:52:09,publish,,Noticias de Colombia,acceso aeropuerto Bogotá|bloqueos aeropuerto El Dorado|movilidad en Bogotá hoy|protestas de taxistas Bogotá|taxis en Bogotá crisis|Taxis Imperial polémica|transporte en El Dorado,https://360radio.com.co/paro-de-taxistas-hoy-como-va-y-por-que-protestan/216406/,Jorge González
216401,"¿Cuándo hay inscripciones en el Sena 2026? Calendario de técnicos, tecnólogos y cursos",2026-04-09 09:24:57,2026-04-09 09:24:57,publish,,Noticias de Colombia,¿Cuándo hay inscripciones en el Sena 2026?|COLOMBIA|inscripciones en el Sena|Sena|Servicio Nacional de Aprendizaje,https://360radio.com.co/cuando-hay-inscripciones-en-el-sena-2026-calendario-de-tecnicos-tecnologos-y-cursos/216401/,Juan Camilo Ocampo
216392,Las revelaciones de Sandra Ortiz que reconfiguran el escándalo de la UNGRD,2026-04-09 08:43:03,2026-04-09 09:35:37,publish,,Noticias de Colombia,caso de la UNGRD|Sandra Ortiz|Sandra Ortiz corrupción|Ungrd,https://360radio.com.co/las-revelaciones-de-sandra-ortiz-que-reconfiguran-el-escandalo-de-la-ungrd/216392/,Juan Camilo Ocampo
216391,Bombardeos de Israel en Líbano: más de 200 fallecidos y tensión con Irán por violación del alto el fuego,2026-04-09 08:40:21,2026-04-09 08:40:21,publish,,Noticias del mundo,Ataques iran|Bombardeo|Donald Trump|Israel|Jorge g|Medio Oriente,https://360radio.com.co/bombardeos-de-israel-en-libano-mas-de-200-fallecidos-y-tension-con-iran-por-violacion-del-alto-el-fuego/216391/,Jorge González
216387,"Lotería de Manizales resultado hoy 09 de abril: número ganador, secos y último sorteo",2026-04-09 08:13:01,2026-04-09 08:16:19,publish,,Territorio,Jorge g|Lotería manizales|Loteria manizales hoy|Premio mayor manizales|resultado loteria 9 de abril|secos loteria manizales 8 de abril|Varios,https://360radio.com.co/loteria-de-manizales-resultado-hoy-09-de-abril-numero-ganador-secos-y-ultimo-sorteo/216387/,360 Radio
216384,"Resultado del Súper Astro Luna hoy, 08 de abril: número y signo ganador",2026-04-09 06:01:48,2026-04-09 06:01:48,publish,,Territorio,Astro Luna hoy|Jorge g|Premio mayor astro luna hoy|Premio mayor super astro 8 de baril|Qué número cayo astro luna hoy|Súper astro 8 de abril|Varios,https://360radio.com.co/resultado-del-super-astro-luna-hoy-08-de-abril-numero-y-signo-ganador/216384/,360 Radio
216331,"Lotería del Meta resultado hoy 8 abril: secos, número ganador y último sorteo",2026-04-09 05:50:20,2026-04-09 05:50:20,publish,,Territorio,Julieth B|Loteria del meta 8 de abril|Loteria del Meta ayer|Loteria del Meta hoy|Loteria del Meta numero ganador|Loteria del Meta resultado|Loteria del Meta secos|Loteria del Meta ultimo sorteo|Loterías|Loterias Colombia|Loterias hoy|Varios,https://360radio.com.co/loteria-del-meta-resultado-hoy-8-abril-secos-numero-ganador-y-ultimo-sorteo/216331/,360 Radio
216343,"Resultado Lotería del Valle hoy 8 de abril: número ganador, secos y último sorteo",2026-04-09 05:43:58,2026-04-09 05:43:58,publish,,Territorio,Loteria del valle|loteria del valle hoy|Lotería del Valle hoy 8 de abril|Loteria del Valle numero ganador|loterias de Colombia|Resultado Lotería del Valle hoy 8 de abril|Varios,https://360radio.com.co/resultado-loteria-del-valle-hoy-8-de-abril-numero-ganador-secos-y-ultimo-sorteo/216343/,360 Radio
216348,Pico y placa en Medellín este jueves 9 de abril de 2026: vehículos con restricciones,2026-04-08 21:45:38,2026-04-08 16:18:15,publish,,Noticias de Medellín,medellin|Motos|Particulares|Pico y placa en el Valle de Aburrá|Pico y placa en medellín|Pico y placa en Medellín hoy|Pico y placa en Medellín hoy 9 de abril|Taxis,https://360radio.com.co/medellin/pico-y-placa-en-medellin-este-jueves-9-de-abril-de-2026-vehiculos-con-restricciones/,Juan Camilo Ocampo
216363,Paro Nacional el 9 de abril: Colombia en alerta por bloqueos en corredores estratégicos,2026-04-08 19:02:16,2026-04-08 19:02:16,publish,,Ciudades|Movilidad,Aumento impuesto predial 2026|Bloqueos viales hoy|Catastro multipropósito IGAC|Gustavo Petro predial|Movilidad rutas nacionales|Paro nacional 9 de abril Colombia|Protestas en Santander y Bucaramanga|Resolución 2057 del IGAC,https://360radio.com.co/paro-nacional-el-9-de-abril-colombia-en-alerta-por-bloqueos-en-corredores-estrategicos/216363/,Julieth Barbosa
216365,Gobierno anuncia incremento del 7 % para Fuerza Pública: claves del nuevo decreto de salarios,2026-04-08 18:50:56,2026-04-08 18:51:05,publish,,Noticias de Colombia,Aumento salario MIlitares|Cuanto quedó el salario de los soldados|Incremento policia|Jorge g|Salario de los policias|Slario Fuerzas Militares,https://360radio.com.co/gobierno-anuncia-incremento-del-7-para-fuerza-publica-claves-del-nuevo-decreto-de-salarios/216365/,Jorge González
216353,Aerocafé despega: Gobierno firma acta de inicio y pone fecha a las obras en Caldas,2026-04-08 17:46:20,2026-04-08 17:46:20,publish,,Infraestructura,Aerocafé inicio de obras|Aeropuerto del Café 2026|Conectividad en Colombia|Infraestructura en Caldas|Ministerio de Transporte Colombia|Modernización aeroportuaria|seguridad operacional aérea|Turismo en el Eje Cafetero,https://360radio.com.co/aerocafe-despega-gobierno-firma-acta-de-inicio-y-pone-fecha-a-las-obras-en-caldas/216353/,Julieth Barbosa
216354,Colombia se aleja del grado de inversión: ¿Qué significa la nota BB- para el bolsillo del país?,2026-04-08 17:09:36,2026-04-08 17:50:11,publish,,"Colombia|Economía, finanzas y negocios",Calificación crediticia de Colombia 2026|Crecimiento del PIB Colombia|déficit fiscal en Colombia|destacada|economía colombiana 2026|Grado especulativo o bonos basura|Inversión extranjera y riesgo país|S&amp;P Global Ratings Colombia|Sostenibilidad de la deuda pública,https://360radio.com.co/colombia-se-aleja-del-grado-de-inversion-que-significa-la-nota-bb-para-el-bolsillo-del-pais/216354/,Julieth Barbosa
216350,Cómo la transición a unidades híbridas en Fórmula 1 cambió la filosofía de diseño de los monoplazas,2026-04-08 16:41:17,2026-04-08 16:43:54,publish,,Territorio,Comercial|Fórmula 1|Juan Ocampo|Mercedes-AMG Petronas Formula One Team|nidades híbridas en Fórmula 1,https://360radio.com.co/como-la-transicion-a-unidades-hibridas-en-formula-1-cambio-la-filosofia-de-diseno-de-los-monoplazas/216350/,360 Radio
216340,Inversión con impacto: 37 empresas financian proyectos en Antioquia,2026-04-08 15:45:51,2026-04-08 15:45:51,publish,,Noticias de Antioquia|Noticias de Medellín,37 empresas financian proyectos en Antioquia|Antioquía|Argos|EPM|Gobernación de Antioquia|medellin,https://360radio.com.co/medellin/inversion-con-impacto-37-empresas-financian-proyectos-en-antioquia/,Juan Camilo Ocampo
216335,El regreso de un gigante: BTS estrena 'Run BTS 2.0' y revoluciona el streaming mundial,2026-04-08 15:25:11,2026-04-08 15:25:11,publish,,Entretenimiento,ARMY comunidad global|BTS en Colombia 2026|BTS Weverse y YouTube|Contenido de entretenimiento K-pop|Estreno de Run BTS 2.0|Nuevo episodio de Run BTS|Próximo concierto de BTS|Run Jin programa,https://360radio.com.co/entretenimiento/el-regreso-de-un-gigante-bts-estrena-run-bts-2-0-y-revoluciona-el-streaming-mundial/,Julieth Barbosa
216323,Libros sin Fronteras: conocimiento que transforma territorios en Medellín,2026-04-08 14:58:45,2026-04-08 14:58:45,publish,,Noticias de Medellín,Alcaldia de medellin|Distrito de Medellín|lectura en Medellín|Libros|Libros sin Fronteras|Libros sin Fronteras conecta a 98.000 usuarios|medellin,https://360radio.com.co/medellin/libros-sin-fronteras-conocimiento-que-transforma-territorios-en-medellin/,Juan Camilo Ocampo
216324,El Dorado se corona como el mejor aeropuerto de Sudamérica por quinto año consecutivo,2026-04-08 14:29:13,2026-04-08 14:29:13,publish,,Noticias de Bogotá,El Dorado Bogotá|Experiencia del pasajero|Infraestructura aeroportuaria Colombia|Mejor aeropuerto de Sudamérica|Opain Natalí Leal|Ranking de aeropuertos Skytrax|Skytrax World Airport Awards 2026|terminal aérea de Bogotá,https://360radio.com.co/bogota/el-dorado-se-corona-como-el-mejor-aeropuerto-de-sudamerica-por-quinto-ano-consecutivo/,Julieth Barbosa
216320,"El Gobierno bajo fuego: Revelaciones del caso ""Papá Pitufo"" golpean la credibilidad oficial",2026-04-08 14:12:53,2026-04-08 14:44:46,publish,,Editorial|Opinión,"Administración pública y ética|Caso ""Pitufuno""|Corrupción en Colombia 2026|Gobierno de Gustavo Petro|Grupos al margen de la ley|Infiltración en el Estado colombiano|Julieth B|Justicia independiente|Seguridad nacional y puertos",https://360radio.com.co/el-gobierno-bajo-fuego-revelaciones-del-caso-papa-pitufo-golpean-la-credibilidad-oficial/216320/,360 Radio
216316,El pulso por la vivienda en Colombia: Petro y Camacol chocan por las causas de la crisis,2026-04-08 13:35:38,2026-04-08 13:35:38,publish,,Noticias de Colombia,Camacol Guillermo Herrera|Déficit habitacional cualitativo|Gustavo Petro economía|Sector de la construcción en Colombia|Subsidios de vivienda 2026|tasas de interés Banco de la República|Títulos de tesorería TES|Vivienda nueva en Colombia,https://360radio.com.co/el-pulso-por-la-vivienda-en-colombia-petro-y-camacol-chocan-por-las-causas-de-la-crisis/216316/,Julieth Barbosa
216313,Precios del petróleo y el gas retroceden tras acuerdo en Medio Oriente,2026-04-08 12:49:19,2026-04-08 12:49:19,publish,,Noticias del mundo,Guerrá entre Irán y Estados Unidos|MUNDO|Precios del petróleo y el gas|Precios del petróleo y el gas retroceden tras acuerdo en Medio Oriente,https://360radio.com.co/precios-del-petroleo-y-el-gas-retroceden-tras-acuerdo-en-medio-oriente/216313/,Juan Camilo Ocampo
216305,Entrevista y fotos de Karol G con PlayBoy: ¿Por qué terminó con Feid? Esto dijo,2026-04-08 11:41:33,2026-04-08 11:41:33,publish,,Entretenimiento,Entretenimiento|Entrevista y fotos de Karol G con PlayBoy|Feid|Karol G|Karol G revela en Playboy detalles de su ruptura con Feid,https://360radio.com.co/entretenimiento/entrevista-y-fotos-de-karol-g-con-playboy-por-que-termino-con-feid-esto-dijo/,Juan Camilo Ocampo
216307,"La inteligencia artificial no necesita más espectadores, sino liderazgo",2026-04-08 10:36:01,2026-04-08 10:38:11,publish,,Columnas|Opinión,Columnas 360 Radio|Columnas de opinión|IA|Inteligencia artificial|José Fernando Quintero|Juan Ocampo|Opinión,https://360radio.com.co/la-inteligencia-artificial-no-necesita-mas-espectadores-sino-liderazgo/216307/,360 Radio
216299,Nuevas medidas en Caracol Televisión: esto ordenó el Ministerio del Trabajo tras denuncias,2026-04-08 10:10:27,2026-04-08 10:10:42,publish,,Noticias de Colombia,Caracol|Caso de acoso sexual|Fiscalía Colombia|Gol caracol|Jorge g|Ricardo Orrego Jorge alfredo,https://360radio.com.co/nuevas-medidas-en-caracol-television-esto-ordeno-el-ministerio-del-trabajo-tras-denuncias/216299/,Jorge González
216295,Pagos de Prosperidad Social para Jóvenes en abril 2026: fechas y cómo revisar el giro (Esta es sobre Jóvenes en Paz),2026-04-08 09:54:15,2026-04-08 09:54:15,publish,,Noticias de Colombia,COLOMBIA|Jovenes en Paz|Pagos de Prosperidad Social para Jóvenes en abril 2026|Properidad Social|Prosperidad Social inicia pagos de abril de Jóvenes en Paz,https://360radio.com.co/pagos-de-prosperidad-social-para-jovenes-en-abril-2026-fechas-y-como-revisar-el-giro-esta-es-sobre-jovenes-en-paz/216295/,Juan Camilo Ocampo
216289,Millonaria multa a Rappi: esto encontró la SIC,2026-04-08 09:28:09,2026-04-08 09:28:09,publish,,"Colombia|Economía, finanzas y negocios",Cuanto fue la multa a Rappi|Jorge g|Millonaria sanción a Rappi|Rappi|Sanción a Rappi|SIC,https://360radio.com.co/millonaria-multa-a-rappi-esto-encontro-la-sic/216289/,Jorge González
216285,"Bukele le propone a Petro entregarle el 100% de los presos de El Salvador: ""una oportunidad histórica""",2026-04-08 09:15:24,2026-04-08 09:15:24,publish,,Noticias de Colombia,Bukele le propone a Petro entregarle el 100% de los presos de El Salvador|COLOMBIA|El Salvador|Gustavo Petro|Nayib Bukele|Nayib Bukele responde a Gustavo Petro,https://360radio.com.co/bukele-le-propone-a-petro-entregarle-el-100-de-los-presos-de-el-salvador-una-oportunidad-historica/216285/,Juan Camilo Ocampo
216281,Medellín se juega su primera alegría copera ante Estudiantes,2026-04-08 09:00:10,2026-04-08 09:00:37,publish,,Deportes,Copa Libertadores 2026|DEPORTES|Deportivo Independiente Medellín|DIM|Estudiantes de La Plata|Medellín debuta en la Copa Libertadores,https://360radio.com.co/deportes/medellin-se-juega-su-primera-alegria-copera-ante-estudiantes/,Juan Camilo Ocampo
216278,Petro dice que Fuerza Pública no captura a ‘Iván Mordisco’ porque “compra a comandantes”,2026-04-08 08:32:17,2026-04-08 08:32:17,publish,,Noticias de Colombia|Política,“compra a comandantes”|COLOMBIA|Fuerza Pública|Fuerzas Armadas de Colombia|Gustavo Petro|Iván Mordisco|Petro dice que Fuerza Pública no captura a ‘Iván Mordisco’ porque “compra a comandantes”,https://360radio.com.co/petro-dice-que-fuerza-publica-no-captura-a-ivan-mordisco-porque-compra-a-comandantes/216278/,Juan Camilo Ocampo
216271,Así quedo el calendario tributario 2026 en Colombia: fechas para declarar renta y evitar sanciones,2026-04-08 07:17:21,2026-04-08 07:17:53,publish,,"Colombia|Economía, finanzas y negocios",Cuando debo declarar renta|Declaración de Renta|destacada|DIAN|Fechas de declaración de reta|Jorge g|Quienes declaran renta,https://360radio.com.co/asi-quedo-el-calendario-tributario-2026-colombia-fechas-para-declarar-renta-y-evitar-sanciones/216271/,Jorge González
216267,"Resultado de Antioqueñita hoy, 07 de abril: número ganador",2026-04-08 06:46:50,2026-04-08 06:46:50,publish,,Territorio,Antioqueñita 7 de abril|Jorge g|Loterías 7 de abril|Número ganador antioqueñita hoy|Premio mayor lotería|Resultado antioqueñita hoy|Varios,https://360radio.com.co/resultado-de-antioquenita-hoy-07-de-abril-numero-ganador/216267/,360 Radio
216263,"Resultado del Súper Astro Luna hoy, 07 de abril: número y signo ganador",2026-04-08 06:36:40,2026-04-08 06:36:40,publish,,Territorio,Ganador astro luna hoy|Jorge g|Premio mayor súer astro luna hoy|Premio mayor súper astro 7 abril|Resultado astro luna 7 ade abril astro luna|Varios,https://360radio.com.co/resultado-del-super-astro-luna-hoy-07-de-abril-numero-y-signo-ganador/216263/,360 Radio
216260,"Resultado Chontico Noche hoy, 07 de abril: este fue el número ganador",2026-04-08 06:25:51,2026-04-08 06:26:05,publish,,Territorio,Chontico noche 7 abril|Chontico noche quienta|Jorge g|Premio mayor chontico noche|Premio mayor hoy|Resultado chontico|Varios,https://360radio.com.co/resultado-chontico-noche-hoy-07-de-abril-este-fue-el-numero-ganador/216260/,360 Radio
216254,"Lotería de la Cruz Roja resultado hoy 07 de abril: número ganador, secos y último sorteo",2026-04-08 06:16:49,2026-04-08 06:16:49,publish,,Territorio,Cruz roja 7 de abril|Jorge g|Loteria Cruz Roja|Premio mayor cruz roja|Resultado cruz roja 7 de abril|Varios,https://360radio.com.co/loteria-de-la-cruz-roja-resultado-hoy-07-de-abril-numero-ganador-secos-y-ultimo-sorteo/216254/,360 Radio
216248,Ricardo Bonilla en libertad: Tribunal ordena su salida por vencimiento de términos,2026-04-07 19:00:03,2026-04-07 19:00:03,publish,,Judicial,,https://360radio.com.co/ricardo-bonilla-en-libertad-tribunal-ordena-su-salida-por-vencimiento-de-terminos/216248/,Julieth Barbosa
216241,Trump suspendería ataques contra Irán por 14 días tras mediación de Pakistán,2026-04-07 18:49:32,2026-04-07 18:49:32,publish,,Noticias del mundo,,https://360radio.com.co/trump-suspenderia-ataques-contra-iran-por-14-dias-tras-mediacion-de-pakistan/216241/,Julieth Barbosa
216235,Presupuesto General 2027: MinHacienda radica el anteproyecto que marcará el cierre del Gobierno,2026-04-07 18:36:11,2026-04-07 18:36:11,publish,,"Colombia|Economía, finanzas y negocios",Crecimiento del PIB Colombia 2027|Germán Ávila Ministro de Hacienda|inversión pública en Colombia|Marco Fiscal de Mediano Plazo|Ministerio de Hacienda Colombia|Presupuesto de Gustavo Petro|Presupuesto General de la Nación 2027|Transición energética y justicia social,https://360radio.com.co/presupuesto-general-2027-minhacienda-radica-el-anteproyecto-que-marcara-el-cierre-del-gobierno/216235/,Julieth Barbosa
216230,Inician obras en la Autopista Norte: Bogotá arranca la ampliación entre las calles 191 y 245,2026-04-07 18:16:23,2026-04-07 18:16:23,publish,,Infraestructura|Noticias de Bogotá,alcalde Carlos Fernando Galán|Ampliación de la Autopista Norte|Concesionario Ruta Bogotá Norte|Humedal Torca-Guaymaral|Licencia ambiental ANLA|Movilidad norte de Bogotá|Obras en Bogotá 2026|TransMilenio Autopista Norte,https://360radio.com.co/bogota/inician-obras-en-la-autopista-norte-bogota-arranca-la-ampliacion-entre-las-calles-191-y-245/,Julieth Barbosa
216224,Transformación digital en 2026: La gestión del cambio se vuelve vital para las empresas locales,2026-04-07 17:59:19,2026-04-07 17:59:19,publish,,Empresas|Tecnología,,https://360radio.com.co/tecnologia/transformacion-digital-en-2026-la-gestion-del-cambio-se-vuelve-vital-para-las-empresas-locales/,Julieth Barbosa
216210,Colombia supera los 10 millones de pasajeros aéreos en el primer bimestre de 2026,2026-04-07 16:59:20,2026-04-07 16:59:20,publish,,Movilidad,Cifras de turismo 2026|Pasajeros movilizados en Colombia|Paula Cortés Calle Anato|sector aeronáutico colombiano|Transporte aéreo en Colombia 2026,https://360radio.com.co/colombia-supera-los-10-millones-de-pasajeros-aereos-en-el-primer-bimestre-de-2026/216210/,Julieth Barbosa
216215,Fiscalía acusa a Ricardo Bonilla y Luis Fernando Velasco por corrupción en la UNGRD,2026-04-07 16:56:47,2026-04-07 16:56:47,publish,,Noticias de Colombia,cORRUCPCIÓN|destacada|Escandalo de corrupción|Fiscalia|Jorge g|Ricardo Bonilla|Ungrd,https://360radio.com.co/fiscalia-acusa-a-ricardo-bonilla-y-luis-fernando-velasco-por-corrupcion-en-la-ungrd/216215/,Jorge González
216209,Trump confirma el fin del plazo para Irán: El mundo espera una respuesta inminente de Teherán,2026-04-07 16:44:14,2026-04-07 16:44:19,publish,,Mundo,,https://360radio.com.co/trump-confirma-el-fin-del-plazo-para-iran-el-mundo-espera-una-respuesta/216209/,Juan Turriago
216194,El petróleo Brent a US$110 impulsaría ingresos por $45 billones para la Nación,2026-04-07 15:59:56,2026-04-07 15:59:56,publish,,"Minería, energía e hidrocarburos",Déficit fiscal|Finanzas públicas|Ingresos por hidrocarburos|Mercado de materias primas|petróleo Brent|Presupuesto General de la Nación|Recaudo nacional,https://360radio.com.co/el-petroleo-brent/216194/,Juan Turriago
216200,Un iPhone en la Luna: El iPhone 17 Pro Max se convierte en herramienta oficial de la NASA en Artemis II,2026-04-07 15:56:57,2026-04-07 15:56:57,publish,,Tecnología,Apple y la NASA|Astronautas de Artemis II|Cámaras en el espacio|Cápsula Orion fotos|Certificación de hardware espacial|iPhone 17 Pro Max en el espacio|Misión Artemis II NASA|Tecnología espacial comercial,https://360radio.com.co/tecnologia/un-iphone-en-la-luna-el-iphone-17-pro-max-se-convierte-en-herramienta-oficial-de-la-nasa-en-artemis-ii/,Julieth Barbosa
216195,"Caifanes anuncia gira en Colombia 2026: Fechas, ciudades y venta de boletas",2026-04-07 15:17:15,2026-04-07 15:17:15,publish,,Cultura,Boletas Caifanes Medellín|Caifanes en Colombia 2026|Concierto de Caifanes en Cali|Gira de Caifanes 2026|Páramo Presenta|Saúl Hernández|Ticketmaster Colombia preventa,https://360radio.com.co/caifanes-anuncia-gira-en-colombia-2026-fechas-ciudades-y-venta-de-boletas/216195/,Julieth Barbosa
216179,Sistema de pagos inmediatos acelera la inclusión financiera con Bre-B,2026-04-07 14:31:32,2026-04-07 14:31:36,publish,,"Economía, finanzas y negocios",,https://360radio.com.co/bre-b-revoluciona/216179/,Juan Turriago
216187,"Más allá del celular: Xiaomi despliega su ecosistema de ""Vida Inteligente"" durante el XFF 2026",2026-04-07 14:20:39,2026-04-07 14:20:39,publish,,Tecnología,Ecosistema Xiaomi|Mejores celulares gama media 2026|Ofertas de Xiaomi en abril|Redmi Note 15 Pro+ 5G|Xiaomi Colombia|Xiaomi Fan Festival 2026|Xiaomi HyperOS|Xiaomi Watch 5 y wearables,https://360radio.com.co/tecnologia/mas-alla-del-celular-xiaomi-despliega-su-ecosistema-de-vida-inteligente-durante-el-xff-2026/,Julieth Barbosa
216182,Gobierno defiende el mando en Ecopetrol y asegura continuidad en medio de la crisis administrativa,2026-04-07 13:52:31,2026-04-07 13:52:31,publish,,"Minería, energía e hidrocarburos",,https://360radio.com.co/gobierno-defiende-el-mando-en-ecopetrol-y-asegura-continuidad-en-medio-de-la-crisis-administrativa/216182/,Julieth Barbosa
216174,La falta de visión mantiene al aeropuerto José María Córdova en crisis,2026-04-07 12:59:33,2026-04-07 16:12:15,publish,,Editorial,Aeropuerto Jose María Córdova|EDITORIAL|José María Córdova|lan de modernización para el aeropuerto José María Córdova,https://360radio.com.co/la-falta-de-vision-mantiene-al-aeropuerto-jose-maria-cordova-en-crisis/216174/,360 Radio
216163,El precio de los fertilizantes sube un 50% y pone en jaque la producción agrícola global,2026-04-07 12:43:25,2026-04-07 12:43:25,publish,,Noticias,canasta familiar|Costos de producción agrícola|Fertilizantes orgánicos|Precio de los fertilizantes|Producción de fertilizantes|Sector agropecuario|Seguridad alimentaria,https://360radio.com.co/el-precio-de-los-fertilizantes-sube-un-50/216163/,Juan Turriago
216169,El fenómeno de El Niño podría alcanzar niveles sin precedentes este año,2026-04-07 11:59:01,2026-04-07 11:59:01,publish,,Noticias de Colombia,COLOMBIA|El fenómeno de El Niño|El fenómeno de El Niño 2026|El fenómeno de El Niño en Colombia|El Niño 2026 podría ser histórico,https://360radio.com.co/el-fenomeno-de-el-nino-podria-alcanzar-niveles-sin-precedentes-este-ano/216169/,Juan Camilo Ocampo
216164,Video exacto: Así se llevaron a una niña de siete años en camioneta robada en Bogotá. Ya la rescataron,2026-04-07 11:11:58,2026-04-07 11:11:58,publish,,Noticias de Bogotá,Así se llevaron a una niña de siete años en camioneta robada en Bogotá|Bogotá|Roban niña en Bogotá,https://360radio.com.co/bogota/video-exacto-asi-se-llevaron-a-una-nina-de-siete-anos-en-camioneta-robada-en-bogota-ya-la-rescataron/,Juan Camilo Ocampo
216153,Fuerte explosión en Kennedy deja tres heridos,2026-04-07 10:51:33,2026-04-27 16:52:21,publish,,Noticias,Bomberos de Bogotá emergencias|Explosión en Kennedy hoy|Heridos explosión Kennedy|Hospital de Kennedy quemados|Incendio en Bogotá 7 de abril|Seguridad industrial bodegas Bogotá|Tanque de alcohol Kennedy,https://360radio.com.co/fuerte-explosion-en-kennedy/216153/,Juan Turriago
216156,¿Dónde ver en vivo Real Madrid vs. Bayern Munich hoy y por internet?,2026-04-07 10:44:51,2026-04-07 10:44:51,publish,,Deportes,¿Dónde ver en vivo Real Madrid vs. Bayern Munich hoy?|Bayern Múnich|CHAMPIONS LEAGUE|DEPORTES|REAL MADRID|Real Madrid vs Bayern Múnich|Real Madrid vs Bayern Múnich hoy|UEFA CHAMPIONS LEAGUE,https://360radio.com.co/deportes/donde-ver-en-vivo-real-madrid-vs-bayern-munich-hoy-y-por-internet/,Juan Camilo Ocampo
216128,¿Cuánto debe ganar para declarar renta en 2026? Topes y calendario de la DIAN,2026-04-07 10:11:51,2026-04-07 10:11:51,publish,,"Economía, finanzas y negocios|Noticias de Colombia",¿Cuánto debe ganar para declarar renta en 2026?|COLOMBIA|Declaración de Renta 2026|DIAN|ECONOMIA,https://360radio.com.co/cuanto-debe-ganar-para-declarar-renta-en-2026-topes-y-calendario-de-la-dian/216128/,Juan Camilo Ocampo
216146,"Cayó el MiLoto: este fue premio, lugar y número del ganador",2026-04-07 10:10:35,2026-04-07 10:12:03,publish,,"Colombia|Economía, finanzas y negocios",650 Millones Miloto|Cuanto es el premio de MiLoto|Ganador de MiLoto|Jorge g|Miloto cartagena|premio mayor miloto,https://360radio.com.co/cayo-el-miloto-este-fue-premio-lugar-y-numero-del-ganador/216146/,Jorge González
216135,¿Cuándo pagan Colombia Mayor en abril 2026? Fecha y cómo revisar el giro,2026-04-07 10:08:15,2026-04-07 10:08:15,publish,,Noticias,Consultar giro SuperGIROS|Cronograma DPS 2026|Link de consulta Colombia Mayor|Pago Colombia Mayor abril 2026|Prosperidad Social beneficiarios|Subsidio adulto mayor fecha|Ya llegó mi giro cédula,https://360radio.com.co/colombia-mayor-en-abril/216135/,Juan Turriago
216137,Excepciones del Impuesto Predial en Bogotá 2026: ¿Quiénes no deben pagarlo?,2026-04-07 09:57:43,2026-04-07 09:57:43,publish,,"Colombia|Economía, finanzas y negocios",ECONOMIA|Hasta cuando es el plazo del predial|impuesto predial|Jorge g|Qué estratos no pagan predial|Quienes no pagan predial,https://360radio.com.co/excepciones-del-impuesto-predial-en-bogota-2026-quienes-no-deben-pagarlo/216137/,Jorge González
216127,¿Por qué siempre vemos la misma cara de la luna y qué descubrió Artemis 2 en el espacio?,2026-04-07 09:43:22,2026-04-07 09:45:07,publish,,Mundo,,https://360radio.com.co/que-descubrio-artemis-2-en-el-espacio/216127/,Juan Turriago
216112,Más municipios de Antioquia tendrán fotomultas: estas son las zonas donde operarán,2026-04-07 09:27:19,2026-04-07 09:27:19,publish,,Noticias de Antioquia|Noticias de Medellín,Antioquía|fotomultas|Fotomultas en Antioquia|Más municipios de Antioquia tendrán fotomultas|medellin|Nuevas fotomultas en Antioquia,https://360radio.com.co/medellin/mas-municipios-de-antioquia-tendran-fotomultas-estas-son-las-zonas-donde-operaran/,Juan Camilo Ocampo
216119,Rescataron a niña atrapada en camioneta robada en Bogotá. Policías Usaron hasta helicóptero,2026-04-07 09:26:15,2026-04-07 09:26:15,publish,,Noticias,CARLOS FERNANDO GALAN|gaula|Helicóptero Halcón|Operativo policial Bogotá|Rescate de niña|Robo de vehículos|Seguridad Bogotá,https://360radio.com.co/policias-usaron-hasta-helicoptero/216119/,Juan Turriago
216114,"Preventa de BTS en Colombia: horarios, códigos de acceso, aforo y más",2026-04-07 09:11:21,2026-04-07 09:11:21,publish,,Entretenimiento|Noticias de Colombia,BTS|BTS en Colombia|COLOMBIA|Entretenimiento|Preventa de BTS en Colombia:|Ticketmaster,https://360radio.com.co/entretenimiento/preventa-de-bts-en-colombia-horarios-codigos-de-acceso-aforo-y-mas/,Juan Camilo Ocampo
216107,Medellín consolida su apuesta por el bilingüismo con más de 2.000 beneficiarios,2026-04-07 08:23:59,2026-04-07 08:23:59,publish,,Noticias de Medellín,Bilingüismo en Medellín|Ciudadanos aprenden inglés|ingles|medellin|Medellinglish|Universidad EAFIT,https://360radio.com.co/medellin/medellin-consolida-su-apuesta-por-el-bilinguismo-con-mas-de-2-000-beneficiarios/,Juan Camilo Ocampo
216102,¿Quién es Juan Carlos Hurtado Parra? El nuevo presidente de Ecopetrol tras salida temporal de Ricardo Roa,2026-04-07 07:07:49,2026-04-07 07:07:59,publish,,Empresas|Noticias de Colombia,destacada|ECOPETROL|Jorge g|Juan Carlos Hurtado|Junta de ecopetrol|Nuevo presidente Ecopetrol|Ricardo Roa,https://360radio.com.co/quien-es-juan-carlos-hurtado-parra-el-nuevo-presidente-de-ecopetrol-tras-salida-temporal-de-ricardo-roa/216102/,Jorge González
216098,Resultado Baloto y Revancha hoy lunes 06 de abril: números ganadores hoy,2026-04-07 06:53:41,2026-04-07 06:53:41,publish,,Territorio,Baloto 6 de abril|Jorge g|Numeros del baloto 6 de abril|Premio mayor baloto hoy|Resultado Baloto|Revancha baloto 6 de abril|Varios,https://360radio.com.co/resultado-baloto-y-revancha-hoy-lunes-06-de-abril-numeros-ganadores-hoy/216098/,360 Radio
216095,"Resultado Chontico Noche hoy, 06 de abril: este fue el número ganador",2026-04-07 06:35:30,2026-04-07 06:35:30,publish,,Territorio,Baloto nocturno|Chontico Noche|Jorge g|número ganador Chontico Noche|Premio mayor chontico noche|Resultado chontico 6 de abril|Varios,https://360radio.com.co/resultado-chontico-noche-hoy-06-de-abril-este-fue-el-numero-ganador/216095/,360 Radio
216093,"Resultado del Súper Astro Luna hoy, 06 de abril: número y signo ganador",2026-04-07 06:28:17,2026-04-07 06:28:17,publish,,Territorio,Astro Luna 06 de abril|Jorge g|Numero ganador Astro Luna|Premio mayor astro luna|Resultado Astro Luna hoy|Signo de astro luna 6 de abril|Varios,https://360radio.com.co/resultado-del-super-astro-luna-hoy-06-de-abril-numero-y-signo-ganador/216093/,360 Radio
216089,Resultados Lotería del Tolima hoy 06 de abril: número ganador y secos,2026-04-07 06:18:27,2026-04-07 06:18:27,publish,,Territorio,Jorge g|Lotería tolima|número ganador|premio mayor tolima hoy|Resultado lotería 6 de abril|Secos de tolima hoy 6 de abril|Varios,https://360radio.com.co/resultados-loteria-del-tolima-hoy-06-de-abril-numero-ganador-y-secos/216089/,360 Radio
216065,"Lotería de Cundinamarca resultado hoy 6 abril: número ganador, secos y último sorteo",2026-04-07 06:03:51,2026-04-07 06:04:31,publish,,Territorio,Julieth B|Lotería 6 de abril|Loteria de Cundianamarca|Premio mayor cundinamarca|Resultado loteria|Resultados cundinamarca|Varios,https://360radio.com.co/loteria-de-cundinamarca-resultado-hoy-6-abril-numero-ganador-secos-y-ultimo-sorteo/216065/,360 Radio
216072,Colombia se consolida como potencia cripto en Latam tras hito en adopción digital,2026-04-06 20:28:18,2026-04-06 20:28:34,publish,,"Colombia|Economía, finanzas y negocios",,https://360radio.com.co/colombia-se-consolida-como-potencia-cripto-en-latam-tras-hito-en-adopcion-digital/216072/,Julieth Barbosa
216075,Junta Directiva de Ecopetrol aprobó el retiro temporal de Ricardo Roa de la presidencia,2026-04-06 19:56:35,2026-04-06 20:05:34,publish,,Empresas,destacada|Juan Carlos Hurtado presidente encargado Ecopetrol|Junta Directiva Ecopetrol decisiones abril|Precio de la acción de Ecopetrol hoy|Ricardo Roa licencia Ecopetrol 2026|Transición energética Ecopetrol desafíos 2026,https://360radio.com.co/junta-directiva-de-ecopetrol-aprobo-el-retiro-temporal-de-ricardo-roa-de-la-presidencia/216075/,Julieth Barbosa
216068,Reforma laboral eliminó la instancia única para garantizar la revisión de sentencias judiciales,2026-04-06 18:29:04,2026-04-06 18:29:04,publish,,Noticias de Colombia,Eliminación de la única instancia laboral Ley 2452|Justicia laboral digital Colombia 2026|Ley 2452 de 2025 Reforma Procesal Laboral Colombia|Medidas cautelares en procesos laborales colombianos|Nuevo Código Procesal del Trabajo y la Seguridad Social,https://360radio.com.co/reforma-laboral-elimino-la-instancia-unica-para-garantizar-la-revision-de-sentencias-judiciales/216068/,Julieth Barbosa
216062,La historia no se congela en pergaminos solemnes,2026-04-06 17:30:54,2026-04-06 17:30:54,publish,,Columnas|Opinión,Aldumar Forero Orjuela análisis político|Candidatura Iván Cepeda Pacto Histórico 2026|Crítica a la JEP y justicia transicional 2026|Elecciones presidenciales Colombia 2026 y Acuerdo de Paz|Implementación Acuerdo de La Habana 10 años después|Julieth B|Reforma Rural Integral avances y críticas|Seguridad Total vs Paz Total debate electoral,https://360radio.com.co/la-historia-no-se-congela-en-pergaminos-solemnes/216062/,360 Radio
216053,Rueda de negocios del Gofest 2026 proyectó más de 10.000 citas entre startups e inversionistas,2026-04-06 17:14:58,2026-04-06 17:14:58,publish,,Noticias de Bogotá,Cámara de Comercio de Bogotá eventos 2026|Conectar talento con capital estratégico Colombia|Emprendimiento de alto impacto Bogotá Gofest cifras|Gofest 2026 Bogotá festival emprendimiento e innovación|Inversión ángel y Venture Capital Colombia 2026|Ovidio Claros Polanco presidente CCB Gofest|Platzi Endeavor y Rockstart en Gofest 2026|Rueda de negocios startups Latinoamérica Ágora Bogotá,https://360radio.com.co/bogota/rueda-de-negocios-del-gofest-2026-proyecto-mas-de-10-000-citas-entre-startups-e-inversionistas/,Julieth Barbosa
216049,Banco de la República alistaría nueva alza en tasas de interés mientras crecen tensiones con el Gobierno,2026-04-06 16:58:40,2026-04-06 16:58:40,publish,,"Colombia|Economía, finanzas y negocios",Banco de la República|Bancos|ECONOMIA|Gobierno Nacional|Jorge g|Tasas de Interés,https://360radio.com.co/banco-de-la-republica-alistaria-nueva-alza-en-tasas-de-interes-mientras-crecen-tensiones-con-el-gobierno/216049/,Jorge González
216041,​PazdelRío avanza en su transición energética,2026-04-06 16:48:24,2026-04-06 16:48:24,publish,,Noticias,acero colombiano|Comercio exterior|Competitividad|estándares internacionales|Exportación de acero|mercados verdes.|sellos de sostenibilidad,https://360radio.com.co/pazdelrio/216041/,Juan Turriago
216047,Ministerio de Hacienda debe priorizar la lógica técnica sobre el cálculo ideológico,2026-04-06 16:41:35,2026-04-06 16:41:35,publish,,Editorial|Opinión,Funciones constitucionales del Banco de la República|Impacto de las tasas de interés en la banca privada|Independencia Banco de la República y Gobierno Petro 2026|Julieth B|Junta Directiva Banco de la República sesiones 2026|Ministro de Hacienda ausencia junta Emisor|Responsabilidad fiscal y control de la inflación Colombia,https://360radio.com.co/ministerio-de-hacienda-debe-priorizar-la-logica-tecnica-sobre-el-calculo-ideologico/216047/,360 Radio
216038,Grupo SURA fortalece su capital humano con inversión anual de $21.900 millones,2026-04-06 16:34:09,2026-04-06 16:34:09,publish,,Empresas|Noticias de Colombia,COLOMBIA|Empresas|Grupo Sura|Grupo SURA fortalece su capital humano,https://360radio.com.co/grupo-sura-fortalece-su-capital-humano-con-inversion-anual-de-21-900-millones/216038/,Juan Camilo Ocampo
216020,Paola Vélez Marroquín asumirá como nueva comisionada de la Sesión de Comunicaciones de la CRC,2026-04-06 16:08:23,2026-04-06 16:08:23,publish,,Noticias de Colombia,Concurso de méritos Función Pública CRC 2026|Nombramiento Comisión de Regulación de Comunicaciones abril|Paola Vélez Marroquín nueva comisionada CRC 2026|Perfil profesional Paola Vélez Marroquín abogada|Regulación de telecomunicaciones e internet en Colombia|Sesión de Comunicaciones integrantes CRC,https://360radio.com.co/paola-velez-marroquin-asumira-como-nueva-comisionada-de-la-sesion-de-comunicaciones-de-la-crc/216020/,Julieth Barbosa
216028,"Kia, Renault y Mazda dominan las ventas del primer trimestre",2026-04-06 16:04:52,2026-04-27 16:52:14,publish,,Movilidad,carros colombianos|industria automotriz local|Renault Sofasa Envigado|SUV fabricadas en Colombia|SUV más vendida|ventajas Renault Duster|ventas Renault Duster,https://360radio.com.co/kia-renault-y-mazda-dominan-las-ventas/216028/,Juan Turriago
216033,Antioquia impulsa el agro: eleva al 25% beneficio en créditos para pequeños productores,2026-04-06 15:56:25,2026-04-06 15:56:25,publish,,Noticias de Antioquia|Noticias de Medellín,Antioquía|Antioquia aumenta al 25% beneficio en créditos agropecuarios para mujeres|Antioquia impulsa el agro|créditos para pequeños productores|medellin,https://360radio.com.co/medellin/antioquia-impulsa-el-agro-eleva-al-25-beneficio-en-creditos-para-pequenos-productores/,Juan Camilo Ocampo
